Date,^FVX
2017-11-09 00:00:00-06:00,2.003000020980835
2017-11-10 00:00:00-06:00,2.055000066757202
2017-11-13 00:00:00-06:00,2.072000026702881
2017-11-14 00:00:00-06:00,2.065000057220459
2017-11-15 00:00:00-06:00,2.0380001068115234
2017-11-16 00:00:00-06:00,2.065000057220459
2017-11-17 00:00:00-06:00,2.062000036239624
2017-11-20 00:00:00-06:00,2.0940001010894775
2017-11-21 00:00:00-06:00,2.1070001125335693
2017-11-22 00:00:00-06:00,2.0429999828338623
2017-11-24 00:00:00-06:00,2.063999891281128
2017-11-27 00:00:00-06:00,2.046999931335449
2017-11-28 00:00:00-06:00,2.068000078201294
2017-11-29 00:00:00-06:00,2.0929999351501465
2017-11-30 00:00:00-06:00,2.1440000534057617
2017-12-01 00:00:00-06:00,2.118000030517578
2017-12-04 00:00:00-06:00,2.1480000019073486
2017-12-05 00:00:00-06:00,2.1510000228881836
2017-12-06 00:00:00-06:00,2.119999885559082
2017-12-07 00:00:00-06:00,2.1459999084472656
2017-12-08 00:00:00-06:00,2.1449999809265137
2017-12-11 00:00:00-06:00,2.1570000648498535
2017-12-12 00:00:00-06:00,2.171999931335449
2017-12-13 00:00:00-06:00,2.109999895095825
2017-12-14 00:00:00-06:00,2.128000020980835
2017-12-15 00:00:00-06:00,2.1570000648498535
2017-12-18 00:00:00-06:00,2.1670000553131104
2017-12-19 00:00:00-06:00,2.2200000286102295
2017-12-20 00:00:00-06:00,2.242000102996826
2017-12-21 00:00:00-06:00,2.244999885559082
2017-12-22 00:00:00-06:00,2.250999927520752
2017-12-26 00:00:00-06:00,2.236999988555908
2017-12-27 00:00:00-06:00,2.1989998817443848
2017-12-28 00:00:00-06:00,2.2339999675750732
2017-12-29 00:00:00-06:00,2.2060000896453857
2018-01-02 00:00:00-06:00,2.25
2018-01-03 00:00:00-06:00,2.246999979019165
2018-01-04 00:00:00-06:00,2.2679998874664307
2018-01-05 00:00:00-06:00,2.2850000858306885
2018-01-08 00:00:00-06:00,2.2850000858306885
2018-01-09 00:00:00-06:00,2.3239998817443848
2018-01-10 00:00:00-06:00,2.328000068664551
2018-01-11 00:00:00-06:00,2.313999891281128
2018-01-12 00:00:00-06:00,2.3469998836517334
2018-01-16 00:00:00-06:00,2.3550000190734863
2018-01-17 00:00:00-06:00,2.3940000534057617
2018-01-18 00:00:00-06:00,2.4100000858306885
2018-01-19 00:00:00-06:00,2.436000108718872
2018-01-22 00:00:00-06:00,2.4609999656677246
2018-01-23 00:00:00-06:00,2.4210000038146973
2018-01-24 00:00:00-06:00,2.440999984741211
2018-01-25 00:00:00-06:00,2.4200000762939453
2018-01-26 00:00:00-06:00,2.4700000286102295
2018-01-29 00:00:00-06:00,2.494999885559082
2018-01-30 00:00:00-06:00,2.506999969482422
2018-01-31 00:00:00-06:00,2.5239999294281006
2018-02-01 00:00:00-06:00,2.559000015258789
2018-02-02 00:00:00-06:00,2.5989999771118164
2018-02-05 00:00:00-06:00,2.5209999084472656
2018-02-06 00:00:00-06:00,2.507999897003174
2018-02-07 00:00:00-06:00,2.565000057220459
2018-02-08 00:00:00-06:00,2.568000078201294
2018-02-09 00:00:00-06:00,2.5160000324249268
2018-02-12 00:00:00-06:00,2.555000066757202
2018-02-13 00:00:00-06:00,2.5490000247955322
2018-02-14 00:00:00-06:00,2.640000104904175
2018-02-15 00:00:00-06:00,2.634999990463257
2018-02-16 00:00:00-06:00,2.625999927520752
2018-02-20 00:00:00-06:00,2.6480000019073486
2018-02-21 00:00:00-06:00,2.678999900817871
2018-02-22 00:00:00-06:00,2.6519999504089355
2018-02-23 00:00:00-06:00,2.618000030517578
2018-02-26 00:00:00-06:00,2.6070001125335693
2018-02-27 00:00:00-06:00,2.6689999103546143
2018-02-28 00:00:00-06:00,2.6500000953674316
2018-03-01 00:00:00-06:00,2.575000047683716
2018-03-02 00:00:00-06:00,2.622999906539917
2018-03-05 00:00:00-06:00,2.6440000534057617
2018-03-06 00:00:00-06:00,2.6449999809265137
2018-03-07 00:00:00-06:00,2.6489999294281006
2018-03-08 00:00:00-06:00,2.632999897003174
2018-03-09 00:00:00-06:00,2.6540000438690186
2018-03-12 00:00:00-05:00,2.634999990463257
2018-03-13 00:00:00-05:00,2.630000114440918
2018-03-14 00:00:00-05:00,2.6059999465942383
2018-03-15 00:00:00-05:00,2.621999979019165
2018-03-16 00:00:00-05:00,2.6449999809265137
2018-03-19 00:00:00-05:00,2.6419999599456787
2018-03-20 00:00:00-05:00,2.680999994277954
2018-03-21 00:00:00-05:00,2.697999954223633
2018-03-22 00:00:00-05:00,2.631999969482422
2018-03-23 00:00:00-05:00,2.6110000610351562
2018-03-26 00:00:00-05:00,2.634999990463257
2018-03-27 00:00:00-05:00,2.5789999961853027
2018-03-28 00:00:00-05:00,2.5889999866485596
2018-03-29 00:00:00-05:00,2.562000036239624
2018-04-02 00:00:00-05:00,2.5490000247955322
2018-04-03 00:00:00-05:00,2.6040000915527344
2018-04-04 00:00:00-05:00,2.6059999465942383
2018-04-05 00:00:00-05:00,2.640000104904175
2018-04-06 00:00:00-05:00,2.5889999866485596
2018-04-09 00:00:00-05:00,2.6010000705718994
2018-04-10 00:00:00-05:00,2.625
2018-04-11 00:00:00-05:00,2.619999885559082
2018-04-12 00:00:00-05:00,2.6710000038146973
2018-04-13 00:00:00-05:00,2.6760001182556152
2018-04-16 00:00:00-05:00,2.683000087738037
2018-04-17 00:00:00-05:00,2.677999973297119
2018-04-18 00:00:00-05:00,2.7309999465942383
2018-04-19 00:00:00-05:00,2.759999990463257
2018-04-20 00:00:00-05:00,2.7929999828338623
2018-04-23 00:00:00-05:00,2.819000005722046
2018-04-24 00:00:00-05:00,2.811000108718872
2018-04-25 00:00:00-05:00,2.8350000381469727
2018-04-26 00:00:00-05:00,2.819000005722046
2018-04-27 00:00:00-05:00,2.8010001182556152
2018-04-30 00:00:00-05:00,2.7890000343322754
2018-05-01 00:00:00-05:00,2.821000099182129
2018-05-02 00:00:00-05:00,2.802000045776367
2018-05-03 00:00:00-05:00,2.7820000648498535
2018-05-04 00:00:00-05:00,2.7799999713897705
2018-05-07 00:00:00-05:00,2.7839999198913574
2018-05-08 00:00:00-05:00,2.808000087738037
2018-05-09 00:00:00-05:00,2.8380000591278076
2018-05-10 00:00:00-05:00,2.8329999446868896
2018-05-11 00:00:00-05:00,2.8380000591278076
2018-05-14 00:00:00-05:00,2.8519999980926514
2018-05-15 00:00:00-05:00,2.924999952316284
2018-05-16 00:00:00-05:00,2.934000015258789
2018-05-17 00:00:00-05:00,2.931999921798706
2018-05-18 00:00:00-05:00,2.8919999599456787
2018-05-21 00:00:00-05:00,2.8980000019073486
2018-05-22 00:00:00-05:00,2.8989999294281006
2018-05-23 00:00:00-05:00,2.8299999237060547
2018-05-24 00:00:00-05:00,2.815999984741211
2018-05-25 00:00:00-05:00,2.7639999389648438
2018-05-29 00:00:00-05:00,2.5759999752044678
2018-05-30 00:00:00-05:00,2.6730000972747803
2018-05-31 00:00:00-05:00,2.6640000343322754
2018-06-01 00:00:00-05:00,2.73799991607666
2018-06-04 00:00:00-05:00,2.7850000858306885
2018-06-05 00:00:00-05:00,2.76200008392334
2018-06-06 00:00:00-05:00,2.812999963760376
2018-06-07 00:00:00-05:00,2.7769999504089355
2018-06-08 00:00:00-05:00,2.7750000953674316
2018-06-11 00:00:00-05:00,2.802000045776367
2018-06-12 00:00:00-05:00,2.808000087738037
2018-06-13 00:00:00-05:00,2.8399999141693115
2018-06-14 00:00:00-05:00,2.815999984741211
2018-06-15 00:00:00-05:00,2.7990000247955322
2018-06-18 00:00:00-05:00,2.7990000247955322
2018-06-19 00:00:00-05:00,2.7669999599456787
2018-06-20 00:00:00-05:00,2.7960000038146973
2018-06-21 00:00:00-05:00,2.7669999599456787
2018-06-22 00:00:00-05:00,2.7739999294281006
2018-06-25 00:00:00-05:00,2.743000030517578
2018-06-26 00:00:00-05:00,2.747999906539917
2018-06-27 00:00:00-05:00,2.697000026702881
2018-06-28 00:00:00-05:00,2.7260000705718994
2018-06-29 00:00:00-05:00,2.7309999465942383
2018-07-02 00:00:00-05:00,2.753000020980835
2018-07-03 00:00:00-05:00,2.7300000190734863
2018-07-05 00:00:00-05:00,2.740999937057495
2018-07-06 00:00:00-05:00,2.7230000495910645
2018-07-09 00:00:00-05:00,2.752000093460083
2018-07-10 00:00:00-05:00,2.7720000743865967
2018-07-11 00:00:00-05:00,2.740000009536743
2018-07-12 00:00:00-05:00,2.755000114440918
2018-07-13 00:00:00-05:00,2.7269999980926514
2018-07-16 00:00:00-05:00,2.753999948501587
2018-07-17 00:00:00-05:00,2.763000011444092
2018-07-18 00:00:00-05:00,2.7679998874664307
2018-07-19 00:00:00-05:00,2.740000009536743
2018-07-20 00:00:00-05:00,2.7679998874664307
2018-07-23 00:00:00-05:00,2.828000068664551
2018-07-24 00:00:00-05:00,2.818000078201294
2018-07-25 00:00:00-05:00,2.813999891281128
2018-07-26 00:00:00-05:00,2.8580000400543213
2018-07-27 00:00:00-05:00,2.8459999561309814
2018-07-30 00:00:00-05:00,2.8499999046325684
2018-07-31 00:00:00-05:00,2.8480000495910645
2018-08-01 00:00:00-05:00,2.875
2018-08-02 00:00:00-05:00,2.8529999256134033
2018-08-03 00:00:00-05:00,2.815999984741211
2018-08-06 00:00:00-05:00,2.805999994277954
2018-08-07 00:00:00-05:00,2.8410000801086426
2018-08-08 00:00:00-05:00,2.8380000591278076
2018-08-09 00:00:00-05:00,2.812999963760376
2018-08-10 00:00:00-05:00,2.7300000190734863
2018-08-13 00:00:00-05:00,2.746999979019165
2018-08-14 00:00:00-05:00,2.7669999599456787
2018-08-15 00:00:00-05:00,2.7239999771118164
2018-08-16 00:00:00-05:00,2.747999906539917
2018-08-17 00:00:00-05:00,2.752000093460083
2018-08-20 00:00:00-05:00,2.7019999027252197
2018-08-21 00:00:00-05:00,2.7260000705718994
2018-08-22 00:00:00-05:00,2.7060000896453857
2018-08-23 00:00:00-05:00,2.7139999866485596
2018-08-24 00:00:00-05:00,2.7239999771118164
2018-08-27 00:00:00-05:00,2.744999885559082
2018-08-28 00:00:00-05:00,2.7739999294281006
2018-08-29 00:00:00-05:00,2.7799999713897705
2018-08-30 00:00:00-05:00,2.755000114440918
2018-08-31 00:00:00-05:00,2.734999895095825
2018-09-04 00:00:00-05:00,2.7750000953674316
2018-09-05 00:00:00-05:00,2.7699999809265137
2018-09-06 00:00:00-05:00,2.747999906539917
2018-09-07 00:00:00-05:00,2.822999954223633
2018-09-10 00:00:00-05:00,2.828000068664551
2018-09-11 00:00:00-05:00,2.86899995803833
2018-09-12 00:00:00-05:00,2.859999895095825
2018-09-13 00:00:00-05:00,2.865999937057495
2018-09-14 00:00:00-05:00,2.8980000019073486
2018-09-17 00:00:00-05:00,2.9019999504089355
2018-09-18 00:00:00-05:00,2.936000108718872
2018-09-19 00:00:00-05:00,2.9600000381469727
2018-09-20 00:00:00-05:00,2.9619998931884766
2018-09-21 00:00:00-05:00,2.9539999961853027
2018-09-24 00:00:00-05:00,2.9590001106262207
2018-09-25 00:00:00-05:00,2.9830000400543213
2018-09-26 00:00:00-05:00,2.9579999446868896
2018-09-27 00:00:00-05:00,2.9600000381469727
2018-09-28 00:00:00-05:00,2.947999954223633
2018-10-01 00:00:00-05:00,2.9600000381469727
2018-10-02 00:00:00-05:00,2.944000005722046
2018-10-03 00:00:00-05:00,3.0239999294281006
2018-10-04 00:00:00-05:00,3.053999900817871
2018-10-05 00:00:00-05:00,3.071000099182129
2018-10-08 00:00:00-05:00,3.072999954223633
2018-10-09 00:00:00-05:00,3.056999921798706
2018-10-10 00:00:00-05:00,3.059000015258789
2018-10-11 00:00:00-05:00,2.989000082015991
2018-10-12 00:00:00-05:00,2.99399995803833
2018-10-15 00:00:00-05:00,3.0179998874664307
2018-10-16 00:00:00-05:00,3.0169999599456787
2018-10-17 00:00:00-05:00,3.0409998893737793
2018-10-18 00:00:00-05:00,3.0239999294281006
2018-10-19 00:00:00-05:00,3.052000045776367
2018-10-22 00:00:00-05:00,3.0480000972747803
2018-10-23 00:00:00-05:00,3.009000062942505
2018-10-24 00:00:00-05:00,2.9639999866485596
2018-10-25 00:00:00-05:00,2.9800000190734863
2018-10-26 00:00:00-05:00,2.9070000648498535
2018-10-29 00:00:00-05:00,2.9189999103546143
2018-10-30 00:00:00-05:00,2.938999891281128
2018-10-31 00:00:00-05:00,2.986999988555908
2018-11-01 00:00:00-05:00,2.9679999351501465
2018-11-02 00:00:00-05:00,3.0380001068115234
2018-11-05 00:00:00-06:00,3.0260000228881836
2018-11-06 00:00:00-06:00,3.049999952316284
2018-11-07 00:00:00-06:00,3.061000108718872
2018-11-08 00:00:00-06:00,3.0899999141693115
2018-11-09 00:00:00-06:00,3.0439999103546143
2018-11-12 00:00:00-06:00,3.0390000343322754
2018-11-13 00:00:00-06:00,2.986999988555908
2018-11-14 00:00:00-06:00,2.9519999027252197
2018-11-15 00:00:00-06:00,2.944999933242798
2018-11-16 00:00:00-06:00,2.8940000534057617
2018-11-19 00:00:00-06:00,2.865999937057495
2018-11-20 00:00:00-06:00,2.869999885559082
2018-11-21 00:00:00-06:00,2.890000104904175
2018-11-23 00:00:00-06:00,2.880000114440918
2018-11-26 00:00:00-06:00,2.9000000953674316
2018-11-27 00:00:00-06:00,2.884999990463257
2018-11-28 00:00:00-06:00,2.8559999465942383
2018-11-29 00:00:00-06:00,2.8550000190734863
2018-11-30 00:00:00-06:00,2.8450000286102295
2018-12-03 00:00:00-06:00,2.8389999866485596
2018-12-04 00:00:00-06:00,2.7990000247955322
2018-12-06 00:00:00-06:00,2.747999906539917
2018-12-07 00:00:00-06:00,2.696000099182129
2018-12-10 00:00:00-06:00,2.7090001106262207
2018-12-11 00:00:00-06:00,2.744999885559082
2018-12-12 00:00:00-06:00,2.765000104904175
2018-12-13 00:00:00-06:00,2.75600004196167
2018-12-14 00:00:00-06:00,2.7290000915527344
2018-12-17 00:00:00-06:00,2.693000078201294
2018-12-18 00:00:00-06:00,2.6559998989105225
2018-12-19 00:00:00-06:00,2.627000093460083
2018-12-20 00:00:00-06:00,2.6530001163482666
2018-12-21 00:00:00-06:00,2.6419999599456787
2018-12-24 00:00:00-06:00,2.5810000896453857
2018-12-26 00:00:00-06:00,2.63700008392334
2018-12-27 00:00:00-06:00,2.5899999141693115
2018-12-28 00:00:00-06:00,2.572999954223633
2018-12-31 00:00:00-06:00,2.509999990463257
2019-01-02 00:00:00-06:00,2.503000020980835
2019-01-03 00:00:00-06:00,2.368000030517578
2019-01-04 00:00:00-06:00,2.4820001125335693
2019-01-07 00:00:00-06:00,2.5190000534057617
2019-01-08 00:00:00-06:00,2.571000099182129
2019-01-09 00:00:00-06:00,2.559000015258789
2019-01-10 00:00:00-06:00,2.559000015258789
2019-01-11 00:00:00-06:00,2.5250000953674316
2019-01-14 00:00:00-06:00,2.5290000438690186
2019-01-15 00:00:00-06:00,2.5269999504089355
2019-01-16 00:00:00-06:00,2.546999931335449
2019-01-17 00:00:00-06:00,2.571000099182129
2019-01-18 00:00:00-06:00,2.618000030517578
2019-01-22 00:00:00-06:00,2.566999912261963
2019-01-23 00:00:00-06:00,2.5910000801086426
2019-01-24 00:00:00-06:00,2.546999931335449
2019-01-25 00:00:00-06:00,2.5889999866485596
2019-01-28 00:00:00-06:00,2.5810000896453857
2019-01-29 00:00:00-06:00,2.546999931335449
2019-01-30 00:00:00-06:00,2.503000020980835
2019-01-31 00:00:00-06:00,2.440000057220459
2019-02-01 00:00:00-06:00,2.507999897003174
2019-02-04 00:00:00-06:00,2.5350000858306885
2019-02-05 00:00:00-06:00,2.513000011444092
2019-02-06 00:00:00-06:00,2.507999897003174
2019-02-07 00:00:00-06:00,2.4579999446868896
2019-02-08 00:00:00-06:00,2.440999984741211
2019-02-11 00:00:00-06:00,2.4749999046325684
2019-02-12 00:00:00-06:00,2.492000102996826
2019-02-13 00:00:00-06:00,2.5269999504089355
2019-02-14 00:00:00-06:00,2.4730000495910645
2019-02-15 00:00:00-06:00,2.494999885559082
2019-02-19 00:00:00-06:00,2.4700000286102295
2019-02-20 00:00:00-06:00,2.4749999046325684
2019-02-21 00:00:00-06:00,2.507999897003174
2019-02-22 00:00:00-06:00,2.4679999351501465
2019-02-25 00:00:00-06:00,2.4860000610351562
2019-02-26 00:00:00-06:00,2.443000078201294
2019-02-27 00:00:00-06:00,2.490000009536743
2019-02-28 00:00:00-06:00,2.509000062942505
2019-03-01 00:00:00-06:00,2.555999994277954
2019-03-04 00:00:00-06:00,2.5309998989105225
2019-03-05 00:00:00-06:00,2.5329999923706055
2019-03-06 00:00:00-06:00,2.496999979019165
2019-03-07 00:00:00-06:00,2.434999942779541
2019-03-08 00:00:00-06:00,2.424999952316284
2019-03-11 00:00:00-05:00,2.440000057220459
2019-03-12 00:00:00-05:00,2.4140000343322754
2019-03-13 00:00:00-05:00,2.4140000343322754
2019-03-14 00:00:00-05:00,2.430000066757202
2019-03-15 00:00:00-05:00,2.4000000953674316
2019-03-18 00:00:00-05:00,2.4140000343322754
2019-03-19 00:00:00-05:00,2.424999952316284
2019-03-20 00:00:00-05:00,2.3350000381469727
2019-03-21 00:00:00-05:00,2.3410000801086426
2019-03-22 00:00:00-05:00,2.255000114440918
2019-03-25 00:00:00-05:00,2.2019999027252197
2019-03-26 00:00:00-05:00,2.193000078201294
2019-03-27 00:00:00-05:00,2.1649999618530273
2019-03-28 00:00:00-05:00,2.203000068664551
2019-03-29 00:00:00-05:00,2.243000030517578
2019-04-01 00:00:00-05:00,2.312000036239624
2019-04-02 00:00:00-05:00,2.2920000553131104
2019-04-03 00:00:00-05:00,2.319999933242798
2019-04-04 00:00:00-05:00,2.316999912261963
2019-04-05 00:00:00-05:00,2.312000036239624
2019-04-08 00:00:00-05:00,2.3259999752044678
2019-04-09 00:00:00-05:00,2.303999900817871
2019-04-10 00:00:00-05:00,2.2790000438690186
2019-04-11 00:00:00-05:00,2.315999984741211
2019-04-12 00:00:00-05:00,2.375
2019-04-15 00:00:00-05:00,2.369999885559082
2019-04-16 00:00:00-05:00,2.4079999923706055
2019-04-17 00:00:00-05:00,2.4010000228881836
2019-04-18 00:00:00-05:00,2.36899995803833
2019-04-22 00:00:00-05:00,2.388000011444092
2019-04-23 00:00:00-05:00,2.3610000610351562
2019-04-24 00:00:00-05:00,2.315000057220459
2019-04-25 00:00:00-05:00,2.3299999237060547
2019-04-26 00:00:00-05:00,2.2950000762939453
2019-04-29 00:00:00-05:00,2.318000078201294
2019-04-30 00:00:00-05:00,2.2820000648498535
2019-05-01 00:00:00-05:00,2.2980000972747803
2019-05-02 00:00:00-05:00,2.3519999980926514
2019-05-03 00:00:00-05:00,2.3299999237060547
2019-05-06 00:00:00-05:00,2.2929999828338623
2019-05-07 00:00:00-05:00,2.252000093460083
2019-05-08 00:00:00-05:00,2.2850000858306885
2019-05-09 00:00:00-05:00,2.253000020980835
2019-05-10 00:00:00-05:00,2.25
2019-05-13 00:00:00-05:00,2.186000108718872
2019-05-14 00:00:00-05:00,2.197999954223633
2019-05-15 00:00:00-05:00,2.1530001163482666
2019-05-16 00:00:00-05:00,2.186000108718872
2019-05-17 00:00:00-05:00,2.177999973297119
2019-05-20 00:00:00-05:00,2.2049999237060547
2019-05-21 00:00:00-05:00,2.2279999256134033
2019-05-22 00:00:00-05:00,2.188999891281128
2019-05-23 00:00:00-05:00,2.0880000591278076
2019-05-24 00:00:00-05:00,2.121999979019165
2019-05-28 00:00:00-05:00,2.0739998817443848
2019-05-29 00:00:00-05:00,2.0360000133514404
2019-05-30 00:00:00-05:00,2.0309998989105225
2019-05-31 00:00:00-05:00,1.9270000457763672
2019-06-03 00:00:00-05:00,1.847000002861023
2019-06-04 00:00:00-05:00,1.88100004196167
2019-06-05 00:00:00-05:00,1.8630000352859497
2019-06-06 00:00:00-05:00,1.8839999437332153
2019-06-07 00:00:00-05:00,1.8509999513626099
2019-06-10 00:00:00-05:00,1.9119999408721924
2019-06-11 00:00:00-05:00,1.909000039100647
2019-06-12 00:00:00-05:00,1.88100004196167
2019-06-13 00:00:00-05:00,1.8300000429153442
2019-06-14 00:00:00-05:00,1.8459999561309814
2019-06-17 00:00:00-05:00,1.847000002861023
2019-06-18 00:00:00-05:00,1.8320000171661377
2019-06-19 00:00:00-05:00,1.7680000066757202
2019-06-20 00:00:00-05:00,1.7380000352859497
2019-06-21 00:00:00-05:00,1.8070000410079956
2019-06-24 00:00:00-05:00,1.753000020980835
2019-06-25 00:00:00-05:00,1.7330000400543213
2019-06-26 00:00:00-05:00,1.7999999523162842
2019-06-27 00:00:00-05:00,1.7630000114440918
2019-06-28 00:00:00-05:00,1.7580000162124634
2019-07-01 00:00:00-05:00,1.7960000038146973
2019-07-02 00:00:00-05:00,1.746999979019165
2019-07-03 00:00:00-05:00,1.7369999885559082
2019-07-05 00:00:00-05:00,1.8420000076293945
2019-07-08 00:00:00-05:00,1.843999981880188
2019-07-09 00:00:00-05:00,1.8669999837875366
2019-07-10 00:00:00-05:00,1.8279999494552612
2019-07-11 00:00:00-05:00,1.8769999742507935
2019-07-12 00:00:00-05:00,1.8580000400543213
2019-07-15 00:00:00-05:00,1.8489999771118164
2019-07-16 00:00:00-05:00,1.8830000162124634
2019-07-17 00:00:00-05:00,1.8300000429153442
2019-07-18 00:00:00-05:00,1.7860000133514404
2019-07-19 00:00:00-05:00,1.8049999475479126
2019-07-22 00:00:00-05:00,1.7979999780654907
2019-07-23 00:00:00-05:00,1.8250000476837158
2019-07-24 00:00:00-05:00,1.8200000524520874
2019-07-25 00:00:00-05:00,1.8539999723434448
2019-07-26 00:00:00-05:00,1.8619999885559082
2019-07-29 00:00:00-05:00,1.8339999914169312
2019-07-30 00:00:00-05:00,1.843999981880188
2019-07-31 00:00:00-05:00,1.843999981880188
2019-08-01 00:00:00-05:00,1.6779999732971191
2019-08-02 00:00:00-05:00,1.6679999828338623
2019-08-05 00:00:00-05:00,1.534000039100647
2019-08-06 00:00:00-05:00,1.5460000038146973
2019-08-07 00:00:00-05:00,1.5019999742507935
2019-08-08 00:00:00-05:00,1.5369999408721924
2019-08-09 00:00:00-05:00,1.562999963760376
2019-08-12 00:00:00-05:00,1.4830000400543213
2019-08-13 00:00:00-05:00,1.569000005722046
2019-08-14 00:00:00-05:00,1.4880000352859497
2019-08-15 00:00:00-05:00,1.4220000505447388
2019-08-16 00:00:00-05:00,1.4119999408721924
2019-08-19 00:00:00-05:00,1.4639999866485596
2019-08-20 00:00:00-05:00,1.4329999685287476
2019-08-21 00:00:00-05:00,1.4670000076293945
2019-08-22 00:00:00-05:00,1.4930000305175781
2019-08-23 00:00:00-05:00,1.4110000133514404
2019-08-26 00:00:00-05:00,1.4299999475479126
2019-08-27 00:00:00-05:00,1.3940000534057617
2019-08-28 00:00:00-05:00,1.3739999532699585
2019-08-29 00:00:00-05:00,1.4110000133514404
2019-08-30 00:00:00-05:00,1.3910000324249268
2019-09-03 00:00:00-05:00,1.3389999866485596
2019-09-04 00:00:00-05:00,1.315000057220459
2019-09-05 00:00:00-05:00,1.434000015258789
2019-09-06 00:00:00-05:00,1.4179999828338623
2019-09-09 00:00:00-05:00,1.4789999723434448
2019-09-10 00:00:00-05:00,1.565000057220459
2019-09-11 00:00:00-05:00,1.5920000076293945
2019-09-12 00:00:00-05:00,1.6519999504089355
2019-09-13 00:00:00-05:00,1.7519999742507935
2019-09-16 00:00:00-05:00,1.7009999752044678
2019-09-17 00:00:00-05:00,1.6660000085830688
2019-09-18 00:00:00-05:00,1.6610000133514404
2019-09-19 00:00:00-05:00,1.6480000019073486
2019-09-20 00:00:00-05:00,1.6339999437332153
2019-09-23 00:00:00-05:00,1.5820000171661377
2019-09-24 00:00:00-05:00,1.5110000371932983
2019-09-25 00:00:00-05:00,1.6069999933242798
2019-09-26 00:00:00-05:00,1.5729999542236328
2019-09-27 00:00:00-05:00,1.5509999990463257
2019-09-30 00:00:00-05:00,1.5509999990463257
2019-10-01 00:00:00-05:00,1.4980000257492065
2019-10-02 00:00:00-05:00,1.4299999475479126
2019-10-03 00:00:00-05:00,1.3420000076293945
2019-10-04 00:00:00-05:00,1.3309999704360962
2019-10-07 00:00:00-05:00,1.3860000371932983
2019-10-08 00:00:00-05:00,1.3580000400543213
2019-10-09 00:00:00-05:00,1.409000039100647
2019-10-10 00:00:00-05:00,1.4769999980926514
2019-10-11 00:00:00-05:00,1.5759999752044678
2019-10-14 00:00:00-05:00,1.559000015258789
2019-10-15 00:00:00-05:00,1.5989999771118164
2019-10-16 00:00:00-05:00,1.569000005722046
2019-10-17 00:00:00-05:00,1.5789999961853027
2019-10-18 00:00:00-05:00,1.5579999685287476
2019-10-21 00:00:00-05:00,1.6019999980926514
2019-10-22 00:00:00-05:00,1.5920000076293945
2019-10-23 00:00:00-05:00,1.5859999656677246
2019-10-24 00:00:00-05:00,1.5870000123977661
2019-10-25 00:00:00-05:00,1.6260000467300415
2019-10-28 00:00:00-05:00,1.6699999570846558
2019-10-29 00:00:00-05:00,1.659000039100647
2019-10-30 00:00:00-05:00,1.6369999647140503
2019-10-31 00:00:00-05:00,1.5230000019073486
2019-11-01 00:00:00-05:00,1.5540000200271606
2019-11-04 00:00:00-06:00,1.6030000448226929
2019-11-05 00:00:00-06:00,1.6710000038146973
2019-11-06 00:00:00-06:00,1.628000020980835
2019-11-07 00:00:00-06:00,1.7400000095367432
2019-11-08 00:00:00-06:00,1.7339999675750732
2019-11-11 00:00:00-06:00,1.7510000467300415
2019-11-12 00:00:00-06:00,1.718000054359436
2019-11-13 00:00:00-06:00,1.6779999732971191
2019-11-14 00:00:00-06:00,1.6230000257492065
2019-11-15 00:00:00-06:00,1.649999976158142
2019-11-18 00:00:00-06:00,1.625
2019-11-19 00:00:00-06:00,1.621999979019165
2019-11-20 00:00:00-06:00,1.5839999914169312
2019-11-21 00:00:00-06:00,1.6139999628067017
2019-11-22 00:00:00-06:00,1.628999948501587
2019-11-25 00:00:00-06:00,1.6160000562667847
2019-11-26 00:00:00-06:00,1.5959999561309814
2019-11-27 00:00:00-06:00,1.6260000467300415
2019-11-29 00:00:00-06:00,1.621000051498413
2019-12-02 00:00:00-06:00,1.659000039100647
2019-12-03 00:00:00-06:00,1.534000039100647
2019-12-04 00:00:00-06:00,1.6059999465942383
2019-12-05 00:00:00-06:00,1.6230000257492065
2019-12-06 00:00:00-06:00,1.6690000295639038
2019-12-09 00:00:00-06:00,1.6679999828338623
2019-12-10 00:00:00-06:00,1.680999994277954
2019-12-11 00:00:00-06:00,1.6399999856948853
2019-12-12 00:00:00-06:00,1.7339999675750732
2019-12-13 00:00:00-06:00,1.652999997138977
2019-12-16 00:00:00-06:00,1.7209999561309814
2019-12-17 00:00:00-06:00,1.7130000591278076
2019-12-18 00:00:00-06:00,1.7380000352859497
2019-12-19 00:00:00-06:00,1.7200000286102295
2019-12-20 00:00:00-06:00,1.7289999723434448
2019-12-23 00:00:00-06:00,1.753999948501587
2019-12-24 00:00:00-06:00,1.7239999771118164
2019-12-26 00:00:00-06:00,1.725000023841858
2019-12-27 00:00:00-06:00,1.6779999732971191
2019-12-30 00:00:00-06:00,1.680999994277954
2019-12-31 00:00:00-06:00,1.6929999589920044
2020-01-02 00:00:00-06:00,1.6710000038146973
2020-01-03 00:00:00-06:00,1.5859999656677246
2020-01-06 00:00:00-06:00,1.6109999418258667
2020-01-07 00:00:00-06:00,1.61899995803833
2020-01-08 00:00:00-06:00,1.6649999618530273
2020-01-09 00:00:00-06:00,1.6549999713897705
2020-01-10 00:00:00-06:00,1.6360000371932983
2020-01-13 00:00:00-06:00,1.6510000228881836
2020-01-14 00:00:00-06:00,1.6269999742507935
2020-01-15 00:00:00-06:00,1.6019999980926514
2020-01-16 00:00:00-06:00,1.625
2020-01-17 00:00:00-06:00,1.63100004196167
2020-01-21 00:00:00-06:00,1.5729999542236328
2020-01-22 00:00:00-06:00,1.5729999542236328
2020-01-23 00:00:00-06:00,1.5549999475479126
2020-01-24 00:00:00-06:00,1.5010000467300415
2020-01-27 00:00:00-06:00,1.434999942779541
2020-01-28 00:00:00-06:00,1.465999960899353
2020-01-29 00:00:00-06:00,1.4170000553131104
2020-01-30 00:00:00-06:00,1.3799999952316284
2020-01-31 00:00:00-06:00,1.3259999752044678
2020-02-03 00:00:00-06:00,1.343000054359436
2020-02-04 00:00:00-06:00,1.4240000247955322
2020-02-05 00:00:00-06:00,1.4600000381469727
2020-02-06 00:00:00-06:00,1.4600000381469727
2020-02-07 00:00:00-06:00,1.4010000228881836
2020-02-10 00:00:00-06:00,1.3669999837875366
2020-02-11 00:00:00-06:00,1.4110000133514404
2020-02-12 00:00:00-06:00,1.4450000524520874
2020-02-13 00:00:00-06:00,1.4390000104904175
2020-02-14 00:00:00-06:00,1.4140000343322754
2020-02-18 00:00:00-06:00,1.3930000066757202
2020-02-19 00:00:00-06:00,1.409000039100647
2020-02-20 00:00:00-06:00,1.3700000047683716
2020-02-21 00:00:00-06:00,1.3179999589920044
2020-02-24 00:00:00-06:00,1.218000054359436
2020-02-25 00:00:00-06:00,1.156000018119812
2020-02-26 00:00:00-06:00,1.1330000162124634
2020-02-27 00:00:00-06:00,1.1069999933242798
2020-02-28 00:00:00-06:00,0.9129999876022339
2020-03-02 00:00:00-06:00,0.8650000095367432
2020-03-03 00:00:00-06:00,0.7680000066757202
2020-03-04 00:00:00-06:00,0.7289999723434448
2020-03-05 00:00:00-06:00,0.6729999780654907
2020-03-06 00:00:00-06:00,0.5569999814033508
2020-03-09 00:00:00-05:00,0.42899999022483826
2020-03-10 00:00:00-05:00,0.6140000224113464
2020-03-11 00:00:00-05:00,0.6570000052452087
2020-03-12 00:00:00-05:00,0.6489999890327454
2020-03-13 00:00:00-05:00,0.7170000076293945
2020-03-16 00:00:00-05:00,0.492000013589859
2020-03-17 00:00:00-05:00,0.6499999761581421
2020-03-18 00:00:00-05:00,0.8199999928474426
2020-03-19 00:00:00-05:00,0.6480000019073486
2020-03-20 00:00:00-05:00,0.5199999809265137
2020-03-23 00:00:00-05:00,0.39500001072883606
2020-03-24 00:00:00-05:00,0.4959999918937683
2020-03-25 00:00:00-05:00,0.5210000276565552
2020-03-26 00:00:00-05:00,0.4779999852180481
2020-03-27 00:00:00-05:00,0.4259999990463257
2020-03-30 00:00:00-05:00,0.3779999911785126
2020-03-31 00:00:00-05:00,0.375
2020-04-01 00:00:00-05:00,0.36899998784065247
2020-04-02 00:00:00-05:00,0.38600000739097595
2020-04-03 00:00:00-05:00,0.367000013589859
2020-04-06 00:00:00-05:00,0.4440000057220459
2020-04-07 00:00:00-05:00,0.4830000102519989
2020-04-08 00:00:00-05:00,0.46700000762939453
2020-04-09 00:00:00-05:00,0.41100001335144043
2020-04-13 00:00:00-05:00,0.4300000071525574
2020-04-14 00:00:00-05:00,0.4189999997615814
2020-04-15 00:00:00-05:00,0.33899998664855957
2020-04-16 00:00:00-05:00,0.3409999907016754
2020-04-17 00:00:00-05:00,0.36399999260902405
2020-04-20 00:00:00-05:00,0.35199999809265137
2020-04-21 00:00:00-05:00,0.33399999141693115
2020-04-22 00:00:00-05:00,0.36399999260902405
2020-04-23 00:00:00-05:00,0.36899998784065247
2020-04-24 00:00:00-05:00,0.36399999260902405
2020-04-27 00:00:00-05:00,0.4009999930858612
2020-04-28 00:00:00-05:00,0.36899998784065247
2020-04-29 00:00:00-05:00,0.3619999885559082
2020-04-30 00:00:00-05:00,0.3449999988079071
2020-05-01 00:00:00-05:00,0.36899998784065247
2020-05-04 00:00:00-05:00,0.3580000102519989
2020-05-05 00:00:00-05:00,0.36899998784065247
2020-05-06 00:00:00-05:00,0.37700000405311584
2020-05-07 00:00:00-05:00,0.29600000381469727
2020-05-08 00:00:00-05:00,0.32600000500679016
2020-05-11 00:00:00-05:00,0.3580000102519989
2020-05-12 00:00:00-05:00,0.33500000834465027
2020-05-13 00:00:00-05:00,0.3149999976158142
2020-05-14 00:00:00-05:00,0.30000001192092896
2020-05-15 00:00:00-05:00,0.30799999833106995
2020-05-18 00:00:00-05:00,0.3779999911785126
2020-05-19 00:00:00-05:00,0.3479999899864197
2020-05-20 00:00:00-05:00,0.33000001311302185
2020-05-21 00:00:00-05:00,0.3400000035762787
2020-05-22 00:00:00-05:00,0.3330000042915344
2020-05-26 00:00:00-05:00,0.35100001096725464
2020-05-27 00:00:00-05:00,0.34299999475479126
2020-05-28 00:00:00-05:00,0.34599998593330383
2020-05-29 00:00:00-05:00,0.30399999022483826
2020-06-01 00:00:00-05:00,0.3019999861717224
2020-06-02 00:00:00-05:00,0.3199999928474426
2020-06-03 00:00:00-05:00,0.37700000405311584
2020-06-04 00:00:00-05:00,0.40400001406669617
2020-06-05 00:00:00-05:00,0.47600001096725464
2020-06-08 00:00:00-05:00,0.45399999618530273
2020-06-09 00:00:00-05:00,0.4059999883174896
2020-06-10 00:00:00-05:00,0.3370000123977661
2020-06-11 00:00:00-05:00,0.3019999861717224
2020-06-12 00:00:00-05:00,0.328000009059906
2020-06-15 00:00:00-05:00,0.328000009059906
2020-06-16 00:00:00-05:00,0.3499999940395355
2020-06-17 00:00:00-05:00,0.33899998664855957
2020-06-18 00:00:00-05:00,0.328000009059906
2020-06-19 00:00:00-05:00,0.3269999921321869
2020-06-22 00:00:00-05:00,0.33500000834465027
2020-06-23 00:00:00-05:00,0.32499998807907104
2020-06-24 00:00:00-05:00,0.3160000145435333
2020-06-25 00:00:00-05:00,0.3269999921321869
2020-06-26 00:00:00-05:00,0.29899999499320984
2020-06-29 00:00:00-05:00,0.28200000524520874
2020-06-30 00:00:00-05:00,0.289000004529953
2020-07-01 00:00:00-05:00,0.31299999356269836
2020-07-02 00:00:00-05:00,0.2939999997615814
2020-07-06 00:00:00-05:00,0.3070000112056732
2020-07-07 00:00:00-05:00,0.2930000126361847
2020-07-08 00:00:00-05:00,0.29100000858306885
2020-07-09 00:00:00-05:00,0.27399998903274536
2020-07-10 00:00:00-05:00,0.2980000078678131
2020-07-13 00:00:00-05:00,0.2980000078678131
2020-07-14 00:00:00-05:00,0.28200000524520874
2020-07-15 00:00:00-05:00,0.2849999964237213
2020-07-16 00:00:00-05:00,0.2750000059604645
2020-07-17 00:00:00-05:00,0.28200000524520874
2020-07-20 00:00:00-05:00,0.2849999964237213
2020-07-21 00:00:00-05:00,0.2709999978542328
2020-07-22 00:00:00-05:00,0.26899999380111694
2020-07-23 00:00:00-05:00,0.26600000262260437
2020-07-24 00:00:00-05:00,0.27399998903274536
2020-07-27 00:00:00-05:00,0.2849999964237213
2020-07-28 00:00:00-05:00,0.26600000262260437
2020-07-29 00:00:00-05:00,0.2529999911785126
2020-07-30 00:00:00-05:00,0.23000000417232513
2020-07-31 00:00:00-05:00,0.2150000035762787
2020-08-03 00:00:00-05:00,0.22499999403953552
2020-08-04 00:00:00-05:00,0.19499999284744263
2020-08-05 00:00:00-05:00,0.21799999475479126
2020-08-06 00:00:00-05:00,0.21400000154972076
2020-08-07 00:00:00-05:00,0.2290000021457672
2020-08-10 00:00:00-05:00,0.23399999737739563
2020-08-11 00:00:00-05:00,0.29100000858306885
2020-08-12 00:00:00-05:00,0.29600000381469727
2020-08-13 00:00:00-05:00,0.3179999887943268
2020-08-14 00:00:00-05:00,0.29899999499320984
2020-08-17 00:00:00-05:00,0.2849999964237213
2020-08-18 00:00:00-05:00,0.27900001406669617
2020-08-19 00:00:00-05:00,0.2770000100135803
2020-08-20 00:00:00-05:00,0.2680000066757202
2020-08-21 00:00:00-05:00,0.2720000147819519
2020-08-24 00:00:00-05:00,0.2800000011920929
2020-08-25 00:00:00-05:00,0.2919999957084656
2020-08-26 00:00:00-05:00,0.28999999165534973
2020-08-27 00:00:00-05:00,0.3100000023841858
2020-08-28 00:00:00-05:00,0.2750000059604645
2020-08-31 00:00:00-05:00,0.2639999985694885
2020-09-01 00:00:00-05:00,0.2549999952316284
2020-09-02 00:00:00-05:00,0.25600001215934753
2020-09-03 00:00:00-05:00,0.2370000034570694
2020-09-04 00:00:00-05:00,0.30399999022483826
2020-09-08 00:00:00-05:00,0.2720000147819519
2020-09-09 00:00:00-05:00,0.27900001406669617
2020-09-10 00:00:00-05:00,0.26600000262260437
2020-09-11 00:00:00-05:00,0.2529999911785126
2020-09-14 00:00:00-05:00,0.2630000114440918
2020-09-15 00:00:00-05:00,0.26899999380111694
2020-09-16 00:00:00-05:00,0.27399998903274536
2020-09-17 00:00:00-05:00,0.2709999978542328
2020-09-18 00:00:00-05:00,0.27900001406669617
2020-09-21 00:00:00-05:00,0.2680000066757202
2020-09-22 00:00:00-05:00,0.25999999046325684
2020-09-23 00:00:00-05:00,0.2709999978542328
2020-09-24 00:00:00-05:00,0.2750000059604645
2020-09-25 00:00:00-05:00,0.2669999897480011
2020-09-28 00:00:00-05:00,0.26600000262260437
2020-09-29 00:00:00-05:00,0.25
2020-09-30 00:00:00-05:00,0.2720000147819519
2020-10-01 00:00:00-05:00,0.2720000147819519
2020-10-02 00:00:00-05:00,0.2849999964237213
2020-10-05 00:00:00-05:00,0.3240000009536743
2020-10-06 00:00:00-05:00,0.3160000145435333
2020-10-07 00:00:00-05:00,0.3440000116825104
2020-10-08 00:00:00-05:00,0.32600000500679016
2020-10-09 00:00:00-05:00,0.335999995470047
2020-10-12 00:00:00-05:00,0.33899998664855957
2020-10-13 00:00:00-05:00,0.3019999861717224
2020-10-14 00:00:00-05:00,0.3019999861717224
2020-10-15 00:00:00-05:00,0.3140000104904175
2020-10-16 00:00:00-05:00,0.3190000057220459
2020-10-19 00:00:00-05:00,0.33000001311302185
2020-10-20 00:00:00-05:00,0.34299999475479126
2020-10-21 00:00:00-05:00,0.35100001096725464
2020-10-22 00:00:00-05:00,0.375
2020-10-23 00:00:00-05:00,0.3700000047683716
2020-10-26 00:00:00-05:00,0.3490000069141388
2020-10-27 00:00:00-05:00,0.33500000834465027
2020-10-28 00:00:00-05:00,0.3330000042915344
2020-10-29 00:00:00-05:00,0.3720000088214874
2020-10-30 00:00:00-05:00,0.38100001215934753
2020-11-02 00:00:00-06:00,0.37700000405311584
2020-11-03 00:00:00-06:00,0.3930000066757202
2020-11-04 00:00:00-06:00,0.3230000138282776
2020-11-05 00:00:00-06:00,0.33500000834465027
2020-11-06 00:00:00-06:00,0.3630000054836273
2020-11-09 00:00:00-06:00,0.44699999690055847
2020-11-10 00:00:00-06:00,0.46000000834465027
2020-11-11 00:00:00-06:00,0.45399999618530273
2020-11-12 00:00:00-06:00,0.3959999978542328
2020-11-13 00:00:00-06:00,0.40299999713897705
2020-11-16 00:00:00-06:00,0.40799999237060547
2020-11-17 00:00:00-06:00,0.38600000739097595
2020-11-18 00:00:00-06:00,0.39899998903274536
2020-11-19 00:00:00-06:00,0.38600000739097595
2020-11-20 00:00:00-06:00,0.37599998712539673
2020-11-23 00:00:00-06:00,0.3880000114440918
2020-11-24 00:00:00-06:00,0.3970000147819519
2020-11-25 00:00:00-06:00,0.3889999985694885
2020-11-27 00:00:00-06:00,0.367000013589859
2020-11-30 00:00:00-06:00,0.3619999885559082
2020-12-01 00:00:00-06:00,0.4269999861717224
2020-12-02 00:00:00-06:00,0.4230000078678131
2020-12-03 00:00:00-06:00,0.4050000011920929
2020-12-04 00:00:00-06:00,0.4230000078678131
2020-12-07 00:00:00-06:00,0.3889999985694885
2020-12-08 00:00:00-06:00,0.3880000114440918
2020-12-09 00:00:00-06:00,0.40799999237060547
2020-12-10 00:00:00-06:00,0.382999986410141
2020-12-11 00:00:00-06:00,0.3610000014305115
2020-12-14 00:00:00-06:00,0.3580000102519989
2020-12-15 00:00:00-06:00,0.375
2020-12-16 00:00:00-06:00,0.3700000047683716
2020-12-17 00:00:00-06:00,0.37700000405311584
2020-12-18 00:00:00-06:00,0.38100001215934753
2020-12-21 00:00:00-06:00,0.382999986410141
2020-12-22 00:00:00-06:00,0.36399999260902405
2020-12-23 00:00:00-06:00,0.37700000405311584
2020-12-24 00:00:00-06:00,0.36399999260902405
2020-12-28 00:00:00-06:00,0.36399999260902405
2020-12-29 00:00:00-06:00,0.3779999911785126
2020-12-30 00:00:00-06:00,0.3700000047683716
2020-12-31 00:00:00-06:00,0.3610000014305115
2021-01-04 00:00:00-06:00,0.3540000021457672
2021-01-05 00:00:00-06:00,0.37700000405311584
2021-01-06 00:00:00-06:00,0.4320000112056732
2021-01-07 00:00:00-06:00,0.45399999618530273
2021-01-08 00:00:00-06:00,0.4790000021457672
2021-01-11 00:00:00-06:00,0.49799999594688416
2021-01-12 00:00:00-06:00,0.503000020980835
2021-01-13 00:00:00-06:00,0.47600001096725464
2021-01-14 00:00:00-06:00,0.48399999737739563
2021-01-15 00:00:00-06:00,0.45500001311302185
2021-01-19 00:00:00-06:00,0.4490000009536743
2021-01-20 00:00:00-06:00,0.4490000009536743
2021-01-21 00:00:00-06:00,0.44699999690055847
2021-01-22 00:00:00-06:00,0.4339999854564667
2021-01-25 00:00:00-06:00,0.4099999964237213
2021-01-26 00:00:00-06:00,0.41200000047683716
2021-01-27 00:00:00-06:00,0.40700000524520874
2021-01-28 00:00:00-06:00,0.4300000071525574
2021-01-29 00:00:00-06:00,0.4429999887943268
2021-02-01 00:00:00-06:00,0.42399999499320984
2021-02-02 00:00:00-06:00,0.4449999928474426
2021-02-03 00:00:00-06:00,0.45899999141693115
2021-02-04 00:00:00-06:00,0.45899999141693115
2021-02-05 00:00:00-06:00,0.46700000762939453
2021-02-08 00:00:00-06:00,0.4749999940395355
2021-02-09 00:00:00-06:00,0.4740000069141388
2021-02-10 00:00:00-06:00,0.4560000002384186
2021-02-11 00:00:00-06:00,0.460999995470047
2021-02-12 00:00:00-06:00,0.48500001430511475
2021-02-16 00:00:00-06:00,0.5609999895095825
2021-02-17 00:00:00-06:00,0.5659999847412109
2021-02-18 00:00:00-06:00,0.5479999780654907
2021-02-19 00:00:00-06:00,0.5809999704360962
2021-02-22 00:00:00-06:00,0.597000002861023
2021-02-23 00:00:00-06:00,0.5789999961853027
2021-02-24 00:00:00-06:00,0.6119999885559082
2021-02-25 00:00:00-06:00,0.8019999861717224
2021-02-26 00:00:00-06:00,0.7760000228881836
2021-03-01 00:00:00-06:00,0.7110000252723694
2021-03-02 00:00:00-06:00,0.675000011920929
2021-03-03 00:00:00-06:00,0.7269999980926514
2021-03-04 00:00:00-06:00,0.7820000052452087
2021-03-05 00:00:00-06:00,0.7850000262260437
2021-03-08 00:00:00-06:00,0.8500000238418579
2021-03-09 00:00:00-06:00,0.8209999799728394
2021-03-10 00:00:00-06:00,0.7919999957084656
2021-03-11 00:00:00-06:00,0.777999997138977
2021-03-12 00:00:00-06:00,0.847000002861023
2021-03-15 00:00:00-05:00,0.8309999704360962
2021-03-16 00:00:00-05:00,0.8240000009536743
2021-03-17 00:00:00-05:00,0.7799999713897705
2021-03-18 00:00:00-05:00,0.8690000176429749
2021-03-19 00:00:00-05:00,0.8809999823570251
2021-03-22 00:00:00-05:00,0.8600000143051147
2021-03-23 00:00:00-05:00,0.8289999961853027
2021-03-24 00:00:00-05:00,0.8140000104904175
2021-03-25 00:00:00-05:00,0.8190000057220459
2021-03-26 00:00:00-05:00,0.8560000061988831
2021-03-29 00:00:00-05:00,0.890999972820282
2021-03-30 00:00:00-05:00,0.9100000262260437
2021-03-31 00:00:00-05:00,0.9380000233650208
2021-04-01 00:00:00-05:00,0.9070000052452087
2021-04-05 00:00:00-05:00,0.9409999847412109
2021-04-06 00:00:00-05:00,0.871999979019165
2021-04-07 00:00:00-05:00,0.8560000061988831
2021-04-08 00:00:00-05:00,0.8399999737739563
2021-04-09 00:00:00-05:00,0.8679999709129333
2021-04-12 00:00:00-05:00,0.8899999856948853
2021-04-13 00:00:00-05:00,0.8399999737739563
2021-04-14 00:00:00-05:00,0.8600000143051147
2021-04-15 00:00:00-05:00,0.7919999957084656
2021-04-16 00:00:00-05:00,0.8209999799728394
2021-04-19 00:00:00-05:00,0.8309999704360962
2021-04-20 00:00:00-05:00,0.7950000166893005
2021-04-21 00:00:00-05:00,0.8019999861717224
2021-04-22 00:00:00-05:00,0.8019999861717224
2021-04-23 00:00:00-05:00,0.8159999847412109
2021-04-26 00:00:00-05:00,0.8309999704360962
2021-04-27 00:00:00-05:00,0.878000020980835
2021-04-28 00:00:00-05:00,0.8640000224113464
2021-04-29 00:00:00-05:00,0.8669999837875366
2021-04-30 00:00:00-05:00,0.8569999933242798
2021-05-03 00:00:00-05:00,0.8289999961853027
2021-05-04 00:00:00-05:00,0.8209999799728394
2021-05-05 00:00:00-05:00,0.8029999732971191
2021-05-06 00:00:00-05:00,0.796999990940094
2021-05-07 00:00:00-05:00,0.7710000276565552
2021-05-10 00:00:00-05:00,0.7820000052452087
2021-05-11 00:00:00-05:00,0.8009999990463257
2021-05-12 00:00:00-05:00,0.8640000224113464
2021-05-13 00:00:00-05:00,0.8370000123977661
2021-05-14 00:00:00-05:00,0.8159999847412109
2021-05-17 00:00:00-05:00,0.8289999961853027
2021-05-18 00:00:00-05:00,0.8190000057220459
2021-05-19 00:00:00-05:00,0.8629999756813049
2021-05-20 00:00:00-05:00,0.8149999976158142
2021-05-21 00:00:00-05:00,0.828000009059906
2021-05-24 00:00:00-05:00,0.8069999814033508
2021-05-25 00:00:00-05:00,0.7739999890327454
2021-05-26 00:00:00-05:00,0.777999997138977
2021-05-27 00:00:00-05:00,0.8140000104904175
2021-05-28 00:00:00-05:00,0.7879999876022339
2021-06-01 00:00:00-05:00,0.8090000152587891
2021-06-02 00:00:00-05:00,0.7960000038146973
2021-06-03 00:00:00-05:00,0.8450000286102295
2021-06-04 00:00:00-05:00,0.7839999794960022
2021-06-07 00:00:00-05:00,0.7929999828338623
2021-06-08 00:00:00-05:00,0.765999972820282
2021-06-09 00:00:00-05:00,0.7450000047683716
2021-06-10 00:00:00-05:00,0.7310000061988831
2021-06-11 00:00:00-05:00,0.7480000257492065
2021-06-14 00:00:00-05:00,0.7870000004768372
2021-06-15 00:00:00-05:00,0.7850000262260437
2021-06-16 00:00:00-05:00,0.8820000290870667
2021-06-17 00:00:00-05:00,0.8790000081062317
2021-06-18 00:00:00-05:00,0.8859999775886536
2021-06-21 00:00:00-05:00,0.8840000033378601
2021-06-22 00:00:00-05:00,0.859000027179718
2021-06-23 00:00:00-05:00,0.8799999952316284
2021-06-24 00:00:00-05:00,0.9070000052452087
2021-06-25 00:00:00-05:00,0.9300000071525574
2021-06-28 00:00:00-05:00,0.8960000276565552
2021-06-29 00:00:00-05:00,0.890999972820282
2021-06-30 00:00:00-05:00,0.8730000257492065
2021-07-01 00:00:00-05:00,0.9020000100135803
2021-07-02 00:00:00-05:00,0.859000027179718
2021-07-06 00:00:00-05:00,0.8090000152587891
2021-07-07 00:00:00-05:00,0.7799999713897705
2021-07-08 00:00:00-05:00,0.7360000014305115
2021-07-09 00:00:00-05:00,0.7870000004768372
2021-07-12 00:00:00-05:00,0.7960000038146973
2021-07-13 00:00:00-05:00,0.8479999899864197
2021-07-14 00:00:00-05:00,0.7990000247955322
2021-07-15 00:00:00-05:00,0.7749999761581421
2021-07-16 00:00:00-05:00,0.777999997138977
2021-07-19 00:00:00-05:00,0.6899999976158142
2021-07-20 00:00:00-05:00,0.6740000247955322
2021-07-21 00:00:00-05:00,0.7310000061988831
2021-07-22 00:00:00-05:00,0.7120000123977661
2021-07-23 00:00:00-05:00,0.7179999947547913
2021-07-26 00:00:00-05:00,0.7129999995231628
2021-07-27 00:00:00-05:00,0.6940000057220459
2021-07-28 00:00:00-05:00,0.7400000095367432
2021-07-29 00:00:00-05:00,0.7300000190734863
2021-07-30 00:00:00-05:00,0.703000009059906
2021-08-02 00:00:00-05:00,0.6510000228881836
2021-08-03 00:00:00-05:00,0.6510000228881836
2021-08-04 00:00:00-05:00,0.675000011920929
2021-08-05 00:00:00-05:00,0.718999981880188
2021-08-06 00:00:00-05:00,0.7649999856948853
2021-08-09 00:00:00-05:00,0.7919999957084656
2021-08-10 00:00:00-05:00,0.8230000138282776
2021-08-11 00:00:00-05:00,0.8019999861717224
2021-08-12 00:00:00-05:00,0.8309999704360962
2021-08-13 00:00:00-05:00,0.7879999876022339
2021-08-16 00:00:00-05:00,0.7509999871253967
2021-08-17 00:00:00-05:00,0.7639999985694885
2021-08-18 00:00:00-05:00,0.777999997138977
2021-08-19 00:00:00-05:00,0.7649999856948853
2021-08-20 00:00:00-05:00,0.7850000262260437
2021-08-23 00:00:00-05:00,0.7720000147819519
2021-08-24 00:00:00-05:00,0.7929999828338623
2021-08-25 00:00:00-05:00,0.8190000057220459
2021-08-26 00:00:00-05:00,0.8429999947547913
2021-08-27 00:00:00-05:00,0.800000011920929
2021-08-30 00:00:00-05:00,0.7710000276565552
2021-08-31 00:00:00-05:00,0.7720000147819519
2021-09-01 00:00:00-05:00,0.7799999713897705
2021-09-02 00:00:00-05:00,0.7760000228881836
2021-09-03 00:00:00-05:00,0.7850000262260437
2021-09-07 00:00:00-05:00,0.8190000057220459
2021-09-08 00:00:00-05:00,0.8059999942779541
2021-09-09 00:00:00-05:00,0.7870000004768372
2021-09-10 00:00:00-05:00,0.8159999847412109
2021-09-13 00:00:00-05:00,0.8050000071525574
2021-09-14 00:00:00-05:00,0.7789999842643738
2021-09-15 00:00:00-05:00,0.800000011920929
2021-09-16 00:00:00-05:00,0.8339999914169312
2021-09-17 00:00:00-05:00,0.8659999966621399
2021-09-20 00:00:00-05:00,0.8209999799728394
2021-09-21 00:00:00-05:00,0.8289999961853027
2021-09-22 00:00:00-05:00,0.871999979019165
2021-09-23 00:00:00-05:00,0.9290000200271606
2021-09-24 00:00:00-05:00,0.9570000171661377
2021-09-27 00:00:00-05:00,0.9829999804496765
2021-09-28 00:00:00-05:00,1.0230000019073486
2021-09-29 00:00:00-05:00,1.0119999647140503
2021-09-30 00:00:00-05:00,0.996999979019165
2021-10-01 00:00:00-05:00,0.9409999847412109
2021-10-04 00:00:00-05:00,0.9440000057220459
2021-10-05 00:00:00-05:00,0.9779999852180481
2021-10-06 00:00:00-05:00,0.9850000143051147
2021-10-07 00:00:00-05:00,1.0190000534057617
2021-10-08 00:00:00-05:00,1.0479999780654907
2021-10-11 00:00:00-05:00,1.059999942779541
2021-10-12 00:00:00-05:00,1.0740000009536743
2021-10-13 00:00:00-05:00,1.0870000123977661
2021-10-14 00:00:00-05:00,1.0499999523162842
2021-10-15 00:00:00-05:00,1.121999979019165
2021-10-18 00:00:00-05:00,1.1619999408721924
2021-10-19 00:00:00-05:00,1.156999945640564
2021-10-20 00:00:00-05:00,1.1469999551773071
2021-10-21 00:00:00-05:00,1.2120000123977661
2021-10-22 00:00:00-05:00,1.2109999656677246
2021-10-25 00:00:00-05:00,1.1759999990463257
2021-10-26 00:00:00-05:00,1.1829999685287476
2021-10-27 00:00:00-05:00,1.1380000114440918
2021-10-28 00:00:00-05:00,1.187999963760376
2021-10-29 00:00:00-05:00,1.187999963760376
2021-11-01 00:00:00-05:00,1.1979999542236328
2021-11-02 00:00:00-05:00,1.1490000486373901
2021-11-03 00:00:00-05:00,1.184999942779541
2021-11-04 00:00:00-05:00,1.1039999723434448
2021-11-05 00:00:00-05:00,1.0540000200271606
2021-11-08 00:00:00-06:00,1.1200000047683716
2021-11-09 00:00:00-06:00,1.0679999589920044
2021-11-10 00:00:00-06:00,1.2139999866485596
2021-11-11 00:00:00-06:00,1.2209999561309814
2021-11-12 00:00:00-06:00,1.2359999418258667
2021-11-15 00:00:00-06:00,1.2569999694824219
2021-11-16 00:00:00-06:00,1.2669999599456787
2021-11-17 00:00:00-06:00,1.2359999418258667
2021-11-18 00:00:00-06:00,1.2230000495910645
2021-11-19 00:00:00-06:00,1.2029999494552612
2021-11-22 00:00:00-06:00,1.309999942779541
2021-11-23 00:00:00-06:00,1.3339999914169312
2021-11-24 00:00:00-06:00,1.343999981880188
2021-11-26 00:00:00-06:00,1.1690000295639038
2021-11-29 00:00:00-06:00,1.184999942779541
2021-11-30 00:00:00-06:00,1.149999976158142
2021-12-01 00:00:00-06:00,1.1549999713897705
2021-12-02 00:00:00-06:00,1.2079999446868896
2021-12-03 00:00:00-06:00,1.1239999532699585
2021-12-06 00:00:00-06:00,1.2130000591278076
2021-12-07 00:00:00-06:00,1.2569999694824219
2021-12-08 00:00:00-06:00,1.2610000371932983
2021-12-09 00:00:00-06:00,1.2569999694824219
2021-12-10 00:00:00-06:00,1.2519999742507935
2021-12-13 00:00:00-06:00,1.2130000591278076
2021-12-14 00:00:00-06:00,1.2339999675750732
2021-12-15 00:00:00-06:00,1.2610000371932983
2021-12-16 00:00:00-06:00,1.1729999780654907
2021-12-17 00:00:00-06:00,1.1770000457763672
2021-12-20 00:00:00-06:00,1.1640000343322754
2021-12-21 00:00:00-06:00,1.2350000143051147
2021-12-22 00:00:00-06:00,1.222000002861023
2021-12-23 00:00:00-06:00,1.2430000305175781
2021-12-27 00:00:00-06:00,1.2519999742507935
2021-12-28 00:00:00-06:00,1.2450000047683716
2021-12-29 00:00:00-06:00,1.2940000295639038
2021-12-30 00:00:00-06:00,1.2740000486373901
2021-12-31 00:00:00-06:00,1.2630000114440918
2022-01-03 00:00:00-06:00,1.3650000095367432
2022-01-04 00:00:00-06:00,1.375
2022-01-05 00:00:00-06:00,1.4329999685287476
2022-01-06 00:00:00-06:00,1.4769999980926514
2022-01-07 00:00:00-06:00,1.5049999952316284
2022-01-10 00:00:00-06:00,1.5379999876022339
2022-01-11 00:00:00-06:00,1.5069999694824219
2022-01-12 00:00:00-06:00,1.4930000305175781
2022-01-13 00:00:00-06:00,1.4809999465942383
2022-01-14 00:00:00-06:00,1.5479999780654907
2022-01-18 00:00:00-06:00,1.6480000019073486
2022-01-19 00:00:00-06:00,1.6109999418258667
2022-01-20 00:00:00-06:00,1.6180000305175781
2022-01-21 00:00:00-06:00,1.5470000505447388
2022-01-24 00:00:00-06:00,1.5140000581741333
2022-01-25 00:00:00-06:00,1.565999984741211
2022-01-26 00:00:00-06:00,1.649999976158142
2022-01-27 00:00:00-06:00,1.6619999408721924
2022-01-28 00:00:00-06:00,1.6239999532699585
2022-01-31 00:00:00-06:00,1.6139999628067017
2022-02-01 00:00:00-06:00,1.6239999532699585
2022-02-02 00:00:00-06:00,1.600000023841858
2022-02-03 00:00:00-06:00,1.6610000133514404
2022-02-04 00:00:00-06:00,1.7879999876022339
2022-02-07 00:00:00-06:00,1.7649999856948853
2022-02-08 00:00:00-06:00,1.8079999685287476
2022-02-09 00:00:00-06:00,1.8020000457763672
2022-02-10 00:00:00-06:00,1.944000005722046
2022-02-11 00:00:00-06:00,1.8680000305175781
2022-02-14 00:00:00-06:00,1.9179999828338623
2022-02-15 00:00:00-06:00,1.934999942779541
2022-02-16 00:00:00-06:00,1.9199999570846558
2022-02-17 00:00:00-06:00,1.8480000495910645
2022-02-18 00:00:00-06:00,1.8240000009536743
2022-02-22 00:00:00-06:00,1.8660000562667847
2022-02-23 00:00:00-06:00,1.8930000066757202
2022-02-24 00:00:00-06:00,1.850000023841858
2022-02-25 00:00:00-06:00,1.8849999904632568
2022-02-28 00:00:00-06:00,1.7209999561309814
2022-03-01 00:00:00-06:00,1.5490000247955322
2022-03-02 00:00:00-06:00,1.7519999742507935
2022-03-03 00:00:00-06:00,1.7369999885559082
2022-03-04 00:00:00-06:00,1.63100004196167
2022-03-07 00:00:00-06:00,1.690999984741211
2022-03-08 00:00:00-06:00,1.805999994277954
2022-03-09 00:00:00-06:00,1.8799999952316284
2022-03-10 00:00:00-06:00,1.940999984741211
2022-03-11 00:00:00-06:00,1.9600000381469727
2022-03-14 00:00:00-05:00,2.0920000076293945
2022-03-15 00:00:00-05:00,2.114000082015991
2022-03-16 00:00:00-05:00,2.197999954223633
2022-03-17 00:00:00-05:00,2.1679999828338623
2022-03-18 00:00:00-05:00,2.1429998874664307
2022-03-21 00:00:00-05:00,2.3399999141693115
2022-03-22 00:00:00-05:00,2.385999917984009
2022-03-23 00:00:00-05:00,2.3399999141693115
2022-03-24 00:00:00-05:00,2.372999906539917
2022-03-25 00:00:00-05:00,2.572999954223633
2022-03-28 00:00:00-05:00,2.565000057220459
2022-03-29 00:00:00-05:00,2.484999895095825
2022-03-30 00:00:00-05:00,2.447999954223633
2022-03-31 00:00:00-05:00,2.421999931335449
2022-04-01 00:00:00-05:00,2.5490000247955322
2022-04-04 00:00:00-05:00,2.555000066757202
2022-04-05 00:00:00-05:00,2.696000099182129
2022-04-06 00:00:00-05:00,2.7019999027252197
2022-04-07 00:00:00-05:00,2.690999984741211
2022-04-08 00:00:00-05:00,2.75600004196167
2022-04-11 00:00:00-05:00,2.7850000858306885
2022-04-12 00:00:00-05:00,2.6760001182556152
2022-04-13 00:00:00-05:00,2.6419999599456787
2022-04-14 00:00:00-05:00,2.7860000133514404
2022-04-18 00:00:00-05:00,2.7960000038146973
2022-04-19 00:00:00-05:00,2.8889999389648438
2022-04-20 00:00:00-05:00,2.859999895095825
2022-04-21 00:00:00-05:00,2.9790000915527344
2022-04-22 00:00:00-05:00,2.9489998817443848
2022-04-25 00:00:00-05:00,2.8589999675750732
2022-04-26 00:00:00-05:00,2.796999931335449
2022-04-27 00:00:00-05:00,2.815000057220459
2022-04-28 00:00:00-05:00,2.880000114440918
2022-04-29 00:00:00-05:00,2.9119999408721924
2022-05-02 00:00:00-05:00,3.009999990463257
2022-05-03 00:00:00-05:00,3.003000020980835
2022-05-04 00:00:00-05:00,2.8959999084472656
2022-05-05 00:00:00-05:00,3.0239999294281006
2022-05-06 00:00:00-05:00,3.0429999828338623
2022-05-09 00:00:00-05:00,2.9830000400543213
2022-05-10 00:00:00-05:00,2.9179999828338623
2022-05-11 00:00:00-05:00,2.878999948501587
2022-05-12 00:00:00-05:00,2.7820000648498535
2022-05-13 00:00:00-05:00,2.888000011444092
2022-05-16 00:00:00-05:00,2.819999933242798
2022-05-17 00:00:00-05:00,2.946000099182129
2022-05-18 00:00:00-05:00,2.8910000324249268
2022-05-19 00:00:00-05:00,2.8469998836517334
2022-05-20 00:00:00-05:00,2.805999994277954
2022-05-23 00:00:00-05:00,2.875
2022-05-24 00:00:00-05:00,2.756999969482422
2022-05-25 00:00:00-05:00,2.7209999561309814
2022-05-26 00:00:00-05:00,2.7160000801086426
2022-05-27 00:00:00-05:00,2.7239999771118164
2022-05-31 00:00:00-05:00,2.811000108718872
2022-06-01 00:00:00-05:00,2.937999963760376
2022-06-02 00:00:00-05:00,2.9089999198913574
2022-06-03 00:00:00-05:00,2.9509999752044678
2022-06-06 00:00:00-05:00,3.0350000858306885
2022-06-07 00:00:00-05:00,2.9839999675750732
2022-06-08 00:00:00-05:00,3.0320000648498535
2022-06-09 00:00:00-05:00,3.062999963760376
2022-06-10 00:00:00-05:00,3.25
2022-06-13 00:00:00-05:00,3.4749999046325684
2022-06-14 00:00:00-05:00,3.5959999561309814
2022-06-15 00:00:00-05:00,3.4719998836517334
2022-06-16 00:00:00-05:00,3.377000093460083
2022-06-17 00:00:00-05:00,3.3399999141693115
2022-06-21 00:00:00-05:00,3.378999948501587
2022-06-22 00:00:00-05:00,3.2269999980926514
2022-06-23 00:00:00-05:00,3.132999897003174
2022-06-24 00:00:00-05:00,3.174999952316284
2022-06-27 00:00:00-05:00,3.257999897003174
2022-06-28 00:00:00-05:00,3.259999990463257
2022-06-29 00:00:00-05:00,3.1510000228881836
2022-06-30 00:00:00-05:00,3.003999948501587
2022-07-01 00:00:00-05:00,2.884000062942505
2022-07-05 00:00:00-05:00,2.815000057220459
2022-07-06 00:00:00-05:00,2.9509999752044678
2022-07-07 00:00:00-05:00,3.053999900817871
2022-07-08 00:00:00-05:00,3.1419999599456787
2022-07-11 00:00:00-05:00,3.049999952316284
2022-07-12 00:00:00-05:00,3.0160000324249268
2022-07-13 00:00:00-05:00,3.0190000534057617
2022-07-14 00:00:00-05:00,3.062999963760376
2022-07-15 00:00:00-05:00,3.0510001182556152
2022-07-18 00:00:00-05:00,3.069999933242798
2022-07-19 00:00:00-05:00,3.1500000953674316
2022-07-20 00:00:00-05:00,3.177999973297119
2022-07-21 00:00:00-05:00,3.009999990463257
2022-07-22 00:00:00-05:00,2.872999906539917
2022-07-25 00:00:00-05:00,2.9000000953674316
2022-07-26 00:00:00-05:00,2.884999990463257
2022-07-27 00:00:00-05:00,2.796999931335449
2022-07-28 00:00:00-05:00,2.703000068664551
2022-07-29 00:00:00-05:00,2.694999933242798
2022-08-01 00:00:00-05:00,2.6679999828338623
2022-08-02 00:00:00-05:00,2.861999988555908
2022-08-03 00:00:00-05:00,2.871999979019165
2022-08-04 00:00:00-05:00,2.7739999294281006
2022-08-05 00:00:00-05:00,2.9760000705718994
2022-08-08 00:00:00-05:00,2.9110000133514404
2022-08-09 00:00:00-05:00,2.9800000190734863
2022-08-10 00:00:00-05:00,2.9230000972747803
2022-08-11 00:00:00-05:00,2.98799991607666
2022-08-12 00:00:00-05:00,2.9769999980926514
2022-08-15 00:00:00-05:00,2.9130001068115234
2022-08-16 00:00:00-05:00,2.9579999446868896
2022-08-17 00:00:00-05:00,3.0480000972747803
2022-08-18 00:00:00-05:00,3.0309998989105225
2022-08-19 00:00:00-05:00,3.115999937057495
2022-08-22 00:00:00-05:00,3.178999900817871
2022-08-23 00:00:00-05:00,3.180999994277954
2022-08-24 00:00:00-05:00,3.2309999465942383
2022-08-25 00:00:00-05:00,3.1570000648498535
2022-08-26 00:00:00-05:00,3.194999933242798
2022-08-29 00:00:00-05:00,3.263000011444092
2022-08-30 00:00:00-05:00,3.2769999504089355
2022-08-31 00:00:00-05:00,3.2839999198913574
2022-09-01 00:00:00-05:00,3.4059998989105225
2022-09-02 00:00:00-05:00,3.2980000972747803
2022-09-06 00:00:00-05:00,3.443000078201294
2022-09-07 00:00:00-05:00,3.359999895095825
2022-09-08 00:00:00-05:00,3.3970000743865967
2022-09-09 00:00:00-05:00,3.446000099182129
2022-09-12 00:00:00-05:00,3.4579999446868896
2022-09-13 00:00:00-05:00,3.5889999866485596
2022-09-14 00:00:00-05:00,3.5950000286102295
2022-09-15 00:00:00-05:00,3.6740000247955322
2022-09-16 00:00:00-05:00,3.625999927520752
2022-09-19 00:00:00-05:00,3.693000078201294
2022-09-20 00:00:00-05:00,3.75
2022-09-21 00:00:00-05:00,3.7130000591278076
2022-09-22 00:00:00-05:00,3.928999900817871
2022-09-23 00:00:00-05:00,3.9839999675750732
2022-09-26 00:00:00-05:00,4.158999919891357
2022-09-27 00:00:00-05:00,4.210000038146973
2022-09-28 00:00:00-05:00,3.921999931335449
2022-09-29 00:00:00-05:00,3.9790000915527344
2022-09-30 00:00:00-05:00,4.040999889373779
2022-10-03 00:00:00-05:00,3.882999897003174
2022-10-04 00:00:00-05:00,3.8399999141693115
2022-10-05 00:00:00-05:00,3.9590001106262207
2022-10-06 00:00:00-05:00,4.059999942779541
2022-10-07 00:00:00-05:00,4.135000228881836
2022-10-10 00:00:00-05:00,4.14900016784668
2022-10-11 00:00:00-05:00,4.169000148773193
2022-10-12 00:00:00-05:00,4.111999988555908
2022-10-13 00:00:00-05:00,4.206999778747559
2022-10-14 00:00:00-05:00,4.269000053405762
2022-10-17 00:00:00-05:00,4.238999843597412
2022-10-18 00:00:00-05:00,4.215000152587891
2022-10-19 00:00:00-05:00,4.349999904632568
2022-10-20 00:00:00-05:00,4.447999954223633
2022-10-21 00:00:00-05:00,4.354000091552734
2022-10-24 00:00:00-05:00,4.359000205993652
2022-10-25 00:00:00-05:00,4.256999969482422
2022-10-26 00:00:00-05:00,4.193999767303467
2022-10-27 00:00:00-05:00,4.0879998207092285
2022-10-28 00:00:00-05:00,4.190000057220459
2022-10-31 00:00:00-05:00,4.248000144958496
2022-11-01 00:00:00-05:00,4.257999897003174
2022-11-02 00:00:00-05:00,4.249000072479248
2022-11-03 00:00:00-05:00,4.349999904632568
2022-11-04 00:00:00-05:00,4.326000213623047
2022-11-07 00:00:00-06:00,4.39300012588501
2022-11-08 00:00:00-06:00,4.306000232696533
2022-11-09 00:00:00-06:00,4.284999847412109
2022-11-10 00:00:00-06:00,3.943000078201294
2022-11-11 00:00:00-06:00,3.937999963760376
2022-11-14 00:00:00-06:00,3.996999979019165
2022-11-15 00:00:00-06:00,3.921999931335449
2022-11-16 00:00:00-06:00,3.8499999046325684
2022-11-17 00:00:00-06:00,3.937000036239624
2022-11-18 00:00:00-06:00,4.0
2022-11-21 00:00:00-06:00,4.007999897003174
2022-11-22 00:00:00-06:00,3.937999963760376
2022-11-23 00:00:00-06:00,3.8919999599456787
2022-11-25 00:00:00-06:00,3.869999885559082
2022-11-28 00:00:00-06:00,3.8959999084472656
2022-11-29 00:00:00-06:00,3.9200000762939453
2022-11-30 00:00:00-06:00,3.8320000171661377
2022-12-01 00:00:00-06:00,3.680000066757202
2022-12-02 00:00:00-06:00,3.6659998893737793
2022-12-05 00:00:00-06:00,3.7929999828338623
2022-12-06 00:00:00-06:00,3.7330000400543213
2022-12-07 00:00:00-06:00,3.614000082015991
2022-12-08 00:00:00-06:00,3.7100000381469727
2022-12-09 00:00:00-06:00,3.756999969482422
2022-12-12 00:00:00-06:00,3.802000045776367
2022-12-13 00:00:00-06:00,3.6470000743865967
2022-12-14 00:00:00-06:00,3.6540000438690186
2022-12-15 00:00:00-06:00,3.625999927520752
2022-12-16 00:00:00-06:00,3.617000102996826
2022-12-19 00:00:00-06:00,3.7109999656677246
2022-12-20 00:00:00-06:00,3.7839999198913574
2022-12-21 00:00:00-06:00,3.7750000953674316
2022-12-22 00:00:00-06:00,3.7869999408721924
2022-12-23 00:00:00-06:00,3.861999988555908
2022-12-27 00:00:00-06:00,3.9630000591278076
2022-12-28 00:00:00-06:00,3.9790000915527344
2022-12-29 00:00:00-06:00,3.9549999237060547
2022-12-30 00:00:00-06:00,4.0
2023-01-03 00:00:00-06:00,3.944999933242798
2023-01-04 00:00:00-06:00,3.875
2023-01-05 00:00:00-06:00,3.9100000858306885
2023-01-06 00:00:00-06:00,3.7119998931884766
2023-01-09 00:00:00-06:00,3.6510000228881836
2023-01-10 00:00:00-06:00,3.7339999675750732
2023-01-11 00:00:00-06:00,3.6700000762939453
2023-01-12 00:00:00-06:00,3.5460000038146973
2023-01-13 00:00:00-06:00,3.614000082015991
2023-01-17 00:00:00-06:00,3.6070001125335693
2023-01-18 00:00:00-06:00,3.433000087738037
2023-01-19 00:00:00-06:00,3.484999895095825
2023-01-20 00:00:00-06:00,3.566999912261963
2023-01-23 00:00:00-06:00,3.625
2023-01-24 00:00:00-06:00,3.5840001106262207
2023-01-25 00:00:00-06:00,3.561000108718872
2023-01-26 00:00:00-06:00,3.5880000591278076
2023-01-27 00:00:00-06:00,3.621000051498413
2023-01-30 00:00:00-06:00,3.683000087738037
2023-01-31 00:00:00-06:00,3.638000011444092
2023-02-01 00:00:00-06:00,3.494999885559082
2023-02-02 00:00:00-06:00,3.4830000400543213
2023-02-03 00:00:00-06:00,3.6659998893737793
2023-02-06 00:00:00-06:00,3.813999891281128
2023-02-07 00:00:00-06:00,3.8440001010894775
2023-02-08 00:00:00-06:00,3.818000078201294
2023-02-09 00:00:00-06:00,3.881999969482422
2023-02-10 00:00:00-06:00,3.9240000247955322
2023-02-13 00:00:00-06:00,3.9260001182556152
2023-02-14 00:00:00-06:00,4.002999782562256
2023-02-15 00:00:00-06:00,4.039999961853027
2023-02-16 00:00:00-06:00,4.047999858856201
2023-02-17 00:00:00-06:00,4.035999774932861
2023-02-21 00:00:00-06:00,4.175000190734863
2023-02-22 00:00:00-06:00,4.151000022888184
2023-02-23 00:00:00-06:00,4.105000019073486
2023-02-24 00:00:00-06:00,4.210000038146973
2023-02-27 00:00:00-06:00,4.172999858856201
2023-02-28 00:00:00-06:00,4.168000221252441
2023-03-01 00:00:00-06:00,4.263000011444092
2023-03-02 00:00:00-06:00,4.324999809265137
2023-03-03 00:00:00-06:00,4.252999782562256
2023-03-06 00:00:00-06:00,4.270999908447266
2023-03-07 00:00:00-06:00,4.315000057220459
2023-03-08 00:00:00-06:00,4.335999965667725
2023-03-09 00:00:00-06:00,4.2210001945495605
2023-03-10 00:00:00-06:00,3.9539999961853027
2023-03-13 00:00:00-05:00,3.6659998893737793
2023-03-14 00:00:00-05:00,3.7980000972747803
2023-03-15 00:00:00-05:00,3.578000068664551
2023-03-16 00:00:00-05:00,3.742000102996826
2023-03-17 00:00:00-05:00,3.4660000801086426
2023-03-20 00:00:00-05:00,3.575000047683716
2023-03-21 00:00:00-05:00,3.746000051498413
2023-03-22 00:00:00-05:00,3.572999954223633
2023-03-23 00:00:00-05:00,3.4170000553131104
2023-03-24 00:00:00-05:00,3.4089999198913574
2023-03-27 00:00:00-05:00,3.5950000286102295
2023-03-28 00:00:00-05:00,3.6619999408721924
2023-03-29 00:00:00-05:00,3.674999952316284
2023-03-30 00:00:00-05:00,3.6630001068115234
2023-03-31 00:00:00-05:00,3.6110000610351562
2023-04-03 00:00:00-05:00,3.5290000438690186
2023-04-04 00:00:00-05:00,3.388000011444092
2023-04-05 00:00:00-05:00,3.3440001010894775
2023-04-06 00:00:00-05:00,3.3570001125335693
2023-04-10 00:00:00-05:00,3.5190000534057617
2023-04-11 00:00:00-05:00,3.549999952316284
2023-04-12 00:00:00-05:00,3.4760000705718994
2023-04-13 00:00:00-05:00,3.506999969482422
2023-04-14 00:00:00-05:00,3.6110000610351562
2023-04-17 00:00:00-05:00,3.693000078201294
2023-04-18 00:00:00-05:00,3.674999952316284
2023-04-19 00:00:00-05:00,3.7219998836517334
2023-04-20 00:00:00-05:00,3.640000104904175
2023-04-21 00:00:00-05:00,3.6610000133514404
2023-04-24 00:00:00-05:00,3.6050000190734863
2023-04-25 00:00:00-05:00,3.441999912261963
2023-04-26 00:00:00-05:00,3.4800000190734863
2023-04-27 00:00:00-05:00,3.6019999980926514
2023-04-28 00:00:00-05:00,3.5360000133514404
2023-05-01 00:00:00-05:00,3.632999897003174
2023-05-02 00:00:00-05:00,3.4660000801086426
2023-05-03 00:00:00-05:00,3.4110000133514404
2023-05-04 00:00:00-05:00,3.2760000228881836
2023-05-05 00:00:00-05:00,3.4189999103546143
2023-05-08 00:00:00-05:00,3.5
2023-05-09 00:00:00-05:00,3.494999885559082
2023-05-10 00:00:00-05:00,3.372999906539917
2023-05-11 00:00:00-05:00,3.3589999675750732
2023-05-12 00:00:00-05:00,3.4509999752044678
2023-05-15 00:00:00-05:00,3.4690001010894775
2023-05-16 00:00:00-05:00,3.5220000743865967
2023-05-17 00:00:00-05:00,3.5920000076293945
2023-05-18 00:00:00-05:00,3.697999954223633
2023-05-19 00:00:00-05:00,3.747999906539917
2023-05-22 00:00:00-05:00,3.7669999599456787
2023-05-23 00:00:00-05:00,3.747999906539917
2023-05-24 00:00:00-05:00,3.7820000648498535
2023-05-25 00:00:00-05:00,3.8959999084472656
2023-05-26 00:00:00-05:00,3.937999963760376
2023-05-30 00:00:00-05:00,3.8259999752044678
2023-05-31 00:00:00-05:00,3.743000030517578
2023-06-01 00:00:00-05:00,3.7009999752044678
2023-06-02 00:00:00-05:00,3.8420000076293945
2023-06-05 00:00:00-05:00,3.8299999237060547
2023-06-06 00:00:00-05:00,3.8559999465942383
2023-06-07 00:00:00-05:00,3.9189999103546143
2023-06-08 00:00:00-05:00,3.8559999465942383
2023-06-09 00:00:00-05:00,3.9200000762939453
2023-06-12 00:00:00-05:00,3.9170000553131104
2023-06-13 00:00:00-05:00,4.020999908447266
2023-06-14 00:00:00-05:00,4.008999824523926
2023-06-15 00:00:00-05:00,3.9240000247955322
2023-06-16 00:00:00-05:00,3.992000102996826
2023-06-20 00:00:00-05:00,3.9600000381469727
2023-06-21 00:00:00-05:00,3.9549999237060547
2023-06-22 00:00:00-05:00,4.046000003814697
2023-06-23 00:00:00-05:00,3.994999885559082
2023-06-26 00:00:00-05:00,3.9630000591278076
2023-06-27 00:00:00-05:00,4.033999919891357
2023-06-28 00:00:00-05:00,3.9719998836517334
2023-06-29 00:00:00-05:00,4.14300012588501
2023-06-30 00:00:00-05:00,4.132999897003174
2023-07-03 00:00:00-05:00,4.190999984741211
2023-07-05 00:00:00-05:00,4.255000114440918
2023-07-06 00:00:00-05:00,4.366000175476074
2023-07-07 00:00:00-05:00,4.336999893188477
2023-07-10 00:00:00-05:00,4.245999813079834
2023-07-11 00:00:00-05:00,4.238999843597412
2023-07-12 00:00:00-05:00,4.070000171661377
2023-07-13 00:00:00-05:00,3.934999942779541
2023-07-14 00:00:00-05:00,4.031000137329102
2023-07-17 00:00:00-05:00,4.000999927520752
2023-07-18 00:00:00-05:00,4.000999927520752
2023-07-19 00:00:00-05:00,3.9719998836517334
2023-07-20 00:00:00-05:00,4.099999904632568
2023-07-21 00:00:00-05:00,4.0929999351501465
2023-07-24 00:00:00-05:00,4.126999855041504
2023-07-25 00:00:00-05:00,4.192999839782715
2023-07-26 00:00:00-05:00,4.083000183105469
2023-07-27 00:00:00-05:00,4.250999927520752
2023-07-28 00:00:00-05:00,4.195000171661377
2023-07-31 00:00:00-05:00,4.178999900817871
2023-08-01 00:00:00-05:00,4.249000072479248
2023-08-02 00:00:00-05:00,4.241000175476074
2023-08-03 00:00:00-05:00,4.301000118255615
2023-08-04 00:00:00-05:00,4.163000106811523
2023-08-07 00:00:00-05:00,4.151000022888184
2023-08-08 00:00:00-05:00,4.11299991607666
2023-08-09 00:00:00-05:00,4.127999782562256
2023-08-10 00:00:00-05:00,4.202000141143799
2023-08-11 00:00:00-05:00,4.308000087738037
2023-08-14 00:00:00-05:00,4.355999946594238
2023-08-15 00:00:00-05:00,4.380000114440918
2023-08-16 00:00:00-05:00,4.4079999923706055
2023-08-17 00:00:00-05:00,4.439000129699707
2023-08-18 00:00:00-05:00,4.381999969482422
2023-08-21 00:00:00-05:00,4.459000110626221
2023-08-22 00:00:00-05:00,4.479000091552734
2023-08-23 00:00:00-05:00,4.361000061035156
2023-08-24 00:00:00-05:00,4.4039998054504395
2023-08-25 00:00:00-05:00,4.433000087738037
2023-08-28 00:00:00-05:00,4.4120001792907715
2023-08-29 00:00:00-05:00,4.2769999504089355
2023-08-30 00:00:00-05:00,4.2729997634887695
2023-08-31 00:00:00-05:00,4.24399995803833
2023-09-01 00:00:00-05:00,4.290999889373779
2023-09-05 00:00:00-05:00,4.383999824523926
2023-09-06 00:00:00-05:00,4.438000202178955
2023-09-07 00:00:00-05:00,4.380000114440918
2023-09-08 00:00:00-05:00,4.395999908447266
2023-09-11 00:00:00-05:00,4.414000034332275
2023-09-12 00:00:00-05:00,4.409999847412109
2023-09-13 00:00:00-05:00,4.390999794006348
2023-09-14 00:00:00-05:00,4.419000148773193
2023-09-15 00:00:00-05:00,4.453000068664551
2023-09-18 00:00:00-05:00,4.461999893188477
2023-09-19 00:00:00-05:00,4.520999908447266
2023-09-20 00:00:00-05:00,4.514999866485596
2023-09-21 00:00:00-05:00,4.616000175476074
2023-09-22 00:00:00-05:00,4.568999767303467
2023-09-25 00:00:00-05:00,4.619999885559082
2023-09-26 00:00:00-05:00,4.625
2023-09-27 00:00:00-05:00,4.703000068664551
2023-09-28 00:00:00-05:00,4.64300012588501
2023-09-29 00:00:00-05:00,4.605999946594238
2023-10-02 00:00:00-05:00,4.7170000076293945
2023-10-03 00:00:00-05:00,4.801000118255615
2023-10-04 00:00:00-05:00,4.718999862670898
2023-10-05 00:00:00-05:00,4.683000087738037
2023-10-06 00:00:00-05:00,4.748000144958496
2023-10-09 00:00:00-05:00,4.755000114440918
2023-10-10 00:00:00-05:00,4.61899995803833
2023-10-11 00:00:00-05:00,4.605000019073486
2023-10-12 00:00:00-05:00,4.701000213623047
2023-10-13 00:00:00-05:00,4.644000053405762
2023-10-16 00:00:00-05:00,4.7170000076293945
2023-10-17 00:00:00-05:00,4.872000217437744
2023-10-18 00:00:00-05:00,4.925000190734863
2023-10-19 00:00:00-05:00,4.960999965667725
2023-10-20 00:00:00-05:00,4.861999988555908
2023-10-23 00:00:00-05:00,4.793000221252441
2023-10-24 00:00:00-05:00,4.823999881744385
2023-10-25 00:00:00-05:00,4.918000221252441
2023-10-26 00:00:00-05:00,4.796999931335449
2023-10-27 00:00:00-05:00,4.769999980926514
2023-10-30 00:00:00-05:00,4.803999900817871
2023-10-31 00:00:00-05:00,4.815999984741211
2023-11-01 00:00:00-05:00,4.704999923706055
2023-11-02 00:00:00-05:00,4.636000156402588
2023-11-03 00:00:00-05:00,4.48799991607666
2023-11-06 00:00:00-06:00,4.609000205993652
2023-11-07 00:00:00-06:00,4.538000106811523
2023-11-08 00:00:00-06:00,4.521999835968018
2023-11-09 00:00:00-06:00,4.639999866485596
2023-11-10 00:00:00-06:00,4.665999889373779
2023-11-13 00:00:00-06:00,4.663000106811523
2023-11-14 00:00:00-06:00,4.421000003814697
2023-11-15 00:00:00-06:00,4.526000022888184
2023-11-16 00:00:00-06:00,4.427999973297119
2023-11-17 00:00:00-06:00,4.454999923706055
2023-11-20 00:00:00-06:00,4.440999984741211
2023-11-21 00:00:00-06:00,4.419000148773193
2023-11-22 00:00:00-06:00,4.440000057220459
2023-11-24 00:00:00-06:00,4.492000102996826
2023-11-27 00:00:00-06:00,4.413000106811523
2023-11-28 00:00:00-06:00,4.285999774932861
2023-11-29 00:00:00-06:00,4.218999862670898
2023-11-30 00:00:00-06:00,4.297999858856201
2023-12-01 00:00:00-06:00,4.156000137329102
2023-12-04 00:00:00-06:00,4.23799991607666
2023-12-05 00:00:00-06:00,4.13700008392334
2023-12-06 00:00:00-06:00,4.120999813079834
2023-12-07 00:00:00-06:00,4.110000133514404
2023-12-08 00:00:00-06:00,4.255000114440918
2023-12-11 00:00:00-06:00,4.250999927520752
2023-12-12 00:00:00-06:00,4.2270002365112305
2023-12-13 00:00:00-06:00,4.002999782562256
2023-12-14 00:00:00-06:00,3.9100000858306885
2023-12-15 00:00:00-06:00,3.930000066757202
2023-12-18 00:00:00-06:00,3.947999954223633
2023-12-19 00:00:00-06:00,3.933000087738037
2023-12-20 00:00:00-06:00,3.874000072479248
2023-12-21 00:00:00-06:00,3.881999969482422
2023-12-22 00:00:00-06:00,3.878999948501587
2023-12-26 00:00:00-06:00,3.875
2023-12-27 00:00:00-06:00,3.7950000762939453
2023-12-28 00:00:00-06:00,3.8469998836517334
2023-12-29 00:00:00-06:00,3.8399999141693115
2024-01-02 00:00:00-06:00,3.9260001182556152
2024-01-03 00:00:00-06:00,3.8910000324249268
2024-01-04 00:00:00-06:00,3.9730000495910645
2024-01-05 00:00:00-06:00,4.007999897003174
2024-01-08 00:00:00-06:00,3.9560000896453857
2024-01-09 00:00:00-06:00,3.9790000915527344
2024-01-10 00:00:00-06:00,3.9809999465942383
2024-01-11 00:00:00-06:00,3.8929998874664307
2024-01-12 00:00:00-06:00,3.8320000171661377
2024-01-16 00:00:00-06:00,3.944000005722046
2024-01-17 00:00:00-06:00,4.025000095367432
2024-01-18 00:00:00-06:00,4.048999786376953
2024-01-19 00:00:00-06:00,4.072000026702881
2024-01-22 00:00:00-06:00,4.017000198364258
2024-01-23 00:00:00-06:00,4.051000118255615
2024-01-24 00:00:00-06:00,4.083000183105469
2024-01-25 00:00:00-06:00,4.017000198364258
2024-01-26 00:00:00-06:00,4.060999870300293
2024-01-29 00:00:00-06:00,3.993000030517578
2024-01-30 00:00:00-06:00,3.996999979019165
2024-01-31 00:00:00-06:00,3.881999969482422
2024-02-01 00:00:00-06:00,3.7990000247955322
2024-02-02 00:00:00-06:00,3.993000030517578
2024-02-05 00:00:00-06:00,4.120999813079834
2024-02-06 00:00:00-06:00,4.041999816894531
2024-02-07 00:00:00-06:00,4.060999870300293
2024-02-08 00:00:00-06:00,4.124000072479248
2024-02-09 00:00:00-06:00,4.151000022888184
2024-02-12 00:00:00-06:00,4.127999782562256
2024-02-13 00:00:00-06:00,4.317999839782715
2024-02-14 00:00:00-06:00,4.244999885559082
2024-02-15 00:00:00-06:00,4.2170000076293945
2024-02-16 00:00:00-06:00,4.288000106811523
2024-02-20 00:00:00-06:00,4.250999927520752
2024-02-21 00:00:00-06:00,4.302999973297119
2024-02-22 00:00:00-06:00,4.330999851226807
2024-02-23 00:00:00-06:00,4.284999847412109
2024-02-26 00:00:00-06:00,4.327000141143799
2024-02-27 00:00:00-06:00,4.322000026702881
2024-02-28 00:00:00-06:00,4.2729997634887695
2024-02-29 00:00:00-06:00,4.26200008392334
2024-03-01 00:00:00-06:00,4.158999919891357
2024-03-04 00:00:00-06:00,4.210000038146973
2024-03-05 00:00:00-06:00,4.138000011444092
2024-03-06 00:00:00-06:00,4.117000102996826
2024-03-07 00:00:00-06:00,4.084000110626221
2024-03-08 00:00:00-06:00,4.061999797821045
2024-03-11 00:00:00-05:00,4.0879998207092285
2024-03-12 00:00:00-05:00,4.15500020980835
2024-03-13 00:00:00-05:00,4.185999870300293
2024-03-14 00:00:00-05:00,4.296000003814697
2024-03-15 00:00:00-05:00,4.322000026702881
2024-03-18 00:00:00-05:00,4.355999946594238
2024-03-19 00:00:00-05:00,4.302999973297119
2024-03-20 00:00:00-05:00,4.242000102996826
2024-03-21 00:00:00-05:00,4.252999782562256
2024-03-22 00:00:00-05:00,4.199999809265137
2024-03-25 00:00:00-05:00,4.232999801635742
2024-03-26 00:00:00-05:00,4.224999904632568
2024-03-27 00:00:00-05:00,4.188000202178955
2024-03-28 00:00:00-05:00,4.21999979019165
2024-04-01 00:00:00-05:00,4.3379998207092285
2024-04-02 00:00:00-05:00,4.354000091552734
2024-04-03 00:00:00-05:00,4.3379998207092285
2024-04-04 00:00:00-05:00,4.291999816894531
2024-04-05 00:00:00-05:00,4.368000030517578
2024-04-08 00:00:00-05:00,4.434000015258789
2024-04-09 00:00:00-05:00,4.376999855041504
2024-04-10 00:00:00-05:00,4.614999771118164
2024-04-11 00:00:00-05:00,4.623000144958496
2024-04-12 00:00:00-05:00,4.5329999923706055
2024-04-15 00:00:00-05:00,4.644999980926514
2024-04-16 00:00:00-05:00,4.682000160217285
2024-04-17 00:00:00-05:00,4.617000102996826
2024-04-18 00:00:00-05:00,4.685999870300293
2024-04-19 00:00:00-05:00,4.6570000648498535
2024-04-22 00:00:00-05:00,4.660999774932861
2024-04-23 00:00:00-05:00,4.622000217437744
2024-04-24 00:00:00-05:00,4.666999816894531
2024-04-25 00:00:00-05:00,4.7170000076293945
2024-04-26 00:00:00-05:00,4.691999912261963
2024-04-29 00:00:00-05:00,4.638999938964844
2024-04-30 00:00:00-05:00,4.7230000495910645
2024-05-01 00:00:00-05:00,4.613999843597412
2024-05-02 00:00:00-05:00,4.566999912261963
2024-05-03 00:00:00-05:00,4.48199987411499
2024-05-06 00:00:00-05:00,4.482999801635742
2024-05-07 00:00:00-05:00,4.4710001945495605
2024-05-08 00:00:00-05:00,4.500999927520752
2024-05-09 00:00:00-05:00,4.460000038146973
2024-05-10 00:00:00-05:00,4.51800012588501
2024-05-13 00:00:00-05:00,4.499000072479248
2024-05-14 00:00:00-05:00,4.458000183105469
2024-05-15 00:00:00-05:00,4.355999946594238
2024-05-16 00:00:00-05:00,4.39900016784668
2024-05-17 00:00:00-05:00,4.440999984741211
2024-05-20 00:00:00-05:00,4.456999778747559
2024-05-21 00:00:00-05:00,4.435999870300293
2024-05-22 00:00:00-05:00,4.4730000495910645
2024-05-23 00:00:00-05:00,4.526000022888184
2024-05-24 00:00:00-05:00,4.5279998779296875
2024-05-28 00:00:00-05:00,4.5879998207092285
2024-05-29 00:00:00-05:00,4.642000198364258
2024-05-30 00:00:00-05:00,4.572000026702881
2024-05-31 00:00:00-05:00,4.5279998779296875
2024-06-03 00:00:00-05:00,4.416999816894531
2024-06-04 00:00:00-05:00,4.3520002365112305
2024-06-05 00:00:00-05:00,4.306000232696533
2024-06-06 00:00:00-05:00,4.291999816894531
2024-06-07 00:00:00-05:00,4.455999851226807
2024-06-10 00:00:00-05:00,4.484000205993652
2024-06-11 00:00:00-05:00,4.418000221252441
2024-06-12 00:00:00-05:00,4.302000045776367
2024-06-13 00:00:00-05:00,4.234000205993652
2024-06-14 00:00:00-05:00,4.22599983215332
2024-06-17 00:00:00-05:00,4.300000190734863
2024-06-18 00:00:00-05:00,4.234000205993652
2024-06-20 00:00:00-05:00,4.265999794006348
2024-06-21 00:00:00-05:00,4.270999908447266
2024-06-24 00:00:00-05:00,4.270999908447266
2024-06-25 00:00:00-05:00,4.263000011444092
2024-06-26 00:00:00-05:00,4.335999965667725
2024-06-27 00:00:00-05:00,4.301000118255615
2024-06-28 00:00:00-05:00,4.328999996185303
2024-07-01 00:00:00-05:00,4.440000057220459
2024-07-02 00:00:00-05:00,4.395999908447266
2024-07-03 00:00:00-05:00,4.322000026702881
2024-07-05 00:00:00-05:00,4.2179999351501465
2024-07-08 00:00:00-05:00,4.224999904632568
2024-07-09 00:00:00-05:00,4.248000144958496
2024-07-10 00:00:00-05:00,4.238999843597412
2024-07-11 00:00:00-05:00,4.123000144958496
2024-07-12 00:00:00-05:00,4.111000061035156
2024-07-15 00:00:00-05:00,4.131999969482422
2024-07-16 00:00:00-05:00,4.090000152587891
2024-07-17 00:00:00-05:00,4.072000026702881
2024-07-18 00:00:00-05:00,4.105000019073486
2024-07-19 00:00:00-05:00,4.163000106811523
2024-07-22 00:00:00-05:00,4.178999900817871
2024-07-23 00:00:00-05:00,4.150000095367432
2024-07-24 00:00:00-05:00,4.160999774932861
2024-07-25 00:00:00-05:00,4.146999835968018
2024-07-26 00:00:00-05:00,4.081999778747559
2024-07-29 00:00:00-05:00,4.067999839782715
2024-07-30 00:00:00-05:00,4.0370001792907715
2024-07-31 00:00:00-05:00,4.0
2024-08-01 00:00:00-05:00,3.8420000076293945
2024-08-02 00:00:00-05:00,3.615000009536743
2024-08-05 00:00:00-05:00,3.628000020980835
2024-08-06 00:00:00-05:00,3.7300000190734863
2024-08-07 00:00:00-05:00,3.7950000762939453
2024-08-08 00:00:00-05:00,3.8329999446868896
2024-08-09 00:00:00-05:00,3.7960000038146973
2024-08-12 00:00:00-05:00,3.749000072479248
2024-08-13 00:00:00-05:00,3.681999921798706
2024-08-14 00:00:00-05:00,3.6659998893737793
2024-08-15 00:00:00-05:00,3.7990000247955322
2024-08-16 00:00:00-05:00,3.7679998874664307
2024-08-19 00:00:00-05:00,3.759000062942505
2024-08-20 00:00:00-05:00,3.700000047683716
2024-08-21 00:00:00-05:00,3.6389999389648438
2024-08-22 00:00:00-05:00,3.7269999980926514
2024-08-23 00:00:00-05:00,3.6500000953674316
2024-08-26 00:00:00-05:00,3.6640000343322754
2024-08-27 00:00:00-05:00,3.6570000648498535
2024-08-28 00:00:00-05:00,3.6649999618530273
2024-08-29 00:00:00-05:00,3.6679999828338623
2024-08-30 00:00:00-05:00,3.7149999141693115
2024-09-03 00:00:00-05:00,3.6559998989105225
2024-09-04 00:00:00-05:00,3.565999984741211
2024-09-05 00:00:00-05:00,3.5399999618530273
2024-09-06 00:00:00-05:00,3.489000082015991
2024-09-09 00:00:00-05:00,3.486999988555908
2024-09-10 00:00:00-05:00,3.427999973297119
2024-09-11 00:00:00-05:00,3.447000026702881
2024-09-12 00:00:00-05:00,3.4660000801086426
2024-09-13 00:00:00-05:00,3.4240000247955322
2024-09-16 00:00:00-05:00,3.4049999713897705
2024-09-17 00:00:00-05:00,3.433000087738037
2024-09-18 00:00:00-05:00,3.4649999141693115
2024-09-19 00:00:00-05:00,3.503000020980835
2024-09-20 00:00:00-05:00,3.4839999675750732
2024-09-23 00:00:00-05:00,3.496000051498413
2024-09-24 00:00:00-05:00,3.4790000915527344
2024-09-25 00:00:00-05:00,3.5179998874664307
2024-09-26 00:00:00-05:00,3.559000015258789
2024-09-27 00:00:00-05:00,3.503000020980835
2024-09-30 00:00:00-05:00,3.5769999027252197
2024-10-01 00:00:00-05:00,3.5209999084472656
2024-10-02 00:00:00-05:00,3.552999973297119
2024-10-03 00:00:00-05:00,3.634999990463257
2024-10-04 00:00:00-05:00,3.812999963760376
2024-10-07 00:00:00-05:00,3.86899995803833
2024-10-08 00:00:00-05:00,3.864000082015991
2024-10-09 00:00:00-05:00,3.9079999923706055
2024-10-10 00:00:00-05:00,3.9189999103546143
2024-10-11 00:00:00-05:00,3.878999948501587
2024-10-14 00:00:00-05:00,3.9000000953674316
2024-10-15 00:00:00-05:00,3.859999895095825
2024-10-16 00:00:00-05:00,3.8420000076293945
2024-10-17 00:00:00-05:00,3.9089999198913574
2024-10-18 00:00:00-05:00,3.875999927520752
2024-10-21 00:00:00-05:00,3.9760000705718994
2024-10-22 00:00:00-05:00,4.005000114440918
2024-10-23 00:00:00-05:00,4.057000160217285
2024-10-24 00:00:00-05:00,4.019000053405762
2024-10-25 00:00:00-05:00,4.051000118255615
2024-10-28 00:00:00-05:00,4.107999801635742
2024-10-29 00:00:00-05:00,4.104000091552734
2024-10-30 00:00:00-05:00,4.126999855041504
