Date,^IRX
2017-11-09 00:00:00-06:00,1.2029999494552612
2017-11-10 00:00:00-06:00,1.2000000476837158
2017-11-13 00:00:00-06:00,1.184999942779541
2017-11-14 00:00:00-06:00,1.2400000095367432
2017-11-15 00:00:00-06:00,1.2300000190734863
2017-11-16 00:00:00-06:00,1.2300000190734863
2017-11-17 00:00:00-06:00,1.2400000095367432
2017-11-20 00:00:00-06:00,1.2400000095367432
2017-11-21 00:00:00-06:00,1.277999997138977
2017-11-22 00:00:00-06:00,1.2649999856948853
2017-11-24 00:00:00-06:00,1.2400000095367432
2017-11-27 00:00:00-06:00,1.2230000495910645
2017-11-28 00:00:00-06:00,1.2649999856948853
2017-11-29 00:00:00-06:00,1.2580000162124634
2017-11-30 00:00:00-06:00,1.2380000352859497
2017-12-01 00:00:00-06:00,1.2350000143051147
2017-12-04 00:00:00-06:00,1.2450000047683716
2017-12-05 00:00:00-06:00,1.2829999923706055
2017-12-06 00:00:00-06:00,1.2630000114440918
2017-12-07 00:00:00-06:00,1.2599999904632568
2017-12-08 00:00:00-06:00,1.253000020980835
2017-12-11 00:00:00-06:00,1.2630000114440918
2017-12-12 00:00:00-06:00,1.309999942779541
2017-12-13 00:00:00-06:00,1.2730000019073486
2017-12-14 00:00:00-06:00,1.2829999923706055
2017-12-15 00:00:00-06:00,1.284999966621399
2017-12-18 00:00:00-06:00,1.315000057220459
2017-12-19 00:00:00-06:00,1.3530000448226929
2017-12-20 00:00:00-06:00,1.350000023841858
2017-12-21 00:00:00-06:00,1.3200000524520874
2017-12-22 00:00:00-06:00,1.2979999780654907
2017-12-26 00:00:00-06:00,1.3029999732971191
2017-12-27 00:00:00-06:00,1.4079999923706055
2017-12-28 00:00:00-06:00,1.3700000047683716
2017-12-29 00:00:00-06:00,1.3550000190734863
2018-01-02 00:00:00-06:00,1.378000020980835
2018-01-03 00:00:00-06:00,1.3700000047683716
2018-01-04 00:00:00-06:00,1.3700000047683716
2018-01-05 00:00:00-06:00,1.3700000047683716
2018-01-08 00:00:00-06:00,1.3799999952316284
2018-01-09 00:00:00-06:00,1.4149999618530273
2018-01-10 00:00:00-06:00,1.3949999809265137
2018-01-11 00:00:00-06:00,1.402999997138977
2018-01-12 00:00:00-06:00,1.409999966621399
2018-01-16 00:00:00-06:00,1.3949999809265137
2018-01-17 00:00:00-06:00,1.4149999618530273
2018-01-18 00:00:00-06:00,1.4049999713897705
2018-01-19 00:00:00-06:00,1.402999997138977
2018-01-22 00:00:00-06:00,1.3899999856948853
2018-01-23 00:00:00-06:00,1.4129999876022339
2018-01-24 00:00:00-06:00,1.409999966621399
2018-01-25 00:00:00-06:00,1.3930000066757202
2018-01-26 00:00:00-06:00,1.3880000114440918
2018-01-29 00:00:00-06:00,1.375
2018-01-30 00:00:00-06:00,1.4249999523162842
2018-01-31 00:00:00-06:00,1.4299999475479126
2018-02-01 00:00:00-06:00,1.4529999494552612
2018-02-02 00:00:00-06:00,1.4500000476837158
2018-02-05 00:00:00-06:00,1.4579999446868896
2018-02-06 00:00:00-06:00,1.4880000352859497
2018-02-07 00:00:00-06:00,1.5149999856948853
2018-02-08 00:00:00-06:00,1.5149999856948853
2018-02-09 00:00:00-06:00,1.524999976158142
2018-02-12 00:00:00-06:00,1.534999966621399
2018-02-13 00:00:00-06:00,1.5700000524520874
2018-02-14 00:00:00-06:00,1.5499999523162842
2018-02-15 00:00:00-06:00,1.559999942779541
2018-02-16 00:00:00-06:00,1.5700000524520874
2018-02-20 00:00:00-06:00,1.5729999542236328
2018-02-21 00:00:00-06:00,1.6080000400543213
2018-02-22 00:00:00-06:00,1.6050000190734863
2018-02-23 00:00:00-06:00,1.6050000190734863
2018-02-26 00:00:00-06:00,1.6080000400543213
2018-02-27 00:00:00-06:00,1.6349999904632568
2018-02-28 00:00:00-06:00,1.6180000305175781
2018-03-01 00:00:00-06:00,1.590000033378601
2018-03-02 00:00:00-06:00,1.6050000190734863
2018-03-05 00:00:00-06:00,1.625
2018-03-06 00:00:00-06:00,1.6430000066757202
2018-03-07 00:00:00-06:00,1.649999976158142
2018-03-08 00:00:00-06:00,1.6349999904632568
2018-03-09 00:00:00-06:00,1.6349999904632568
2018-03-12 00:00:00-05:00,1.6430000066757202
2018-03-13 00:00:00-05:00,1.690000057220459
2018-03-14 00:00:00-05:00,1.718000054359436
2018-03-15 00:00:00-05:00,1.7330000400543213
2018-03-16 00:00:00-05:00,1.7380000352859497
2018-03-19 00:00:00-05:00,1.7280000448226929
2018-03-20 00:00:00-05:00,1.7580000162124634
2018-03-21 00:00:00-05:00,1.7100000381469727
2018-03-22 00:00:00-05:00,1.6829999685287476
2018-03-23 00:00:00-05:00,1.687999963760376
2018-03-26 00:00:00-05:00,1.7050000429153442
2018-03-27 00:00:00-05:00,1.7330000400543213
2018-03-28 00:00:00-05:00,1.6950000524520874
2018-03-29 00:00:00-05:00,1.6699999570846558
2018-04-02 00:00:00-05:00,1.6829999685287476
2018-04-03 00:00:00-05:00,1.7130000591278076
2018-04-04 00:00:00-05:00,1.6679999828338623
2018-04-05 00:00:00-05:00,1.6749999523162842
2018-04-06 00:00:00-05:00,1.6799999475479126
2018-04-09 00:00:00-05:00,1.6749999523162842
2018-04-10 00:00:00-05:00,1.6950000524520874
2018-04-11 00:00:00-05:00,1.6929999589920044
2018-04-12 00:00:00-05:00,1.7050000429153442
2018-04-13 00:00:00-05:00,1.718000054359436
2018-04-16 00:00:00-05:00,1.7130000591278076
2018-04-17 00:00:00-05:00,1.7549999952316284
2018-04-18 00:00:00-05:00,1.7699999809265137
2018-04-19 00:00:00-05:00,1.7829999923706055
2018-04-20 00:00:00-05:00,1.7649999856948853
2018-04-23 00:00:00-05:00,1.7829999923706055
2018-04-24 00:00:00-05:00,1.8229999542236328
2018-04-25 00:00:00-05:00,1.815000057220459
2018-04-26 00:00:00-05:00,1.784999966621399
2018-04-27 00:00:00-05:00,1.7699999809265137
2018-04-30 00:00:00-05:00,1.7630000114440918
2018-05-01 00:00:00-05:00,1.809999942779541
2018-05-02 00:00:00-05:00,1.784999966621399
2018-05-03 00:00:00-05:00,1.7879999876022339
2018-05-04 00:00:00-05:00,1.7929999828338623
2018-05-07 00:00:00-05:00,1.7929999828338623
2018-05-08 00:00:00-05:00,1.8350000381469727
2018-05-09 00:00:00-05:00,1.8450000286102295
2018-05-10 00:00:00-05:00,1.8450000286102295
2018-05-11 00:00:00-05:00,1.8600000143051147
2018-05-14 00:00:00-05:00,1.8550000190734863
2018-05-15 00:00:00-05:00,1.875
2018-05-16 00:00:00-05:00,1.8650000095367432
2018-05-17 00:00:00-05:00,1.8630000352859497
2018-05-18 00:00:00-05:00,1.8550000190734863
2018-05-21 00:00:00-05:00,1.8630000352859497
2018-05-22 00:00:00-05:00,1.8930000066757202
2018-05-23 00:00:00-05:00,1.8730000257492065
2018-05-24 00:00:00-05:00,1.8600000143051147
2018-05-25 00:00:00-05:00,1.8530000448226929
2018-05-29 00:00:00-05:00,1.840000033378601
2018-05-30 00:00:00-05:00,1.878000020980835
2018-05-31 00:00:00-05:00,1.8700000047683716
2018-06-01 00:00:00-05:00,1.8680000305175781
2018-06-04 00:00:00-05:00,1.8650000095367432
2018-06-05 00:00:00-05:00,1.902999997138977
2018-06-06 00:00:00-05:00,1.899999976158142
2018-06-07 00:00:00-05:00,1.8849999904632568
2018-06-08 00:00:00-05:00,1.8799999952316284
2018-06-11 00:00:00-05:00,1.8680000305175781
2018-06-12 00:00:00-05:00,1.8880000114440918
2018-06-13 00:00:00-05:00,1.8949999809265137
2018-06-14 00:00:00-05:00,1.8830000162124634
2018-06-15 00:00:00-05:00,1.8880000114440918
2018-06-18 00:00:00-05:00,1.8830000162124634
2018-06-19 00:00:00-05:00,1.8980000019073486
2018-06-20 00:00:00-05:00,1.8880000114440918
2018-06-21 00:00:00-05:00,1.8899999856948853
2018-06-22 00:00:00-05:00,1.8700000047683716
2018-06-25 00:00:00-05:00,1.8530000448226929
2018-06-26 00:00:00-05:00,1.8930000066757202
2018-06-27 00:00:00-05:00,1.8799999952316284
2018-06-28 00:00:00-05:00,1.8799999952316284
2018-06-29 00:00:00-05:00,1.8799999952316284
2018-07-02 00:00:00-05:00,1.8949999809265137
2018-07-03 00:00:00-05:00,1.9329999685287476
2018-07-05 00:00:00-05:00,1.909999966621399
2018-07-06 00:00:00-05:00,1.9049999713897705
2018-07-09 00:00:00-05:00,1.9149999618530273
2018-07-10 00:00:00-05:00,1.934999942779541
2018-07-11 00:00:00-05:00,1.9199999570846558
2018-07-12 00:00:00-05:00,1.9279999732971191
2018-07-13 00:00:00-05:00,1.9279999732971191
2018-07-16 00:00:00-05:00,1.937999963760376
2018-07-17 00:00:00-05:00,1.975000023841858
2018-07-18 00:00:00-05:00,1.9600000381469727
2018-07-19 00:00:00-05:00,1.9479999542236328
2018-07-20 00:00:00-05:00,1.9329999685287476
2018-07-23 00:00:00-05:00,1.9199999570846558
2018-07-24 00:00:00-05:00,1.9600000381469727
2018-07-25 00:00:00-05:00,1.9529999494552612
2018-07-26 00:00:00-05:00,1.9450000524520874
2018-07-27 00:00:00-05:00,1.9450000524520874
2018-07-30 00:00:00-05:00,1.9450000524520874
2018-07-31 00:00:00-05:00,1.9850000143051147
2018-08-01 00:00:00-05:00,1.9780000448226929
2018-08-02 00:00:00-05:00,1.965000033378601
2018-08-03 00:00:00-05:00,1.9600000381469727
2018-08-06 00:00:00-05:00,1.968000054359436
2018-08-07 00:00:00-05:00,2.007999897003174
2018-08-08 00:00:00-05:00,2.007999897003174
2018-08-09 00:00:00-05:00,2.005000114440918
2018-08-10 00:00:00-05:00,2.0
2018-08-13 00:00:00-05:00,1.9950000047683716
2018-08-14 00:00:00-05:00,2.0329999923706055
2018-08-15 00:00:00-05:00,2.0199999809265137
2018-08-16 00:00:00-05:00,2.015000104904175
2018-08-17 00:00:00-05:00,1.9950000047683716
2018-08-20 00:00:00-05:00,1.9930000305175781
2018-08-21 00:00:00-05:00,2.0350000858306885
2018-08-22 00:00:00-05:00,2.0350000858306885
2018-08-23 00:00:00-05:00,2.0329999923706055
2018-08-24 00:00:00-05:00,2.0480000972747803
2018-08-27 00:00:00-05:00,2.059999942779541
2018-08-28 00:00:00-05:00,2.078000068664551
2018-08-29 00:00:00-05:00,2.0799999237060547
2018-08-30 00:00:00-05:00,2.058000087738037
2018-08-31 00:00:00-05:00,2.055000066757202
2018-09-04 00:00:00-05:00,2.068000078201294
2018-09-05 00:00:00-05:00,2.0899999141693115
2018-09-06 00:00:00-05:00,2.0799999237060547
2018-09-07 00:00:00-05:00,2.0880000591278076
2018-09-10 00:00:00-05:00,2.0829999446868896
2018-09-11 00:00:00-05:00,2.1080000400543213
2018-09-12 00:00:00-05:00,2.1050000190734863
2018-09-13 00:00:00-05:00,2.0929999351501465
2018-09-14 00:00:00-05:00,2.1029999256134033
2018-09-17 00:00:00-05:00,2.1080000400543213
2018-09-18 00:00:00-05:00,2.125
2018-09-19 00:00:00-05:00,2.119999885559082
2018-09-20 00:00:00-05:00,2.118000030517578
2018-09-21 00:00:00-05:00,2.122999906539917
2018-09-24 00:00:00-05:00,2.122999906539917
2018-09-25 00:00:00-05:00,2.1679999828338623
2018-09-26 00:00:00-05:00,2.1600000858306885
2018-09-27 00:00:00-05:00,2.140000104904175
2018-09-28 00:00:00-05:00,2.1500000953674316
2018-10-01 00:00:00-05:00,2.1549999713897705
2018-10-02 00:00:00-05:00,2.174999952316284
2018-10-03 00:00:00-05:00,2.1700000762939453
2018-10-04 00:00:00-05:00,2.1700000762939453
2018-10-05 00:00:00-05:00,2.1649999618530273
2018-10-08 00:00:00-05:00,2.1649999618530273
2018-10-09 00:00:00-05:00,2.184999942779541
2018-10-10 00:00:00-05:00,2.2200000286102295
2018-10-11 00:00:00-05:00,2.2149999141693115
2018-10-12 00:00:00-05:00,2.2179999351501465
2018-10-15 00:00:00-05:00,2.2300000190734863
2018-10-16 00:00:00-05:00,2.259999990463257
2018-10-17 00:00:00-05:00,2.259999990463257
2018-10-18 00:00:00-05:00,2.255000114440918
2018-10-19 00:00:00-05:00,2.259999990463257
2018-10-22 00:00:00-05:00,2.257999897003174
2018-10-23 00:00:00-05:00,2.2899999618530273
2018-10-24 00:00:00-05:00,2.2850000858306885
2018-10-25 00:00:00-05:00,2.2799999713897705
2018-10-26 00:00:00-05:00,2.2730000019073486
2018-10-29 00:00:00-05:00,2.259999990463257
2018-10-30 00:00:00-05:00,2.2829999923706055
2018-10-31 00:00:00-05:00,2.2780001163482666
2018-11-01 00:00:00-05:00,2.2699999809265137
2018-11-02 00:00:00-05:00,2.2730000019073486
2018-11-05 00:00:00-06:00,2.2679998874664307
2018-11-06 00:00:00-06:00,2.309999942779541
2018-11-07 00:00:00-06:00,2.309999942779541
2018-11-08 00:00:00-06:00,2.302999973297119
2018-11-09 00:00:00-06:00,2.299999952316284
2018-11-12 00:00:00-06:00,2.299999952316284
2018-11-13 00:00:00-06:00,2.2950000762939453
2018-11-14 00:00:00-06:00,2.325000047683716
2018-11-15 00:00:00-06:00,2.309999942779541
2018-11-16 00:00:00-06:00,2.299999952316284
2018-11-19 00:00:00-06:00,2.299999952316284
2018-11-20 00:00:00-06:00,2.3350000381469727
2018-11-21 00:00:00-06:00,2.3499999046325684
2018-11-23 00:00:00-06:00,2.3480000495910645
2018-11-26 00:00:00-06:00,2.3429999351501465
2018-11-27 00:00:00-06:00,2.3529999256134033
2018-11-28 00:00:00-06:00,2.3350000381469727
2018-11-29 00:00:00-06:00,2.309999942779541
2018-11-30 00:00:00-06:00,2.308000087738037
2018-12-03 00:00:00-06:00,2.2880001068115234
2018-12-04 00:00:00-06:00,2.365000009536743
2018-12-06 00:00:00-06:00,2.3529999256134033
2018-12-07 00:00:00-06:00,2.3399999141693115
2018-12-10 00:00:00-06:00,2.3299999237060547
2018-12-11 00:00:00-06:00,2.369999885559082
2018-12-12 00:00:00-06:00,2.375
2018-12-13 00:00:00-06:00,2.36299991607666
2018-12-14 00:00:00-06:00,2.368000030517578
2018-12-17 00:00:00-06:00,2.3399999141693115
2018-12-18 00:00:00-06:00,2.328000068664551
2018-12-19 00:00:00-06:00,2.3380000591278076
2018-12-20 00:00:00-06:00,2.3350000381469727
2018-12-21 00:00:00-06:00,2.3299999237060547
2018-12-24 00:00:00-06:00,2.3329999446868896
2018-12-26 00:00:00-06:00,2.380000114440918
2018-12-27 00:00:00-06:00,2.3480000495910645
2018-12-28 00:00:00-06:00,2.328000068664551
2018-12-31 00:00:00-06:00,2.299999952316284
2019-01-02 00:00:00-06:00,2.365000009536743
2019-01-03 00:00:00-06:00,2.3550000190734863
2019-01-04 00:00:00-06:00,2.3580000400543213
2019-01-07 00:00:00-06:00,2.3529999256134033
2019-01-08 00:00:00-06:00,2.4000000953674316
2019-01-09 00:00:00-06:00,2.390000104904175
2019-01-10 00:00:00-06:00,2.375
2019-01-11 00:00:00-06:00,2.369999885559082
2019-01-14 00:00:00-06:00,2.359999895095825
2019-01-15 00:00:00-06:00,2.382999897003174
2019-01-16 00:00:00-06:00,2.36299991607666
2019-01-17 00:00:00-06:00,2.3550000190734863
2019-01-18 00:00:00-06:00,2.3480000495910645
2019-01-22 00:00:00-06:00,2.3450000286102295
2019-01-23 00:00:00-06:00,2.3529999256134033
2019-01-24 00:00:00-06:00,2.305000066757202
2019-01-25 00:00:00-06:00,2.328000068664551
2019-01-28 00:00:00-06:00,2.3329999446868896
2019-01-29 00:00:00-06:00,2.365000009536743
2019-01-30 00:00:00-06:00,2.365000009536743
2019-01-31 00:00:00-06:00,2.3399999141693115
2019-02-01 00:00:00-06:00,2.3399999141693115
2019-02-04 00:00:00-06:00,2.3350000381469727
2019-02-05 00:00:00-06:00,2.365000009536743
2019-02-06 00:00:00-06:00,2.365000009536743
2019-02-07 00:00:00-06:00,2.3550000190734863
2019-02-08 00:00:00-06:00,2.365000009536743
2019-02-11 00:00:00-06:00,2.375
2019-02-12 00:00:00-06:00,2.378000020980835
2019-02-13 00:00:00-06:00,2.372999906539917
2019-02-14 00:00:00-06:00,2.372999906539917
2019-02-15 00:00:00-06:00,2.369999885559082
2019-02-19 00:00:00-06:00,2.372999906539917
2019-02-20 00:00:00-06:00,2.382999897003174
2019-02-21 00:00:00-06:00,2.3949999809265137
2019-02-22 00:00:00-06:00,2.3929998874664307
2019-02-25 00:00:00-06:00,2.3929998874664307
2019-02-26 00:00:00-06:00,2.4000000953674316
2019-02-27 00:00:00-06:00,2.3929998874664307
2019-02-28 00:00:00-06:00,2.382999897003174
2019-03-01 00:00:00-06:00,2.378000020980835
2019-03-04 00:00:00-06:00,2.375
2019-03-05 00:00:00-06:00,2.4000000953674316
2019-03-06 00:00:00-06:00,2.4049999713897705
2019-03-07 00:00:00-06:00,2.3949999809265137
2019-03-08 00:00:00-06:00,2.3929998874664307
2019-03-11 00:00:00-05:00,2.380000114440918
2019-03-12 00:00:00-05:00,2.3949999809265137
2019-03-13 00:00:00-05:00,2.388000011444092
2019-03-14 00:00:00-05:00,2.388000011444092
2019-03-15 00:00:00-05:00,2.388000011444092
2019-03-18 00:00:00-05:00,2.384999990463257
2019-03-19 00:00:00-05:00,2.4049999713897705
2019-03-20 00:00:00-05:00,2.4079999923706055
2019-03-21 00:00:00-05:00,2.4079999923706055
2019-03-22 00:00:00-05:00,2.3980000019073486
2019-03-25 00:00:00-05:00,2.390000104904175
2019-03-26 00:00:00-05:00,2.4049999713897705
2019-03-27 00:00:00-05:00,2.378000020980835
2019-03-28 00:00:00-05:00,2.369999885559082
2019-03-29 00:00:00-05:00,2.328000068664551
2019-04-01 00:00:00-05:00,2.322999954223633
2019-04-02 00:00:00-05:00,2.369999885559082
2019-04-03 00:00:00-05:00,2.372999906539917
2019-04-04 00:00:00-05:00,2.369999885559082
2019-04-05 00:00:00-05:00,2.369999885559082
2019-04-08 00:00:00-05:00,2.365000009536743
2019-04-09 00:00:00-05:00,2.365000009536743
2019-04-10 00:00:00-05:00,2.36299991607666
2019-04-11 00:00:00-05:00,2.365000009536743
2019-04-12 00:00:00-05:00,2.375
2019-04-15 00:00:00-05:00,2.359999895095825
2019-04-16 00:00:00-05:00,2.378000020980835
2019-04-17 00:00:00-05:00,2.380000114440918
2019-04-18 00:00:00-05:00,2.365000009536743
2019-04-22 00:00:00-05:00,2.375
2019-04-23 00:00:00-05:00,2.390000104904175
2019-04-24 00:00:00-05:00,2.375
2019-04-25 00:00:00-05:00,2.365000009536743
2019-04-26 00:00:00-05:00,2.359999895095825
2019-04-29 00:00:00-05:00,2.359999895095825
2019-04-30 00:00:00-05:00,2.368000030517578
2019-05-01 00:00:00-05:00,2.36299991607666
2019-05-02 00:00:00-05:00,2.372999906539917
2019-05-03 00:00:00-05:00,2.368000030517578
2019-05-06 00:00:00-05:00,2.36299991607666
2019-05-07 00:00:00-05:00,2.368000030517578
2019-05-08 00:00:00-05:00,2.369999885559082
2019-05-09 00:00:00-05:00,2.369999885559082
2019-05-10 00:00:00-05:00,2.369999885559082
2019-05-13 00:00:00-05:00,2.3499999046325684
2019-05-14 00:00:00-05:00,2.3529999256134033
2019-05-15 00:00:00-05:00,2.3499999046325684
2019-05-16 00:00:00-05:00,2.3380000591278076
2019-05-17 00:00:00-05:00,2.3299999237060547
2019-05-20 00:00:00-05:00,2.319999933242798
2019-05-21 00:00:00-05:00,2.3299999237060547
2019-05-22 00:00:00-05:00,2.319999933242798
2019-05-23 00:00:00-05:00,2.302999973297119
2019-05-24 00:00:00-05:00,2.2880001068115234
2019-05-28 00:00:00-05:00,2.2980000972747803
2019-05-29 00:00:00-05:00,2.2980000972747803
2019-05-30 00:00:00-05:00,2.309999942779541
2019-05-31 00:00:00-05:00,2.2929999828338623
2019-06-03 00:00:00-05:00,2.2799999713897705
2019-06-04 00:00:00-05:00,2.2950000762939453
2019-06-05 00:00:00-05:00,2.2850000858306885
2019-06-06 00:00:00-05:00,2.255000114440918
2019-06-07 00:00:00-05:00,2.2149999141693115
2019-06-10 00:00:00-05:00,2.2200000286102295
2019-06-11 00:00:00-05:00,2.2130000591278076
2019-06-12 00:00:00-05:00,2.1649999618530273
2019-06-13 00:00:00-05:00,2.140000104904175
2019-06-14 00:00:00-05:00,2.125
2019-06-17 00:00:00-05:00,2.138000011444092
2019-06-18 00:00:00-05:00,2.1679999828338623
2019-06-19 00:00:00-05:00,2.125
2019-06-20 00:00:00-05:00,2.078000068664551
2019-06-21 00:00:00-05:00,2.055000066757202
2019-06-24 00:00:00-05:00,2.058000087738037
2019-06-25 00:00:00-05:00,2.0829999446868896
2019-06-26 00:00:00-05:00,2.0929999351501465
2019-06-27 00:00:00-05:00,2.0850000381469727
2019-06-28 00:00:00-05:00,2.0350000858306885
2019-07-01 00:00:00-05:00,2.065000057220459
2019-07-02 00:00:00-05:00,2.1480000019073486
2019-07-03 00:00:00-05:00,2.1500000953674316
2019-07-05 00:00:00-05:00,2.1630001068115234
2019-07-08 00:00:00-05:00,2.177999973297119
2019-07-09 00:00:00-05:00,2.194999933242798
2019-07-10 00:00:00-05:00,2.130000114440918
2019-07-11 00:00:00-05:00,2.0980000495910645
2019-07-12 00:00:00-05:00,2.0899999141693115
2019-07-15 00:00:00-05:00,2.0850000381469727
2019-07-16 00:00:00-05:00,2.1029999256134033
2019-07-17 00:00:00-05:00,2.072999954223633
2019-07-18 00:00:00-05:00,2.013000011444092
2019-07-19 00:00:00-05:00,2.013000011444092
2019-07-22 00:00:00-05:00,2.0250000953674316
2019-07-23 00:00:00-05:00,2.0329999923706055
2019-07-24 00:00:00-05:00,2.0399999618530273
2019-07-25 00:00:00-05:00,2.059999942779541
2019-07-26 00:00:00-05:00,2.062999963760376
2019-07-29 00:00:00-05:00,2.049999952316284
2019-07-30 00:00:00-05:00,2.0399999618530273
2019-07-31 00:00:00-05:00,2.0299999713897705
2019-08-01 00:00:00-05:00,2.0299999713897705
2019-08-02 00:00:00-05:00,2.0
2019-08-05 00:00:00-05:00,1.9529999494552612
2019-08-06 00:00:00-05:00,1.9950000047683716
2019-08-07 00:00:00-05:00,1.968000054359436
2019-08-08 00:00:00-05:00,1.9700000286102295
2019-08-09 00:00:00-05:00,1.9500000476837158
2019-08-12 00:00:00-05:00,1.9279999732971191
2019-08-13 00:00:00-05:00,1.9550000429153442
2019-08-14 00:00:00-05:00,1.9079999923706055
2019-08-15 00:00:00-05:00,1.843000054359436
2019-08-16 00:00:00-05:00,1.8229999542236328
2019-08-19 00:00:00-05:00,1.8530000448226929
2019-08-20 00:00:00-05:00,1.899999976158142
2019-08-21 00:00:00-05:00,1.9279999732971191
2019-08-22 00:00:00-05:00,1.937999963760376
2019-08-23 00:00:00-05:00,1.909999966621399
2019-08-26 00:00:00-05:00,1.9329999685287476
2019-08-27 00:00:00-05:00,1.9429999589920044
2019-08-28 00:00:00-05:00,1.940000057220459
2019-08-29 00:00:00-05:00,1.940000057220459
2019-08-30 00:00:00-05:00,1.9329999685287476
2019-09-03 00:00:00-05:00,1.909999966621399
2019-09-04 00:00:00-05:00,1.9049999713897705
2019-09-05 00:00:00-05:00,1.9199999570846558
2019-09-06 00:00:00-05:00,1.909999966621399
2019-09-09 00:00:00-05:00,1.9079999923706055
2019-09-10 00:00:00-05:00,1.9129999876022339
2019-09-11 00:00:00-05:00,1.9129999876022339
2019-09-12 00:00:00-05:00,1.8949999809265137
2019-09-13 00:00:00-05:00,1.899999976158142
2019-09-16 00:00:00-05:00,1.9450000524520874
2019-09-17 00:00:00-05:00,1.937999963760376
2019-09-18 00:00:00-05:00,1.8799999952316284
2019-09-19 00:00:00-05:00,1.8830000162124634
2019-09-20 00:00:00-05:00,1.850000023841858
2019-09-23 00:00:00-05:00,1.8450000286102295
2019-09-24 00:00:00-05:00,1.8799999952316284
2019-09-25 00:00:00-05:00,1.8450000286102295
2019-09-26 00:00:00-05:00,1.7699999809265137
2019-09-27 00:00:00-05:00,1.7300000190734863
2019-09-30 00:00:00-05:00,1.7699999809265137
2019-10-01 00:00:00-05:00,1.753000020980835
2019-10-02 00:00:00-05:00,1.7350000143051147
2019-10-03 00:00:00-05:00,1.6649999618530273
2019-10-04 00:00:00-05:00,1.6549999713897705
2019-10-07 00:00:00-05:00,1.6729999780654907
2019-10-08 00:00:00-05:00,1.6549999713897705
2019-10-09 00:00:00-05:00,1.628000020980835
2019-10-10 00:00:00-05:00,1.6330000162124634
2019-10-11 00:00:00-05:00,1.6230000257492065
2019-10-14 00:00:00-05:00,1.6180000305175781
2019-10-15 00:00:00-05:00,1.6180000305175781
2019-10-16 00:00:00-05:00,1.6150000095367432
2019-10-17 00:00:00-05:00,1.625
2019-10-18 00:00:00-05:00,1.625
2019-10-21 00:00:00-05:00,1.625
2019-10-22 00:00:00-05:00,1.6150000095367432
2019-10-23 00:00:00-05:00,1.6150000095367432
2019-10-24 00:00:00-05:00,1.6230000257492065
2019-10-25 00:00:00-05:00,1.625
2019-10-28 00:00:00-05:00,1.6050000190734863
2019-10-29 00:00:00-05:00,1.5950000286102295
2019-10-30 00:00:00-05:00,1.5950000286102295
2019-10-31 00:00:00-05:00,1.4980000257492065
2019-11-01 00:00:00-05:00,1.4850000143051147
2019-11-04 00:00:00-06:00,1.503000020980835
2019-11-05 00:00:00-06:00,1.5180000066757202
2019-11-06 00:00:00-06:00,1.5149999856948853
2019-11-07 00:00:00-06:00,1.5180000066757202
2019-11-08 00:00:00-06:00,1.5099999904632568
2019-11-11 00:00:00-06:00,1.5130000114440918
2019-11-12 00:00:00-06:00,1.5329999923706055
2019-11-13 00:00:00-06:00,1.534999966621399
2019-11-14 00:00:00-06:00,1.527999997138977
2019-11-15 00:00:00-06:00,1.527999997138977
2019-11-18 00:00:00-06:00,1.5230000019073486
2019-11-19 00:00:00-06:00,1.524999976158142
2019-11-20 00:00:00-06:00,1.5199999809265137
2019-11-21 00:00:00-06:00,1.5299999713897705
2019-11-22 00:00:00-06:00,1.5429999828338623
2019-11-25 00:00:00-06:00,1.5449999570846558
2019-11-26 00:00:00-06:00,1.565000057220459
2019-11-27 00:00:00-06:00,1.565000057220459
2019-11-29 00:00:00-06:00,1.5399999618530273
2019-12-02 00:00:00-06:00,1.5379999876022339
2019-12-03 00:00:00-06:00,1.5379999876022339
2019-12-04 00:00:00-06:00,1.4980000257492065
2019-12-05 00:00:00-06:00,1.4930000305175781
2019-12-06 00:00:00-06:00,1.4800000190734863
2019-12-09 00:00:00-06:00,1.4980000257492065
2019-12-10 00:00:00-06:00,1.5149999856948853
2019-12-11 00:00:00-06:00,1.5199999809265137
2019-12-12 00:00:00-06:00,1.5299999713897705
2019-12-13 00:00:00-06:00,1.5230000019073486
2019-12-16 00:00:00-06:00,1.524999976158142
2019-12-17 00:00:00-06:00,1.5299999713897705
2019-12-18 00:00:00-06:00,1.5180000066757202
2019-12-19 00:00:00-06:00,1.5329999923706055
2019-12-20 00:00:00-06:00,1.527999997138977
2019-12-23 00:00:00-06:00,1.5199999809265137
2019-12-24 00:00:00-06:00,1.5379999876022339
2019-12-26 00:00:00-06:00,1.534999966621399
2019-12-27 00:00:00-06:00,1.5180000066757202
2019-12-30 00:00:00-06:00,1.4900000095367432
2019-12-31 00:00:00-06:00,1.5049999952316284
2020-01-02 00:00:00-06:00,1.4950000047683716
2020-01-03 00:00:00-06:00,1.4730000495910645
2020-01-06 00:00:00-06:00,1.4880000352859497
2020-01-07 00:00:00-06:00,1.5
2020-01-08 00:00:00-06:00,1.4930000305175781
2020-01-09 00:00:00-06:00,1.5
2020-01-10 00:00:00-06:00,1.4980000257492065
2020-01-13 00:00:00-06:00,1.5099999904632568
2020-01-14 00:00:00-06:00,1.5299999713897705
2020-01-15 00:00:00-06:00,1.5080000162124634
2020-01-16 00:00:00-06:00,1.5180000066757202
2020-01-17 00:00:00-06:00,1.5230000019073486
2020-01-21 00:00:00-06:00,1.503000020980835
2020-01-22 00:00:00-06:00,1.5130000114440918
2020-01-23 00:00:00-06:00,1.5149999856948853
2020-01-24 00:00:00-06:00,1.4900000095367432
2020-01-27 00:00:00-06:00,1.5049999952316284
2020-01-28 00:00:00-06:00,1.5299999713897705
2020-01-29 00:00:00-06:00,1.5199999809265137
2020-01-30 00:00:00-06:00,1.527999997138977
2020-01-31 00:00:00-06:00,1.5099999904632568
2020-02-03 00:00:00-06:00,1.5180000066757202
2020-02-04 00:00:00-06:00,1.5379999876022339
2020-02-05 00:00:00-06:00,1.5199999809265137
2020-02-06 00:00:00-06:00,1.5299999713897705
2020-02-07 00:00:00-06:00,1.5180000066757202
2020-02-10 00:00:00-06:00,1.5199999809265137
2020-02-11 00:00:00-06:00,1.5379999876022339
2020-02-12 00:00:00-06:00,1.534999966621399
2020-02-13 00:00:00-06:00,1.5449999570846558
2020-02-14 00:00:00-06:00,1.534999966621399
2020-02-18 00:00:00-06:00,1.534999966621399
2020-02-19 00:00:00-06:00,1.5429999828338623
2020-02-20 00:00:00-06:00,1.5379999876022339
2020-02-21 00:00:00-06:00,1.5180000066757202
2020-02-24 00:00:00-06:00,1.503000020980835
2020-02-25 00:00:00-06:00,1.4900000095367432
2020-02-26 00:00:00-06:00,1.4780000448226929
2020-02-27 00:00:00-06:00,1.3949999809265137
2020-02-28 00:00:00-06:00,1.2300000190734863
2020-03-02 00:00:00-06:00,1.1349999904632568
2020-03-03 00:00:00-06:00,0.9179999828338623
2020-03-04 00:00:00-06:00,0.675000011920929
2020-03-05 00:00:00-06:00,0.5950000286102295
2020-03-06 00:00:00-06:00,0.41499999165534973
2020-03-09 00:00:00-05:00,0.33000001311302185
2020-03-10 00:00:00-05:00,0.38999998569488525
2020-03-11 00:00:00-05:00,0.36800000071525574
2020-03-12 00:00:00-05:00,0.27300000190734863
2020-03-13 00:00:00-05:00,0.24300000071525574
2020-03-16 00:00:00-05:00,0.1850000023841858
2020-03-17 00:00:00-05:00,0.16500000655651093
2020-03-18 00:00:00-05:00,0.003000000026077032
2020-03-19 00:00:00-05:00,-0.02800000086426735
2020-03-20 00:00:00-05:00,-0.032999999821186066
2020-03-23 00:00:00-05:00,-0.03999999910593033
2020-03-24 00:00:00-05:00,-0.032999999821186066
2020-03-25 00:00:00-05:00,-0.07000000029802322
2020-03-26 00:00:00-05:00,-0.10499999672174454
2020-03-27 00:00:00-05:00,-0.057999998331069946
2020-03-30 00:00:00-05:00,0.013000000268220901
2020-03-31 00:00:00-05:00,0.029999999329447746
2020-04-01 00:00:00-05:00,0.06300000101327896
2020-04-02 00:00:00-05:00,0.06499999761581421
2020-04-03 00:00:00-05:00,0.057999998331069946
2020-04-06 00:00:00-05:00,0.05999999865889549
2020-04-07 00:00:00-05:00,0.12800000607967377
2020-04-08 00:00:00-05:00,0.1850000023841858
2020-04-09 00:00:00-05:00,0.20999999344348907
2020-04-13 00:00:00-05:00,0.20000000298023224
2020-04-14 00:00:00-05:00,0.16500000655651093
2020-04-15 00:00:00-05:00,0.11500000208616257
2020-04-16 00:00:00-05:00,0.10999999940395355
2020-04-17 00:00:00-05:00,0.10300000011920929
2020-04-20 00:00:00-05:00,0.07000000029802322
2020-04-21 00:00:00-05:00,0.09799999743700027
2020-04-22 00:00:00-05:00,0.09300000220537186
2020-04-23 00:00:00-05:00,0.09300000220537186
2020-04-24 00:00:00-05:00,0.10000000149011612
2020-04-27 00:00:00-05:00,0.09300000220537186
2020-04-28 00:00:00-05:00,0.08500000089406967
2020-04-29 00:00:00-05:00,0.09000000357627869
2020-04-30 00:00:00-05:00,0.09000000357627869
2020-05-01 00:00:00-05:00,0.09300000220537186
2020-05-04 00:00:00-05:00,0.09000000357627869
2020-05-05 00:00:00-05:00,0.10999999940395355
2020-05-06 00:00:00-05:00,0.1080000028014183
2020-05-07 00:00:00-05:00,0.0949999988079071
2020-05-08 00:00:00-05:00,0.0949999988079071
2020-05-11 00:00:00-05:00,0.10499999672174454
2020-05-12 00:00:00-05:00,0.12300000339746475
2020-05-13 00:00:00-05:00,0.11500000208616257
2020-05-14 00:00:00-05:00,0.10499999672174454
2020-05-15 00:00:00-05:00,0.10300000011920929
2020-05-18 00:00:00-05:00,0.10499999672174454
2020-05-19 00:00:00-05:00,0.11800000071525574
2020-05-20 00:00:00-05:00,0.11800000071525574
2020-05-21 00:00:00-05:00,0.10999999940395355
2020-05-22 00:00:00-05:00,0.10999999940395355
2020-05-26 00:00:00-05:00,0.11800000071525574
2020-05-27 00:00:00-05:00,0.13500000536441803
2020-05-28 00:00:00-05:00,0.1379999965429306
2020-05-29 00:00:00-05:00,0.12800000607967377
2020-06-01 00:00:00-05:00,0.12800000607967377
2020-06-02 00:00:00-05:00,0.14499999582767487
2020-06-03 00:00:00-05:00,0.14800000190734863
2020-06-04 00:00:00-05:00,0.14000000059604645
2020-06-05 00:00:00-05:00,0.14499999582767487
2020-06-08 00:00:00-05:00,0.15299999713897705
2020-06-09 00:00:00-05:00,0.16500000655651093
2020-06-10 00:00:00-05:00,0.16500000655651093
2020-06-11 00:00:00-05:00,0.15299999713897705
2020-06-12 00:00:00-05:00,0.15000000596046448
2020-06-15 00:00:00-05:00,0.1550000011920929
2020-06-16 00:00:00-05:00,0.1599999964237213
2020-06-17 00:00:00-05:00,0.16500000655651093
2020-06-18 00:00:00-05:00,0.14000000059604645
2020-06-19 00:00:00-05:00,0.14300000667572021
2020-06-22 00:00:00-05:00,0.14000000059604645
2020-06-23 00:00:00-05:00,0.14000000059604645
2020-06-24 00:00:00-05:00,0.13500000536441803
2020-06-25 00:00:00-05:00,0.12999999523162842
2020-06-26 00:00:00-05:00,0.13300000131130219
2020-06-29 00:00:00-05:00,0.125
2020-06-30 00:00:00-05:00,0.13500000536441803
2020-07-01 00:00:00-05:00,0.12999999523162842
2020-07-02 00:00:00-05:00,0.13300000131130219
2020-07-06 00:00:00-05:00,0.12800000607967377
2020-07-07 00:00:00-05:00,0.14000000059604645
2020-07-08 00:00:00-05:00,0.13500000536441803
2020-07-09 00:00:00-05:00,0.12300000339746475
2020-07-10 00:00:00-05:00,0.11999999731779099
2020-07-13 00:00:00-05:00,0.125
2020-07-14 00:00:00-05:00,0.13300000131130219
2020-07-15 00:00:00-05:00,0.125
2020-07-16 00:00:00-05:00,0.10300000011920929
2020-07-17 00:00:00-05:00,0.10499999672174454
2020-07-20 00:00:00-05:00,0.10499999672174454
2020-07-21 00:00:00-05:00,0.10999999940395355
2020-07-22 00:00:00-05:00,0.10000000149011612
2020-07-23 00:00:00-05:00,0.10300000011920929
2020-07-24 00:00:00-05:00,0.09799999743700027
2020-07-27 00:00:00-05:00,0.09300000220537186
2020-07-28 00:00:00-05:00,0.10300000011920929
2020-07-29 00:00:00-05:00,0.09000000357627869
2020-07-30 00:00:00-05:00,0.08500000089406967
2020-07-31 00:00:00-05:00,0.08299999684095383
2020-08-03 00:00:00-05:00,0.07800000160932541
2020-08-04 00:00:00-05:00,0.09000000357627869
2020-08-05 00:00:00-05:00,0.0949999988079071
2020-08-06 00:00:00-05:00,0.08799999952316284
2020-08-07 00:00:00-05:00,0.08799999952316284
2020-08-10 00:00:00-05:00,0.08799999952316284
2020-08-11 00:00:00-05:00,0.10000000149011612
2020-08-12 00:00:00-05:00,0.10000000149011612
2020-08-13 00:00:00-05:00,0.09000000357627869
2020-08-14 00:00:00-05:00,0.08799999952316284
2020-08-17 00:00:00-05:00,0.08500000089406967
2020-08-18 00:00:00-05:00,0.10000000149011612
2020-08-19 00:00:00-05:00,0.0949999988079071
2020-08-20 00:00:00-05:00,0.08799999952316284
2020-08-21 00:00:00-05:00,0.08799999952316284
2020-08-24 00:00:00-05:00,0.08500000089406967
2020-08-25 00:00:00-05:00,0.0949999988079071
2020-08-26 00:00:00-05:00,0.09300000220537186
2020-08-27 00:00:00-05:00,0.0949999988079071
2020-08-28 00:00:00-05:00,0.0949999988079071
2020-08-31 00:00:00-05:00,0.0949999988079071
2020-09-01 00:00:00-05:00,0.10000000149011612
2020-09-02 00:00:00-05:00,0.10000000149011612
2020-09-03 00:00:00-05:00,0.10000000149011612
2020-09-04 00:00:00-05:00,0.10300000011920929
2020-09-08 00:00:00-05:00,0.1080000028014183
2020-09-09 00:00:00-05:00,0.10499999672174454
2020-09-10 00:00:00-05:00,0.10300000011920929
2020-09-11 00:00:00-05:00,0.10300000011920929
2020-09-14 00:00:00-05:00,0.10000000149011612
2020-09-15 00:00:00-05:00,0.10000000149011612
2020-09-16 00:00:00-05:00,0.10000000149011612
2020-09-17 00:00:00-05:00,0.08500000089406967
2020-09-18 00:00:00-05:00,0.08299999684095383
2020-09-21 00:00:00-05:00,0.07999999821186066
2020-09-22 00:00:00-05:00,0.08799999952316284
2020-09-23 00:00:00-05:00,0.08799999952316284
2020-09-24 00:00:00-05:00,0.09300000220537186
2020-09-25 00:00:00-05:00,0.09000000357627869
2020-09-28 00:00:00-05:00,0.08799999952316284
2020-09-29 00:00:00-05:00,0.08500000089406967
2020-09-30 00:00:00-05:00,0.08500000089406967
2020-10-01 00:00:00-05:00,0.08299999684095383
2020-10-02 00:00:00-05:00,0.08500000089406967
2020-10-05 00:00:00-05:00,0.08500000089406967
2020-10-06 00:00:00-05:00,0.08799999952316284
2020-10-07 00:00:00-05:00,0.08799999952316284
2020-10-08 00:00:00-05:00,0.08799999952316284
2020-10-09 00:00:00-05:00,0.09300000220537186
2020-10-12 00:00:00-05:00,0.09000000357627869
2020-10-13 00:00:00-05:00,0.09300000220537186
2020-10-14 00:00:00-05:00,0.10000000149011612
2020-10-15 00:00:00-05:00,0.0949999988079071
2020-10-16 00:00:00-05:00,0.09000000357627869
2020-10-19 00:00:00-05:00,0.09000000357627869
2020-10-20 00:00:00-05:00,0.0949999988079071
2020-10-21 00:00:00-05:00,0.09000000357627869
2020-10-22 00:00:00-05:00,0.08500000089406967
2020-10-23 00:00:00-05:00,0.08299999684095383
2020-10-26 00:00:00-05:00,0.07999999821186066
2020-10-27 00:00:00-05:00,0.09000000357627869
2020-10-28 00:00:00-05:00,0.09000000357627869
2020-10-29 00:00:00-05:00,0.08299999684095383
2020-10-30 00:00:00-05:00,0.08299999684095383
2020-11-02 00:00:00-06:00,0.08299999684095383
2020-11-03 00:00:00-06:00,0.09000000357627869
2020-11-04 00:00:00-06:00,0.08299999684095383
2020-11-05 00:00:00-06:00,0.08500000089406967
2020-11-06 00:00:00-06:00,0.08299999684095383
2020-11-09 00:00:00-06:00,0.08799999952316284
2020-11-10 00:00:00-06:00,0.09000000357627869
2020-11-11 00:00:00-06:00,0.09000000357627869
2020-11-12 00:00:00-06:00,0.08500000089406967
2020-11-13 00:00:00-06:00,0.08299999684095383
2020-11-16 00:00:00-06:00,0.07500000298023224
2020-11-17 00:00:00-06:00,0.07999999821186066
2020-11-18 00:00:00-06:00,0.07500000298023224
2020-11-19 00:00:00-06:00,0.05999999865889549
2020-11-20 00:00:00-06:00,0.057999998331069946
2020-11-23 00:00:00-06:00,0.07000000029802322
2020-11-24 00:00:00-06:00,0.07999999821186066
2020-11-25 00:00:00-06:00,0.07999999821186066
2020-11-27 00:00:00-06:00,0.0729999989271164
2020-11-30 00:00:00-06:00,0.07500000298023224
2020-12-01 00:00:00-06:00,0.07999999821186066
2020-12-02 00:00:00-06:00,0.07500000298023224
2020-12-03 00:00:00-06:00,0.07500000298023224
2020-12-04 00:00:00-06:00,0.07500000298023224
2020-12-07 00:00:00-06:00,0.07000000029802322
2020-12-08 00:00:00-06:00,0.06800000369548798
2020-12-09 00:00:00-06:00,0.07000000029802322
2020-12-10 00:00:00-06:00,0.07000000029802322
2020-12-11 00:00:00-06:00,0.06499999761581421
2020-12-14 00:00:00-06:00,0.05999999865889549
2020-12-15 00:00:00-06:00,0.07000000029802322
2020-12-16 00:00:00-06:00,0.07500000298023224
2020-12-17 00:00:00-06:00,0.07999999821186066
2020-12-18 00:00:00-06:00,0.07999999821186066
2020-12-21 00:00:00-06:00,0.07800000160932541
2020-12-22 00:00:00-06:00,0.07800000160932541
2020-12-23 00:00:00-06:00,0.07500000298023224
2020-12-24 00:00:00-06:00,0.07500000298023224
2020-12-28 00:00:00-06:00,0.07999999821186066
2020-12-29 00:00:00-06:00,0.09000000357627869
2020-12-30 00:00:00-06:00,0.07000000029802322
2020-12-31 00:00:00-06:00,0.06499999761581421
2021-01-04 00:00:00-06:00,0.06800000369548798
2021-01-05 00:00:00-06:00,0.07800000160932541
2021-01-06 00:00:00-06:00,0.07800000160932541
2021-01-07 00:00:00-06:00,0.07999999821186066
2021-01-08 00:00:00-06:00,0.07999999821186066
2021-01-11 00:00:00-06:00,0.07999999821186066
2021-01-12 00:00:00-06:00,0.07999999821186066
2021-01-13 00:00:00-06:00,0.07999999821186066
2021-01-14 00:00:00-06:00,0.07500000298023224
2021-01-15 00:00:00-06:00,0.07500000298023224
2021-01-19 00:00:00-06:00,0.0729999989271164
2021-01-20 00:00:00-06:00,0.07500000298023224
2021-01-21 00:00:00-06:00,0.0729999989271164
2021-01-22 00:00:00-06:00,0.07000000029802322
2021-01-25 00:00:00-06:00,0.07000000029802322
2021-01-26 00:00:00-06:00,0.06800000369548798
2021-01-27 00:00:00-06:00,0.05999999865889549
2021-01-28 00:00:00-06:00,0.054999999701976776
2021-01-29 00:00:00-06:00,0.04800000041723251
2021-02-01 00:00:00-06:00,0.04800000041723251
2021-02-02 00:00:00-06:00,0.05000000074505806
2021-02-03 00:00:00-06:00,0.03999999910593033
2021-02-04 00:00:00-06:00,0.029999999329447746
2021-02-05 00:00:00-06:00,0.023000000044703484
2021-02-08 00:00:00-06:00,0.019999999552965164
2021-02-09 00:00:00-06:00,0.032999999821186066
2021-02-10 00:00:00-06:00,0.03500000014901161
2021-02-11 00:00:00-06:00,0.03500000014901161
2021-02-12 00:00:00-06:00,0.03500000014901161
2021-02-16 00:00:00-06:00,0.03500000014901161
2021-02-17 00:00:00-06:00,0.03500000014901161
2021-02-18 00:00:00-06:00,0.023000000044703484
2021-02-19 00:00:00-06:00,0.023000000044703484
2021-02-22 00:00:00-06:00,0.02500000037252903
2021-02-23 00:00:00-06:00,0.023000000044703484
2021-02-24 00:00:00-06:00,0.02800000086426735
2021-02-25 00:00:00-06:00,0.032999999821186066
2021-02-26 00:00:00-06:00,0.03500000014901161
2021-03-01 00:00:00-06:00,0.02800000086426735
2021-03-02 00:00:00-06:00,0.03500000014901161
2021-03-03 00:00:00-06:00,0.03500000014901161
2021-03-04 00:00:00-06:00,0.02800000086426735
2021-03-05 00:00:00-06:00,0.02800000086426735
2021-03-08 00:00:00-06:00,0.03500000014901161
2021-03-09 00:00:00-06:00,0.03500000014901161
2021-03-10 00:00:00-06:00,0.029999999329447746
2021-03-11 00:00:00-06:00,0.02800000086426735
2021-03-12 00:00:00-06:00,0.02500000037252903
2021-03-15 00:00:00-05:00,0.014999999664723873
2021-03-16 00:00:00-05:00,0.00800000037997961
2021-03-17 00:00:00-05:00,0.00800000037997961
2021-03-18 00:00:00-05:00,0.003000000026077032
2021-03-19 00:00:00-05:00,0.004999999888241291
2021-03-22 00:00:00-05:00,0.004999999888241291
2021-03-23 00:00:00-05:00,0.009999999776482582
2021-03-24 00:00:00-05:00,0.014999999664723873
2021-03-25 00:00:00-05:00,0.014999999664723873
2021-03-26 00:00:00-05:00,0.014999999664723873
2021-03-29 00:00:00-05:00,0.00800000037997961
2021-03-30 00:00:00-05:00,0.013000000268220901
2021-03-31 00:00:00-05:00,0.013000000268220901
2021-04-01 00:00:00-05:00,0.00800000037997961
2021-04-05 00:00:00-05:00,0.014999999664723873
2021-04-06 00:00:00-05:00,0.014999999664723873
2021-04-07 00:00:00-05:00,0.009999999776482582
2021-04-08 00:00:00-05:00,0.004999999888241291
2021-04-09 00:00:00-05:00,0.003000000026077032
2021-04-12 00:00:00-05:00,0.009999999776482582
2021-04-13 00:00:00-05:00,0.014999999664723873
2021-04-14 00:00:00-05:00,0.014999999664723873
2021-04-15 00:00:00-05:00,0.009999999776482582
2021-04-16 00:00:00-05:00,0.00800000037997961
2021-04-19 00:00:00-05:00,0.014999999664723873
2021-04-20 00:00:00-05:00,0.014999999664723873
2021-04-21 00:00:00-05:00,0.013000000268220901
2021-04-22 00:00:00-05:00,0.014999999664723873
2021-04-23 00:00:00-05:00,0.014999999664723873
2021-04-26 00:00:00-05:00,0.00800000037997961
2021-04-27 00:00:00-05:00,0.009999999776482582
2021-04-28 00:00:00-05:00,0.00800000037997961
2021-04-29 00:00:00-05:00,0.00800000037997961
2021-04-30 00:00:00-05:00,0.003000000026077032
2021-05-03 00:00:00-05:00,0.004999999888241291
2021-05-04 00:00:00-05:00,0.009999999776482582
2021-05-05 00:00:00-05:00,0.00800000037997961
2021-05-06 00:00:00-05:00,0.00800000037997961
2021-05-07 00:00:00-05:00,0.00800000037997961
2021-05-10 00:00:00-05:00,0.004999999888241291
2021-05-11 00:00:00-05:00,0.009999999776482582
2021-05-12 00:00:00-05:00,0.009999999776482582
2021-05-13 00:00:00-05:00,0.00800000037997961
2021-05-14 00:00:00-05:00,0.004999999888241291
2021-05-17 00:00:00-05:00,0.004999999888241291
2021-05-18 00:00:00-05:00,0.009999999776482582
2021-05-19 00:00:00-05:00,0.004999999888241291
2021-05-20 00:00:00-05:00,0.003000000026077032
2021-05-21 00:00:00-05:00,0.003000000026077032
2021-05-24 00:00:00-05:00,0.003000000026077032
2021-05-25 00:00:00-05:00,0.009999999776482582
2021-05-26 00:00:00-05:00,0.004999999888241291
2021-05-27 00:00:00-05:00,0.004999999888241291
2021-05-28 00:00:00-05:00,0.00800000037997961
2021-06-01 00:00:00-05:00,0.009999999776482582
2021-06-02 00:00:00-05:00,0.014999999664723873
2021-06-03 00:00:00-05:00,0.014999999664723873
2021-06-04 00:00:00-05:00,0.014999999664723873
2021-06-07 00:00:00-05:00,0.017999999225139618
2021-06-08 00:00:00-05:00,0.019999999552965164
2021-06-09 00:00:00-05:00,0.019999999552965164
2021-06-10 00:00:00-05:00,0.019999999552965164
2021-06-11 00:00:00-05:00,0.017999999225139618
2021-06-14 00:00:00-05:00,0.014999999664723873
2021-06-15 00:00:00-05:00,0.019999999552965164
2021-06-16 00:00:00-05:00,0.02800000086426735
2021-06-17 00:00:00-05:00,0.02800000086426735
2021-06-18 00:00:00-05:00,0.02800000086426735
2021-06-21 00:00:00-05:00,0.029999999329447746
2021-06-22 00:00:00-05:00,0.03799999877810478
2021-06-23 00:00:00-05:00,0.03999999910593033
2021-06-24 00:00:00-05:00,0.0430000014603138
2021-06-25 00:00:00-05:00,0.0430000014603138
2021-06-28 00:00:00-05:00,0.03999999910593033
2021-06-29 00:00:00-05:00,0.03999999910593033
2021-06-30 00:00:00-05:00,0.03999999910593033
2021-07-01 00:00:00-05:00,0.03999999910593033
2021-07-02 00:00:00-05:00,0.03799999877810478
2021-07-06 00:00:00-05:00,0.03999999910593033
2021-07-07 00:00:00-05:00,0.0430000014603138
2021-07-08 00:00:00-05:00,0.0430000014603138
2021-07-09 00:00:00-05:00,0.0430000014603138
2021-07-12 00:00:00-05:00,0.0430000014603138
2021-07-13 00:00:00-05:00,0.04500000178813934
2021-07-14 00:00:00-05:00,0.04500000178813934
2021-07-15 00:00:00-05:00,0.03799999877810478
2021-07-16 00:00:00-05:00,0.03799999877810478
2021-07-19 00:00:00-05:00,0.03999999910593033
2021-07-20 00:00:00-05:00,0.04500000178813934
2021-07-21 00:00:00-05:00,0.04500000178813934
2021-07-22 00:00:00-05:00,0.0430000014603138
2021-07-23 00:00:00-05:00,0.04500000178813934
2021-07-26 00:00:00-05:00,0.03999999910593033
2021-07-27 00:00:00-05:00,0.04500000178813934
2021-07-28 00:00:00-05:00,0.04500000178813934
2021-07-29 00:00:00-05:00,0.03999999910593033
2021-07-30 00:00:00-05:00,0.03999999910593033
2021-08-02 00:00:00-05:00,0.03799999877810478
2021-08-03 00:00:00-05:00,0.04500000178813934
2021-08-04 00:00:00-05:00,0.04500000178813934
2021-08-05 00:00:00-05:00,0.0430000014603138
2021-08-06 00:00:00-05:00,0.0430000014603138
2021-08-09 00:00:00-05:00,0.04500000178813934
2021-08-10 00:00:00-05:00,0.05000000074505806
2021-08-11 00:00:00-05:00,0.04500000178813934
2021-08-12 00:00:00-05:00,0.0430000014603138
2021-08-13 00:00:00-05:00,0.04500000178813934
2021-08-16 00:00:00-05:00,0.057999998331069946
2021-08-17 00:00:00-05:00,0.06300000101327896
2021-08-18 00:00:00-05:00,0.054999999701976776
2021-08-19 00:00:00-05:00,0.0430000014603138
2021-08-20 00:00:00-05:00,0.0430000014603138
2021-08-23 00:00:00-05:00,0.03999999910593033
2021-08-24 00:00:00-05:00,0.04800000041723251
2021-08-25 00:00:00-05:00,0.04500000178813934
2021-08-26 00:00:00-05:00,0.0430000014603138
2021-08-27 00:00:00-05:00,0.0430000014603138
2021-08-30 00:00:00-05:00,0.03799999877810478
2021-08-31 00:00:00-05:00,0.03999999910593033
2021-09-01 00:00:00-05:00,0.03999999910593033
2021-09-02 00:00:00-05:00,0.03999999910593033
2021-09-03 00:00:00-05:00,0.03999999910593033
2021-09-07 00:00:00-05:00,0.03500000014901161
2021-09-08 00:00:00-05:00,0.03999999910593033
2021-09-09 00:00:00-05:00,0.03799999877810478
2021-09-10 00:00:00-05:00,0.03799999877810478
2021-09-13 00:00:00-05:00,0.03799999877810478
2021-09-14 00:00:00-05:00,0.03500000014901161
2021-09-15 00:00:00-05:00,0.03500000014901161
2021-09-16 00:00:00-05:00,0.029999999329447746
2021-09-17 00:00:00-05:00,0.02800000086426735
2021-09-20 00:00:00-05:00,0.02500000037252903
2021-09-21 00:00:00-05:00,0.019999999552965164
2021-09-22 00:00:00-05:00,0.02500000037252903
2021-09-23 00:00:00-05:00,0.02500000037252903
2021-09-24 00:00:00-05:00,0.02500000037252903
2021-09-27 00:00:00-05:00,0.02500000037252903
2021-09-28 00:00:00-05:00,0.029999999329447746
2021-09-29 00:00:00-05:00,0.029999999329447746
2021-09-30 00:00:00-05:00,0.02800000086426735
2021-10-01 00:00:00-05:00,0.02800000086426735
2021-10-04 00:00:00-05:00,0.02800000086426735
2021-10-05 00:00:00-05:00,0.03500000014901161
2021-10-06 00:00:00-05:00,0.03999999910593033
2021-10-07 00:00:00-05:00,0.03999999910593033
2021-10-08 00:00:00-05:00,0.03999999910593033
2021-10-11 00:00:00-05:00,0.03999999910593033
2021-10-12 00:00:00-05:00,0.03999999910593033
2021-10-13 00:00:00-05:00,0.04500000178813934
2021-10-14 00:00:00-05:00,0.03999999910593033
2021-10-15 00:00:00-05:00,0.03799999877810478
2021-10-18 00:00:00-05:00,0.0430000014603138
2021-10-19 00:00:00-05:00,0.05000000074505806
2021-10-20 00:00:00-05:00,0.05000000074505806
2021-10-21 00:00:00-05:00,0.05000000074505806
2021-10-22 00:00:00-05:00,0.05000000074505806
2021-10-25 00:00:00-05:00,0.05000000074505806
2021-10-26 00:00:00-05:00,0.05000000074505806
2021-10-27 00:00:00-05:00,0.05000000074505806
2021-10-28 00:00:00-05:00,0.04800000041723251
2021-10-29 00:00:00-05:00,0.04800000041723251
2021-11-01 00:00:00-05:00,0.03999999910593033
2021-11-02 00:00:00-05:00,0.04500000178813934
2021-11-03 00:00:00-05:00,0.04500000178813934
2021-11-04 00:00:00-05:00,0.03500000014901161
2021-11-05 00:00:00-05:00,0.03999999910593033
2021-11-08 00:00:00-06:00,0.03500000014901161
2021-11-09 00:00:00-06:00,0.03999999910593033
2021-11-10 00:00:00-06:00,0.04500000178813934
2021-11-11 00:00:00-06:00,0.03999999910593033
2021-11-12 00:00:00-06:00,0.0430000014603138
2021-11-15 00:00:00-06:00,0.03799999877810478
2021-11-16 00:00:00-06:00,0.03999999910593033
2021-11-17 00:00:00-06:00,0.04500000178813934
2021-11-18 00:00:00-06:00,0.04500000178813934
2021-11-19 00:00:00-06:00,0.04500000178813934
2021-11-22 00:00:00-06:00,0.03999999910593033
2021-11-23 00:00:00-06:00,0.04500000178813934
2021-11-24 00:00:00-06:00,0.05000000074505806
2021-11-26 00:00:00-06:00,0.0430000014603138
2021-11-29 00:00:00-06:00,0.03799999877810478
2021-11-30 00:00:00-06:00,0.04800000041723251
2021-12-01 00:00:00-06:00,0.05000000074505806
2021-12-02 00:00:00-06:00,0.0430000014603138
2021-12-03 00:00:00-06:00,0.0430000014603138
2021-12-06 00:00:00-06:00,0.0430000014603138
2021-12-07 00:00:00-06:00,0.057999998331069946
2021-12-08 00:00:00-06:00,0.05999999865889549
2021-12-09 00:00:00-06:00,0.05299999937415123
2021-12-10 00:00:00-06:00,0.05000000074505806
2021-12-13 00:00:00-06:00,0.0430000014603138
2021-12-14 00:00:00-06:00,0.04800000041723251
2021-12-15 00:00:00-06:00,0.04500000178813934
2021-12-16 00:00:00-06:00,0.03500000014901161
2021-12-17 00:00:00-06:00,0.029999999329447746
2021-12-20 00:00:00-06:00,0.03799999877810478
2021-12-21 00:00:00-06:00,0.06499999761581421
2021-12-22 00:00:00-06:00,0.06499999761581421
2021-12-23 00:00:00-06:00,0.057999998331069946
2021-12-27 00:00:00-06:00,0.0430000014603138
2021-12-28 00:00:00-06:00,0.05000000074505806
2021-12-29 00:00:00-06:00,0.04500000178813934
2021-12-30 00:00:00-06:00,0.02500000037252903
2021-12-31 00:00:00-06:00,0.032999999821186066
2022-01-03 00:00:00-06:00,0.05299999937415123
2022-01-04 00:00:00-06:00,0.07999999821186066
2022-01-05 00:00:00-06:00,0.08500000089406967
2022-01-06 00:00:00-06:00,0.09000000357627869
2022-01-07 00:00:00-06:00,0.08799999952316284
2022-01-10 00:00:00-06:00,0.09000000357627869
2022-01-11 00:00:00-06:00,0.11800000071525574
2022-01-12 00:00:00-06:00,0.11500000208616257
2022-01-13 00:00:00-06:00,0.10999999940395355
2022-01-14 00:00:00-06:00,0.11800000071525574
2022-01-18 00:00:00-06:00,0.12999999523162842
2022-01-19 00:00:00-06:00,0.16500000655651093
2022-01-20 00:00:00-06:00,0.1679999977350235
2022-01-21 00:00:00-06:00,0.15800000727176666
2022-01-24 00:00:00-06:00,0.1550000011920929
2022-01-25 00:00:00-06:00,0.1850000023841858
2022-01-26 00:00:00-06:00,0.17800000309944153
2022-01-27 00:00:00-06:00,0.1850000023841858
2022-01-28 00:00:00-06:00,0.17299999296665192
2022-01-31 00:00:00-06:00,0.17299999296665192
2022-02-01 00:00:00-06:00,0.2029999941587448
2022-02-02 00:00:00-06:00,0.1850000023841858
2022-02-03 00:00:00-06:00,0.19300000369548798
2022-02-04 00:00:00-06:00,0.22300000488758087
2022-02-07 00:00:00-06:00,0.2029999941587448
2022-02-08 00:00:00-06:00,0.2750000059604645
2022-02-09 00:00:00-06:00,0.27000001072883606
2022-02-10 00:00:00-06:00,0.3700000047683716
2022-02-11 00:00:00-06:00,0.33799999952316284
2022-02-14 00:00:00-06:00,0.36000001430511475
2022-02-15 00:00:00-06:00,0.4000000059604645
2022-02-16 00:00:00-06:00,0.37299999594688416
2022-02-17 00:00:00-06:00,0.3449999988079071
2022-02-18 00:00:00-06:00,0.3179999887943268
2022-02-22 00:00:00-06:00,0.33000001311302185
2022-02-23 00:00:00-06:00,0.3400000035762787
2022-02-24 00:00:00-06:00,0.28299999237060547
2022-02-25 00:00:00-06:00,0.2980000078678131
2022-02-28 00:00:00-06:00,0.2879999876022339
2022-03-01 00:00:00-06:00,0.31299999356269836
2022-03-02 00:00:00-06:00,0.32499998807907104
2022-03-03 00:00:00-06:00,0.33500000834465027
2022-03-04 00:00:00-06:00,0.3050000071525574
2022-03-07 00:00:00-06:00,0.3050000071525574
2022-03-08 00:00:00-06:00,0.36000001430511475
2022-03-09 00:00:00-06:00,0.3700000047683716
2022-03-10 00:00:00-06:00,0.36000001430511475
2022-03-11 00:00:00-06:00,0.36500000953674316
2022-03-14 00:00:00-05:00,0.3779999911785126
2022-03-15 00:00:00-05:00,0.4480000138282776
2022-03-16 00:00:00-05:00,0.43299999833106995
2022-03-17 00:00:00-05:00,0.36000001430511475
2022-03-18 00:00:00-05:00,0.382999986410141
2022-03-21 00:00:00-05:00,0.45500001311302185
2022-03-22 00:00:00-05:00,0.5199999809265137
2022-03-23 00:00:00-05:00,0.47999998927116394
2022-03-24 00:00:00-05:00,0.4830000102519989
2022-03-25 00:00:00-05:00,0.5199999809265137
2022-03-28 00:00:00-05:00,0.5080000162124634
2022-03-29 00:00:00-05:00,0.5550000071525574
2022-03-30 00:00:00-05:00,0.5249999761581421
2022-03-31 00:00:00-05:00,0.49300000071525574
2022-04-01 00:00:00-05:00,0.5
2022-04-04 00:00:00-05:00,0.5379999876022339
2022-04-05 00:00:00-05:00,0.6679999828338623
2022-04-06 00:00:00-05:00,0.6629999876022339
2022-04-07 00:00:00-05:00,0.6600000262260437
2022-04-08 00:00:00-05:00,0.6679999828338623
2022-04-11 00:00:00-05:00,0.6800000071525574
2022-04-12 00:00:00-05:00,0.7379999756813049
2022-04-13 00:00:00-05:00,0.7400000095367432
2022-04-14 00:00:00-05:00,0.7480000257492065
2022-04-18 00:00:00-05:00,0.7549999952316284
2022-04-19 00:00:00-05:00,0.8330000042915344
2022-04-20 00:00:00-05:00,0.7950000166893005
2022-04-21 00:00:00-05:00,0.800000011920929
2022-04-22 00:00:00-05:00,0.7799999713897705
2022-04-25 00:00:00-05:00,0.7979999780654907
2022-04-26 00:00:00-05:00,0.8330000042915344
2022-04-27 00:00:00-05:00,0.8080000281333923
2022-04-28 00:00:00-05:00,0.7850000262260437
2022-04-29 00:00:00-05:00,0.8080000281333923
2022-05-02 00:00:00-05:00,0.7649999856948853
2022-05-03 00:00:00-05:00,0.8949999809265137
2022-05-04 00:00:00-05:00,0.8330000042915344
2022-05-05 00:00:00-05:00,0.8029999732971191
2022-05-06 00:00:00-05:00,0.8149999976158142
2022-05-09 00:00:00-05:00,0.800000011920929
2022-05-10 00:00:00-05:00,0.878000020980835
2022-05-11 00:00:00-05:00,0.8830000162124634
2022-05-12 00:00:00-05:00,0.9049999713897705
2022-05-13 00:00:00-05:00,0.9430000185966492
2022-05-16 00:00:00-05:00,0.9800000190734863
2022-05-17 00:00:00-05:00,1.0379999876022339
2022-05-18 00:00:00-05:00,1.003000020980835
2022-05-19 00:00:00-05:00,1.0
2022-05-20 00:00:00-05:00,0.9779999852180481
2022-05-23 00:00:00-05:00,0.9929999709129333
2022-05-24 00:00:00-05:00,1.0429999828338623
2022-05-25 00:00:00-05:00,1.0449999570846558
2022-05-26 00:00:00-05:00,1.027999997138977
2022-05-27 00:00:00-05:00,1.024999976158142
2022-05-31 00:00:00-05:00,1.0299999713897705
2022-06-01 00:00:00-05:00,1.1030000448226929
2022-06-02 00:00:00-05:00,1.1130000352859497
2022-06-03 00:00:00-05:00,1.1349999904632568
2022-06-06 00:00:00-05:00,1.159999966621399
2022-06-07 00:00:00-05:00,1.225000023841858
2022-06-08 00:00:00-05:00,1.2330000400543213
2022-06-09 00:00:00-05:00,1.2380000352859497
2022-06-10 00:00:00-05:00,1.2879999876022339
2022-06-13 00:00:00-05:00,1.4980000257492065
2022-06-14 00:00:00-05:00,1.7430000305175781
2022-06-15 00:00:00-05:00,1.6950000524520874
2022-06-16 00:00:00-05:00,1.4830000400543213
2022-06-17 00:00:00-05:00,1.5099999904632568
2022-06-21 00:00:00-05:00,1.4880000352859497
2022-06-22 00:00:00-05:00,1.5449999570846558
2022-06-23 00:00:00-05:00,1.559999942779541
2022-06-24 00:00:00-05:00,1.5980000495910645
2022-06-27 00:00:00-05:00,1.6330000162124634
2022-06-28 00:00:00-05:00,1.7380000352859497
2022-06-29 00:00:00-05:00,1.7050000429153442
2022-06-30 00:00:00-05:00,1.600000023841858
2022-07-01 00:00:00-05:00,1.6030000448226929
2022-07-05 00:00:00-05:00,1.6299999952316284
2022-07-06 00:00:00-05:00,1.840000033378601
2022-07-07 00:00:00-05:00,1.8530000448226929
2022-07-08 00:00:00-05:00,1.843000054359436
2022-07-11 00:00:00-05:00,1.9529999494552612
2022-07-12 00:00:00-05:00,2.11299991607666
2022-07-13 00:00:00-05:00,2.322999954223633
2022-07-14 00:00:00-05:00,2.2730000019073486
2022-07-15 00:00:00-05:00,2.240000009536743
2022-07-18 00:00:00-05:00,2.259999990463257
2022-07-19 00:00:00-05:00,2.450000047683716
2022-07-20 00:00:00-05:00,2.378000020980835
2022-07-21 00:00:00-05:00,2.359999895095825
2022-07-22 00:00:00-05:00,2.3550000190734863
2022-07-25 00:00:00-05:00,2.3929998874664307
2022-07-26 00:00:00-05:00,2.4749999046325684
2022-07-27 00:00:00-05:00,2.382999897003174
2022-07-28 00:00:00-05:00,2.308000087738037
2022-07-29 00:00:00-05:00,2.2980000972747803
2022-08-01 00:00:00-05:00,2.265000104904175
2022-08-02 00:00:00-05:00,2.4630000591278076
2022-08-03 00:00:00-05:00,2.427999973297119
2022-08-04 00:00:00-05:00,2.378000020980835
2022-08-05 00:00:00-05:00,2.4100000858306885
2022-08-08 00:00:00-05:00,2.4600000381469727
2022-08-09 00:00:00-05:00,2.569999933242798
2022-08-10 00:00:00-05:00,2.5350000858306885
2022-08-11 00:00:00-05:00,2.490000009536743
2022-08-12 00:00:00-05:00,2.5
2022-08-15 00:00:00-05:00,2.513000011444092
2022-08-16 00:00:00-05:00,2.5980000495910645
2022-08-17 00:00:00-05:00,2.568000078201294
2022-08-18 00:00:00-05:00,2.565000057220459
2022-08-19 00:00:00-05:00,2.5799999237060547
2022-08-22 00:00:00-05:00,2.6480000019073486
2022-08-23 00:00:00-05:00,2.703000068664551
2022-08-24 00:00:00-05:00,2.7130000591278076
2022-08-25 00:00:00-05:00,2.7300000190734863
2022-08-26 00:00:00-05:00,2.755000114440918
2022-08-29 00:00:00-05:00,2.7980000972747803
2022-08-30 00:00:00-05:00,2.872999906539917
2022-08-31 00:00:00-05:00,2.859999895095825
2022-09-01 00:00:00-05:00,2.86299991607666
2022-09-02 00:00:00-05:00,2.819999933242798
2022-09-06 00:00:00-05:00,2.8450000286102295
2022-09-07 00:00:00-05:00,2.933000087738037
2022-09-08 00:00:00-05:00,2.950000047683716
2022-09-09 00:00:00-05:00,2.9679999351501465
2022-09-12 00:00:00-05:00,2.994999885559082
2022-09-13 00:00:00-05:00,3.1530001163482666
2022-09-14 00:00:00-05:00,3.128000020980835
2022-09-15 00:00:00-05:00,3.0950000286102295
2022-09-16 00:00:00-05:00,3.069999933242798
2022-09-19 00:00:00-05:00,3.0350000858306885
2022-09-20 00:00:00-05:00,3.243000030517578
2022-09-21 00:00:00-05:00,3.190000057220459
2022-09-22 00:00:00-05:00,3.130000114440918
2022-09-23 00:00:00-05:00,3.1080000400543213
2022-09-26 00:00:00-05:00,3.1649999618530273
2022-09-27 00:00:00-05:00,3.25
2022-09-28 00:00:00-05:00,3.2300000190734863
2022-09-29 00:00:00-05:00,3.2179999351501465
2022-09-30 00:00:00-05:00,3.180000066757202
2022-10-03 00:00:00-05:00,3.1500000953674316
2022-10-04 00:00:00-05:00,3.315000057220459
2022-10-05 00:00:00-05:00,3.2929999828338623
2022-10-06 00:00:00-05:00,3.2880001068115234
2022-10-07 00:00:00-05:00,3.2929999828338623
2022-10-10 00:00:00-05:00,3.2850000858306885
2022-10-11 00:00:00-05:00,3.3399999141693115
2022-10-12 00:00:00-05:00,3.5329999923706055
2022-10-13 00:00:00-05:00,3.5829999446868896
2022-10-14 00:00:00-05:00,3.628000020980835
2022-10-17 00:00:00-05:00,3.687999963760376
2022-10-18 00:00:00-05:00,3.8329999446868896
2022-10-19 00:00:00-05:00,3.8929998874664307
2022-10-20 00:00:00-05:00,3.890000104904175
2022-10-21 00:00:00-05:00,3.884999990463257
2022-10-24 00:00:00-05:00,3.9130001068115234
2022-10-25 00:00:00-05:00,3.9649999141693115
2022-10-26 00:00:00-05:00,3.930000066757202
2022-10-27 00:00:00-05:00,3.930000066757202
2022-10-28 00:00:00-05:00,3.9700000286102295
2022-10-31 00:00:00-05:00,3.9749999046325684
2022-11-01 00:00:00-05:00,4.050000190734863
2022-11-02 00:00:00-05:00,4.025000095367432
2022-11-03 00:00:00-05:00,4.025000095367432
2022-11-04 00:00:00-05:00,4.013000011444092
2022-11-07 00:00:00-06:00,3.9830000400543213
2022-11-08 00:00:00-06:00,4.090000152587891
2022-11-09 00:00:00-06:00,4.0929999351501465
2022-11-10 00:00:00-06:00,4.054999828338623
2022-11-11 00:00:00-06:00,4.063000202178955
2022-11-14 00:00:00-06:00,4.067999839782715
2022-11-15 00:00:00-06:00,4.130000114440918
2022-11-16 00:00:00-06:00,4.125
2022-11-17 00:00:00-06:00,4.11299991607666
2022-11-18 00:00:00-06:00,4.135000228881836
2022-11-21 00:00:00-06:00,4.0980000495910645
2022-11-22 00:00:00-06:00,4.197999954223633
2022-11-23 00:00:00-06:00,4.199999809265137
2022-11-25 00:00:00-06:00,4.175000190734863
2022-11-28 00:00:00-06:00,4.183000087738037
2022-11-29 00:00:00-06:00,4.252999782562256
2022-11-30 00:00:00-06:00,4.252999782562256
2022-12-01 00:00:00-06:00,4.192999839782715
2022-12-02 00:00:00-06:00,4.208000183105469
2022-12-05 00:00:00-06:00,4.1579999923706055
2022-12-06 00:00:00-06:00,4.21999979019165
2022-12-07 00:00:00-06:00,4.183000087738037
2022-12-08 00:00:00-06:00,4.150000095367432
2022-12-09 00:00:00-06:00,4.172999858856201
2022-12-12 00:00:00-06:00,4.168000221252441
2022-12-13 00:00:00-06:00,4.248000144958496
2022-12-14 00:00:00-06:00,4.21999979019165
2022-12-15 00:00:00-06:00,4.2129998207092285
2022-12-16 00:00:00-06:00,4.163000106811523
2022-12-19 00:00:00-06:00,4.163000106811523
2022-12-20 00:00:00-06:00,4.230000019073486
2022-12-21 00:00:00-06:00,4.204999923706055
2022-12-22 00:00:00-06:00,4.208000183105469
2022-12-23 00:00:00-06:00,4.192999839782715
2022-12-27 00:00:00-06:00,4.195000171661377
2022-12-28 00:00:00-06:00,4.3379998207092285
2022-12-29 00:00:00-06:00,4.295000076293945
2022-12-30 00:00:00-06:00,4.260000228881836
2023-01-03 00:00:00-06:00,4.255000114440918
2023-01-04 00:00:00-06:00,4.400000095367432
2023-01-05 00:00:00-06:00,4.498000144958496
2023-01-06 00:00:00-06:00,4.493000030517578
2023-01-09 00:00:00-06:00,4.482999801635742
2023-01-10 00:00:00-06:00,4.565000057220459
2023-01-11 00:00:00-06:00,4.554999828338623
2023-01-12 00:00:00-06:00,4.474999904632568
2023-01-13 00:00:00-06:00,4.48799991607666
2023-01-17 00:00:00-06:00,4.493000030517578
2023-01-18 00:00:00-06:00,4.53000020980835
2023-01-19 00:00:00-06:00,4.525000095367432
2023-01-20 00:00:00-06:00,4.538000106811523
2023-01-23 00:00:00-06:00,4.534999847412109
2023-01-24 00:00:00-06:00,4.572999954223633
2023-01-25 00:00:00-06:00,4.545000076293945
2023-01-26 00:00:00-06:00,4.543000221252441
2023-01-27 00:00:00-06:00,4.547999858856201
2023-01-30 00:00:00-06:00,4.534999847412109
2023-01-31 00:00:00-06:00,4.570000171661377
2023-02-01 00:00:00-06:00,4.519999980926514
2023-02-02 00:00:00-06:00,4.510000228881836
2023-02-03 00:00:00-06:00,4.5229997634887695
2023-02-06 00:00:00-06:00,4.5329999923706055
2023-02-07 00:00:00-06:00,4.570000171661377
2023-02-08 00:00:00-06:00,4.585000038146973
2023-02-09 00:00:00-06:00,4.61299991607666
2023-02-10 00:00:00-06:00,4.635000228881836
2023-02-13 00:00:00-06:00,4.644999980926514
2023-02-14 00:00:00-06:00,4.659999847412109
2023-02-15 00:00:00-06:00,4.64300012588501
2023-02-16 00:00:00-06:00,4.664999961853027
2023-02-17 00:00:00-06:00,4.679999828338623
2023-02-21 00:00:00-06:00,4.688000202178955
2023-02-22 00:00:00-06:00,4.695000171661377
2023-02-23 00:00:00-06:00,4.690000057220459
2023-02-24 00:00:00-06:00,4.703000068664551
2023-02-27 00:00:00-06:00,4.664999961853027
2023-02-28 00:00:00-06:00,4.710000038146973
2023-03-01 00:00:00-06:00,4.724999904632568
2023-03-02 00:00:00-06:00,4.7230000495910645
2023-03-03 00:00:00-06:00,4.7179999351501465
2023-03-06 00:00:00-06:00,4.728000164031982
2023-03-07 00:00:00-06:00,4.84499979019165
2023-03-08 00:00:00-06:00,4.882999897003174
2023-03-09 00:00:00-06:00,4.8480000495910645
2023-03-10 00:00:00-06:00,4.802999973297119
2023-03-13 00:00:00-05:00,4.6579999923706055
2023-03-14 00:00:00-05:00,4.679999828338623
2023-03-15 00:00:00-05:00,4.558000087738037
2023-03-16 00:00:00-05:00,4.53000020980835
2023-03-17 00:00:00-05:00,4.293000221252441
2023-03-20 00:00:00-05:00,4.465000152587891
2023-03-21 00:00:00-05:00,4.605000019073486
2023-03-22 00:00:00-05:00,4.563000202178955
2023-03-23 00:00:00-05:00,4.502999782562256
2023-03-24 00:00:00-05:00,4.502999782562256
2023-03-27 00:00:00-05:00,4.583000183105469
2023-03-28 00:00:00-05:00,4.627999782562256
2023-03-29 00:00:00-05:00,4.630000114440918
2023-03-30 00:00:00-05:00,4.664999961853027
2023-03-31 00:00:00-05:00,4.585000038146973
2023-04-03 00:00:00-05:00,4.570000171661377
2023-04-04 00:00:00-05:00,4.728000164031982
2023-04-05 00:00:00-05:00,4.704999923706055
2023-04-06 00:00:00-05:00,4.710000038146973
2023-04-10 00:00:00-05:00,4.8379998207092285
2023-04-11 00:00:00-05:00,4.880000114440918
2023-04-12 00:00:00-05:00,4.860000133514404
2023-04-13 00:00:00-05:00,4.855000019073486
2023-04-14 00:00:00-05:00,4.9029998779296875
2023-04-17 00:00:00-05:00,4.922999858856201
2023-04-18 00:00:00-05:00,5.03000020980835
2023-04-19 00:00:00-05:00,4.994999885559082
2023-04-20 00:00:00-05:00,4.945000171661377
2023-04-21 00:00:00-05:00,4.949999809265137
2023-04-24 00:00:00-05:00,4.873000144958496
2023-04-25 00:00:00-05:00,4.953000068664551
2023-04-26 00:00:00-05:00,4.985000133514404
2023-04-27 00:00:00-05:00,5.0
2023-04-28 00:00:00-05:00,4.922999858856201
2023-05-01 00:00:00-05:00,4.864999771118164
2023-05-02 00:00:00-05:00,5.039999961853027
2023-05-03 00:00:00-05:00,5.09499979019165
2023-05-04 00:00:00-05:00,5.054999828338623
2023-05-05 00:00:00-05:00,5.079999923706055
2023-05-08 00:00:00-05:00,5.083000183105469
2023-05-09 00:00:00-05:00,5.123000144958496
2023-05-10 00:00:00-05:00,5.065000057220459
2023-05-11 00:00:00-05:00,5.014999866485596
2023-05-12 00:00:00-05:00,5.0279998779296875
2023-05-15 00:00:00-05:00,5.0
2023-05-16 00:00:00-05:00,5.058000087738037
2023-05-17 00:00:00-05:00,5.0879998207092285
2023-05-18 00:00:00-05:00,5.125
2023-05-19 00:00:00-05:00,5.085000038146973
2023-05-22 00:00:00-05:00,5.09499979019165
2023-05-23 00:00:00-05:00,5.1529998779296875
2023-05-24 00:00:00-05:00,5.184999942779541
2023-05-25 00:00:00-05:00,5.163000106811523
2023-05-26 00:00:00-05:00,5.114999771118164
2023-05-30 00:00:00-05:00,5.14300012588501
2023-05-31 00:00:00-05:00,5.248000144958496
2023-06-01 00:00:00-05:00,5.203000068664551
2023-06-02 00:00:00-05:00,5.215000152587891
2023-06-05 00:00:00-05:00,5.14300012588501
2023-06-06 00:00:00-05:00,5.1579999923706055
2023-06-07 00:00:00-05:00,5.1529998779296875
2023-06-08 00:00:00-05:00,5.099999904632568
2023-06-09 00:00:00-05:00,5.09499979019165
2023-06-12 00:00:00-05:00,5.09499979019165
2023-06-13 00:00:00-05:00,5.099999904632568
2023-06-14 00:00:00-05:00,5.079999923706055
2023-06-15 00:00:00-05:00,5.054999828338623
2023-06-16 00:00:00-05:00,5.065000057220459
2023-06-20 00:00:00-05:00,5.074999809265137
2023-06-21 00:00:00-05:00,5.135000228881836
2023-06-22 00:00:00-05:00,5.135000228881836
2023-06-23 00:00:00-05:00,5.138000011444092
2023-06-26 00:00:00-05:00,5.15500020980835
2023-06-27 00:00:00-05:00,5.179999828338623
2023-06-28 00:00:00-05:00,5.170000076293945
2023-06-29 00:00:00-05:00,5.175000190734863
2023-06-30 00:00:00-05:00,5.1529998779296875
2023-07-03 00:00:00-05:00,5.144999980926514
2023-07-05 00:00:00-05:00,5.192999839782715
2023-07-06 00:00:00-05:00,5.2129998207092285
2023-07-07 00:00:00-05:00,5.2129998207092285
2023-07-10 00:00:00-05:00,5.224999904632568
2023-07-11 00:00:00-05:00,5.243000030517578
2023-07-12 00:00:00-05:00,5.230000019073486
2023-07-13 00:00:00-05:00,5.2230000495910645
2023-07-14 00:00:00-05:00,5.215000152587891
2023-07-17 00:00:00-05:00,5.232999801635742
2023-07-18 00:00:00-05:00,5.248000144958496
2023-07-19 00:00:00-05:00,5.244999885559082
2023-07-20 00:00:00-05:00,5.243000030517578
2023-07-21 00:00:00-05:00,5.248000144958496
2023-07-24 00:00:00-05:00,5.25
2023-07-25 00:00:00-05:00,5.264999866485596
2023-07-26 00:00:00-05:00,5.26800012588501
2023-07-27 00:00:00-05:00,5.26800012588501
2023-07-28 00:00:00-05:00,5.255000114440918
2023-07-31 00:00:00-05:00,5.248000144958496
2023-08-01 00:00:00-05:00,5.260000228881836
2023-08-02 00:00:00-05:00,5.260000228881836
2023-08-03 00:00:00-05:00,5.257999897003174
2023-08-04 00:00:00-05:00,5.252999782562256
2023-08-07 00:00:00-05:00,5.260000228881836
2023-08-08 00:00:00-05:00,5.275000095367432
2023-08-09 00:00:00-05:00,5.28000020980835
2023-08-10 00:00:00-05:00,5.26800012588501
2023-08-11 00:00:00-05:00,5.264999866485596
2023-08-14 00:00:00-05:00,5.269999980926514
2023-08-15 00:00:00-05:00,5.28000020980835
2023-08-16 00:00:00-05:00,5.284999847412109
2023-08-17 00:00:00-05:00,5.2779998779296875
2023-08-18 00:00:00-05:00,5.2779998779296875
2023-08-21 00:00:00-05:00,5.28000020980835
2023-08-22 00:00:00-05:00,5.295000076293945
2023-08-23 00:00:00-05:00,5.295000076293945
2023-08-24 00:00:00-05:00,5.302999973297119
2023-08-25 00:00:00-05:00,5.315000057220459
2023-08-28 00:00:00-05:00,5.322999954223633
2023-08-29 00:00:00-05:00,5.320000171661377
2023-08-30 00:00:00-05:00,5.315000057220459
2023-08-31 00:00:00-05:00,5.297999858856201
2023-09-01 00:00:00-05:00,5.26800012588501
2023-09-05 00:00:00-05:00,5.2779998779296875
2023-09-06 00:00:00-05:00,5.300000190734863
2023-09-07 00:00:00-05:00,5.2829999923706055
2023-09-08 00:00:00-05:00,5.293000221252441
2023-09-11 00:00:00-05:00,5.293000221252441
2023-09-12 00:00:00-05:00,5.304999828338623
2023-09-13 00:00:00-05:00,5.304999828338623
2023-09-14 00:00:00-05:00,5.295000076293945
2023-09-15 00:00:00-05:00,5.297999858856201
2023-09-18 00:00:00-05:00,5.300000190734863
2023-09-19 00:00:00-05:00,5.309999942779541
2023-09-20 00:00:00-05:00,5.315000057220459
2023-09-21 00:00:00-05:00,5.304999828338623
2023-09-22 00:00:00-05:00,5.304999828338623
2023-09-25 00:00:00-05:00,5.313000202178955
2023-09-26 00:00:00-05:00,5.324999809265137
2023-09-27 00:00:00-05:00,5.329999923706055
2023-09-28 00:00:00-05:00,5.308000087738037
2023-09-29 00:00:00-05:00,5.300000190734863
2023-10-02 00:00:00-05:00,5.315000057220459
2023-10-03 00:00:00-05:00,5.340000152587891
2023-10-04 00:00:00-05:00,5.335000038146973
2023-10-05 00:00:00-05:00,5.324999809265137
2023-10-06 00:00:00-05:00,5.3480000495910645
2023-10-09 00:00:00-05:00,5.3480000495910645
2023-10-10 00:00:00-05:00,5.322999954223633
2023-10-11 00:00:00-05:00,5.335000038146973
2023-10-12 00:00:00-05:00,5.335000038146973
2023-10-13 00:00:00-05:00,5.328000068664551
2023-10-16 00:00:00-05:00,5.328000068664551
2023-10-17 00:00:00-05:00,5.340000152587891
2023-10-18 00:00:00-05:00,5.329999923706055
2023-10-19 00:00:00-05:00,5.309999942779541
2023-10-20 00:00:00-05:00,5.300000190734863
2023-10-23 00:00:00-05:00,5.293000221252441
2023-10-24 00:00:00-05:00,5.308000087738037
2023-10-25 00:00:00-05:00,5.315000057220459
2023-10-26 00:00:00-05:00,5.300000190734863
2023-10-27 00:00:00-05:00,5.304999828338623
2023-10-30 00:00:00-05:00,5.313000202178955
2023-10-31 00:00:00-05:00,5.320000171661377
2023-11-01 00:00:00-05:00,5.300000190734863
2023-11-02 00:00:00-05:00,5.269999980926514
2023-11-03 00:00:00-05:00,5.252999782562256
2023-11-06 00:00:00-06:00,5.260000228881836
2023-11-07 00:00:00-06:00,5.2729997634887695
2023-11-08 00:00:00-06:00,5.26800012588501
2023-11-09 00:00:00-06:00,5.263000011444092
2023-11-10 00:00:00-06:00,5.25
2023-11-13 00:00:00-06:00,5.260000228881836
2023-11-14 00:00:00-06:00,5.252999782562256
2023-11-15 00:00:00-06:00,5.255000114440918
2023-11-16 00:00:00-06:00,5.243000030517578
2023-11-17 00:00:00-06:00,5.232999801635742
2023-11-20 00:00:00-06:00,5.23799991607666
2023-11-21 00:00:00-06:00,5.255000114440918
2023-11-22 00:00:00-06:00,5.264999866485596
2023-11-24 00:00:00-06:00,5.252999782562256
2023-11-27 00:00:00-06:00,5.257999897003174
2023-11-28 00:00:00-06:00,5.260000228881836
2023-11-29 00:00:00-06:00,5.239999771118164
2023-11-30 00:00:00-06:00,5.23799991607666
2023-12-01 00:00:00-06:00,5.215000152587891
2023-12-04 00:00:00-06:00,5.2230000495910645
2023-12-05 00:00:00-06:00,5.243000030517578
2023-12-06 00:00:00-06:00,5.243000030517578
2023-12-07 00:00:00-06:00,5.232999801635742
2023-12-08 00:00:00-06:00,5.232999801635742
2023-12-11 00:00:00-06:00,5.232999801635742
2023-12-12 00:00:00-06:00,5.248000144958496
2023-12-13 00:00:00-06:00,5.2230000495910645
2023-12-14 00:00:00-06:00,5.215000152587891
2023-12-15 00:00:00-06:00,5.224999904632568
2023-12-18 00:00:00-06:00,5.224999904632568
2023-12-19 00:00:00-06:00,5.23799991607666
2023-12-20 00:00:00-06:00,5.230000019073486
2023-12-21 00:00:00-06:00,5.210000038146973
2023-12-22 00:00:00-06:00,5.208000183105469
2023-12-26 00:00:00-06:00,5.203000068664551
2023-12-27 00:00:00-06:00,5.235000133514404
2023-12-28 00:00:00-06:00,5.2179999351501465
2023-12-29 00:00:00-06:00,5.179999828338623
2024-01-02 00:00:00-06:00,5.2129998207092285
2024-01-03 00:00:00-06:00,5.235000133514404
2024-01-04 00:00:00-06:00,5.228000164031982
2024-01-05 00:00:00-06:00,5.21999979019165
2024-01-08 00:00:00-06:00,5.21999979019165
2024-01-09 00:00:00-06:00,5.230000019073486
2024-01-10 00:00:00-06:00,5.224999904632568
2024-01-11 00:00:00-06:00,5.2179999351501465
2024-01-12 00:00:00-06:00,5.197999954223633
2024-01-16 00:00:00-06:00,5.203000068664551
2024-01-17 00:00:00-06:00,5.215000152587891
2024-01-18 00:00:00-06:00,5.199999809265137
2024-01-19 00:00:00-06:00,5.197999954223633
2024-01-22 00:00:00-06:00,5.199999809265137
2024-01-23 00:00:00-06:00,5.210000038146973
2024-01-24 00:00:00-06:00,5.210000038146973
2024-01-25 00:00:00-06:00,5.195000171661377
2024-01-26 00:00:00-06:00,5.199999809265137
2024-01-29 00:00:00-06:00,5.199999809265137
2024-01-30 00:00:00-06:00,5.203000068664551
2024-01-31 00:00:00-06:00,5.188000202178955
2024-02-01 00:00:00-06:00,5.199999809265137
2024-02-02 00:00:00-06:00,5.210000038146973
2024-02-05 00:00:00-06:00,5.228000164031982
2024-02-06 00:00:00-06:00,5.2230000495910645
2024-02-07 00:00:00-06:00,5.2230000495910645
2024-02-08 00:00:00-06:00,5.2179999351501465
2024-02-09 00:00:00-06:00,5.21999979019165
2024-02-12 00:00:00-06:00,5.228000164031982
2024-02-13 00:00:00-06:00,5.232999801635742
2024-02-14 00:00:00-06:00,5.2179999351501465
2024-02-15 00:00:00-06:00,5.2179999351501465
2024-02-16 00:00:00-06:00,5.2230000495910645
2024-02-20 00:00:00-06:00,5.2129998207092285
2024-02-21 00:00:00-06:00,5.235000133514404
2024-02-22 00:00:00-06:00,5.232999801635742
2024-02-23 00:00:00-06:00,5.239999771118164
2024-02-26 00:00:00-06:00,5.25
2024-02-27 00:00:00-06:00,5.244999885559082
2024-02-28 00:00:00-06:00,5.239999771118164
2024-02-29 00:00:00-06:00,5.2230000495910645
2024-03-01 00:00:00-06:00,5.215000152587891
2024-03-04 00:00:00-06:00,5.2230000495910645
2024-03-05 00:00:00-06:00,5.224999904632568
2024-03-06 00:00:00-06:00,5.230000019073486
2024-03-07 00:00:00-06:00,5.228000164031982
2024-03-08 00:00:00-06:00,5.228000164031982
2024-03-11 00:00:00-05:00,5.239999771118164
2024-03-12 00:00:00-05:00,5.239999771118164
2024-03-13 00:00:00-05:00,5.23799991607666
2024-03-14 00:00:00-05:00,5.23799991607666
2024-03-15 00:00:00-05:00,5.23799991607666
2024-03-18 00:00:00-05:00,5.23799991607666
2024-03-19 00:00:00-05:00,5.23799991607666
2024-03-20 00:00:00-05:00,5.228000164031982
2024-03-21 00:00:00-05:00,5.228000164031982
2024-03-22 00:00:00-05:00,5.21999979019165
2024-03-25 00:00:00-05:00,5.2179999351501465
2024-03-26 00:00:00-05:00,5.2179999351501465
2024-03-27 00:00:00-05:00,5.215000152587891
2024-03-28 00:00:00-05:00,5.203000068664551
2024-04-01 00:00:00-05:00,5.2179999351501465
2024-04-02 00:00:00-05:00,5.2129998207092285
2024-04-03 00:00:00-05:00,5.210000038146973
2024-04-04 00:00:00-05:00,5.203000068664551
2024-04-05 00:00:00-05:00,5.215000152587891
2024-04-08 00:00:00-05:00,5.2230000495910645
2024-04-09 00:00:00-05:00,5.21999979019165
2024-04-10 00:00:00-05:00,5.243000030517578
2024-04-11 00:00:00-05:00,5.23799991607666
2024-04-12 00:00:00-05:00,5.230000019073486
2024-04-15 00:00:00-05:00,5.23799991607666
2024-04-16 00:00:00-05:00,5.232999801635742
2024-04-17 00:00:00-05:00,5.239999771118164
2024-04-18 00:00:00-05:00,5.243000030517578
2024-04-19 00:00:00-05:00,5.244999885559082
2024-04-22 00:00:00-05:00,5.244999885559082
2024-04-23 00:00:00-05:00,5.244999885559082
2024-04-24 00:00:00-05:00,5.255000114440918
2024-04-25 00:00:00-05:00,5.244999885559082
2024-04-26 00:00:00-05:00,5.23799991607666
2024-04-29 00:00:00-05:00,5.243000030517578
2024-04-30 00:00:00-05:00,5.244999885559082
2024-05-01 00:00:00-05:00,5.25
2024-05-02 00:00:00-05:00,5.23799991607666
2024-05-03 00:00:00-05:00,5.235000133514404
2024-05-06 00:00:00-05:00,5.239999771118164
2024-05-07 00:00:00-05:00,5.243000030517578
2024-05-08 00:00:00-05:00,5.244999885559082
2024-05-09 00:00:00-05:00,5.239999771118164
2024-05-10 00:00:00-05:00,5.243000030517578
2024-05-13 00:00:00-05:00,5.239999771118164
2024-05-14 00:00:00-05:00,5.235000133514404
2024-05-15 00:00:00-05:00,5.239999771118164
2024-05-16 00:00:00-05:00,5.243000030517578
2024-05-17 00:00:00-05:00,5.239999771118164
2024-05-20 00:00:00-05:00,5.239999771118164
2024-05-21 00:00:00-05:00,5.239999771118164
2024-05-22 00:00:00-05:00,5.244999885559082
2024-05-23 00:00:00-05:00,5.244999885559082
2024-05-24 00:00:00-05:00,5.244999885559082
2024-05-28 00:00:00-05:00,5.248000144958496
2024-05-29 00:00:00-05:00,5.25
2024-05-30 00:00:00-05:00,5.248000144958496
2024-05-31 00:00:00-05:00,5.244999885559082
2024-06-03 00:00:00-05:00,5.243000030517578
2024-06-04 00:00:00-05:00,5.239999771118164
2024-06-05 00:00:00-05:00,5.239999771118164
2024-06-06 00:00:00-05:00,5.232999801635742
2024-06-07 00:00:00-05:00,5.23799991607666
2024-06-10 00:00:00-05:00,5.232999801635742
2024-06-11 00:00:00-05:00,5.244999885559082
2024-06-12 00:00:00-05:00,5.243000030517578
2024-06-13 00:00:00-05:00,5.239999771118164
2024-06-14 00:00:00-05:00,5.239999771118164
2024-06-17 00:00:00-05:00,5.243000030517578
2024-06-18 00:00:00-05:00,5.235000133514404
2024-06-20 00:00:00-05:00,5.224999904632568
2024-06-21 00:00:00-05:00,5.215000152587891
2024-06-24 00:00:00-05:00,5.210000038146973
2024-06-25 00:00:00-05:00,5.2230000495910645
2024-06-26 00:00:00-05:00,5.230000019073486
2024-06-27 00:00:00-05:00,5.2230000495910645
2024-06-28 00:00:00-05:00,5.2129998207092285
2024-07-01 00:00:00-05:00,5.2179999351501465
2024-07-02 00:00:00-05:00,5.228000164031982
2024-07-03 00:00:00-05:00,5.230000019073486
2024-07-05 00:00:00-05:00,5.224999904632568
2024-07-08 00:00:00-05:00,5.2179999351501465
2024-07-09 00:00:00-05:00,5.224999904632568
2024-07-10 00:00:00-05:00,5.224999904632568
2024-07-11 00:00:00-05:00,5.197999954223633
2024-07-12 00:00:00-05:00,5.197999954223633
2024-07-15 00:00:00-05:00,5.192999839782715
2024-07-16 00:00:00-05:00,5.192999839782715
2024-07-17 00:00:00-05:00,5.195000171661377
2024-07-18 00:00:00-05:00,5.192999839782715
2024-07-19 00:00:00-05:00,5.192999839782715
2024-07-22 00:00:00-05:00,5.190000057220459
2024-07-23 00:00:00-05:00,5.172999858856201
2024-07-24 00:00:00-05:00,5.170000076293945
2024-07-25 00:00:00-05:00,5.159999847412109
2024-07-26 00:00:00-05:00,5.15500020980835
2024-07-29 00:00:00-05:00,5.146999835968018
2024-07-30 00:00:00-05:00,5.135000228881836
2024-07-31 00:00:00-05:00,5.135000228881836
2024-08-01 00:00:00-05:00,5.114999771118164
2024-08-02 00:00:00-05:00,5.03000020980835
2024-08-05 00:00:00-05:00,5.059999942779541
2024-08-06 00:00:00-05:00,5.079999923706055
2024-08-07 00:00:00-05:00,5.079999923706055
2024-08-08 00:00:00-05:00,5.083000183105469
2024-08-09 00:00:00-05:00,5.074999809265137
2024-08-12 00:00:00-05:00,5.072999954223633
2024-08-13 00:00:00-05:00,5.052999973297119
2024-08-14 00:00:00-05:00,5.063000202178955
2024-08-15 00:00:00-05:00,5.079999923706055
2024-08-16 00:00:00-05:00,5.074999809265137
2024-08-19 00:00:00-05:00,5.063000202178955
2024-08-20 00:00:00-05:00,5.0329999923706055
2024-08-21 00:00:00-05:00,5.005000114440918
2024-08-22 00:00:00-05:00,5.025000095367432
2024-08-23 00:00:00-05:00,5.0
2024-08-26 00:00:00-05:00,4.998000144958496
2024-08-27 00:00:00-05:00,4.9679999351501465
2024-08-28 00:00:00-05:00,4.954999923706055
2024-08-29 00:00:00-05:00,4.965000152587891
2024-08-30 00:00:00-05:00,4.9679999351501465
2024-09-03 00:00:00-05:00,4.96999979019165
2024-09-04 00:00:00-05:00,4.947999954223633
2024-09-05 00:00:00-05:00,4.932000160217285
2024-09-06 00:00:00-05:00,4.9079999923706055
2024-09-09 00:00:00-05:00,4.894999980926514
2024-09-10 00:00:00-05:00,4.835000038146973
2024-09-11 00:00:00-05:00,4.875
2024-09-12 00:00:00-05:00,4.840000152587891
2024-09-13 00:00:00-05:00,4.763000011444092
2024-09-16 00:00:00-05:00,4.744999885559082
2024-09-17 00:00:00-05:00,4.735000133514404
2024-09-18 00:00:00-05:00,4.614999771118164
2024-09-19 00:00:00-05:00,4.5929999351501465
2024-09-20 00:00:00-05:00,4.545000076293945
2024-09-23 00:00:00-05:00,4.502999782562256
2024-09-24 00:00:00-05:00,4.494999885559082
2024-09-25 00:00:00-05:00,4.486999988555908
2024-09-26 00:00:00-05:00,4.4679999351501465
2024-09-27 00:00:00-05:00,4.48199987411499
2024-09-30 00:00:00-05:00,4.498000144958496
2024-10-01 00:00:00-05:00,4.48199987411499
2024-10-02 00:00:00-05:00,4.4730000495910645
2024-10-03 00:00:00-05:00,4.465000152587891
2024-10-04 00:00:00-05:00,4.505000114440918
2024-10-07 00:00:00-05:00,4.525000095367432
2024-10-08 00:00:00-05:00,4.5279998779296875
2024-10-09 00:00:00-05:00,4.534999847412109
2024-10-10 00:00:00-05:00,4.53000020980835
2024-10-11 00:00:00-05:00,4.514999866485596
2024-10-14 00:00:00-05:00,4.51800012588501
2024-10-15 00:00:00-05:00,4.514999866485596
2024-10-16 00:00:00-05:00,4.502999782562256
2024-10-17 00:00:00-05:00,4.514999866485596
2024-10-18 00:00:00-05:00,4.513000011444092
2024-10-21 00:00:00-05:00,4.51800012588501
2024-10-22 00:00:00-05:00,4.5
2024-10-23 00:00:00-05:00,4.505000114440918
2024-10-24 00:00:00-05:00,4.486999988555908
2024-10-25 00:00:00-05:00,4.510000228881836
2024-10-28 00:00:00-05:00,4.48199987411499
2024-10-29 00:00:00-05:00,4.480000019073486
2024-10-30 00:00:00-05:00,4.4629998207092285
