Date,^TNX
2017-11-09 00:00:00-06:00,2.3310000896453857
2017-11-10 00:00:00-06:00,2.4000000953674316
2017-11-13 00:00:00-06:00,2.4000000953674316
2017-11-14 00:00:00-06:00,2.38100004196167
2017-11-15 00:00:00-06:00,2.3350000381469727
2017-11-16 00:00:00-06:00,2.3610000610351562
2017-11-17 00:00:00-06:00,2.3540000915527344
2017-11-20 00:00:00-06:00,2.371999979019165
2017-11-21 00:00:00-06:00,2.36299991607666
2017-11-22 00:00:00-06:00,2.322000026702881
2017-11-24 00:00:00-06:00,2.3399999141693115
2017-11-27 00:00:00-06:00,2.328000068664551
2017-11-28 00:00:00-06:00,2.3380000591278076
2017-11-29 00:00:00-06:00,2.375999927520752
2017-11-30 00:00:00-06:00,2.4170000553131104
2017-12-01 00:00:00-06:00,2.361999988555908
2017-12-04 00:00:00-06:00,2.378999948501587
2017-12-05 00:00:00-06:00,2.3559999465942383
2017-12-06 00:00:00-06:00,2.3299999237060547
2017-12-07 00:00:00-06:00,2.375999927520752
2017-12-08 00:00:00-06:00,2.382999897003174
2017-12-11 00:00:00-06:00,2.384999990463257
2017-12-12 00:00:00-06:00,2.4030001163482666
2017-12-13 00:00:00-06:00,2.3489999771118164
2017-12-14 00:00:00-06:00,2.3459999561309814
2017-12-15 00:00:00-06:00,2.3550000190734863
2017-12-18 00:00:00-06:00,2.3919999599456787
2017-12-19 00:00:00-06:00,2.4630000591278076
2017-12-20 00:00:00-06:00,2.496999979019165
2017-12-21 00:00:00-06:00,2.4809999465942383
2017-12-22 00:00:00-06:00,2.484999895095825
2017-12-26 00:00:00-06:00,2.4670000076293945
2017-12-27 00:00:00-06:00,2.4140000343322754
2017-12-28 00:00:00-06:00,2.431999921798706
2017-12-29 00:00:00-06:00,2.4049999713897705
2018-01-02 00:00:00-06:00,2.4649999141693115
2018-01-03 00:00:00-06:00,2.447000026702881
2018-01-04 00:00:00-06:00,2.453000068664551
2018-01-05 00:00:00-06:00,2.4760000705718994
2018-01-08 00:00:00-06:00,2.4800000190734863
2018-01-09 00:00:00-06:00,2.5460000038146973
2018-01-10 00:00:00-06:00,2.549999952316284
2018-01-11 00:00:00-06:00,2.5309998989105225
2018-01-12 00:00:00-06:00,2.552000045776367
2018-01-16 00:00:00-06:00,2.5439999103546143
2018-01-17 00:00:00-06:00,2.578000068664551
2018-01-18 00:00:00-06:00,2.6110000610351562
2018-01-19 00:00:00-06:00,2.63700008392334
2018-01-22 00:00:00-06:00,2.6649999618530273
2018-01-23 00:00:00-06:00,2.624000072479248
2018-01-24 00:00:00-06:00,2.6540000438690186
2018-01-25 00:00:00-06:00,2.621000051498413
2018-01-26 00:00:00-06:00,2.6619999408721924
2018-01-29 00:00:00-06:00,2.6989998817443848
2018-01-30 00:00:00-06:00,2.7260000705718994
2018-01-31 00:00:00-06:00,2.7200000286102295
2018-02-01 00:00:00-06:00,2.7730000019073486
2018-02-02 00:00:00-06:00,2.8540000915527344
2018-02-05 00:00:00-06:00,2.7939999103546143
2018-02-06 00:00:00-06:00,2.7679998874664307
2018-02-07 00:00:00-06:00,2.8440001010894775
2018-02-08 00:00:00-06:00,2.8510000705718994
2018-02-09 00:00:00-06:00,2.8289999961853027
2018-02-12 00:00:00-06:00,2.8570001125335693
2018-02-13 00:00:00-06:00,2.8399999141693115
2018-02-14 00:00:00-06:00,2.9130001068115234
2018-02-15 00:00:00-06:00,2.8910000324249268
2018-02-16 00:00:00-06:00,2.877000093460083
2018-02-20 00:00:00-06:00,2.8929998874664307
2018-02-21 00:00:00-06:00,2.943000078201294
2018-02-22 00:00:00-06:00,2.9170000553131104
2018-02-23 00:00:00-06:00,2.871000051498413
2018-02-26 00:00:00-06:00,2.8589999675750732
2018-02-27 00:00:00-06:00,2.9079999923706055
2018-02-28 00:00:00-06:00,2.868000030517578
2018-03-01 00:00:00-06:00,2.803999900817871
2018-03-02 00:00:00-06:00,2.8570001125335693
2018-03-05 00:00:00-06:00,2.88100004196167
2018-03-06 00:00:00-06:00,2.877000093460083
2018-03-07 00:00:00-06:00,2.882999897003174
2018-03-08 00:00:00-06:00,2.865999937057495
2018-03-09 00:00:00-06:00,2.8940000534057617
2018-03-12 00:00:00-05:00,2.869999885559082
2018-03-13 00:00:00-05:00,2.8480000495910645
2018-03-14 00:00:00-05:00,2.816999912261963
2018-03-15 00:00:00-05:00,2.8259999752044678
2018-03-16 00:00:00-05:00,2.8480000495910645
2018-03-19 00:00:00-05:00,2.8450000286102295
2018-03-20 00:00:00-05:00,2.878999948501587
2018-03-21 00:00:00-05:00,2.9070000648498535
2018-03-22 00:00:00-05:00,2.8320000171661377
2018-03-23 00:00:00-05:00,2.8299999237060547
2018-03-26 00:00:00-05:00,2.8429999351501465
2018-03-27 00:00:00-05:00,2.7860000133514404
2018-03-28 00:00:00-05:00,2.7750000953674316
2018-03-29 00:00:00-05:00,2.740999937057495
2018-04-02 00:00:00-05:00,2.7320001125335693
2018-04-03 00:00:00-05:00,2.7839999198913574
2018-04-04 00:00:00-05:00,2.7880001068115234
2018-04-05 00:00:00-05:00,2.8320000171661377
2018-04-06 00:00:00-05:00,2.7750000953674316
2018-04-09 00:00:00-05:00,2.7860000133514404
2018-04-10 00:00:00-05:00,2.796999931335449
2018-04-11 00:00:00-05:00,2.7899999618530273
2018-04-12 00:00:00-05:00,2.8340001106262207
2018-04-13 00:00:00-05:00,2.8289999961853027
2018-04-16 00:00:00-05:00,2.8320000171661377
2018-04-17 00:00:00-05:00,2.813999891281128
2018-04-18 00:00:00-05:00,2.867000102996826
2018-04-19 00:00:00-05:00,2.9140000343322754
2018-04-20 00:00:00-05:00,2.9509999752044678
2018-04-23 00:00:00-05:00,2.9730000495910645
2018-04-24 00:00:00-05:00,2.9830000400543213
2018-04-25 00:00:00-05:00,3.0239999294281006
2018-04-26 00:00:00-05:00,2.990000009536743
2018-04-27 00:00:00-05:00,2.9570000171661377
2018-04-30 00:00:00-05:00,2.936000108718872
2018-05-01 00:00:00-05:00,2.9760000705718994
2018-05-02 00:00:00-05:00,2.9639999866485596
2018-05-03 00:00:00-05:00,2.946000099182129
2018-05-04 00:00:00-05:00,2.944000005722046
2018-05-07 00:00:00-05:00,2.950000047683716
2018-05-08 00:00:00-05:00,2.9690001010894775
2018-05-09 00:00:00-05:00,3.003999948501587
2018-05-10 00:00:00-05:00,2.9709999561309814
2018-05-11 00:00:00-05:00,2.9709999561309814
2018-05-14 00:00:00-05:00,2.994999885559082
2018-05-15 00:00:00-05:00,3.0799999237060547
2018-05-16 00:00:00-05:00,3.0950000286102295
2018-05-17 00:00:00-05:00,3.1089999675750732
2018-05-18 00:00:00-05:00,3.066999912261963
2018-05-21 00:00:00-05:00,3.065000057220459
2018-05-22 00:00:00-05:00,3.065000057220459
2018-05-23 00:00:00-05:00,3.003000020980835
2018-05-24 00:00:00-05:00,2.9809999465942383
2018-05-25 00:00:00-05:00,2.930999994277954
2018-05-29 00:00:00-05:00,2.7679998874664307
2018-05-30 00:00:00-05:00,2.8420000076293945
2018-05-31 00:00:00-05:00,2.822000026702881
2018-06-01 00:00:00-05:00,2.8949999809265137
2018-06-04 00:00:00-05:00,2.937000036239624
2018-06-05 00:00:00-05:00,2.9189999103546143
2018-06-06 00:00:00-05:00,2.9749999046325684
2018-06-07 00:00:00-05:00,2.933000087738037
2018-06-08 00:00:00-05:00,2.937000036239624
2018-06-11 00:00:00-05:00,2.9570000171661377
2018-06-12 00:00:00-05:00,2.9570000171661377
2018-06-13 00:00:00-05:00,2.9769999980926514
2018-06-14 00:00:00-05:00,2.946000099182129
2018-06-15 00:00:00-05:00,2.9240000247955322
2018-06-18 00:00:00-05:00,2.9260001182556152
2018-06-19 00:00:00-05:00,2.8929998874664307
2018-06-20 00:00:00-05:00,2.927999973297119
2018-06-21 00:00:00-05:00,2.8970000743865967
2018-06-22 00:00:00-05:00,2.9000000953674316
2018-06-25 00:00:00-05:00,2.875
2018-06-26 00:00:00-05:00,2.880000114440918
2018-06-27 00:00:00-05:00,2.8269999027252197
2018-06-28 00:00:00-05:00,2.8469998836517334
2018-06-29 00:00:00-05:00,2.8489999771118164
2018-07-02 00:00:00-05:00,2.865999937057495
2018-07-03 00:00:00-05:00,2.8380000591278076
2018-07-05 00:00:00-05:00,2.8399999141693115
2018-07-06 00:00:00-05:00,2.8310000896453857
2018-07-09 00:00:00-05:00,2.859999895095825
2018-07-10 00:00:00-05:00,2.872999906539917
2018-07-11 00:00:00-05:00,2.8420000076293945
2018-07-12 00:00:00-05:00,2.8529999256134033
2018-07-13 00:00:00-05:00,2.8310000896453857
2018-07-16 00:00:00-05:00,2.8580000400543213
2018-07-17 00:00:00-05:00,2.864000082015991
2018-07-18 00:00:00-05:00,2.875
2018-07-19 00:00:00-05:00,2.8469998836517334
2018-07-20 00:00:00-05:00,2.8949999809265137
2018-07-23 00:00:00-05:00,2.9649999141693115
2018-07-24 00:00:00-05:00,2.9489998817443848
2018-07-25 00:00:00-05:00,2.936000108718872
2018-07-26 00:00:00-05:00,2.9749999046325684
2018-07-27 00:00:00-05:00,2.9600000381469727
2018-07-30 00:00:00-05:00,2.9749999046325684
2018-07-31 00:00:00-05:00,2.9639999866485596
2018-08-01 00:00:00-05:00,3.003000020980835
2018-08-02 00:00:00-05:00,2.9860000610351562
2018-08-03 00:00:00-05:00,2.953000068664551
2018-08-06 00:00:00-05:00,2.937999963760376
2018-08-07 00:00:00-05:00,2.9730000495910645
2018-08-08 00:00:00-05:00,2.9709999561309814
2018-08-09 00:00:00-05:00,2.934999942779541
2018-08-10 00:00:00-05:00,2.8570001125335693
2018-08-13 00:00:00-05:00,2.877000093460083
2018-08-14 00:00:00-05:00,2.8949999809265137
2018-08-15 00:00:00-05:00,2.8519999980926514
2018-08-16 00:00:00-05:00,2.871000051498413
2018-08-17 00:00:00-05:00,2.872999906539917
2018-08-20 00:00:00-05:00,2.822999954223633
2018-08-21 00:00:00-05:00,2.8440001010894775
2018-08-22 00:00:00-05:00,2.822999954223633
2018-08-23 00:00:00-05:00,2.821000099182129
2018-08-24 00:00:00-05:00,2.8259999752044678
2018-08-27 00:00:00-05:00,2.8480000495910645
2018-08-28 00:00:00-05:00,2.884000062942505
2018-08-29 00:00:00-05:00,2.884000062942505
2018-08-30 00:00:00-05:00,2.859999895095825
2018-08-31 00:00:00-05:00,2.8529999256134033
2018-09-04 00:00:00-05:00,2.9019999504089355
2018-09-05 00:00:00-05:00,2.9019999504089355
2018-09-06 00:00:00-05:00,2.878999948501587
2018-09-07 00:00:00-05:00,2.941999912261963
2018-09-10 00:00:00-05:00,2.937000036239624
2018-09-11 00:00:00-05:00,2.9769999980926514
2018-09-12 00:00:00-05:00,2.9630000591278076
2018-09-13 00:00:00-05:00,2.9630000591278076
2018-09-14 00:00:00-05:00,2.99399995803833
2018-09-17 00:00:00-05:00,3.000999927520752
2018-09-18 00:00:00-05:00,3.0480000972747803
2018-09-19 00:00:00-05:00,3.0829999446868896
2018-09-20 00:00:00-05:00,3.078000068664551
2018-09-21 00:00:00-05:00,3.068000078201294
2018-09-24 00:00:00-05:00,3.078000068664551
2018-09-25 00:00:00-05:00,3.1019999980926514
2018-09-26 00:00:00-05:00,3.061000108718872
2018-09-27 00:00:00-05:00,3.055999994277954
2018-09-28 00:00:00-05:00,3.055999994277954
2018-10-01 00:00:00-05:00,3.0799999237060547
2018-10-02 00:00:00-05:00,3.055999994277954
2018-10-03 00:00:00-05:00,3.1610000133514404
2018-10-04 00:00:00-05:00,3.197000026702881
2018-10-05 00:00:00-05:00,3.2249999046325684
2018-10-08 00:00:00-05:00,3.2330000400543213
2018-10-09 00:00:00-05:00,3.2079999446868896
2018-10-10 00:00:00-05:00,3.2249999046325684
2018-10-11 00:00:00-05:00,3.132999897003174
2018-10-12 00:00:00-05:00,3.1410000324249268
2018-10-15 00:00:00-05:00,3.1630001068115234
2018-10-16 00:00:00-05:00,3.1559998989105225
2018-10-17 00:00:00-05:00,3.178999900817871
2018-10-18 00:00:00-05:00,3.174999952316284
2018-10-19 00:00:00-05:00,3.197999954223633
2018-10-22 00:00:00-05:00,3.196000099182129
2018-10-23 00:00:00-05:00,3.1659998893737793
2018-10-24 00:00:00-05:00,3.124000072479248
2018-10-25 00:00:00-05:00,3.135999917984009
2018-10-26 00:00:00-05:00,3.0769999027252197
2018-10-29 00:00:00-05:00,3.0869998931884766
2018-10-30 00:00:00-05:00,3.109999895095825
2018-10-31 00:00:00-05:00,3.1589999198913574
2018-11-01 00:00:00-05:00,3.1440000534057617
2018-11-02 00:00:00-05:00,3.2139999866485596
2018-11-05 00:00:00-06:00,3.2009999752044678
2018-11-06 00:00:00-06:00,3.2139999866485596
2018-11-07 00:00:00-06:00,3.2130000591278076
2018-11-08 00:00:00-06:00,3.2339999675750732
2018-11-09 00:00:00-06:00,3.188999891281128
2018-11-12 00:00:00-06:00,3.186000108718872
2018-11-13 00:00:00-06:00,3.1449999809265137
2018-11-14 00:00:00-06:00,3.119999885559082
2018-11-15 00:00:00-06:00,3.118000030517578
2018-11-16 00:00:00-06:00,3.0739998817443848
2018-11-19 00:00:00-06:00,3.056999921798706
2018-11-20 00:00:00-06:00,3.0480000972747803
2018-11-21 00:00:00-06:00,3.061000108718872
2018-11-23 00:00:00-06:00,3.053999900817871
2018-11-26 00:00:00-06:00,3.072000026702881
2018-11-27 00:00:00-06:00,3.055000066757202
2018-11-28 00:00:00-06:00,3.0439999103546143
2018-11-29 00:00:00-06:00,3.0350000858306885
2018-11-30 00:00:00-06:00,3.013000011444092
2018-12-03 00:00:00-06:00,2.992000102996826
2018-12-04 00:00:00-06:00,2.9240000247955322
2018-12-06 00:00:00-06:00,2.875999927520752
2018-12-07 00:00:00-06:00,2.8499999046325684
2018-12-10 00:00:00-06:00,2.8559999465942383
2018-12-11 00:00:00-06:00,2.878999948501587
2018-12-12 00:00:00-06:00,2.9059998989105225
2018-12-13 00:00:00-06:00,2.9110000133514404
2018-12-14 00:00:00-06:00,2.8910000324249268
2018-12-17 00:00:00-06:00,2.8570001125335693
2018-12-18 00:00:00-06:00,2.825000047683716
2018-12-19 00:00:00-06:00,2.7780001163482666
2018-12-20 00:00:00-06:00,2.7890000343322754
2018-12-21 00:00:00-06:00,2.7920000553131104
2018-12-24 00:00:00-06:00,2.749000072479248
2018-12-26 00:00:00-06:00,2.796999931335449
2018-12-27 00:00:00-06:00,2.743000030517578
2018-12-28 00:00:00-06:00,2.7360000610351562
2018-12-31 00:00:00-06:00,2.686000108718872
2019-01-02 00:00:00-06:00,2.6610000133514404
2019-01-03 00:00:00-06:00,2.553999900817871
2019-01-04 00:00:00-06:00,2.6589999198913574
2019-01-07 00:00:00-06:00,2.681999921798706
2019-01-08 00:00:00-06:00,2.7160000801086426
2019-01-09 00:00:00-06:00,2.7279999256134033
2019-01-10 00:00:00-06:00,2.7309999465942383
2019-01-11 00:00:00-06:00,2.7009999752044678
2019-01-14 00:00:00-06:00,2.7100000381469727
2019-01-15 00:00:00-06:00,2.7109999656677246
2019-01-16 00:00:00-06:00,2.7309999465942383
2019-01-17 00:00:00-06:00,2.749000072479248
2019-01-18 00:00:00-06:00,2.7839999198913574
2019-01-22 00:00:00-06:00,2.7300000190734863
2019-01-23 00:00:00-06:00,2.755000114440918
2019-01-24 00:00:00-06:00,2.7119998931884766
2019-01-25 00:00:00-06:00,2.753000020980835
2019-01-28 00:00:00-06:00,2.74399995803833
2019-01-29 00:00:00-06:00,2.7119998931884766
2019-01-30 00:00:00-06:00,2.694999933242798
2019-01-31 00:00:00-06:00,2.634999990463257
2019-02-01 00:00:00-06:00,2.690999984741211
2019-02-04 00:00:00-06:00,2.7239999771118164
2019-02-05 00:00:00-06:00,2.7019999027252197
2019-02-06 00:00:00-06:00,2.7019999027252197
2019-02-07 00:00:00-06:00,2.6519999504089355
2019-02-08 00:00:00-06:00,2.631999969482422
2019-02-11 00:00:00-06:00,2.6610000133514404
2019-02-12 00:00:00-06:00,2.684000015258789
2019-02-13 00:00:00-06:00,2.7079999446868896
2019-02-14 00:00:00-06:00,2.6570000648498535
2019-02-15 00:00:00-06:00,2.6659998893737793
2019-02-19 00:00:00-06:00,2.6470000743865967
2019-02-20 00:00:00-06:00,2.6540000438690186
2019-02-21 00:00:00-06:00,2.687999963760376
2019-02-22 00:00:00-06:00,2.6549999713897705
2019-02-25 00:00:00-06:00,2.6730000972747803
2019-02-26 00:00:00-06:00,2.635999917984009
2019-02-27 00:00:00-06:00,2.693000078201294
2019-02-28 00:00:00-06:00,2.7109999656677246
2019-03-01 00:00:00-06:00,2.755000114440918
2019-03-04 00:00:00-06:00,2.7219998836517334
2019-03-05 00:00:00-06:00,2.7219998836517334
2019-03-06 00:00:00-06:00,2.691999912261963
2019-03-07 00:00:00-06:00,2.635999917984009
2019-03-08 00:00:00-06:00,2.625
2019-03-11 00:00:00-05:00,2.6429998874664307
2019-03-12 00:00:00-05:00,2.6050000190734863
2019-03-13 00:00:00-05:00,2.6110000610351562
2019-03-14 00:00:00-05:00,2.630000114440918
2019-03-15 00:00:00-05:00,2.5929999351501465
2019-03-18 00:00:00-05:00,2.6019999980926514
2019-03-19 00:00:00-05:00,2.614000082015991
2019-03-20 00:00:00-05:00,2.5350000858306885
2019-03-21 00:00:00-05:00,2.5369999408721924
2019-03-22 00:00:00-05:00,2.4549999237060547
2019-03-25 00:00:00-05:00,2.4200000762939453
2019-03-26 00:00:00-05:00,2.4140000343322754
2019-03-27 00:00:00-05:00,2.374000072479248
2019-03-28 00:00:00-05:00,2.3889999389648438
2019-03-29 00:00:00-05:00,2.4140000343322754
2019-04-01 00:00:00-05:00,2.496999979019165
2019-04-02 00:00:00-05:00,2.4809999465942383
2019-04-03 00:00:00-05:00,2.5169999599456787
2019-04-04 00:00:00-05:00,2.51200008392334
2019-04-05 00:00:00-05:00,2.500999927520752
2019-04-08 00:00:00-05:00,2.5190000534057617
2019-04-09 00:00:00-05:00,2.499000072479248
2019-04-10 00:00:00-05:00,2.4769999980926514
2019-04-11 00:00:00-05:00,2.503999948501587
2019-04-12 00:00:00-05:00,2.559999942779541
2019-04-15 00:00:00-05:00,2.552999973297119
2019-04-16 00:00:00-05:00,2.5920000076293945
2019-04-17 00:00:00-05:00,2.5920000076293945
2019-04-18 00:00:00-05:00,2.559999942779541
2019-04-22 00:00:00-05:00,2.5899999141693115
2019-04-23 00:00:00-05:00,2.569999933242798
2019-04-24 00:00:00-05:00,2.5220000743865967
2019-04-25 00:00:00-05:00,2.5339999198913574
2019-04-26 00:00:00-05:00,2.505000114440918
2019-04-29 00:00:00-05:00,2.5360000133514404
2019-04-30 00:00:00-05:00,2.509000062942505
2019-05-01 00:00:00-05:00,2.510999917984009
2019-05-02 00:00:00-05:00,2.552000045776367
2019-05-03 00:00:00-05:00,2.5309998989105225
2019-05-06 00:00:00-05:00,2.5
2019-05-07 00:00:00-05:00,2.447999954223633
2019-05-08 00:00:00-05:00,2.4820001125335693
2019-05-09 00:00:00-05:00,2.4570000171661377
2019-05-10 00:00:00-05:00,2.4549999237060547
2019-05-13 00:00:00-05:00,2.4049999713897705
2019-05-14 00:00:00-05:00,2.4189999103546143
2019-05-15 00:00:00-05:00,2.378999948501587
2019-05-16 00:00:00-05:00,2.4049999713897705
2019-05-17 00:00:00-05:00,2.3929998874664307
2019-05-20 00:00:00-05:00,2.4159998893737793
2019-05-21 00:00:00-05:00,2.4260001182556152
2019-05-22 00:00:00-05:00,2.3929998874664307
2019-05-23 00:00:00-05:00,2.2960000038146973
2019-05-24 00:00:00-05:00,2.3239998817443848
2019-05-28 00:00:00-05:00,2.2679998874664307
2019-05-29 00:00:00-05:00,2.2360000610351562
2019-05-30 00:00:00-05:00,2.2269999980926514
2019-05-31 00:00:00-05:00,2.1419999599456787
2019-06-03 00:00:00-05:00,2.0810000896453857
2019-06-04 00:00:00-05:00,2.11899995803833
2019-06-05 00:00:00-05:00,2.122999906539917
2019-06-06 00:00:00-05:00,2.124000072479248
2019-06-07 00:00:00-05:00,2.0840001106262207
2019-06-10 00:00:00-05:00,2.1429998874664307
2019-06-11 00:00:00-05:00,2.140000104904175
2019-06-12 00:00:00-05:00,2.127000093460083
2019-06-13 00:00:00-05:00,2.0910000801086426
2019-06-14 00:00:00-05:00,2.0929999351501465
2019-06-17 00:00:00-05:00,2.0859999656677246
2019-06-18 00:00:00-05:00,2.059999942779541
2019-06-19 00:00:00-05:00,2.0290000438690186
2019-06-20 00:00:00-05:00,2.000999927520752
2019-06-21 00:00:00-05:00,2.068000078201294
2019-06-24 00:00:00-05:00,2.0209999084472656
2019-06-25 00:00:00-05:00,1.99399995803833
2019-06-26 00:00:00-05:00,2.0490000247955322
2019-06-27 00:00:00-05:00,2.005000114440918
2019-06-28 00:00:00-05:00,2.0
2019-07-01 00:00:00-05:00,2.0339999198913574
2019-07-02 00:00:00-05:00,1.9759999513626099
2019-07-03 00:00:00-05:00,1.9529999494552612
2019-07-05 00:00:00-05:00,2.0480000972747803
2019-07-08 00:00:00-05:00,2.0339999198913574
2019-07-09 00:00:00-05:00,2.053999900817871
2019-07-10 00:00:00-05:00,2.061000108718872
2019-07-11 00:00:00-05:00,2.119999885559082
2019-07-12 00:00:00-05:00,2.1059999465942383
2019-07-15 00:00:00-05:00,2.0920000076293945
2019-07-16 00:00:00-05:00,2.121999979019165
2019-07-17 00:00:00-05:00,2.061000108718872
2019-07-18 00:00:00-05:00,2.0380001068115234
2019-07-19 00:00:00-05:00,2.0480000972747803
2019-07-22 00:00:00-05:00,2.0429999828338623
2019-07-23 00:00:00-05:00,2.0739998817443848
2019-07-24 00:00:00-05:00,2.049999952316284
2019-07-25 00:00:00-05:00,2.0739998817443848
2019-07-26 00:00:00-05:00,2.0810000896453857
2019-07-29 00:00:00-05:00,2.055000066757202
2019-07-30 00:00:00-05:00,2.061000108718872
2019-07-31 00:00:00-05:00,2.0209999084472656
2019-08-01 00:00:00-05:00,1.8940000534057617
2019-08-02 00:00:00-05:00,1.8550000190734863
2019-08-05 00:00:00-05:00,1.7350000143051147
2019-08-06 00:00:00-05:00,1.7389999628067017
2019-08-07 00:00:00-05:00,1.684000015258789
2019-08-08 00:00:00-05:00,1.715999960899353
2019-08-09 00:00:00-05:00,1.7339999675750732
2019-08-12 00:00:00-05:00,1.6390000581741333
2019-08-13 00:00:00-05:00,1.6799999475479126
2019-08-14 00:00:00-05:00,1.5809999704360962
2019-08-15 00:00:00-05:00,1.5290000438690186
2019-08-16 00:00:00-05:00,1.5390000343322754
2019-08-19 00:00:00-05:00,1.5980000495910645
2019-08-20 00:00:00-05:00,1.5609999895095825
2019-08-21 00:00:00-05:00,1.5770000219345093
2019-08-22 00:00:00-05:00,1.6100000143051147
2019-08-23 00:00:00-05:00,1.527999997138977
2019-08-26 00:00:00-05:00,1.5449999570846558
2019-08-27 00:00:00-05:00,1.4900000095367432
2019-08-28 00:00:00-05:00,1.465999960899353
2019-08-29 00:00:00-05:00,1.5160000324249268
2019-08-30 00:00:00-05:00,1.50600004196167
2019-09-03 00:00:00-05:00,1.465999960899353
2019-09-04 00:00:00-05:00,1.4589999914169312
2019-09-05 00:00:00-05:00,1.565000057220459
2019-09-06 00:00:00-05:00,1.5499999523162842
2019-09-09 00:00:00-05:00,1.621999979019165
2019-09-10 00:00:00-05:00,1.7020000219345093
2019-09-11 00:00:00-05:00,1.7330000400543213
2019-09-12 00:00:00-05:00,1.7910000085830688
2019-09-13 00:00:00-05:00,1.902999997138977
2019-09-16 00:00:00-05:00,1.840999960899353
2019-09-17 00:00:00-05:00,1.812000036239624
2019-09-18 00:00:00-05:00,1.7860000133514404
2019-09-19 00:00:00-05:00,1.7740000486373901
2019-09-20 00:00:00-05:00,1.7549999952316284
2019-09-23 00:00:00-05:00,1.7079999446868896
2019-09-24 00:00:00-05:00,1.6349999904632568
2019-09-25 00:00:00-05:00,1.7319999933242798
2019-09-26 00:00:00-05:00,1.684999942779541
2019-09-27 00:00:00-05:00,1.6749999523162842
2019-09-30 00:00:00-05:00,1.6749999523162842
2019-10-01 00:00:00-05:00,1.6440000534057617
2019-10-02 00:00:00-05:00,1.5959999561309814
2019-10-03 00:00:00-05:00,1.5360000133514404
2019-10-04 00:00:00-05:00,1.5149999856948853
2019-10-07 00:00:00-05:00,1.5529999732971191
2019-10-08 00:00:00-05:00,1.5369999408721924
2019-10-09 00:00:00-05:00,1.5889999866485596
2019-10-10 00:00:00-05:00,1.6579999923706055
2019-10-11 00:00:00-05:00,1.7519999742507935
2019-10-14 00:00:00-05:00,1.7330000400543213
2019-10-15 00:00:00-05:00,1.7710000276565552
2019-10-16 00:00:00-05:00,1.7480000257492065
2019-10-17 00:00:00-05:00,1.7569999694824219
2019-10-18 00:00:00-05:00,1.746999979019165
2019-10-21 00:00:00-05:00,1.7920000553131104
2019-10-22 00:00:00-05:00,1.7680000066757202
2019-10-23 00:00:00-05:00,1.7589999437332153
2019-10-24 00:00:00-05:00,1.7660000324249268
2019-10-25 00:00:00-05:00,1.8009999990463257
2019-10-28 00:00:00-05:00,1.8530000448226929
2019-10-29 00:00:00-05:00,1.8350000381469727
2019-10-30 00:00:00-05:00,1.7979999780654907
2019-10-31 00:00:00-05:00,1.690999984741211
2019-11-01 00:00:00-05:00,1.7280000448226929
2019-11-04 00:00:00-06:00,1.7860000133514404
2019-11-05 00:00:00-06:00,1.8660000562667847
2019-11-06 00:00:00-06:00,1.8140000104904175
2019-11-07 00:00:00-06:00,1.9259999990463257
2019-11-08 00:00:00-06:00,1.9329999685287476
2019-11-11 00:00:00-06:00,1.9429999589920044
2019-11-12 00:00:00-06:00,1.909000039100647
2019-11-13 00:00:00-06:00,1.8700000047683716
2019-11-14 00:00:00-06:00,1.815000057220459
2019-11-15 00:00:00-06:00,1.8339999914169312
2019-11-18 00:00:00-06:00,1.8079999685287476
2019-11-19 00:00:00-06:00,1.7860000133514404
2019-11-20 00:00:00-06:00,1.7380000352859497
2019-11-21 00:00:00-06:00,1.7719999551773071
2019-11-22 00:00:00-06:00,1.7740000486373901
2019-11-25 00:00:00-06:00,1.7640000581741333
2019-11-26 00:00:00-06:00,1.7400000095367432
2019-11-27 00:00:00-06:00,1.7669999599456787
2019-11-29 00:00:00-06:00,1.7760000228881836
2019-12-02 00:00:00-06:00,1.8359999656677246
2019-12-03 00:00:00-06:00,1.7089999914169312
2019-12-04 00:00:00-06:00,1.781000018119812
2019-12-05 00:00:00-06:00,1.7970000505447388
2019-12-06 00:00:00-06:00,1.8420000076293945
2019-12-09 00:00:00-06:00,1.8289999961853027
2019-12-10 00:00:00-06:00,1.8329999446868896
2019-12-11 00:00:00-06:00,1.7899999618530273
2019-12-12 00:00:00-06:00,1.8969999551773071
2019-12-13 00:00:00-06:00,1.819000005722046
2019-12-16 00:00:00-06:00,1.8919999599456787
2019-12-17 00:00:00-06:00,1.8890000581741333
2019-12-18 00:00:00-06:00,1.9240000247955322
2019-12-19 00:00:00-06:00,1.9079999923706055
2019-12-20 00:00:00-06:00,1.9170000553131104
2019-12-23 00:00:00-06:00,1.934999942779541
2019-12-24 00:00:00-06:00,1.909999966621399
2019-12-26 00:00:00-06:00,1.9049999713897705
2019-12-27 00:00:00-06:00,1.8739999532699585
2019-12-30 00:00:00-06:00,1.8949999809265137
2019-12-31 00:00:00-06:00,1.9190000295639038
2020-01-02 00:00:00-06:00,1.8819999694824219
2020-01-03 00:00:00-06:00,1.7879999876022339
2020-01-06 00:00:00-06:00,1.8109999895095825
2020-01-07 00:00:00-06:00,1.8270000219345093
2020-01-08 00:00:00-06:00,1.8739999532699585
2020-01-09 00:00:00-06:00,1.8580000400543213
2020-01-10 00:00:00-06:00,1.8250000476837158
2020-01-13 00:00:00-06:00,1.8480000495910645
2020-01-14 00:00:00-06:00,1.8179999589920044
2020-01-15 00:00:00-06:00,1.7879999876022339
2020-01-16 00:00:00-06:00,1.809000015258789
2020-01-17 00:00:00-06:00,1.8359999656677246
2020-01-21 00:00:00-06:00,1.7690000534057617
2020-01-22 00:00:00-06:00,1.7690000534057617
2020-01-23 00:00:00-06:00,1.7400000095367432
2020-01-24 00:00:00-06:00,1.680999994277954
2020-01-27 00:00:00-06:00,1.6050000190734863
2020-01-28 00:00:00-06:00,1.6410000324249268
2020-01-29 00:00:00-06:00,1.593999981880188
2020-01-30 00:00:00-06:00,1.5579999685287476
2020-01-31 00:00:00-06:00,1.5199999809265137
2020-02-03 00:00:00-06:00,1.5199999809265137
2020-02-04 00:00:00-06:00,1.6030000448226929
2020-02-05 00:00:00-06:00,1.6490000486373901
2020-02-06 00:00:00-06:00,1.6440000534057617
2020-02-07 00:00:00-06:00,1.5779999494552612
2020-02-10 00:00:00-06:00,1.5470000505447388
2020-02-11 00:00:00-06:00,1.590000033378601
2020-02-12 00:00:00-06:00,1.6299999952316284
2020-02-13 00:00:00-06:00,1.6169999837875366
2020-02-14 00:00:00-06:00,1.5880000591278076
2020-02-18 00:00:00-06:00,1.555999994277954
2020-02-19 00:00:00-06:00,1.5700000524520874
2020-02-20 00:00:00-06:00,1.524999976158142
2020-02-21 00:00:00-06:00,1.4709999561309814
2020-02-24 00:00:00-06:00,1.3769999742507935
2020-02-25 00:00:00-06:00,1.3300000429153442
2020-02-26 00:00:00-06:00,1.309999942779541
2020-02-27 00:00:00-06:00,1.2990000247955322
2020-02-28 00:00:00-06:00,1.1269999742507935
2020-03-02 00:00:00-06:00,1.0880000591278076
2020-03-03 00:00:00-06:00,1.0099999904632568
2020-03-04 00:00:00-06:00,0.9919999837875366
2020-03-05 00:00:00-06:00,0.9259999990463257
2020-03-06 00:00:00-06:00,0.7059999704360962
2020-03-09 00:00:00-05:00,0.49900001287460327
2020-03-10 00:00:00-05:00,0.7480000257492065
2020-03-11 00:00:00-05:00,0.8199999928474426
2020-03-12 00:00:00-05:00,0.8489999771118164
2020-03-13 00:00:00-05:00,0.9509999752044678
2020-03-16 00:00:00-05:00,0.7279999852180481
2020-03-17 00:00:00-05:00,0.996999979019165
2020-03-18 00:00:00-05:00,1.2660000324249268
2020-03-19 00:00:00-05:00,1.11899995803833
2020-03-20 00:00:00-05:00,0.9380000233650208
2020-03-23 00:00:00-05:00,0.7639999985694885
2020-03-24 00:00:00-05:00,0.8159999847412109
2020-03-25 00:00:00-05:00,0.8579999804496765
2020-03-26 00:00:00-05:00,0.8109999895095825
2020-03-27 00:00:00-05:00,0.7490000128746033
2020-03-30 00:00:00-05:00,0.6700000166893005
2020-03-31 00:00:00-05:00,0.6980000138282776
2020-04-01 00:00:00-05:00,0.6349999904632568
2020-04-02 00:00:00-05:00,0.6269999742507935
2020-04-03 00:00:00-05:00,0.5870000123977661
2020-04-06 00:00:00-05:00,0.6759999990463257
2020-04-07 00:00:00-05:00,0.7360000014305115
2020-04-08 00:00:00-05:00,0.7639999985694885
2020-04-09 00:00:00-05:00,0.7289999723434448
2020-04-13 00:00:00-05:00,0.7490000128746033
2020-04-14 00:00:00-05:00,0.7519999742507935
2020-04-15 00:00:00-05:00,0.6380000114440918
2020-04-16 00:00:00-05:00,0.609000027179718
2020-04-17 00:00:00-05:00,0.6539999842643738
2020-04-20 00:00:00-05:00,0.6259999871253967
2020-04-21 00:00:00-05:00,0.5709999799728394
2020-04-22 00:00:00-05:00,0.6190000176429749
2020-04-23 00:00:00-05:00,0.6129999756813049
2020-04-24 00:00:00-05:00,0.5960000157356262
2020-04-27 00:00:00-05:00,0.656000018119812
2020-04-28 00:00:00-05:00,0.6100000143051147
2020-04-29 00:00:00-05:00,0.6269999742507935
2020-04-30 00:00:00-05:00,0.621999979019165
2020-05-01 00:00:00-05:00,0.6420000195503235
2020-05-04 00:00:00-05:00,0.6370000243186951
2020-05-05 00:00:00-05:00,0.6570000052452087
2020-05-06 00:00:00-05:00,0.7110000252723694
2020-05-07 00:00:00-05:00,0.6309999823570251
2020-05-08 00:00:00-05:00,0.6819999814033508
2020-05-11 00:00:00-05:00,0.7260000109672546
2020-05-12 00:00:00-05:00,0.6779999732971191
2020-05-13 00:00:00-05:00,0.6489999890327454
2020-05-14 00:00:00-05:00,0.6190000176429749
2020-05-15 00:00:00-05:00,0.6399999856948853
2020-05-18 00:00:00-05:00,0.7440000176429749
2020-05-19 00:00:00-05:00,0.7110000252723694
2020-05-20 00:00:00-05:00,0.6800000071525574
2020-05-21 00:00:00-05:00,0.6769999861717224
2020-05-22 00:00:00-05:00,0.6570000052452087
2020-05-26 00:00:00-05:00,0.6980000138282776
2020-05-27 00:00:00-05:00,0.6800000071525574
2020-05-28 00:00:00-05:00,0.7049999833106995
2020-05-29 00:00:00-05:00,0.6480000019073486
2020-06-01 00:00:00-05:00,0.6620000004768372
2020-06-02 00:00:00-05:00,0.6800000071525574
2020-06-03 00:00:00-05:00,0.7609999775886536
2020-06-04 00:00:00-05:00,0.8199999928474426
2020-06-05 00:00:00-05:00,0.9039999842643738
2020-06-08 00:00:00-05:00,0.8840000033378601
2020-06-09 00:00:00-05:00,0.8289999961853027
2020-06-10 00:00:00-05:00,0.7480000257492065
2020-06-11 00:00:00-05:00,0.652999997138977
2020-06-12 00:00:00-05:00,0.6990000009536743
2020-06-15 00:00:00-05:00,0.7020000219345093
2020-06-16 00:00:00-05:00,0.7559999823570251
2020-06-17 00:00:00-05:00,0.7329999804496765
2020-06-18 00:00:00-05:00,0.6940000057220459
2020-06-19 00:00:00-05:00,0.6970000267028809
2020-06-22 00:00:00-05:00,0.7039999961853027
2020-06-23 00:00:00-05:00,0.7089999914169312
2020-06-24 00:00:00-05:00,0.6840000152587891
2020-06-25 00:00:00-05:00,0.6740000247955322
2020-06-26 00:00:00-05:00,0.6359999775886536
2020-06-29 00:00:00-05:00,0.6359999775886536
2020-06-30 00:00:00-05:00,0.652999997138977
2020-07-01 00:00:00-05:00,0.6819999814033508
2020-07-02 00:00:00-05:00,0.6690000295639038
2020-07-06 00:00:00-05:00,0.6840000152587891
2020-07-07 00:00:00-05:00,0.6499999761581421
2020-07-08 00:00:00-05:00,0.652999997138977
2020-07-09 00:00:00-05:00,0.6050000190734863
2020-07-10 00:00:00-05:00,0.6330000162124634
2020-07-13 00:00:00-05:00,0.6399999856948853
2020-07-14 00:00:00-05:00,0.6150000095367432
2020-07-15 00:00:00-05:00,0.6299999952316284
2020-07-16 00:00:00-05:00,0.6119999885559082
2020-07-17 00:00:00-05:00,0.628000020980835
2020-07-20 00:00:00-05:00,0.6200000047683716
2020-07-21 00:00:00-05:00,0.6069999933242798
2020-07-22 00:00:00-05:00,0.5950000286102295
2020-07-23 00:00:00-05:00,0.5820000171661377
2020-07-24 00:00:00-05:00,0.5889999866485596
2020-07-27 00:00:00-05:00,0.609000027179718
2020-07-28 00:00:00-05:00,0.5809999704360962
2020-07-29 00:00:00-05:00,0.5789999961853027
2020-07-30 00:00:00-05:00,0.5410000085830688
2020-07-31 00:00:00-05:00,0.5360000133514404
2020-08-03 00:00:00-05:00,0.5630000233650208
2020-08-04 00:00:00-05:00,0.5149999856948853
2020-08-05 00:00:00-05:00,0.5429999828338623
2020-08-06 00:00:00-05:00,0.5360000133514404
2020-08-07 00:00:00-05:00,0.5619999766349792
2020-08-10 00:00:00-05:00,0.5740000009536743
2020-08-11 00:00:00-05:00,0.6579999923706055
2020-08-12 00:00:00-05:00,0.6700000166893005
2020-08-13 00:00:00-05:00,0.7160000205039978
2020-08-14 00:00:00-05:00,0.7089999914169312
2020-08-17 00:00:00-05:00,0.6830000281333923
2020-08-18 00:00:00-05:00,0.6690000295639038
2020-08-19 00:00:00-05:00,0.675000011920929
2020-08-20 00:00:00-05:00,0.6439999938011169
2020-08-21 00:00:00-05:00,0.6399999856948853
2020-08-24 00:00:00-05:00,0.6460000276565552
2020-08-25 00:00:00-05:00,0.6819999814033508
2020-08-26 00:00:00-05:00,0.6869999766349792
2020-08-27 00:00:00-05:00,0.7459999918937683
2020-08-28 00:00:00-05:00,0.7289999723434448
2020-08-31 00:00:00-05:00,0.6930000185966492
2020-09-01 00:00:00-05:00,0.671999990940094
2020-09-02 00:00:00-05:00,0.6510000228881836
2020-09-03 00:00:00-05:00,0.621999979019165
2020-09-04 00:00:00-05:00,0.7210000157356262
2020-09-08 00:00:00-05:00,0.6840000152587891
2020-09-09 00:00:00-05:00,0.703000009059906
2020-09-10 00:00:00-05:00,0.6850000023841858
2020-09-11 00:00:00-05:00,0.6690000295639038
2020-09-14 00:00:00-05:00,0.6710000038146973
2020-09-15 00:00:00-05:00,0.6790000200271606
2020-09-16 00:00:00-05:00,0.6869999766349792
2020-09-17 00:00:00-05:00,0.6840000152587891
2020-09-18 00:00:00-05:00,0.6940000057220459
2020-09-21 00:00:00-05:00,0.6710000038146973
2020-09-22 00:00:00-05:00,0.6639999747276306
2020-09-23 00:00:00-05:00,0.6759999990463257
2020-09-24 00:00:00-05:00,0.6660000085830688
2020-09-25 00:00:00-05:00,0.6589999794960022
2020-09-28 00:00:00-05:00,0.6629999876022339
2020-09-29 00:00:00-05:00,0.6449999809265137
2020-09-30 00:00:00-05:00,0.6769999861717224
2020-10-01 00:00:00-05:00,0.6769999861717224
2020-10-02 00:00:00-05:00,0.6959999799728394
2020-10-05 00:00:00-05:00,0.7620000243186951
2020-10-06 00:00:00-05:00,0.7419999837875366
2020-10-07 00:00:00-05:00,0.7850000262260437
2020-10-08 00:00:00-05:00,0.7649999856948853
2020-10-09 00:00:00-05:00,0.7749999761581421
2020-10-12 00:00:00-05:00,0.7770000100135803
2020-10-13 00:00:00-05:00,0.7269999980926514
2020-10-14 00:00:00-05:00,0.722000002861023
2020-10-15 00:00:00-05:00,0.7310000061988831
2020-10-16 00:00:00-05:00,0.7440000176429749
2020-10-19 00:00:00-05:00,0.7609999775886536
2020-10-20 00:00:00-05:00,0.796999990940094
2020-10-21 00:00:00-05:00,0.8159999847412109
2020-10-22 00:00:00-05:00,0.8479999899864197
2020-10-23 00:00:00-05:00,0.8410000205039978
2020-10-26 00:00:00-05:00,0.8009999990463257
2020-10-27 00:00:00-05:00,0.777999997138977
2020-10-28 00:00:00-05:00,0.781000018119812
2020-10-29 00:00:00-05:00,0.8349999785423279
2020-10-30 00:00:00-05:00,0.8600000143051147
2020-11-02 00:00:00-06:00,0.8489999771118164
2020-11-03 00:00:00-06:00,0.8820000290870667
2020-11-04 00:00:00-06:00,0.7680000066757202
2020-11-05 00:00:00-06:00,0.7760000228881836
2020-11-06 00:00:00-06:00,0.8199999928474426
2020-11-09 00:00:00-06:00,0.9580000042915344
2020-11-10 00:00:00-06:00,0.972000002861023
2020-11-11 00:00:00-06:00,0.9580000042915344
2020-11-12 00:00:00-06:00,0.8849999904632568
2020-11-13 00:00:00-06:00,0.8930000066757202
2020-11-16 00:00:00-06:00,0.906000018119812
2020-11-17 00:00:00-06:00,0.871999979019165
2020-11-18 00:00:00-06:00,0.8820000290870667
2020-11-19 00:00:00-06:00,0.8539999723434448
2020-11-20 00:00:00-06:00,0.8289999961853027
2020-11-23 00:00:00-06:00,0.8569999933242798
2020-11-24 00:00:00-06:00,0.8820000290870667
2020-11-25 00:00:00-06:00,0.878000020980835
2020-11-27 00:00:00-06:00,0.8420000076293945
2020-11-30 00:00:00-06:00,0.843999981880188
2020-12-01 00:00:00-06:00,0.9340000152587891
2020-12-02 00:00:00-06:00,0.9480000138282776
2020-12-03 00:00:00-06:00,0.9200000166893005
2020-12-04 00:00:00-06:00,0.968999981880188
2020-12-07 00:00:00-06:00,0.9279999732971191
2020-12-08 00:00:00-06:00,0.9129999876022339
2020-12-09 00:00:00-06:00,0.9409999847412109
2020-12-10 00:00:00-06:00,0.9079999923706055
2020-12-11 00:00:00-06:00,0.8930000066757202
2020-12-14 00:00:00-06:00,0.8920000195503235
2020-12-15 00:00:00-06:00,0.9229999780654907
2020-12-16 00:00:00-06:00,0.9200000166893005
2020-12-17 00:00:00-06:00,0.9300000071525574
2020-12-18 00:00:00-06:00,0.9480000138282776
2020-12-21 00:00:00-06:00,0.9409999847412109
2020-12-22 00:00:00-06:00,0.9179999828338623
2020-12-23 00:00:00-06:00,0.9549999833106995
2020-12-24 00:00:00-06:00,0.9279999732971191
2020-12-28 00:00:00-06:00,0.9330000281333923
2020-12-29 00:00:00-06:00,0.9350000023841858
2020-12-30 00:00:00-06:00,0.9259999990463257
2020-12-31 00:00:00-06:00,0.9169999957084656
2021-01-04 00:00:00-06:00,0.9169999957084656
2021-01-05 00:00:00-06:00,0.9549999833106995
2021-01-06 00:00:00-06:00,1.0420000553131104
2021-01-07 00:00:00-06:00,1.0709999799728394
2021-01-08 00:00:00-06:00,1.1050000190734863
2021-01-11 00:00:00-06:00,1.1319999694824219
2021-01-12 00:00:00-06:00,1.1380000114440918
2021-01-13 00:00:00-06:00,1.0880000591278076
2021-01-14 00:00:00-06:00,1.128999948501587
2021-01-15 00:00:00-06:00,1.097000002861023
2021-01-19 00:00:00-06:00,1.0920000076293945
2021-01-20 00:00:00-06:00,1.090000033378601
2021-01-21 00:00:00-06:00,1.1089999675750732
2021-01-22 00:00:00-06:00,1.090999960899353
2021-01-25 00:00:00-06:00,1.0399999618530273
2021-01-26 00:00:00-06:00,1.0399999618530273
2021-01-27 00:00:00-06:00,1.0140000581741333
2021-01-28 00:00:00-06:00,1.0570000410079956
2021-01-29 00:00:00-06:00,1.093000054359436
2021-02-01 00:00:00-06:00,1.0770000219345093
2021-02-02 00:00:00-06:00,1.1050000190734863
2021-02-03 00:00:00-06:00,1.13100004196167
2021-02-04 00:00:00-06:00,1.1390000581741333
2021-02-05 00:00:00-06:00,1.1699999570846558
2021-02-08 00:00:00-06:00,1.159999966621399
2021-02-09 00:00:00-06:00,1.156999945640564
2021-02-10 00:00:00-06:00,1.1330000162124634
2021-02-11 00:00:00-06:00,1.1579999923706055
2021-02-12 00:00:00-06:00,1.2000000476837158
2021-02-16 00:00:00-06:00,1.2990000247955322
2021-02-17 00:00:00-06:00,1.3009999990463257
2021-02-18 00:00:00-06:00,1.2869999408721924
2021-02-19 00:00:00-06:00,1.3450000286102295
2021-02-22 00:00:00-06:00,1.3700000047683716
2021-02-23 00:00:00-06:00,1.3619999885559082
2021-02-24 00:00:00-06:00,1.3890000581741333
2021-02-25 00:00:00-06:00,1.5180000066757202
2021-02-26 00:00:00-06:00,1.4600000381469727
2021-03-01 00:00:00-06:00,1.4459999799728394
2021-03-02 00:00:00-06:00,1.4149999618530273
2021-03-03 00:00:00-06:00,1.4700000286102295
2021-03-04 00:00:00-06:00,1.5499999523162842
2021-03-05 00:00:00-06:00,1.5540000200271606
2021-03-08 00:00:00-06:00,1.5959999561309814
2021-03-09 00:00:00-06:00,1.5460000038146973
2021-03-10 00:00:00-06:00,1.5199999809265137
2021-03-11 00:00:00-06:00,1.5269999504089355
2021-03-12 00:00:00-06:00,1.6349999904632568
2021-03-15 00:00:00-05:00,1.6069999933242798
2021-03-16 00:00:00-05:00,1.621000051498413
2021-03-17 00:00:00-05:00,1.6410000324249268
2021-03-18 00:00:00-05:00,1.7300000190734863
2021-03-19 00:00:00-05:00,1.7319999933242798
2021-03-22 00:00:00-05:00,1.684000015258789
2021-03-23 00:00:00-05:00,1.6380000114440918
2021-03-24 00:00:00-05:00,1.6139999628067017
2021-03-25 00:00:00-05:00,1.6139999628067017
2021-03-26 00:00:00-05:00,1.659999966621399
2021-03-29 00:00:00-05:00,1.7209999561309814
2021-03-30 00:00:00-05:00,1.7259999513626099
2021-03-31 00:00:00-05:00,1.746000051498413
2021-04-01 00:00:00-05:00,1.6790000200271606
2021-04-05 00:00:00-05:00,1.7200000286102295
2021-04-06 00:00:00-05:00,1.656000018119812
2021-04-07 00:00:00-05:00,1.652999997138977
2021-04-08 00:00:00-05:00,1.6319999694824219
2021-04-09 00:00:00-05:00,1.6660000085830688
2021-04-12 00:00:00-05:00,1.6749999523162842
2021-04-13 00:00:00-05:00,1.6230000257492065
2021-04-14 00:00:00-05:00,1.6380000114440918
2021-04-15 00:00:00-05:00,1.5299999713897705
2021-04-16 00:00:00-05:00,1.5729999542236328
2021-04-19 00:00:00-05:00,1.6009999513626099
2021-04-20 00:00:00-05:00,1.562000036239624
2021-04-21 00:00:00-05:00,1.5640000104904175
2021-04-22 00:00:00-05:00,1.5540000200271606
2021-04-23 00:00:00-05:00,1.5670000314712524
2021-04-26 00:00:00-05:00,1.5700000524520874
2021-04-27 00:00:00-05:00,1.621999979019165
2021-04-28 00:00:00-05:00,1.6200000047683716
2021-04-29 00:00:00-05:00,1.6399999856948853
2021-04-30 00:00:00-05:00,1.63100004196167
2021-05-03 00:00:00-05:00,1.6069999933242798
2021-05-04 00:00:00-05:00,1.5920000076293945
2021-05-05 00:00:00-05:00,1.5839999914169312
2021-05-06 00:00:00-05:00,1.5609999895095825
2021-05-07 00:00:00-05:00,1.5770000219345093
2021-05-10 00:00:00-05:00,1.6019999980926514
2021-05-11 00:00:00-05:00,1.6239999532699585
2021-05-12 00:00:00-05:00,1.6950000524520874
2021-05-13 00:00:00-05:00,1.6679999828338623
2021-05-14 00:00:00-05:00,1.6349999904632568
2021-05-17 00:00:00-05:00,1.6399999856948853
2021-05-18 00:00:00-05:00,1.6419999599456787
2021-05-19 00:00:00-05:00,1.6829999685287476
2021-05-20 00:00:00-05:00,1.6339999437332153
2021-05-21 00:00:00-05:00,1.6319999694824219
2021-05-24 00:00:00-05:00,1.6080000400543213
2021-05-25 00:00:00-05:00,1.5640000104904175
2021-05-26 00:00:00-05:00,1.5740000009536743
2021-05-27 00:00:00-05:00,1.6100000143051147
2021-05-28 00:00:00-05:00,1.5809999704360962
2021-06-01 00:00:00-05:00,1.6150000095367432
2021-06-02 00:00:00-05:00,1.590999960899353
2021-06-03 00:00:00-05:00,1.625
2021-06-04 00:00:00-05:00,1.559999942779541
2021-06-07 00:00:00-05:00,1.569000005722046
2021-06-08 00:00:00-05:00,1.527999997138977
2021-06-09 00:00:00-05:00,1.4889999628067017
2021-06-10 00:00:00-05:00,1.4589999914169312
2021-06-11 00:00:00-05:00,1.4620000123977661
2021-06-14 00:00:00-05:00,1.5010000467300415
2021-06-15 00:00:00-05:00,1.4989999532699585
2021-06-16 00:00:00-05:00,1.569000005722046
2021-06-17 00:00:00-05:00,1.5110000371932983
2021-06-18 00:00:00-05:00,1.4500000476837158
2021-06-21 00:00:00-05:00,1.4839999675750732
2021-06-22 00:00:00-05:00,1.472000002861023
2021-06-23 00:00:00-05:00,1.4869999885559082
2021-06-24 00:00:00-05:00,1.4869999885559082
2021-06-25 00:00:00-05:00,1.5360000133514404
2021-06-28 00:00:00-05:00,1.4780000448226929
2021-06-29 00:00:00-05:00,1.4800000190734863
2021-06-30 00:00:00-05:00,1.4429999589920044
2021-07-01 00:00:00-05:00,1.4800000190734863
2021-07-02 00:00:00-05:00,1.430999994277954
2021-07-06 00:00:00-05:00,1.3700000047683716
2021-07-07 00:00:00-05:00,1.3209999799728394
2021-07-08 00:00:00-05:00,1.2879999876022339
2021-07-09 00:00:00-05:00,1.3559999465942383
2021-07-12 00:00:00-05:00,1.3630000352859497
2021-07-13 00:00:00-05:00,1.4149999618530273
2021-07-14 00:00:00-05:00,1.3559999465942383
2021-07-15 00:00:00-05:00,1.2970000505447388
2021-07-16 00:00:00-05:00,1.2999999523162842
2021-07-19 00:00:00-05:00,1.180999994277954
2021-07-20 00:00:00-05:00,1.2089999914169312
2021-07-21 00:00:00-05:00,1.2799999713897705
2021-07-22 00:00:00-05:00,1.2649999856948853
2021-07-23 00:00:00-05:00,1.2860000133514404
2021-07-26 00:00:00-05:00,1.2760000228881836
2021-07-27 00:00:00-05:00,1.2339999675750732
2021-07-28 00:00:00-05:00,1.2610000371932983
2021-07-29 00:00:00-05:00,1.2690000534057617
2021-07-30 00:00:00-05:00,1.2389999628067017
2021-08-02 00:00:00-05:00,1.1740000247955322
2021-08-03 00:00:00-05:00,1.1759999990463257
2021-08-04 00:00:00-05:00,1.184000015258789
2021-08-05 00:00:00-05:00,1.2170000076293945
2021-08-06 00:00:00-05:00,1.2899999618530273
2021-08-09 00:00:00-05:00,1.3170000314712524
2021-08-10 00:00:00-05:00,1.3420000076293945
2021-08-11 00:00:00-05:00,1.3289999961853027
2021-08-12 00:00:00-05:00,1.3669999837875366
2021-08-13 00:00:00-05:00,1.2970000505447388
2021-08-16 00:00:00-05:00,1.2569999694824219
2021-08-17 00:00:00-05:00,1.2580000162124634
2021-08-18 00:00:00-05:00,1.2730000019073486
2021-08-19 00:00:00-05:00,1.2419999837875366
2021-08-20 00:00:00-05:00,1.2599999904632568
2021-08-23 00:00:00-05:00,1.2549999952316284
2021-08-24 00:00:00-05:00,1.2899999618530273
2021-08-25 00:00:00-05:00,1.3420000076293945
2021-08-26 00:00:00-05:00,1.3420000076293945
2021-08-27 00:00:00-05:00,1.312000036239624
2021-08-30 00:00:00-05:00,1.284999966621399
2021-08-31 00:00:00-05:00,1.3040000200271606
2021-09-01 00:00:00-05:00,1.3020000457763672
2021-09-02 00:00:00-05:00,1.2940000295639038
2021-09-03 00:00:00-05:00,1.3220000267028809
2021-09-07 00:00:00-05:00,1.3700000047683716
2021-09-08 00:00:00-05:00,1.3339999914169312
2021-09-09 00:00:00-05:00,1.2990000247955322
2021-09-10 00:00:00-05:00,1.340999960899353
2021-09-13 00:00:00-05:00,1.3240000009536743
2021-09-14 00:00:00-05:00,1.2769999504089355
2021-09-15 00:00:00-05:00,1.3040000200271606
2021-09-16 00:00:00-05:00,1.3309999704360962
2021-09-17 00:00:00-05:00,1.3700000047683716
2021-09-20 00:00:00-05:00,1.309000015258789
2021-09-21 00:00:00-05:00,1.3240000009536743
2021-09-22 00:00:00-05:00,1.3359999656677246
2021-09-23 00:00:00-05:00,1.409999966621399
2021-09-24 00:00:00-05:00,1.4600000381469727
2021-09-27 00:00:00-05:00,1.4839999675750732
2021-09-28 00:00:00-05:00,1.534000039100647
2021-09-29 00:00:00-05:00,1.5410000085830688
2021-09-30 00:00:00-05:00,1.5290000438690186
2021-10-01 00:00:00-05:00,1.4789999723434448
2021-10-04 00:00:00-05:00,1.4809999465942383
2021-10-05 00:00:00-05:00,1.5290000438690186
2021-10-06 00:00:00-05:00,1.5240000486373901
2021-10-07 00:00:00-05:00,1.5709999799728394
2021-10-08 00:00:00-05:00,1.6050000190734863
2021-10-11 00:00:00-05:00,1.6139999628067017
2021-10-12 00:00:00-05:00,1.5800000429153442
2021-10-13 00:00:00-05:00,1.5490000247955322
2021-10-14 00:00:00-05:00,1.5190000534057617
2021-10-15 00:00:00-05:00,1.5759999752044678
2021-10-18 00:00:00-05:00,1.5839999914169312
2021-10-19 00:00:00-05:00,1.6349999904632568
2021-10-20 00:00:00-05:00,1.6360000371932983
2021-10-21 00:00:00-05:00,1.6759999990463257
2021-10-22 00:00:00-05:00,1.6549999713897705
2021-10-25 00:00:00-05:00,1.6349999904632568
2021-10-26 00:00:00-05:00,1.61899995803833
2021-10-27 00:00:00-05:00,1.5290000438690186
2021-10-28 00:00:00-05:00,1.5679999589920044
2021-10-29 00:00:00-05:00,1.5570000410079956
2021-11-01 00:00:00-05:00,1.5750000476837158
2021-11-02 00:00:00-05:00,1.5490000247955322
2021-11-03 00:00:00-05:00,1.5789999961853027
2021-11-04 00:00:00-05:00,1.5240000486373901
2021-11-05 00:00:00-05:00,1.4529999494552612
2021-11-08 00:00:00-06:00,1.496999979019165
2021-11-09 00:00:00-06:00,1.4320000410079956
2021-11-10 00:00:00-06:00,1.559999942779541
2021-11-11 00:00:00-06:00,1.559999942779541
2021-11-12 00:00:00-06:00,1.5820000171661377
2021-11-15 00:00:00-06:00,1.6230000257492065
2021-11-16 00:00:00-06:00,1.6339999437332153
2021-11-17 00:00:00-06:00,1.6039999723434448
2021-11-18 00:00:00-06:00,1.5889999866485596
2021-11-19 00:00:00-06:00,1.5360000133514404
2021-11-22 00:00:00-06:00,1.625
2021-11-23 00:00:00-06:00,1.6670000553131104
2021-11-24 00:00:00-06:00,1.6449999809265137
2021-11-26 00:00:00-06:00,1.4819999933242798
2021-11-29 00:00:00-06:00,1.5299999713897705
2021-11-30 00:00:00-06:00,1.4429999589920044
2021-12-01 00:00:00-06:00,1.434000015258789
2021-12-02 00:00:00-06:00,1.4479999542236328
2021-12-03 00:00:00-06:00,1.343000054359436
2021-12-06 00:00:00-06:00,1.434000015258789
2021-12-07 00:00:00-06:00,1.4800000190734863
2021-12-08 00:00:00-06:00,1.5089999437332153
2021-12-09 00:00:00-06:00,1.4869999885559082
2021-12-10 00:00:00-06:00,1.4889999628067017
2021-12-13 00:00:00-06:00,1.4240000247955322
2021-12-14 00:00:00-06:00,1.437999963760376
2021-12-15 00:00:00-06:00,1.4630000591278076
2021-12-16 00:00:00-06:00,1.4220000505447388
2021-12-17 00:00:00-06:00,1.4019999504089355
2021-12-20 00:00:00-06:00,1.4190000295639038
2021-12-21 00:00:00-06:00,1.4869999885559082
2021-12-22 00:00:00-06:00,1.4570000171661377
2021-12-23 00:00:00-06:00,1.4930000305175781
2021-12-27 00:00:00-06:00,1.4809999465942383
2021-12-28 00:00:00-06:00,1.4809999465942383
2021-12-29 00:00:00-06:00,1.5429999828338623
2021-12-30 00:00:00-06:00,1.5149999856948853
2021-12-31 00:00:00-06:00,1.5119999647140503
2022-01-03 00:00:00-06:00,1.628000020980835
2022-01-04 00:00:00-06:00,1.6679999828338623
2022-01-05 00:00:00-06:00,1.7050000429153442
2022-01-06 00:00:00-06:00,1.7330000400543213
2022-01-07 00:00:00-06:00,1.7710000276565552
2022-01-10 00:00:00-06:00,1.7799999713897705
2022-01-11 00:00:00-06:00,1.746000051498413
2022-01-12 00:00:00-06:00,1.725000023841858
2022-01-13 00:00:00-06:00,1.7109999656677246
2022-01-14 00:00:00-06:00,1.7719999551773071
2022-01-18 00:00:00-06:00,1.8650000095367432
2022-01-19 00:00:00-06:00,1.8270000219345093
2022-01-20 00:00:00-06:00,1.8329999446868896
2022-01-21 00:00:00-06:00,1.746999979019165
2022-01-24 00:00:00-06:00,1.7350000143051147
2022-01-25 00:00:00-06:00,1.7829999923706055
2022-01-26 00:00:00-06:00,1.8480000495910645
2022-01-27 00:00:00-06:00,1.8070000410079956
2022-01-28 00:00:00-06:00,1.781999945640564
2022-01-31 00:00:00-06:00,1.781999945640564
2022-02-01 00:00:00-06:00,1.7999999523162842
2022-02-02 00:00:00-06:00,1.7660000324249268
2022-02-03 00:00:00-06:00,1.8270000219345093
2022-02-04 00:00:00-06:00,1.9299999475479126
2022-02-07 00:00:00-06:00,1.9160000085830688
2022-02-08 00:00:00-06:00,1.9539999961853027
2022-02-09 00:00:00-06:00,1.9290000200271606
2022-02-10 00:00:00-06:00,2.0309998989105225
2022-02-11 00:00:00-06:00,1.9550000429153442
2022-02-14 00:00:00-06:00,1.996000051498413
2022-02-15 00:00:00-06:00,2.0450000762939453
2022-02-16 00:00:00-06:00,2.046999931335449
2022-02-17 00:00:00-06:00,1.972000002861023
2022-02-18 00:00:00-06:00,1.9320000410079956
2022-02-22 00:00:00-06:00,1.9479999542236328
2022-02-23 00:00:00-06:00,1.9769999980926514
2022-02-24 00:00:00-06:00,1.968999981880188
2022-02-25 00:00:00-06:00,1.9859999418258667
2022-02-28 00:00:00-06:00,1.8389999866485596
2022-03-01 00:00:00-06:00,1.7070000171661377
2022-03-02 00:00:00-06:00,1.8650000095367432
2022-03-03 00:00:00-06:00,1.843999981880188
2022-03-04 00:00:00-06:00,1.7239999771118164
2022-03-07 00:00:00-06:00,1.7510000467300415
2022-03-08 00:00:00-06:00,1.871999979019165
2022-03-09 00:00:00-06:00,1.9479999542236328
2022-03-10 00:00:00-06:00,2.010999917984009
2022-03-11 00:00:00-06:00,2.003999948501587
2022-03-14 00:00:00-05:00,2.140000104904175
2022-03-15 00:00:00-05:00,2.1600000858306885
2022-03-16 00:00:00-05:00,2.187999963760376
2022-03-17 00:00:00-05:00,2.191999912261963
2022-03-18 00:00:00-05:00,2.1480000019073486
2022-03-21 00:00:00-05:00,2.315000057220459
2022-03-22 00:00:00-05:00,2.372999906539917
2022-03-23 00:00:00-05:00,2.321000099182129
2022-03-24 00:00:00-05:00,2.3410000801086426
2022-03-25 00:00:00-05:00,2.492000102996826
2022-03-28 00:00:00-05:00,2.4769999980926514
2022-03-29 00:00:00-05:00,2.4000000953674316
2022-03-30 00:00:00-05:00,2.3580000400543213
2022-03-31 00:00:00-05:00,2.3269999027252197
2022-04-01 00:00:00-05:00,2.377000093460083
2022-04-04 00:00:00-05:00,2.4119999408721924
2022-04-05 00:00:00-05:00,2.555999994277954
2022-04-06 00:00:00-05:00,2.6089999675750732
2022-04-07 00:00:00-05:00,2.6519999504089355
2022-04-08 00:00:00-05:00,2.7130000591278076
2022-04-11 00:00:00-05:00,2.7799999713897705
2022-04-12 00:00:00-05:00,2.7249999046325684
2022-04-13 00:00:00-05:00,2.687000036239624
2022-04-14 00:00:00-05:00,2.828000068664551
2022-04-18 00:00:00-05:00,2.861999988555908
2022-04-19 00:00:00-05:00,2.9130001068115234
2022-04-20 00:00:00-05:00,2.8399999141693115
2022-04-21 00:00:00-05:00,2.9170000553131104
2022-04-22 00:00:00-05:00,2.9059998989105225
2022-04-25 00:00:00-05:00,2.8259999752044678
2022-04-26 00:00:00-05:00,2.7720000743865967
2022-04-27 00:00:00-05:00,2.818000078201294
2022-04-28 00:00:00-05:00,2.86299991607666
2022-04-29 00:00:00-05:00,2.88700008392334
2022-05-02 00:00:00-05:00,2.996000051498413
2022-05-03 00:00:00-05:00,2.9600000381469727
2022-05-04 00:00:00-05:00,2.9170000553131104
2022-05-05 00:00:00-05:00,3.065999984741211
2022-05-06 00:00:00-05:00,3.122999906539917
2022-05-09 00:00:00-05:00,3.0789999961853027
2022-05-10 00:00:00-05:00,2.993000030517578
2022-05-11 00:00:00-05:00,2.9210000038146973
2022-05-12 00:00:00-05:00,2.816999912261963
2022-05-13 00:00:00-05:00,2.934999942779541
2022-05-16 00:00:00-05:00,2.877000093460083
2022-05-17 00:00:00-05:00,2.9679999351501465
2022-05-18 00:00:00-05:00,2.885999917984009
2022-05-19 00:00:00-05:00,2.8550000190734863
2022-05-20 00:00:00-05:00,2.7869999408721924
2022-05-23 00:00:00-05:00,2.8589999675750732
2022-05-24 00:00:00-05:00,2.759999990463257
2022-05-25 00:00:00-05:00,2.749000072479248
2022-05-26 00:00:00-05:00,2.75600004196167
2022-05-27 00:00:00-05:00,2.743000030517578
2022-05-31 00:00:00-05:00,2.8440001010894775
2022-06-01 00:00:00-05:00,2.930999994277954
2022-06-02 00:00:00-05:00,2.9130001068115234
2022-06-03 00:00:00-05:00,2.9570000171661377
2022-06-06 00:00:00-05:00,3.0380001068115234
2022-06-07 00:00:00-05:00,2.9719998836517334
2022-06-08 00:00:00-05:00,3.0290000438690186
2022-06-09 00:00:00-05:00,3.0439999103546143
2022-06-10 00:00:00-05:00,3.1559998989105225
2022-06-13 00:00:00-05:00,3.365999937057495
2022-06-14 00:00:00-05:00,3.4830000400543213
2022-06-15 00:00:00-05:00,3.3949999809265137
2022-06-16 00:00:00-05:00,3.306999921798706
2022-06-17 00:00:00-05:00,3.239000082015991
2022-06-21 00:00:00-05:00,3.306999921798706
2022-06-22 00:00:00-05:00,3.1559998989105225
2022-06-23 00:00:00-05:00,3.068000078201294
2022-06-24 00:00:00-05:00,3.125
2022-06-27 00:00:00-05:00,3.194000005722046
2022-06-28 00:00:00-05:00,3.2060000896453857
2022-06-29 00:00:00-05:00,3.0929999351501465
2022-06-30 00:00:00-05:00,2.9719998836517334
2022-07-01 00:00:00-05:00,2.8889999389648438
2022-07-05 00:00:00-05:00,2.809000015258789
2022-07-06 00:00:00-05:00,2.9130001068115234
2022-07-07 00:00:00-05:00,3.007999897003174
2022-07-08 00:00:00-05:00,3.1010000705718994
2022-07-11 00:00:00-05:00,2.990999937057495
2022-07-12 00:00:00-05:00,2.9579999446868896
2022-07-13 00:00:00-05:00,2.9040000438690186
2022-07-14 00:00:00-05:00,2.9600000381469727
2022-07-15 00:00:00-05:00,2.930000066757202
2022-07-18 00:00:00-05:00,2.9600000381469727
2022-07-19 00:00:00-05:00,3.0190000534057617
2022-07-20 00:00:00-05:00,3.0360000133514404
2022-07-21 00:00:00-05:00,2.9100000858306885
2022-07-22 00:00:00-05:00,2.7829999923706055
2022-07-25 00:00:00-05:00,2.819999933242798
2022-07-26 00:00:00-05:00,2.7869999408721924
2022-07-27 00:00:00-05:00,2.7339999675750732
2022-07-28 00:00:00-05:00,2.680999994277954
2022-07-29 00:00:00-05:00,2.6419999599456787
2022-08-01 00:00:00-05:00,2.6059999465942383
2022-08-02 00:00:00-05:00,2.740999937057495
2022-08-03 00:00:00-05:00,2.747999906539917
2022-08-04 00:00:00-05:00,2.6760001182556152
2022-08-05 00:00:00-05:00,2.8399999141693115
2022-08-08 00:00:00-05:00,2.765000104904175
2022-08-09 00:00:00-05:00,2.796999931335449
2022-08-10 00:00:00-05:00,2.7860000133514404
2022-08-11 00:00:00-05:00,2.888000011444092
2022-08-12 00:00:00-05:00,2.8489999771118164
2022-08-15 00:00:00-05:00,2.7909998893737793
2022-08-16 00:00:00-05:00,2.8239998817443848
2022-08-17 00:00:00-05:00,2.8929998874664307
2022-08-18 00:00:00-05:00,2.880000114440918
2022-08-19 00:00:00-05:00,2.989000082015991
2022-08-22 00:00:00-05:00,3.0369999408721924
2022-08-23 00:00:00-05:00,3.053999900817871
2022-08-24 00:00:00-05:00,3.1059999465942383
2022-08-25 00:00:00-05:00,3.0260000228881836
2022-08-26 00:00:00-05:00,3.0350000858306885
2022-08-29 00:00:00-05:00,3.109999895095825
2022-08-30 00:00:00-05:00,3.109999895095825
2022-08-31 00:00:00-05:00,3.132999897003174
2022-09-01 00:00:00-05:00,3.265000104904175
2022-09-02 00:00:00-05:00,3.193000078201294
2022-09-06 00:00:00-05:00,3.3399999141693115
2022-09-07 00:00:00-05:00,3.265000104904175
2022-09-08 00:00:00-05:00,3.2920000553131104
2022-09-09 00:00:00-05:00,3.321000099182129
2022-09-12 00:00:00-05:00,3.361999988555908
2022-09-13 00:00:00-05:00,3.421999931335449
2022-09-14 00:00:00-05:00,3.4119999408721924
2022-09-15 00:00:00-05:00,3.4590001106262207
2022-09-16 00:00:00-05:00,3.447999954223633
2022-09-19 00:00:00-05:00,3.490000009536743
2022-09-20 00:00:00-05:00,3.571000099182129
2022-09-21 00:00:00-05:00,3.509999990463257
2022-09-22 00:00:00-05:00,3.7079999446868896
2022-09-23 00:00:00-05:00,3.697000026702881
2022-09-26 00:00:00-05:00,3.878000020980835
2022-09-27 00:00:00-05:00,3.9639999866485596
2022-09-28 00:00:00-05:00,3.7049999237060547
2022-09-29 00:00:00-05:00,3.746999979019165
2022-09-30 00:00:00-05:00,3.803999900817871
2022-10-03 00:00:00-05:00,3.6510000228881836
2022-10-04 00:00:00-05:00,3.617000102996826
2022-10-05 00:00:00-05:00,3.759000062942505
2022-10-06 00:00:00-05:00,3.8259999752044678
2022-10-07 00:00:00-05:00,3.882999897003174
2022-10-10 00:00:00-05:00,3.888000011444092
2022-10-11 00:00:00-05:00,3.938999891281128
2022-10-12 00:00:00-05:00,3.9019999504089355
2022-10-13 00:00:00-05:00,3.9519999027252197
2022-10-14 00:00:00-05:00,4.010000228881836
2022-10-17 00:00:00-05:00,4.014999866485596
2022-10-18 00:00:00-05:00,3.997999906539917
2022-10-19 00:00:00-05:00,4.126999855041504
2022-10-20 00:00:00-05:00,4.22599983215332
2022-10-21 00:00:00-05:00,4.2129998207092285
2022-10-24 00:00:00-05:00,4.234000205993652
2022-10-25 00:00:00-05:00,4.107999801635742
2022-10-26 00:00:00-05:00,4.014999866485596
2022-10-27 00:00:00-05:00,3.937000036239624
2022-10-28 00:00:00-05:00,4.010000228881836
2022-10-31 00:00:00-05:00,4.077000141143799
2022-11-01 00:00:00-05:00,4.052000045776367
2022-11-02 00:00:00-05:00,4.059000015258789
2022-11-03 00:00:00-05:00,4.124000072479248
2022-11-04 00:00:00-05:00,4.156000137329102
2022-11-07 00:00:00-06:00,4.214000225067139
2022-11-08 00:00:00-06:00,4.125999927520752
2022-11-09 00:00:00-06:00,4.151000022888184
2022-11-10 00:00:00-06:00,3.8289999961853027
2022-11-11 00:00:00-06:00,3.812999963760376
2022-11-14 00:00:00-06:00,3.865000009536743
2022-11-15 00:00:00-06:00,3.7990000247955322
2022-11-16 00:00:00-06:00,3.691999912261963
2022-11-17 00:00:00-06:00,3.7750000953674316
2022-11-18 00:00:00-06:00,3.818000078201294
2022-11-21 00:00:00-06:00,3.825000047683716
2022-11-22 00:00:00-06:00,3.757999897003174
2022-11-23 00:00:00-06:00,3.7060000896453857
2022-11-25 00:00:00-06:00,3.690999984741211
2022-11-28 00:00:00-06:00,3.703000068664551
2022-11-29 00:00:00-06:00,3.747999906539917
2022-11-30 00:00:00-06:00,3.703000068664551
2022-12-01 00:00:00-06:00,3.5290000438690186
2022-12-02 00:00:00-06:00,3.50600004196167
2022-12-05 00:00:00-06:00,3.5989999771118164
2022-12-06 00:00:00-06:00,3.513000011444092
2022-12-07 00:00:00-06:00,3.4079999923706055
2022-12-08 00:00:00-06:00,3.490999937057495
2022-12-09 00:00:00-06:00,3.566999912261963
2022-12-12 00:00:00-06:00,3.6110000610351562
2022-12-13 00:00:00-06:00,3.500999927520752
2022-12-14 00:00:00-06:00,3.503000020980835
2022-12-15 00:00:00-06:00,3.450000047683716
2022-12-16 00:00:00-06:00,3.4820001125335693
2022-12-19 00:00:00-06:00,3.5810000896453857
2022-12-20 00:00:00-06:00,3.684000015258789
2022-12-21 00:00:00-06:00,3.684000015258789
2022-12-22 00:00:00-06:00,3.6689999103546143
2022-12-23 00:00:00-06:00,3.750999927520752
2022-12-27 00:00:00-06:00,3.859999895095825
2022-12-28 00:00:00-06:00,3.88700008392334
2022-12-29 00:00:00-06:00,3.8350000381469727
2022-12-30 00:00:00-06:00,3.878999948501587
2023-01-03 00:00:00-06:00,3.7929999828338623
2023-01-04 00:00:00-06:00,3.7090001106262207
2023-01-05 00:00:00-06:00,3.7200000286102295
2023-01-06 00:00:00-06:00,3.569000005722046
2023-01-09 00:00:00-06:00,3.5169999599456787
2023-01-10 00:00:00-06:00,3.621000051498413
2023-01-11 00:00:00-06:00,3.553999900817871
2023-01-12 00:00:00-06:00,3.4489998817443848
2023-01-13 00:00:00-06:00,3.510999917984009
2023-01-17 00:00:00-06:00,3.5350000858306885
2023-01-18 00:00:00-06:00,3.375
2023-01-19 00:00:00-06:00,3.3970000743865967
2023-01-20 00:00:00-06:00,3.4839999675750732
2023-01-23 00:00:00-06:00,3.5250000953674316
2023-01-24 00:00:00-06:00,3.4690001010894775
2023-01-25 00:00:00-06:00,3.4619998931884766
2023-01-26 00:00:00-06:00,3.493000030517578
2023-01-27 00:00:00-06:00,3.5179998874664307
2023-01-30 00:00:00-06:00,3.5510001182556152
2023-01-31 00:00:00-06:00,3.5290000438690186
2023-02-01 00:00:00-06:00,3.3970000743865967
2023-02-02 00:00:00-06:00,3.3959999084472656
2023-02-03 00:00:00-06:00,3.5320000648498535
2023-02-06 00:00:00-06:00,3.634000062942505
2023-02-07 00:00:00-06:00,3.6740000247955322
2023-02-08 00:00:00-06:00,3.6530001163482666
2023-02-09 00:00:00-06:00,3.683000087738037
2023-02-10 00:00:00-06:00,3.74399995803833
2023-02-13 00:00:00-06:00,3.7170000076293945
2023-02-14 00:00:00-06:00,3.760999917984009
2023-02-15 00:00:00-06:00,3.809000015258789
2023-02-16 00:00:00-06:00,3.8429999351501465
2023-02-17 00:00:00-06:00,3.828000068664551
2023-02-21 00:00:00-06:00,3.9549999237060547
2023-02-22 00:00:00-06:00,3.9230000972747803
2023-02-23 00:00:00-06:00,3.878999948501587
2023-02-24 00:00:00-06:00,3.9489998817443848
2023-02-27 00:00:00-06:00,3.921999931335449
2023-02-28 00:00:00-06:00,3.9159998893737793
2023-03-01 00:00:00-06:00,3.99399995803833
2023-03-02 00:00:00-06:00,4.072999954223633
2023-03-03 00:00:00-06:00,3.9639999866485596
2023-03-06 00:00:00-06:00,3.9830000400543213
2023-03-07 00:00:00-06:00,3.9749999046325684
2023-03-08 00:00:00-06:00,3.9760000705718994
2023-03-09 00:00:00-06:00,3.924999952316284
2023-03-10 00:00:00-06:00,3.694999933242798
2023-03-13 00:00:00-05:00,3.515000104904175
2023-03-14 00:00:00-05:00,3.638000011444092
2023-03-15 00:00:00-05:00,3.492000102996826
2023-03-16 00:00:00-05:00,3.5850000381469727
2023-03-17 00:00:00-05:00,3.3949999809265137
2023-03-20 00:00:00-05:00,3.4809999465942383
2023-03-21 00:00:00-05:00,3.6059999465942383
2023-03-22 00:00:00-05:00,3.5
2023-03-23 00:00:00-05:00,3.4059998989105225
2023-03-24 00:00:00-05:00,3.380000114440918
2023-03-27 00:00:00-05:00,3.5280001163482666
2023-03-28 00:00:00-05:00,3.563999891281128
2023-03-29 00:00:00-05:00,3.565999984741211
2023-03-30 00:00:00-05:00,3.5510001182556152
2023-03-31 00:00:00-05:00,3.49399995803833
2023-04-03 00:00:00-05:00,3.430000066757202
2023-04-04 00:00:00-05:00,3.3369998931884766
2023-04-05 00:00:00-05:00,3.2869999408721924
2023-04-06 00:00:00-05:00,3.2880001068115234
2023-04-10 00:00:00-05:00,3.4149999618530273
2023-04-11 00:00:00-05:00,3.434000015258789
2023-04-12 00:00:00-05:00,3.4210000038146973
2023-04-13 00:00:00-05:00,3.4519999027252197
2023-04-14 00:00:00-05:00,3.5220000743865967
2023-04-17 00:00:00-05:00,3.5910000801086426
2023-04-18 00:00:00-05:00,3.572000026702881
2023-04-19 00:00:00-05:00,3.6019999980926514
2023-04-20 00:00:00-05:00,3.5450000762939453
2023-04-21 00:00:00-05:00,3.569999933242798
2023-04-24 00:00:00-05:00,3.515000104904175
2023-04-25 00:00:00-05:00,3.3959999084472656
2023-04-26 00:00:00-05:00,3.431999921798706
2023-04-27 00:00:00-05:00,3.5280001163482666
2023-04-28 00:00:00-05:00,3.4519999027252197
2023-05-01 00:00:00-05:00,3.5739998817443848
2023-05-02 00:00:00-05:00,3.438999891281128
2023-05-03 00:00:00-05:00,3.4030001163482666
2023-05-04 00:00:00-05:00,3.3510000705718994
2023-05-05 00:00:00-05:00,3.446000099182129
2023-05-08 00:00:00-05:00,3.5209999084472656
2023-05-09 00:00:00-05:00,3.5209999084472656
2023-05-10 00:00:00-05:00,3.438999891281128
2023-05-11 00:00:00-05:00,3.3970000743865967
2023-05-12 00:00:00-05:00,3.4630000591278076
2023-05-15 00:00:00-05:00,3.507999897003174
2023-05-16 00:00:00-05:00,3.5490000247955322
2023-05-17 00:00:00-05:00,3.5810000896453857
2023-05-18 00:00:00-05:00,3.6480000019073486
2023-05-19 00:00:00-05:00,3.691999912261963
2023-05-22 00:00:00-05:00,3.7190001010894775
2023-05-23 00:00:00-05:00,3.697999954223633
2023-05-24 00:00:00-05:00,3.7190001010894775
2023-05-25 00:00:00-05:00,3.813999891281128
2023-05-26 00:00:00-05:00,3.809999942779541
2023-05-30 00:00:00-05:00,3.700000047683716
2023-05-31 00:00:00-05:00,3.63700008392334
2023-06-01 00:00:00-05:00,3.6080000400543213
2023-06-02 00:00:00-05:00,3.690999984741211
2023-06-05 00:00:00-05:00,3.693000078201294
2023-06-06 00:00:00-05:00,3.6989998817443848
2023-06-07 00:00:00-05:00,3.7839999198913574
2023-06-08 00:00:00-05:00,3.7139999866485596
2023-06-09 00:00:00-05:00,3.744999885559082
2023-06-12 00:00:00-05:00,3.765000104904175
2023-06-13 00:00:00-05:00,3.8389999866485596
2023-06-14 00:00:00-05:00,3.7960000038146973
2023-06-15 00:00:00-05:00,3.7279999256134033
2023-06-16 00:00:00-05:00,3.7690000534057617
2023-06-20 00:00:00-05:00,3.7290000915527344
2023-06-21 00:00:00-05:00,3.7230000495910645
2023-06-22 00:00:00-05:00,3.7990000247955322
2023-06-23 00:00:00-05:00,3.739000082015991
2023-06-26 00:00:00-05:00,3.7190001010894775
2023-06-27 00:00:00-05:00,3.7679998874664307
2023-06-28 00:00:00-05:00,3.7100000381469727
2023-06-29 00:00:00-05:00,3.8540000915527344
2023-06-30 00:00:00-05:00,3.819000005722046
2023-07-03 00:00:00-05:00,3.8580000400543213
2023-07-05 00:00:00-05:00,3.944999933242798
2023-07-06 00:00:00-05:00,4.040999889373779
2023-07-07 00:00:00-05:00,4.050000190734863
2023-07-10 00:00:00-05:00,4.00600004196167
2023-07-11 00:00:00-05:00,3.9800000190734863
2023-07-12 00:00:00-05:00,3.8610000610351562
2023-07-13 00:00:00-05:00,3.760999917984009
2023-07-14 00:00:00-05:00,3.819000005722046
2023-07-17 00:00:00-05:00,3.796999931335449
2023-07-18 00:00:00-05:00,3.7890000343322754
2023-07-19 00:00:00-05:00,3.742000102996826
2023-07-20 00:00:00-05:00,3.8540000915527344
2023-07-21 00:00:00-05:00,3.8369998931884766
2023-07-24 00:00:00-05:00,3.8570001125335693
2023-07-25 00:00:00-05:00,3.9119999408721924
2023-07-26 00:00:00-05:00,3.8510000705718994
2023-07-27 00:00:00-05:00,4.01200008392334
2023-07-28 00:00:00-05:00,3.9690001010894775
2023-07-31 00:00:00-05:00,3.9590001106262207
2023-08-01 00:00:00-05:00,4.051000118255615
2023-08-02 00:00:00-05:00,4.078000068664551
2023-08-03 00:00:00-05:00,4.189000129699707
2023-08-04 00:00:00-05:00,4.059999942779541
2023-08-07 00:00:00-05:00,4.078000068664551
2023-08-08 00:00:00-05:00,4.026000022888184
2023-08-09 00:00:00-05:00,4.01200008392334
2023-08-10 00:00:00-05:00,4.079999923706055
2023-08-11 00:00:00-05:00,4.168000221252441
2023-08-14 00:00:00-05:00,4.184000015258789
2023-08-15 00:00:00-05:00,4.2210001945495605
2023-08-16 00:00:00-05:00,4.257999897003174
2023-08-17 00:00:00-05:00,4.308000087738037
2023-08-18 00:00:00-05:00,4.250999927520752
2023-08-21 00:00:00-05:00,4.3420000076293945
2023-08-22 00:00:00-05:00,4.328000068664551
2023-08-23 00:00:00-05:00,4.197999954223633
2023-08-24 00:00:00-05:00,4.235000133514404
2023-08-25 00:00:00-05:00,4.238999843597412
2023-08-28 00:00:00-05:00,4.211999893188477
2023-08-29 00:00:00-05:00,4.122000217437744
2023-08-30 00:00:00-05:00,4.118000030517578
2023-08-31 00:00:00-05:00,4.0929999351501465
2023-09-01 00:00:00-05:00,4.172999858856201
2023-09-05 00:00:00-05:00,4.26800012588501
2023-09-06 00:00:00-05:00,4.289999961853027
2023-09-07 00:00:00-05:00,4.260000228881836
2023-09-08 00:00:00-05:00,4.257999897003174
2023-09-11 00:00:00-05:00,4.288000106811523
2023-09-12 00:00:00-05:00,4.263999938964844
2023-09-13 00:00:00-05:00,4.249000072479248
2023-09-14 00:00:00-05:00,4.288000106811523
2023-09-15 00:00:00-05:00,4.322000026702881
2023-09-18 00:00:00-05:00,4.318999767303467
2023-09-19 00:00:00-05:00,4.364999771118164
2023-09-20 00:00:00-05:00,4.348999977111816
2023-09-21 00:00:00-05:00,4.480000019073486
2023-09-22 00:00:00-05:00,4.438000202178955
2023-09-25 00:00:00-05:00,4.541999816894531
2023-09-26 00:00:00-05:00,4.558000087738037
2023-09-27 00:00:00-05:00,4.625999927520752
2023-09-28 00:00:00-05:00,4.5970001220703125
2023-09-29 00:00:00-05:00,4.572999954223633
2023-10-02 00:00:00-05:00,4.683000087738037
2023-10-03 00:00:00-05:00,4.802000045776367
2023-10-04 00:00:00-05:00,4.735000133514404
2023-10-05 00:00:00-05:00,4.7170000076293945
2023-10-06 00:00:00-05:00,4.783999919891357
2023-10-09 00:00:00-05:00,4.796999931335449
2023-10-10 00:00:00-05:00,4.65500020980835
2023-10-11 00:00:00-05:00,4.59499979019165
2023-10-12 00:00:00-05:00,4.711999893188477
2023-10-13 00:00:00-05:00,4.629000186920166
2023-10-16 00:00:00-05:00,4.711999893188477
2023-10-17 00:00:00-05:00,4.8470001220703125
2023-10-18 00:00:00-05:00,4.9039998054504395
2023-10-19 00:00:00-05:00,4.98799991607666
2023-10-20 00:00:00-05:00,4.923999786376953
2023-10-23 00:00:00-05:00,4.8379998207092285
2023-10-24 00:00:00-05:00,4.840000152587891
2023-10-25 00:00:00-05:00,4.953000068664551
2023-10-26 00:00:00-05:00,4.84499979019165
2023-10-27 00:00:00-05:00,4.84499979019165
2023-10-30 00:00:00-05:00,4.875
2023-10-31 00:00:00-05:00,4.875
2023-11-01 00:00:00-05:00,4.789000034332275
2023-11-02 00:00:00-05:00,4.669000148773193
2023-11-03 00:00:00-05:00,4.558000087738037
2023-11-06 00:00:00-06:00,4.6620001792907715
2023-11-07 00:00:00-06:00,4.571000099182129
2023-11-08 00:00:00-06:00,4.5229997634887695
2023-11-09 00:00:00-06:00,4.630000114440918
2023-11-10 00:00:00-06:00,4.627999782562256
2023-11-13 00:00:00-06:00,4.631999969482422
2023-11-14 00:00:00-06:00,4.440999984741211
2023-11-15 00:00:00-06:00,4.534999847412109
2023-11-16 00:00:00-06:00,4.445000171661377
2023-11-17 00:00:00-06:00,4.440999984741211
2023-11-20 00:00:00-06:00,4.421999931335449
2023-11-21 00:00:00-06:00,4.418000221252441
2023-11-22 00:00:00-06:00,4.415999889373779
2023-11-24 00:00:00-06:00,4.4720001220703125
2023-11-27 00:00:00-06:00,4.388999938964844
2023-11-28 00:00:00-06:00,4.335999965667725
2023-11-29 00:00:00-06:00,4.270999908447266
2023-11-30 00:00:00-06:00,4.3520002365112305
2023-12-01 00:00:00-06:00,4.22599983215332
2023-12-04 00:00:00-06:00,4.288000106811523
2023-12-05 00:00:00-06:00,4.171000003814697
2023-12-06 00:00:00-06:00,4.120999813079834
2023-12-07 00:00:00-06:00,4.129000186920166
2023-12-08 00:00:00-06:00,4.244999885559082
2023-12-11 00:00:00-06:00,4.238999843597412
2023-12-12 00:00:00-06:00,4.205999851226807
2023-12-13 00:00:00-06:00,4.0329999923706055
2023-12-14 00:00:00-06:00,3.930000066757202
2023-12-15 00:00:00-06:00,3.927999973297119
2023-12-18 00:00:00-06:00,3.9539999961853027
2023-12-19 00:00:00-06:00,3.921999931335449
2023-12-20 00:00:00-06:00,3.877000093460083
2023-12-21 00:00:00-06:00,3.8940000534057617
2023-12-22 00:00:00-06:00,3.9010000228881836
2023-12-26 00:00:00-06:00,3.885999917984009
2023-12-27 00:00:00-06:00,3.7890000343322754
2023-12-28 00:00:00-06:00,3.8499999046325684
2023-12-29 00:00:00-06:00,3.865999937057495
2024-01-02 00:00:00-06:00,3.946000099182129
2024-01-03 00:00:00-06:00,3.9070000648498535
2024-01-04 00:00:00-06:00,3.990999937057495
2024-01-05 00:00:00-06:00,4.041999816894531
2024-01-08 00:00:00-06:00,4.001999855041504
2024-01-09 00:00:00-06:00,4.019000053405762
2024-01-10 00:00:00-06:00,4.03000020980835
2024-01-11 00:00:00-06:00,3.9769999980926514
2024-01-12 00:00:00-06:00,3.950000047683716
2024-01-16 00:00:00-06:00,4.065999984741211
2024-01-17 00:00:00-06:00,4.105999946594238
2024-01-18 00:00:00-06:00,4.144000053405762
2024-01-19 00:00:00-06:00,4.145999908447266
2024-01-22 00:00:00-06:00,4.093999862670898
2024-01-23 00:00:00-06:00,4.142000198364258
2024-01-24 00:00:00-06:00,4.177999973297119
2024-01-25 00:00:00-06:00,4.131999969482422
2024-01-26 00:00:00-06:00,4.159999847412109
2024-01-29 00:00:00-06:00,4.091000080108643
2024-01-30 00:00:00-06:00,4.059000015258789
2024-01-31 00:00:00-06:00,3.9670000076293945
2024-02-01 00:00:00-06:00,3.86299991607666
2024-02-02 00:00:00-06:00,4.0329999923706055
2024-02-05 00:00:00-06:00,4.164000034332275
2024-02-06 00:00:00-06:00,4.090000152587891
2024-02-07 00:00:00-06:00,4.110000133514404
2024-02-08 00:00:00-06:00,4.170000076293945
2024-02-09 00:00:00-06:00,4.186999797821045
2024-02-12 00:00:00-06:00,4.171999931335449
2024-02-13 00:00:00-06:00,4.315999984741211
2024-02-14 00:00:00-06:00,4.267000198364258
2024-02-15 00:00:00-06:00,4.239999771118164
2024-02-16 00:00:00-06:00,4.295000076293945
2024-02-20 00:00:00-06:00,4.275000095367432
2024-02-21 00:00:00-06:00,4.324999809265137
2024-02-22 00:00:00-06:00,4.327000141143799
2024-02-23 00:00:00-06:00,4.260000228881836
2024-02-26 00:00:00-06:00,4.298999786376953
2024-02-27 00:00:00-06:00,4.315000057220459
2024-02-28 00:00:00-06:00,4.27400016784668
2024-02-29 00:00:00-06:00,4.251999855041504
2024-03-01 00:00:00-06:00,4.179999828338623
2024-03-04 00:00:00-06:00,4.218999862670898
2024-03-05 00:00:00-06:00,4.13700008392334
2024-03-06 00:00:00-06:00,4.104000091552734
2024-03-07 00:00:00-06:00,4.0920000076293945
2024-03-08 00:00:00-06:00,4.089000225067139
2024-03-11 00:00:00-05:00,4.104000091552734
2024-03-12 00:00:00-05:00,4.15500020980835
2024-03-13 00:00:00-05:00,4.191999912261963
2024-03-14 00:00:00-05:00,4.297999858856201
2024-03-15 00:00:00-05:00,4.303999900817871
2024-03-18 00:00:00-05:00,4.340000152587891
2024-03-19 00:00:00-05:00,4.296999931335449
2024-03-20 00:00:00-05:00,4.2729997634887695
2024-03-21 00:00:00-05:00,4.270999908447266
2024-03-22 00:00:00-05:00,4.2179999351501465
2024-03-25 00:00:00-05:00,4.252999782562256
2024-03-26 00:00:00-05:00,4.234000205993652
2024-03-27 00:00:00-05:00,4.196000099182129
2024-03-28 00:00:00-05:00,4.205999851226807
2024-04-01 00:00:00-05:00,4.328999996185303
2024-04-02 00:00:00-05:00,4.364999771118164
2024-04-03 00:00:00-05:00,4.355000019073486
2024-04-04 00:00:00-05:00,4.309000015258789
2024-04-05 00:00:00-05:00,4.377999782562256
2024-04-08 00:00:00-05:00,4.423999786376953
2024-04-09 00:00:00-05:00,4.366000175476074
2024-04-10 00:00:00-05:00,4.559999942779541
2024-04-11 00:00:00-05:00,4.576000213623047
2024-04-12 00:00:00-05:00,4.499000072479248
2024-04-15 00:00:00-05:00,4.627999782562256
2024-04-16 00:00:00-05:00,4.658999919891357
2024-04-17 00:00:00-05:00,4.585000038146973
2024-04-18 00:00:00-05:00,4.646999835968018
2024-04-19 00:00:00-05:00,4.614999771118164
2024-04-22 00:00:00-05:00,4.623000144958496
2024-04-23 00:00:00-05:00,4.5980000495910645
2024-04-24 00:00:00-05:00,4.6519999504089355
2024-04-25 00:00:00-05:00,4.705999851226807
2024-04-26 00:00:00-05:00,4.669000148773193
2024-04-29 00:00:00-05:00,4.613999843597412
2024-04-30 00:00:00-05:00,4.685999870300293
2024-05-01 00:00:00-05:00,4.59499979019165
2024-05-02 00:00:00-05:00,4.571000099182129
2024-05-03 00:00:00-05:00,4.5
2024-05-06 00:00:00-05:00,4.488999843597412
2024-05-07 00:00:00-05:00,4.4629998207092285
2024-05-08 00:00:00-05:00,4.492000102996826
2024-05-09 00:00:00-05:00,4.448999881744385
2024-05-10 00:00:00-05:00,4.504000186920166
2024-05-13 00:00:00-05:00,4.480999946594238
2024-05-14 00:00:00-05:00,4.445000171661377
2024-05-15 00:00:00-05:00,4.355999946594238
2024-05-16 00:00:00-05:00,4.376999855041504
2024-05-17 00:00:00-05:00,4.420000076293945
2024-05-20 00:00:00-05:00,4.436999797821045
2024-05-21 00:00:00-05:00,4.414000034332275
2024-05-22 00:00:00-05:00,4.434000015258789
2024-05-23 00:00:00-05:00,4.474999904632568
2024-05-24 00:00:00-05:00,4.4670000076293945
2024-05-28 00:00:00-05:00,4.541999816894531
2024-05-29 00:00:00-05:00,4.624000072479248
2024-05-30 00:00:00-05:00,4.553999900817871
2024-05-31 00:00:00-05:00,4.513999938964844
2024-06-03 00:00:00-05:00,4.4019999504089355
2024-06-04 00:00:00-05:00,4.335999965667725
2024-06-05 00:00:00-05:00,4.289000034332275
2024-06-06 00:00:00-05:00,4.281000137329102
2024-06-07 00:00:00-05:00,4.429999828338623
2024-06-10 00:00:00-05:00,4.468999862670898
2024-06-11 00:00:00-05:00,4.4039998054504395
2024-06-12 00:00:00-05:00,4.295000076293945
2024-06-13 00:00:00-05:00,4.23799991607666
2024-06-14 00:00:00-05:00,4.2129998207092285
2024-06-17 00:00:00-05:00,4.2789998054504395
2024-06-18 00:00:00-05:00,4.2170000076293945
2024-06-20 00:00:00-05:00,4.254000186920166
2024-06-21 00:00:00-05:00,4.256999969482422
2024-06-24 00:00:00-05:00,4.248000144958496
2024-06-25 00:00:00-05:00,4.23799991607666
2024-06-26 00:00:00-05:00,4.315999984741211
2024-06-27 00:00:00-05:00,4.288000106811523
2024-06-28 00:00:00-05:00,4.3429999351501465
2024-07-01 00:00:00-05:00,4.479000091552734
2024-07-02 00:00:00-05:00,4.435999870300293
2024-07-03 00:00:00-05:00,4.355000019073486
2024-07-05 00:00:00-05:00,4.271999835968018
2024-07-08 00:00:00-05:00,4.269000053405762
2024-07-09 00:00:00-05:00,4.300000190734863
2024-07-10 00:00:00-05:00,4.28000020980835
2024-07-11 00:00:00-05:00,4.192999839782715
2024-07-12 00:00:00-05:00,4.189000129699707
2024-07-15 00:00:00-05:00,4.229000091552734
2024-07-16 00:00:00-05:00,4.166999816894531
2024-07-17 00:00:00-05:00,4.145999908447266
2024-07-18 00:00:00-05:00,4.189000129699707
2024-07-19 00:00:00-05:00,4.238999843597412
2024-07-22 00:00:00-05:00,4.260000228881836
2024-07-23 00:00:00-05:00,4.238999843597412
2024-07-24 00:00:00-05:00,4.285999774932861
2024-07-25 00:00:00-05:00,4.25600004196167
2024-07-26 00:00:00-05:00,4.199999809265137
2024-07-29 00:00:00-05:00,4.177999973297119
2024-07-30 00:00:00-05:00,4.14300012588501
2024-07-31 00:00:00-05:00,4.109000205993652
2024-08-01 00:00:00-05:00,3.9760000705718994
2024-08-02 00:00:00-05:00,3.7920000553131104
2024-08-05 00:00:00-05:00,3.7850000858306885
2024-08-06 00:00:00-05:00,3.888000011444092
2024-08-07 00:00:00-05:00,3.9679999351501465
2024-08-08 00:00:00-05:00,3.996999979019165
2024-08-09 00:00:00-05:00,3.941999912261963
2024-08-12 00:00:00-05:00,3.9089999198913574
2024-08-13 00:00:00-05:00,3.8519999980926514
2024-08-14 00:00:00-05:00,3.819999933242798
2024-08-15 00:00:00-05:00,3.9260001182556152
2024-08-16 00:00:00-05:00,3.8919999599456787
2024-08-19 00:00:00-05:00,3.867000102996826
2024-08-20 00:00:00-05:00,3.818000078201294
2024-08-21 00:00:00-05:00,3.7780001163482666
2024-08-22 00:00:00-05:00,3.861999988555908
2024-08-23 00:00:00-05:00,3.806999921798706
2024-08-26 00:00:00-05:00,3.818000078201294
2024-08-27 00:00:00-05:00,3.8329999446868896
2024-08-28 00:00:00-05:00,3.8410000801086426
2024-08-29 00:00:00-05:00,3.867000102996826
2024-08-30 00:00:00-05:00,3.9110000133514404
2024-09-03 00:00:00-05:00,3.8440001010894775
2024-09-04 00:00:00-05:00,3.7679998874664307
2024-09-05 00:00:00-05:00,3.7309999465942383
2024-09-06 00:00:00-05:00,3.7100000381469727
2024-09-09 00:00:00-05:00,3.697000026702881
2024-09-10 00:00:00-05:00,3.6459999084472656
2024-09-11 00:00:00-05:00,3.6530001163482666
2024-09-12 00:00:00-05:00,3.680000066757202
2024-09-13 00:00:00-05:00,3.6500000953674316
2024-09-16 00:00:00-05:00,3.621000051498413
2024-09-17 00:00:00-05:00,3.6419999599456787
2024-09-18 00:00:00-05:00,3.684999942779541
2024-09-19 00:00:00-05:00,3.740000009536743
2024-09-20 00:00:00-05:00,3.7279999256134033
2024-09-23 00:00:00-05:00,3.739000082015991
2024-09-24 00:00:00-05:00,3.7360000610351562
2024-09-25 00:00:00-05:00,3.7809998989105225
2024-09-26 00:00:00-05:00,3.7909998893737793
2024-09-27 00:00:00-05:00,3.749000072479248
2024-09-30 00:00:00-05:00,3.802000045776367
2024-10-01 00:00:00-05:00,3.743000030517578
2024-10-02 00:00:00-05:00,3.7850000858306885
2024-10-03 00:00:00-05:00,3.8499999046325684
2024-10-04 00:00:00-05:00,3.9809999465942383
2024-10-07 00:00:00-05:00,4.026000022888184
2024-10-08 00:00:00-05:00,4.0329999923706055
2024-10-09 00:00:00-05:00,4.066999912261963
2024-10-10 00:00:00-05:00,4.0960001945495605
2024-10-11 00:00:00-05:00,4.072999954223633
2024-10-14 00:00:00-05:00,4.0980000495910645
2024-10-15 00:00:00-05:00,4.038000106811523
2024-10-16 00:00:00-05:00,4.015999794006348
2024-10-17 00:00:00-05:00,4.0960001945495605
2024-10-18 00:00:00-05:00,4.072999954223633
2024-10-21 00:00:00-05:00,4.182000160217285
2024-10-22 00:00:00-05:00,4.203999996185303
2024-10-23 00:00:00-05:00,4.242000102996826
2024-10-24 00:00:00-05:00,4.199999809265137
2024-10-25 00:00:00-05:00,4.23199987411499
2024-10-28 00:00:00-05:00,4.2779998779296875
2024-10-29 00:00:00-05:00,4.27400016784668
2024-10-30 00:00:00-05:00,4.265999794006348
