Date,^TYX
2017-11-09 00:00:00-06:00,2.805999994277954
2017-11-10 00:00:00-06:00,2.880000114440918
2017-11-13 00:00:00-06:00,2.86899995803833
2017-11-14 00:00:00-06:00,2.8389999866485596
2017-11-15 00:00:00-06:00,2.7809998989105225
2017-11-16 00:00:00-06:00,2.805999994277954
2017-11-17 00:00:00-06:00,2.7929999828338623
2017-11-20 00:00:00-06:00,2.7929999828338623
2017-11-21 00:00:00-06:00,2.763000011444092
2017-11-22 00:00:00-06:00,2.746000051498413
2017-11-24 00:00:00-06:00,2.76200008392334
2017-11-27 00:00:00-06:00,2.765000104904175
2017-11-28 00:00:00-06:00,2.7660000324249268
2017-11-29 00:00:00-06:00,2.816999912261963
2017-11-30 00:00:00-06:00,2.8320000171661377
2017-12-01 00:00:00-06:00,2.757999897003174
2017-12-04 00:00:00-06:00,2.7690000534057617
2017-12-05 00:00:00-06:00,2.7320001125335693
2017-12-06 00:00:00-06:00,2.7190001010894775
2017-12-07 00:00:00-06:00,2.7750000953674316
2017-12-08 00:00:00-06:00,2.7750000953674316
2017-12-11 00:00:00-06:00,2.7709999084472656
2017-12-12 00:00:00-06:00,2.7809998989105225
2017-12-13 00:00:00-06:00,2.7339999675750732
2017-12-14 00:00:00-06:00,2.7100000381469727
2017-12-15 00:00:00-06:00,2.688999891281128
2017-12-18 00:00:00-06:00,2.74399995803833
2017-12-19 00:00:00-06:00,2.821000099182129
2017-12-20 00:00:00-06:00,2.875999927520752
2017-12-21 00:00:00-06:00,2.8320000171661377
2017-12-22 00:00:00-06:00,2.8329999446868896
2017-12-26 00:00:00-06:00,2.812999963760376
2017-12-27 00:00:00-06:00,2.747999906539917
2017-12-28 00:00:00-06:00,2.75600004196167
2017-12-29 00:00:00-06:00,2.739000082015991
2018-01-02 00:00:00-06:00,2.811000108718872
2018-01-03 00:00:00-06:00,2.7850000858306885
2018-01-04 00:00:00-06:00,2.7860000133514404
2018-01-05 00:00:00-06:00,2.811000108718872
2018-01-08 00:00:00-06:00,2.813999891281128
2018-01-09 00:00:00-06:00,2.88700008392334
2018-01-10 00:00:00-06:00,2.8910000324249268
2018-01-11 00:00:00-06:00,2.865000009536743
2018-01-12 00:00:00-06:00,2.8529999256134033
2018-01-16 00:00:00-06:00,2.8359999656677246
2018-01-17 00:00:00-06:00,2.8480000495910645
2018-01-18 00:00:00-06:00,2.888000011444092
2018-01-19 00:00:00-06:00,2.9119999408721924
2018-01-22 00:00:00-06:00,2.927999973297119
2018-01-23 00:00:00-06:00,2.9019999504089355
2018-01-24 00:00:00-06:00,2.937999963760376
2018-01-25 00:00:00-06:00,2.88100004196167
2018-01-26 00:00:00-06:00,2.9119999408721924
2018-01-29 00:00:00-06:00,2.943000078201294
2018-01-30 00:00:00-06:00,2.9800000190734863
2018-01-31 00:00:00-06:00,2.941999912261963
2018-02-01 00:00:00-06:00,3.005000114440918
2018-02-02 00:00:00-06:00,3.0969998836517334
2018-02-05 00:00:00-06:00,3.066999912261963
2018-02-06 00:00:00-06:00,3.0439999103546143
2018-02-07 00:00:00-06:00,3.117000102996826
2018-02-08 00:00:00-06:00,3.13700008392334
2018-02-09 00:00:00-06:00,3.135999917984009
2018-02-12 00:00:00-06:00,3.13700008392334
2018-02-13 00:00:00-06:00,3.128000020980835
2018-02-14 00:00:00-06:00,3.177000045776367
2018-02-15 00:00:00-06:00,3.1419999599456787
2018-02-16 00:00:00-06:00,3.135999917984009
2018-02-20 00:00:00-06:00,3.1549999713897705
2018-02-21 00:00:00-06:00,3.2200000286102295
2018-02-22 00:00:00-06:00,3.2060000896453857
2018-02-23 00:00:00-06:00,3.1600000858306885
2018-02-26 00:00:00-06:00,3.1549999713897705
2018-02-27 00:00:00-06:00,3.1740000247955322
2018-02-28 00:00:00-06:00,3.127000093460083
2018-03-01 00:00:00-06:00,3.0880000591278076
2018-03-02 00:00:00-06:00,3.13100004196167
2018-03-05 00:00:00-06:00,3.1510000228881836
2018-03-06 00:00:00-06:00,3.135999917984009
2018-03-07 00:00:00-06:00,3.1519999504089355
2018-03-08 00:00:00-06:00,3.132999897003174
2018-03-09 00:00:00-06:00,3.1589999198913574
2018-03-12 00:00:00-05:00,3.128999948501587
2018-03-13 00:00:00-05:00,3.1010000705718994
2018-03-14 00:00:00-05:00,3.058000087738037
2018-03-15 00:00:00-05:00,3.061000108718872
2018-03-16 00:00:00-05:00,3.0799999237060547
2018-03-19 00:00:00-05:00,3.0789999961853027
2018-03-20 00:00:00-05:00,3.109999895095825
2018-03-21 00:00:00-05:00,3.128999948501587
2018-03-22 00:00:00-05:00,3.069000005722046
2018-03-23 00:00:00-05:00,3.0759999752044678
2018-03-26 00:00:00-05:00,3.071000099182129
2018-03-27 00:00:00-05:00,3.0290000438690186
2018-03-28 00:00:00-05:00,3.0139999389648438
2018-03-29 00:00:00-05:00,2.9719998836517334
2018-04-02 00:00:00-05:00,2.9700000286102295
2018-04-03 00:00:00-05:00,3.0179998874664307
2018-04-04 00:00:00-05:00,3.0280001163482666
2018-04-05 00:00:00-05:00,3.072999954223633
2018-04-06 00:00:00-05:00,3.0179998874664307
2018-04-09 00:00:00-05:00,3.0179998874664307
2018-04-10 00:00:00-05:00,3.0169999599456787
2018-04-11 00:00:00-05:00,3.00600004196167
2018-04-12 00:00:00-05:00,3.0399999618530273
2018-04-13 00:00:00-05:00,3.0360000133514404
2018-04-16 00:00:00-05:00,3.0299999713897705
2018-04-17 00:00:00-05:00,2.999000072479248
2018-04-18 00:00:00-05:00,3.0460000038146973
2018-04-19 00:00:00-05:00,3.1050000190734863
2018-04-20 00:00:00-05:00,3.1419999599456787
2018-04-23 00:00:00-05:00,3.1440000534057617
2018-04-24 00:00:00-05:00,3.1679999828338623
2018-04-25 00:00:00-05:00,3.2090001106262207
2018-04-26 00:00:00-05:00,3.174999952316284
2018-04-27 00:00:00-05:00,3.125
2018-04-30 00:00:00-05:00,3.0969998836517334
2018-05-01 00:00:00-05:00,3.13700008392334
2018-05-02 00:00:00-05:00,3.134999990463257
2018-05-03 00:00:00-05:00,3.121000051498413
2018-05-04 00:00:00-05:00,3.115000009536743
2018-05-07 00:00:00-05:00,3.119999885559082
2018-05-08 00:00:00-05:00,3.125
2018-05-09 00:00:00-05:00,3.1549999713897705
2018-05-10 00:00:00-05:00,3.121000051498413
2018-05-11 00:00:00-05:00,3.1110000610351562
2018-05-14 00:00:00-05:00,3.128999948501587
2018-05-15 00:00:00-05:00,3.2090001106262207
2018-05-16 00:00:00-05:00,3.2160000801086426
2018-05-17 00:00:00-05:00,3.246000051498413
2018-05-18 00:00:00-05:00,3.2100000381469727
2018-05-21 00:00:00-05:00,3.2070000171661377
2018-05-22 00:00:00-05:00,3.2090001106262207
2018-05-23 00:00:00-05:00,3.1689999103546143
2018-05-24 00:00:00-05:00,3.13100004196167
2018-05-25 00:00:00-05:00,3.0899999141693115
2018-05-29 00:00:00-05:00,2.9679999351501465
2018-05-30 00:00:00-05:00,3.0139999389648438
2018-05-31 00:00:00-05:00,2.9860000610351562
2018-06-01 00:00:00-05:00,3.0460000038146973
2018-06-04 00:00:00-05:00,3.0840001106262207
2018-06-05 00:00:00-05:00,3.075000047683716
2018-06-06 00:00:00-05:00,3.130000114440918
2018-06-07 00:00:00-05:00,3.0799999237060547
2018-06-08 00:00:00-05:00,3.0820000171661377
2018-06-11 00:00:00-05:00,3.0980000495910645
2018-06-12 00:00:00-05:00,3.0920000076293945
2018-06-13 00:00:00-05:00,3.1010000705718994
2018-06-14 00:00:00-05:00,3.066999912261963
2018-06-15 00:00:00-05:00,3.046999931335449
2018-06-18 00:00:00-05:00,3.055000066757202
2018-06-19 00:00:00-05:00,3.0280001163482666
2018-06-20 00:00:00-05:00,3.062999963760376
2018-06-21 00:00:00-05:00,3.0429999828338623
2018-06-22 00:00:00-05:00,3.0450000762939453
2018-06-25 00:00:00-05:00,3.0239999294281006
2018-06-26 00:00:00-05:00,3.0280001163482666
2018-06-27 00:00:00-05:00,2.9709999561309814
2018-06-28 00:00:00-05:00,2.9779999256134033
2018-06-29 00:00:00-05:00,2.9830000400543213
2018-07-02 00:00:00-05:00,2.990000009536743
2018-07-03 00:00:00-05:00,2.9660000801086426
2018-07-05 00:00:00-05:00,2.953000068664551
2018-07-06 00:00:00-05:00,2.940999984741211
2018-07-09 00:00:00-05:00,2.9660000801086426
2018-07-10 00:00:00-05:00,2.9709999561309814
2018-07-11 00:00:00-05:00,2.944999933242798
2018-07-12 00:00:00-05:00,2.950000047683716
2018-07-13 00:00:00-05:00,2.933000087738037
2018-07-16 00:00:00-05:00,2.9670000076293945
2018-07-17 00:00:00-05:00,2.9709999561309814
2018-07-18 00:00:00-05:00,2.989000082015991
2018-07-19 00:00:00-05:00,2.9670000076293945
2018-07-20 00:00:00-05:00,3.0309998989105225
2018-07-23 00:00:00-05:00,3.1040000915527344
2018-07-24 00:00:00-05:00,3.0759999752044678
2018-07-25 00:00:00-05:00,3.063999891281128
2018-07-26 00:00:00-05:00,3.0999999046325684
2018-07-27 00:00:00-05:00,3.0880000591278076
2018-07-30 00:00:00-05:00,3.1059999465942383
2018-07-31 00:00:00-05:00,3.0829999446868896
2018-08-01 00:00:00-05:00,3.127000093460083
2018-08-02 00:00:00-05:00,3.119999885559082
2018-08-03 00:00:00-05:00,3.0929999351501465
2018-08-06 00:00:00-05:00,3.0820000171661377
2018-08-07 00:00:00-05:00,3.118000030517578
2018-08-08 00:00:00-05:00,3.118000030517578
2018-08-09 00:00:00-05:00,3.0820000171661377
2018-08-10 00:00:00-05:00,3.0160000324249268
2018-08-13 00:00:00-05:00,3.0460000038146973
2018-08-14 00:00:00-05:00,3.062000036239624
2018-08-15 00:00:00-05:00,3.0239999294281006
2018-08-16 00:00:00-05:00,3.0320000648498535
2018-08-17 00:00:00-05:00,3.0290000438690186
2018-08-20 00:00:00-05:00,2.9830000400543213
2018-08-21 00:00:00-05:00,3.000999927520752
2018-08-22 00:00:00-05:00,2.9860000610351562
2018-08-23 00:00:00-05:00,2.9730000495910645
2018-08-24 00:00:00-05:00,2.9749999046325684
2018-08-27 00:00:00-05:00,2.996999979019165
2018-08-28 00:00:00-05:00,3.0339999198913574
2018-08-29 00:00:00-05:00,3.0209999084472656
2018-08-30 00:00:00-05:00,3.00600004196167
2018-08-31 00:00:00-05:00,3.009999990463257
2018-09-04 00:00:00-05:00,3.069000005722046
2018-09-05 00:00:00-05:00,3.0739998817443848
2018-09-06 00:00:00-05:00,3.053999900817871
2018-09-07 00:00:00-05:00,3.1029999256134033
2018-09-10 00:00:00-05:00,3.0880000591278076
2018-09-11 00:00:00-05:00,3.124000072479248
2018-09-12 00:00:00-05:00,3.1059999465942383
2018-09-13 00:00:00-05:00,3.1010000705718994
2018-09-14 00:00:00-05:00,3.131999969482422
2018-09-17 00:00:00-05:00,3.138000011444092
2018-09-18 00:00:00-05:00,3.194999933242798
2018-09-19 00:00:00-05:00,3.236999988555908
2018-09-20 00:00:00-05:00,3.2149999141693115
2018-09-21 00:00:00-05:00,3.2049999237060547
2018-09-24 00:00:00-05:00,3.2100000381469727
2018-09-25 00:00:00-05:00,3.2330000400543213
2018-09-26 00:00:00-05:00,3.190999984741211
2018-09-27 00:00:00-05:00,3.183000087738037
2018-09-28 00:00:00-05:00,3.197000026702881
2018-10-01 00:00:00-05:00,3.2320001125335693
2018-10-02 00:00:00-05:00,3.2070000171661377
2018-10-03 00:00:00-05:00,3.319000005722046
2018-10-04 00:00:00-05:00,3.3550000190734863
2018-10-05 00:00:00-05:00,3.3949999809265137
2018-10-08 00:00:00-05:00,3.4049999713897705
2018-10-09 00:00:00-05:00,3.369999885559082
2018-10-10 00:00:00-05:00,3.3980000019073486
2018-10-11 00:00:00-05:00,3.306999921798706
2018-10-12 00:00:00-05:00,3.315999984741211
2018-10-15 00:00:00-05:00,3.3410000801086426
2018-10-16 00:00:00-05:00,3.3299999237060547
2018-10-17 00:00:00-05:00,3.3459999561309814
2018-10-18 00:00:00-05:00,3.3589999675750732
2018-10-19 00:00:00-05:00,3.384000062942505
2018-10-22 00:00:00-05:00,3.382999897003174
2018-10-23 00:00:00-05:00,3.364000082015991
2018-10-24 00:00:00-05:00,3.3459999561309814
2018-10-25 00:00:00-05:00,3.3459999561309814
2018-10-26 00:00:00-05:00,3.316999912261963
2018-10-29 00:00:00-05:00,3.3289999961853027
2018-10-30 00:00:00-05:00,3.3559999465942383
2018-10-31 00:00:00-05:00,3.4019999504089355
2018-11-01 00:00:00-05:00,3.38700008392334
2018-11-02 00:00:00-05:00,3.453000068664551
2018-11-05 00:00:00-06:00,3.431999921798706
2018-11-06 00:00:00-06:00,3.4260001182556152
2018-11-07 00:00:00-06:00,3.424999952316284
2018-11-08 00:00:00-06:00,3.427000045776367
2018-11-09 00:00:00-06:00,3.3919999599456787
2018-11-12 00:00:00-06:00,3.38700008392334
2018-11-13 00:00:00-06:00,3.367000102996826
2018-11-14 00:00:00-06:00,3.3540000915527344
2018-11-15 00:00:00-06:00,3.368000030517578
2018-11-16 00:00:00-06:00,3.3269999027252197
2018-11-19 00:00:00-06:00,3.315999984741211
2018-11-20 00:00:00-06:00,3.305000066757202
2018-11-21 00:00:00-06:00,3.311000108718872
2018-11-23 00:00:00-06:00,3.309999942779541
2018-11-26 00:00:00-06:00,3.319999933242798
2018-11-27 00:00:00-06:00,3.319000005722046
2018-11-28 00:00:00-06:00,3.3289999961853027
2018-11-29 00:00:00-06:00,3.328000068664551
2018-11-30 00:00:00-06:00,3.311000108718872
2018-12-03 00:00:00-06:00,3.2780001163482666
2018-12-04 00:00:00-06:00,3.177999973297119
2018-12-06 00:00:00-06:00,3.135999917984009
2018-12-07 00:00:00-06:00,3.1429998874664307
2018-12-10 00:00:00-06:00,3.128999948501587
2018-12-11 00:00:00-06:00,3.128999948501587
2018-12-12 00:00:00-06:00,3.1480000019073486
2018-12-13 00:00:00-06:00,3.1630001068115234
2018-12-14 00:00:00-06:00,3.1429998874664307
2018-12-17 00:00:00-06:00,3.114000082015991
2018-12-18 00:00:00-06:00,3.0789999961853027
2018-12-19 00:00:00-06:00,3.015000104904175
2018-12-20 00:00:00-06:00,3.01200008392334
2018-12-21 00:00:00-06:00,3.0280001163482666
2018-12-24 00:00:00-06:00,3.003000020980835
2018-12-26 00:00:00-06:00,3.0480000972747803
2018-12-27 00:00:00-06:00,3.0299999713897705
2018-12-28 00:00:00-06:00,3.0420000553131104
2018-12-31 00:00:00-06:00,3.0199999809265137
2019-01-02 00:00:00-06:00,2.9820001125335693
2019-01-03 00:00:00-06:00,2.9000000953674316
2019-01-04 00:00:00-06:00,2.9739999771118164
2019-01-07 00:00:00-06:00,2.9779999256134033
2019-01-08 00:00:00-06:00,2.993000030517578
2019-01-09 00:00:00-06:00,3.0239999294281006
2019-01-10 00:00:00-06:00,3.0510001182556152
2019-01-11 00:00:00-06:00,3.0369999408721924
2019-01-14 00:00:00-06:00,3.059999942779541
2019-01-15 00:00:00-06:00,3.071000099182129
2019-01-16 00:00:00-06:00,3.0769999027252197
2019-01-17 00:00:00-06:00,3.0769999027252197
2019-01-18 00:00:00-06:00,3.0980000495910645
2019-01-22 00:00:00-06:00,3.053999900817871
2019-01-23 00:00:00-06:00,3.069000005722046
2019-01-24 00:00:00-06:00,3.0329999923706055
2019-01-25 00:00:00-06:00,3.062000036239624
2019-01-28 00:00:00-06:00,3.061000108718872
2019-01-29 00:00:00-06:00,3.0409998893737793
2019-01-30 00:00:00-06:00,3.052999973297119
2019-01-31 00:00:00-06:00,3.005000114440918
2019-02-01 00:00:00-06:00,3.0320000648498535
2019-02-04 00:00:00-06:00,3.059999942779541
2019-02-05 00:00:00-06:00,3.0350000858306885
2019-02-06 00:00:00-06:00,3.0380001068115234
2019-02-07 00:00:00-06:00,2.993000030517578
2019-02-08 00:00:00-06:00,2.9760000705718994
2019-02-11 00:00:00-06:00,2.999000072479248
2019-02-12 00:00:00-06:00,3.0220000743865967
2019-02-13 00:00:00-06:00,3.0339999198913574
2019-02-14 00:00:00-06:00,3.006999969482422
2019-02-15 00:00:00-06:00,2.996999979019165
2019-02-19 00:00:00-06:00,2.990999937057495
2019-02-20 00:00:00-06:00,3.0
2019-02-21 00:00:00-06:00,3.0450000762939453
2019-02-22 00:00:00-06:00,3.0199999809265137
2019-02-25 00:00:00-06:00,3.0339999198913574
2019-02-26 00:00:00-06:00,3.00600004196167
2019-02-27 00:00:00-06:00,3.069000005722046
2019-02-28 00:00:00-06:00,3.0829999446868896
2019-03-01 00:00:00-06:00,3.124000072479248
2019-03-04 00:00:00-06:00,3.0899999141693115
2019-03-05 00:00:00-06:00,3.0869998931884766
2019-03-06 00:00:00-06:00,3.071000099182129
2019-03-07 00:00:00-06:00,3.0250000953674316
2019-03-08 00:00:00-06:00,3.009000062942505
2019-03-11 00:00:00-05:00,3.0329999923706055
2019-03-12 00:00:00-05:00,2.98799991607666
2019-03-13 00:00:00-05:00,3.009999990463257
2019-03-14 00:00:00-05:00,3.0450000762939453
2019-03-15 00:00:00-05:00,3.0199999809265137
2019-03-18 00:00:00-05:00,3.010999917984009
2019-03-19 00:00:00-05:00,3.0280001163482666
2019-03-20 00:00:00-05:00,2.9749999046325684
2019-03-21 00:00:00-05:00,2.9639999866485596
2019-03-22 00:00:00-05:00,2.8889999389648438
2019-03-25 00:00:00-05:00,2.867000102996826
2019-03-26 00:00:00-05:00,2.867000102996826
2019-03-27 00:00:00-05:00,2.821000099182129
2019-03-28 00:00:00-05:00,2.811000108718872
2019-03-29 00:00:00-05:00,2.822000026702881
2019-04-01 00:00:00-05:00,2.890000104904175
2019-04-02 00:00:00-05:00,2.888000011444092
2019-04-03 00:00:00-05:00,2.928999900817871
2019-04-04 00:00:00-05:00,2.921999931335449
2019-04-05 00:00:00-05:00,2.9089999198913574
2019-04-08 00:00:00-05:00,2.924999952316284
2019-04-09 00:00:00-05:00,2.9110000133514404
2019-04-10 00:00:00-05:00,2.9040000438690186
2019-04-11 00:00:00-05:00,2.937999963760376
2019-04-12 00:00:00-05:00,2.9709999561309814
2019-04-15 00:00:00-05:00,2.9630000591278076
2019-04-16 00:00:00-05:00,2.993000030517578
2019-04-17 00:00:00-05:00,2.990999937057495
2019-04-18 00:00:00-05:00,2.9590001106262207
2019-04-22 00:00:00-05:00,2.99399995803833
2019-04-23 00:00:00-05:00,2.9809999465942383
2019-04-24 00:00:00-05:00,2.940999984741211
2019-04-25 00:00:00-05:00,2.947000026702881
2019-04-26 00:00:00-05:00,2.927000045776367
2019-04-29 00:00:00-05:00,2.9649999141693115
2019-04-30 00:00:00-05:00,2.940000057220459
2019-05-01 00:00:00-05:00,2.9170000553131104
2019-05-02 00:00:00-05:00,2.943000078201294
2019-05-03 00:00:00-05:00,2.9260001182556152
2019-05-06 00:00:00-05:00,2.9070000648498535
2019-05-07 00:00:00-05:00,2.861999988555908
2019-05-08 00:00:00-05:00,2.8889999389648438
2019-05-09 00:00:00-05:00,2.877000093460083
2019-05-10 00:00:00-05:00,2.872999906539917
2019-05-13 00:00:00-05:00,2.8380000591278076
2019-05-14 00:00:00-05:00,2.8519999980926514
2019-05-15 00:00:00-05:00,2.822999954223633
2019-05-16 00:00:00-05:00,2.8399999141693115
2019-05-17 00:00:00-05:00,2.8239998817443848
2019-05-20 00:00:00-05:00,2.8350000381469727
2019-05-21 00:00:00-05:00,2.8420000076293945
2019-05-22 00:00:00-05:00,2.818000078201294
2019-05-23 00:00:00-05:00,2.7320001125335693
2019-05-24 00:00:00-05:00,2.752000093460083
2019-05-28 00:00:00-05:00,2.7070000171661377
2019-05-29 00:00:00-05:00,2.6730000972747803
2019-05-30 00:00:00-05:00,2.6540000438690186
2019-05-31 00:00:00-05:00,2.5829999446868896
2019-06-03 00:00:00-05:00,2.5480000972747803
2019-06-04 00:00:00-05:00,2.6029999256134033
2019-06-05 00:00:00-05:00,2.632999897003174
2019-06-06 00:00:00-05:00,2.621999979019165
2019-06-07 00:00:00-05:00,2.571000099182129
2019-06-10 00:00:00-05:00,2.621999979019165
2019-06-11 00:00:00-05:00,2.617000102996826
2019-06-12 00:00:00-05:00,2.622999906539917
2019-06-13 00:00:00-05:00,2.6010000705718994
2019-06-14 00:00:00-05:00,2.5920000076293945
2019-06-17 00:00:00-05:00,2.5769999027252197
2019-06-18 00:00:00-05:00,2.552000045776367
2019-06-19 00:00:00-05:00,2.5399999618530273
2019-06-20 00:00:00-05:00,2.5269999504089355
2019-06-21 00:00:00-05:00,2.5920000076293945
2019-06-24 00:00:00-05:00,2.549999952316284
2019-06-25 00:00:00-05:00,2.5260000228881836
2019-06-26 00:00:00-05:00,2.565000057220459
2019-06-27 00:00:00-05:00,2.5239999294281006
2019-06-28 00:00:00-05:00,2.5280001163482666
2019-07-01 00:00:00-05:00,2.559000015258789
2019-07-02 00:00:00-05:00,2.506999969482422
2019-07-03 00:00:00-05:00,2.4700000286102295
2019-07-05 00:00:00-05:00,2.5490000247955322
2019-07-08 00:00:00-05:00,2.5199999809265137
2019-07-09 00:00:00-05:00,2.5309998989105225
2019-07-10 00:00:00-05:00,2.571000099182129
2019-07-11 00:00:00-05:00,2.6410000324249268
2019-07-12 00:00:00-05:00,2.632999897003174
2019-07-15 00:00:00-05:00,2.611999988555908
2019-07-16 00:00:00-05:00,2.631999969482422
2019-07-17 00:00:00-05:00,2.572999954223633
2019-07-18 00:00:00-05:00,2.568000078201294
2019-07-19 00:00:00-05:00,2.578000068664551
2019-07-22 00:00:00-05:00,2.569999933242798
2019-07-23 00:00:00-05:00,2.6080000400543213
2019-07-24 00:00:00-05:00,2.578000068664551
2019-07-25 00:00:00-05:00,2.6029999256134033
2019-07-26 00:00:00-05:00,2.6010000705718994
2019-07-29 00:00:00-05:00,2.5829999446868896
2019-07-30 00:00:00-05:00,2.5859999656677246
2019-07-31 00:00:00-05:00,2.5269999504089355
2019-08-01 00:00:00-05:00,2.440999984741211
2019-08-02 00:00:00-05:00,2.3910000324249268
2019-08-05 00:00:00-05:00,2.2950000762939453
2019-08-06 00:00:00-05:00,2.2690000534057617
2019-08-07 00:00:00-05:00,2.197000026702881
2019-08-08 00:00:00-05:00,2.2320001125335693
2019-08-09 00:00:00-05:00,2.247999906539917
2019-08-12 00:00:00-05:00,2.130000114440918
2019-08-13 00:00:00-05:00,2.13700008392334
2019-08-14 00:00:00-05:00,2.0250000953674316
2019-08-15 00:00:00-05:00,1.9800000190734863
2019-08-16 00:00:00-05:00,2.0
2019-08-19 00:00:00-05:00,2.0850000381469727
2019-08-20 00:00:00-05:00,2.0439999103546143
2019-08-21 00:00:00-05:00,2.052999973297119
2019-08-22 00:00:00-05:00,2.1019999980926514
2019-08-23 00:00:00-05:00,2.0250000953674316
2019-08-26 00:00:00-05:00,2.0399999618530273
2019-08-27 00:00:00-05:00,1.968999981880188
2019-08-28 00:00:00-05:00,1.937999963760376
2019-08-29 00:00:00-05:00,1.9789999723434448
2019-08-30 00:00:00-05:00,1.9700000286102295
2019-09-03 00:00:00-05:00,1.9490000009536743
2019-09-04 00:00:00-05:00,1.9559999704360962
2019-09-05 00:00:00-05:00,2.053999900817871
2019-09-06 00:00:00-05:00,2.0199999809265137
2019-09-09 00:00:00-05:00,2.0980000495910645
2019-09-10 00:00:00-05:00,2.181999921798706
2019-09-11 00:00:00-05:00,2.2079999446868896
2019-09-12 00:00:00-05:00,2.2639999389648438
2019-09-13 00:00:00-05:00,2.378000020980835
2019-09-16 00:00:00-05:00,2.308000087738037
2019-09-17 00:00:00-05:00,2.2799999713897705
2019-09-18 00:00:00-05:00,2.2360000610351562
2019-09-19 00:00:00-05:00,2.2130000591278076
2019-09-20 00:00:00-05:00,2.1989998817443848
2019-09-23 00:00:00-05:00,2.1540000438690186
2019-09-24 00:00:00-05:00,2.0950000286102295
2019-09-25 00:00:00-05:00,2.184000015258789
2019-09-26 00:00:00-05:00,2.128000020980835
2019-09-27 00:00:00-05:00,2.124000072479248
2019-09-30 00:00:00-05:00,2.121000051498413
2019-10-01 00:00:00-05:00,2.1050000190734863
2019-10-02 00:00:00-05:00,2.0859999656677246
2019-10-03 00:00:00-05:00,2.0380001068115234
2019-10-04 00:00:00-05:00,2.015000104904175
2019-10-07 00:00:00-05:00,2.0450000762939453
2019-10-08 00:00:00-05:00,2.0409998893737793
2019-10-09 00:00:00-05:00,2.0869998931884766
2019-10-10 00:00:00-05:00,2.1519999504089355
2019-10-11 00:00:00-05:00,2.2149999141693115
2019-10-14 00:00:00-05:00,2.197000026702881
2019-10-15 00:00:00-05:00,2.2330000400543213
2019-10-16 00:00:00-05:00,2.2330000400543213
2019-10-17 00:00:00-05:00,2.243000030517578
2019-10-18 00:00:00-05:00,2.246000051498413
2019-10-21 00:00:00-05:00,2.2839999198913574
2019-10-22 00:00:00-05:00,2.250999927520752
2019-10-23 00:00:00-05:00,2.250999927520752
2019-10-24 00:00:00-05:00,2.259000062942505
2019-10-25 00:00:00-05:00,2.2920000553131104
2019-10-28 00:00:00-05:00,2.3480000495910645
2019-10-29 00:00:00-05:00,2.3299999237060547
2019-10-30 00:00:00-05:00,2.2720000743865967
2019-10-31 00:00:00-05:00,2.1760001182556152
2019-11-01 00:00:00-05:00,2.2119998931884766
2019-11-04 00:00:00-06:00,2.2730000019073486
2019-11-05 00:00:00-06:00,2.3480000495910645
2019-11-06 00:00:00-06:00,2.296999931335449
2019-11-07 00:00:00-06:00,2.4030001163482666
2019-11-08 00:00:00-06:00,2.4170000553131104
2019-11-11 00:00:00-06:00,2.427000045776367
2019-11-12 00:00:00-06:00,2.384000062942505
2019-11-13 00:00:00-06:00,2.3510000705718994
2019-11-14 00:00:00-06:00,2.296999931335449
2019-11-15 00:00:00-06:00,2.311000108718872
2019-11-18 00:00:00-06:00,2.2929999828338623
2019-11-19 00:00:00-06:00,2.255000114440918
2019-11-20 00:00:00-06:00,2.203000068664551
2019-11-21 00:00:00-06:00,2.2309999465942383
2019-11-22 00:00:00-06:00,2.2230000495910645
2019-11-25 00:00:00-06:00,2.2070000171661377
2019-11-26 00:00:00-06:00,2.177999973297119
2019-11-27 00:00:00-06:00,2.193000078201294
2019-11-29 00:00:00-06:00,2.2019999027252197
2019-12-02 00:00:00-06:00,2.2850000858306885
2019-12-03 00:00:00-06:00,2.1600000858306885
2019-12-04 00:00:00-06:00,2.2290000915527344
2019-12-05 00:00:00-06:00,2.246999979019165
2019-12-06 00:00:00-06:00,2.2839999198913574
2019-12-09 00:00:00-06:00,2.2639999389648438
2019-12-10 00:00:00-06:00,2.253000020980835
2019-12-11 00:00:00-06:00,2.2200000286102295
2019-12-12 00:00:00-06:00,2.318000078201294
2019-12-13 00:00:00-06:00,2.25
2019-12-16 00:00:00-06:00,2.309999942779541
2019-12-17 00:00:00-06:00,2.315999984741211
2019-12-18 00:00:00-06:00,2.3510000705718994
2019-12-19 00:00:00-06:00,2.3440001010894775
2019-12-20 00:00:00-06:00,2.3459999561309814
2019-12-23 00:00:00-06:00,2.36299991607666
2019-12-24 00:00:00-06:00,2.3389999866485596
2019-12-26 00:00:00-06:00,2.3369998931884766
2019-12-27 00:00:00-06:00,2.311000108718872
2019-12-30 00:00:00-06:00,2.3429999351501465
2019-12-31 00:00:00-06:00,2.3889999389648438
2020-01-02 00:00:00-06:00,2.3410000801086426
2020-01-03 00:00:00-06:00,2.249000072479248
2020-01-06 00:00:00-06:00,2.2809998989105225
2020-01-07 00:00:00-06:00,2.305000066757202
2020-01-08 00:00:00-06:00,2.3580000400543213
2020-01-09 00:00:00-06:00,2.3299999237060547
2020-01-10 00:00:00-06:00,2.2839999198913574
2020-01-13 00:00:00-06:00,2.306999921798706
2020-01-14 00:00:00-06:00,2.2750000953674316
2020-01-15 00:00:00-06:00,2.242000102996826
2020-01-16 00:00:00-06:00,2.260999917984009
2020-01-17 00:00:00-06:00,2.2960000038146973
2020-01-21 00:00:00-06:00,2.2309999465942383
2020-01-22 00:00:00-06:00,2.2179999351501465
2020-01-23 00:00:00-06:00,2.181999921798706
2020-01-24 00:00:00-06:00,2.128000020980835
2020-01-27 00:00:00-06:00,2.055000066757202
2020-01-28 00:00:00-06:00,2.0950000286102295
2020-01-29 00:00:00-06:00,2.052999973297119
2020-01-30 00:00:00-06:00,2.0280001163482666
2020-01-31 00:00:00-06:00,2.015000104904175
2020-02-03 00:00:00-06:00,1.996999979019165
2020-02-04 00:00:00-06:00,2.0810000896453857
2020-02-05 00:00:00-06:00,2.132999897003174
2020-02-06 00:00:00-06:00,2.114000082015991
2020-02-07 00:00:00-06:00,2.0420000553131104
2020-02-10 00:00:00-06:00,2.0199999809265137
2020-02-11 00:00:00-06:00,2.0510001182556152
2020-02-12 00:00:00-06:00,2.0910000801086426
2020-02-13 00:00:00-06:00,2.071000099182129
2020-02-14 00:00:00-06:00,2.0429999828338623
2020-02-18 00:00:00-06:00,2.00600004196167
2020-02-19 00:00:00-06:00,2.0160000324249268
2020-02-20 00:00:00-06:00,1.972000002861023
2020-02-21 00:00:00-06:00,1.9179999828338623
2020-02-24 00:00:00-06:00,1.8370000123977661
2020-02-25 00:00:00-06:00,1.8040000200271606
2020-02-26 00:00:00-06:00,1.7960000038146973
2020-02-27 00:00:00-06:00,1.784000039100647
2020-02-28 00:00:00-06:00,1.6710000038146973
2020-03-02 00:00:00-06:00,1.6460000276565552
2020-03-03 00:00:00-06:00,1.6299999952316284
2020-03-04 00:00:00-06:00,1.6349999904632568
2020-03-05 00:00:00-06:00,1.5709999799728394
2020-03-06 00:00:00-06:00,1.215000033378601
2020-03-09 00:00:00-05:00,0.9369999766349792
2020-03-10 00:00:00-05:00,1.218999981880188
2020-03-11 00:00:00-05:00,1.3079999685287476
2020-03-12 00:00:00-05:00,1.406999945640564
2020-03-13 00:00:00-05:00,1.5520000457763672
2020-03-16 00:00:00-05:00,1.3339999914169312
2020-03-17 00:00:00-05:00,1.5820000171661377
2020-03-18 00:00:00-05:00,1.8969999551773071
2020-03-19 00:00:00-05:00,1.7400000095367432
2020-03-20 00:00:00-05:00,1.555999994277954
2020-03-23 00:00:00-05:00,1.343999981880188
2020-03-24 00:00:00-05:00,1.36899995803833
2020-03-25 00:00:00-05:00,1.4229999780654907
2020-03-26 00:00:00-05:00,1.3949999809265137
2020-03-27 00:00:00-05:00,1.3370000123977661
2020-03-30 00:00:00-05:00,1.281999945640564
2020-03-31 00:00:00-05:00,1.3509999513626099
2020-04-01 00:00:00-05:00,1.2890000343322754
2020-04-02 00:00:00-05:00,1.2699999809265137
2020-04-03 00:00:00-05:00,1.2139999866485596
2020-04-06 00:00:00-05:00,1.284000039100647
2020-04-07 00:00:00-05:00,1.3320000171661377
2020-04-08 00:00:00-05:00,1.3639999628067017
2020-04-09 00:00:00-05:00,1.3530000448226929
2020-04-13 00:00:00-05:00,1.3910000324249268
2020-04-14 00:00:00-05:00,1.4119999408721924
2020-04-15 00:00:00-05:00,1.274999976158142
2020-04-16 00:00:00-05:00,1.2100000381469727
2020-04-17 00:00:00-05:00,1.2760000228881836
2020-04-20 00:00:00-05:00,1.2369999885559082
2020-04-21 00:00:00-05:00,1.1619999408721924
2020-04-22 00:00:00-05:00,1.2200000286102295
2020-04-23 00:00:00-05:00,1.2039999961853027
2020-04-24 00:00:00-05:00,1.1770000457763672
2020-04-27 00:00:00-05:00,1.2510000467300415
2020-04-28 00:00:00-05:00,1.2059999704360962
2020-04-29 00:00:00-05:00,1.2450000047683716
2020-04-30 00:00:00-05:00,1.2660000324249268
2020-05-01 00:00:00-05:00,1.277999997138977
2020-05-04 00:00:00-05:00,1.2970000505447388
2020-05-05 00:00:00-05:00,1.3300000429153442
2020-05-06 00:00:00-05:00,1.4149999618530273
2020-05-07 00:00:00-05:00,1.3220000267028809
2020-05-08 00:00:00-05:00,1.3860000371932983
2020-05-11 00:00:00-05:00,1.4450000524520874
2020-05-12 00:00:00-05:00,1.38100004196167
2020-05-13 00:00:00-05:00,1.340999960899353
2020-05-14 00:00:00-05:00,1.2960000038146973
2020-05-15 00:00:00-05:00,1.319000005722046
2020-05-18 00:00:00-05:00,1.4579999446868896
2020-05-19 00:00:00-05:00,1.434999942779541
2020-05-20 00:00:00-05:00,1.3990000486373901
2020-05-21 00:00:00-05:00,1.3990000486373901
2020-05-22 00:00:00-05:00,1.371000051498413
2020-05-26 00:00:00-05:00,1.4390000104904175
2020-05-27 00:00:00-05:00,1.434000015258789
2020-05-28 00:00:00-05:00,1.4739999771118164
2020-05-29 00:00:00-05:00,1.406999945640564
2020-06-01 00:00:00-05:00,1.4550000429153442
2020-06-02 00:00:00-05:00,1.4789999723434448
2020-06-03 00:00:00-05:00,1.5509999990463257
2020-06-04 00:00:00-05:00,1.6239999532699585
2020-06-05 00:00:00-05:00,1.6779999732971191
2020-06-08 00:00:00-05:00,1.659999966621399
2020-06-09 00:00:00-05:00,1.5829999446868896
2020-06-10 00:00:00-05:00,1.5199999809265137
2020-06-11 00:00:00-05:00,1.4010000228881836
2020-06-12 00:00:00-05:00,1.4500000476837158
2020-06-15 00:00:00-05:00,1.4479999542236328
2020-06-16 00:00:00-05:00,1.5390000343322754
2020-06-17 00:00:00-05:00,1.5240000486373901
2020-06-18 00:00:00-05:00,1.4609999656677246
2020-06-19 00:00:00-05:00,1.4700000286102295
2020-06-22 00:00:00-05:00,1.4609999656677246
2020-06-23 00:00:00-05:00,1.4889999628067017
2020-06-24 00:00:00-05:00,1.4450000524520874
2020-06-25 00:00:00-05:00,1.4179999828338623
2020-06-26 00:00:00-05:00,1.371999979019165
2020-06-29 00:00:00-05:00,1.3910000324249268
2020-06-30 00:00:00-05:00,1.409000039100647
2020-07-01 00:00:00-05:00,1.4329999685287476
2020-07-02 00:00:00-05:00,1.4290000200271606
2020-07-06 00:00:00-05:00,1.4429999589920044
2020-07-07 00:00:00-05:00,1.3899999856948853
2020-07-08 00:00:00-05:00,1.3919999599456787
2020-07-09 00:00:00-05:00,1.3079999685287476
2020-07-10 00:00:00-05:00,1.3259999752044678
2020-07-13 00:00:00-05:00,1.3370000123977661
2020-07-14 00:00:00-05:00,1.3020000457763672
2020-07-15 00:00:00-05:00,1.3309999704360962
2020-07-16 00:00:00-05:00,1.3009999990463257
2020-07-17 00:00:00-05:00,1.3289999961853027
2020-07-20 00:00:00-05:00,1.319000005722046
2020-07-21 00:00:00-05:00,1.312999963760376
2020-07-22 00:00:00-05:00,1.2890000343322754
2020-07-23 00:00:00-05:00,1.2489999532699585
2020-07-24 00:00:00-05:00,1.2389999628067017
2020-07-27 00:00:00-05:00,1.2519999742507935
2020-07-28 00:00:00-05:00,1.2230000495910645
2020-07-29 00:00:00-05:00,1.2419999837875366
2020-07-30 00:00:00-05:00,1.1979999542236328
2020-07-31 00:00:00-05:00,1.1979999542236328
2020-08-03 00:00:00-05:00,1.2450000047683716
2020-08-04 00:00:00-05:00,1.190999984741211
2020-08-05 00:00:00-05:00,1.218999981880188
2020-08-06 00:00:00-05:00,1.2009999752044678
2020-08-07 00:00:00-05:00,1.2289999723434448
2020-08-10 00:00:00-05:00,1.2480000257492065
2020-08-11 00:00:00-05:00,1.3480000495910645
2020-08-12 00:00:00-05:00,1.3650000095367432
2020-08-13 00:00:00-05:00,1.4259999990463257
2020-08-14 00:00:00-05:00,1.4420000314712524
2020-08-17 00:00:00-05:00,1.4240000247955322
2020-08-18 00:00:00-05:00,1.3980000019073486
2020-08-19 00:00:00-05:00,1.4149999618530273
2020-08-20 00:00:00-05:00,1.3769999742507935
2020-08-21 00:00:00-05:00,1.3530000448226929
2020-08-24 00:00:00-05:00,1.350000023841858
2020-08-25 00:00:00-05:00,1.3880000114440918
2020-08-26 00:00:00-05:00,1.406000018119812
2020-08-27 00:00:00-05:00,1.5
2020-08-28 00:00:00-05:00,1.5080000162124634
2020-08-31 00:00:00-05:00,1.4520000219345093
2020-09-01 00:00:00-05:00,1.4249999523162842
2020-09-02 00:00:00-05:00,1.375
2020-09-03 00:00:00-05:00,1.340999960899353
2020-09-04 00:00:00-05:00,1.4700000286102295
2020-09-08 00:00:00-05:00,1.4229999780654907
2020-09-09 00:00:00-05:00,1.4579999446868896
2020-09-10 00:00:00-05:00,1.434000015258789
2020-09-11 00:00:00-05:00,1.4170000553131104
2020-09-14 00:00:00-05:00,1.409000039100647
2020-09-15 00:00:00-05:00,1.4320000410079956
2020-09-16 00:00:00-05:00,1.4470000267028809
2020-09-17 00:00:00-05:00,1.4290000200271606
2020-09-18 00:00:00-05:00,1.4529999494552612
2020-09-21 00:00:00-05:00,1.4270000457763672
2020-09-22 00:00:00-05:00,1.4140000343322754
2020-09-23 00:00:00-05:00,1.4249999523162842
2020-09-24 00:00:00-05:00,1.4010000228881836
2020-09-25 00:00:00-05:00,1.4049999713897705
2020-09-28 00:00:00-05:00,1.4229999780654907
2020-09-29 00:00:00-05:00,1.406000018119812
2020-09-30 00:00:00-05:00,1.4509999752044678
2020-10-01 00:00:00-05:00,1.4539999961853027
2020-10-02 00:00:00-05:00,1.4809999465942383
2020-10-05 00:00:00-05:00,1.5670000314712524
2020-10-06 00:00:00-05:00,1.5360000133514404
2020-10-07 00:00:00-05:00,1.5880000591278076
2020-10-08 00:00:00-05:00,1.565999984741211
2020-10-09 00:00:00-05:00,1.5740000009536743
2020-10-12 00:00:00-05:00,1.5740000009536743
2020-10-13 00:00:00-05:00,1.5130000114440918
2020-10-14 00:00:00-05:00,1.5
2020-10-15 00:00:00-05:00,1.5069999694824219
2020-10-16 00:00:00-05:00,1.5290000438690186
2020-10-19 00:00:00-05:00,1.5479999780654907
2020-10-20 00:00:00-05:00,1.6039999723434448
2020-10-21 00:00:00-05:00,1.628999948501587
2020-10-22 00:00:00-05:00,1.6579999923706055
2020-10-23 00:00:00-05:00,1.6449999809265137
2020-10-26 00:00:00-05:00,1.593999981880188
2020-10-27 00:00:00-05:00,1.5709999799728394
2020-10-28 00:00:00-05:00,1.5700000524520874
2020-10-29 00:00:00-05:00,1.625
2020-10-30 00:00:00-05:00,1.6399999856948853
2020-11-02 00:00:00-06:00,1.6239999532699585
2020-11-03 00:00:00-06:00,1.6549999713897705
2020-11-04 00:00:00-06:00,1.5460000038146973
2020-11-05 00:00:00-06:00,1.5440000295639038
2020-11-06 00:00:00-06:00,1.5989999771118164
2020-11-09 00:00:00-06:00,1.7510000467300415
2020-11-10 00:00:00-06:00,1.7599999904632568
2020-11-11 00:00:00-06:00,1.7389999628067017
2020-11-12 00:00:00-06:00,1.6510000228881836
2020-11-13 00:00:00-06:00,1.6480000019073486
2020-11-16 00:00:00-06:00,1.659999966621399
2020-11-17 00:00:00-06:00,1.6260000467300415
2020-11-18 00:00:00-06:00,1.6180000305175781
2020-11-19 00:00:00-06:00,1.5779999494552612
2020-11-20 00:00:00-06:00,1.531999945640564
2020-11-23 00:00:00-06:00,1.562000036239624
2020-11-24 00:00:00-06:00,1.6030000448226929
2020-11-25 00:00:00-06:00,1.6200000047683716
2020-11-27 00:00:00-06:00,1.5740000009536743
2020-11-30 00:00:00-06:00,1.5729999542236328
2020-12-01 00:00:00-06:00,1.6759999990463257
2020-12-02 00:00:00-06:00,1.7039999961853027
2020-12-03 00:00:00-06:00,1.6660000085830688
2020-12-04 00:00:00-06:00,1.7300000190734863
2020-12-07 00:00:00-06:00,1.6859999895095825
2020-12-08 00:00:00-06:00,1.659000039100647
2020-12-09 00:00:00-06:00,1.6890000104904175
2020-12-10 00:00:00-06:00,1.6369999647140503
2020-12-11 00:00:00-06:00,1.6260000467300415
2020-12-14 00:00:00-06:00,1.628000020980835
2020-12-15 00:00:00-06:00,1.6649999618530273
2020-12-16 00:00:00-06:00,1.6660000085830688
2020-12-17 00:00:00-06:00,1.6759999990463257
2020-12-18 00:00:00-06:00,1.7000000476837158
2020-12-21 00:00:00-06:00,1.684000015258789
2020-12-22 00:00:00-06:00,1.652999997138977
2020-12-23 00:00:00-06:00,1.6970000267028809
2020-12-24 00:00:00-06:00,1.6640000343322754
2020-12-28 00:00:00-06:00,1.6690000295639038
2020-12-29 00:00:00-06:00,1.6740000247955322
2020-12-30 00:00:00-06:00,1.6619999408721924
2020-12-31 00:00:00-06:00,1.6460000276565552
2021-01-04 00:00:00-06:00,1.656000018119812
2021-01-05 00:00:00-06:00,1.7050000429153442
2021-01-06 00:00:00-06:00,1.8209999799728394
2021-01-07 00:00:00-06:00,1.8450000286102295
2021-01-08 00:00:00-06:00,1.8630000352859497
2021-01-11 00:00:00-06:00,1.8760000467300415
2021-01-12 00:00:00-06:00,1.8849999904632568
2021-01-13 00:00:00-06:00,1.8179999589920044
2021-01-14 00:00:00-06:00,1.8739999532699585
2021-01-15 00:00:00-06:00,1.8530000448226929
2021-01-19 00:00:00-06:00,1.840000033378601
2021-01-20 00:00:00-06:00,1.8420000076293945
2021-01-21 00:00:00-06:00,1.871999979019165
2021-01-22 00:00:00-06:00,1.8569999933242798
2021-01-25 00:00:00-06:00,1.7979999780654907
2021-01-26 00:00:00-06:00,1.8020000457763672
2021-01-27 00:00:00-06:00,1.777999997138977
2021-01-28 00:00:00-06:00,1.8200000524520874
2021-01-29 00:00:00-06:00,1.8580000400543213
2021-02-01 00:00:00-06:00,1.847000002861023
2021-02-02 00:00:00-06:00,1.8769999742507935
2021-02-03 00:00:00-06:00,1.9119999408721924
2021-02-04 00:00:00-06:00,1.9329999685287476
2021-02-05 00:00:00-06:00,1.9739999771118164
2021-02-08 00:00:00-06:00,1.9429999589920044
2021-02-09 00:00:00-06:00,1.9470000267028809
2021-02-10 00:00:00-06:00,1.9240000247955322
2021-02-11 00:00:00-06:00,1.9470000267028809
2021-02-12 00:00:00-06:00,2.003000020980835
2021-02-16 00:00:00-06:00,2.0899999141693115
2021-02-17 00:00:00-06:00,2.069000005722046
2021-02-18 00:00:00-06:00,2.0759999752044678
2021-02-19 00:00:00-06:00,2.140000104904175
2021-02-22 00:00:00-06:00,2.180000066757202
2021-02-23 00:00:00-06:00,2.200000047683716
2021-02-24 00:00:00-06:00,2.242000102996826
2021-02-25 00:00:00-06:00,2.308000087738037
2021-02-26 00:00:00-06:00,2.181999921798706
2021-03-01 00:00:00-06:00,2.2200000286102295
2021-03-02 00:00:00-06:00,2.2160000801086426
2021-03-03 00:00:00-06:00,2.252000093460083
2021-03-04 00:00:00-06:00,2.309000015258789
2021-03-05 00:00:00-06:00,2.2880001068115234
2021-03-08 00:00:00-06:00,2.308000087738037
2021-03-09 00:00:00-06:00,2.259000062942505
2021-03-10 00:00:00-06:00,2.243000030517578
2021-03-11 00:00:00-06:00,2.2809998989105225
2021-03-12 00:00:00-06:00,2.4019999504089355
2021-03-15 00:00:00-05:00,2.368000030517578
2021-03-16 00:00:00-05:00,2.3910000324249268
2021-03-17 00:00:00-05:00,2.437000036239624
2021-03-18 00:00:00-05:00,2.4760000705718994
2021-03-19 00:00:00-05:00,2.4509999752044678
2021-03-22 00:00:00-05:00,2.382999897003174
2021-03-23 00:00:00-05:00,2.3480000495910645
2021-03-24 00:00:00-05:00,2.313999891281128
2021-03-25 00:00:00-05:00,2.3340001106262207
2021-03-26 00:00:00-05:00,2.367000102996826
2021-03-29 00:00:00-05:00,2.4240000247955322
2021-03-30 00:00:00-05:00,2.3959999084472656
2021-03-31 00:00:00-05:00,2.424999952316284
2021-04-01 00:00:00-05:00,2.3399999141693115
2021-04-05 00:00:00-05:00,2.36299991607666
2021-04-06 00:00:00-05:00,2.315999984741211
2021-04-07 00:00:00-05:00,2.3350000381469727
2021-04-08 00:00:00-05:00,2.322000026702881
2021-04-09 00:00:00-05:00,2.3389999866485596
2021-04-12 00:00:00-05:00,2.3469998836517334
2021-04-13 00:00:00-05:00,2.306999921798706
2021-04-14 00:00:00-05:00,2.325000047683716
2021-04-15 00:00:00-05:00,2.2100000381469727
2021-04-16 00:00:00-05:00,2.260999917984009
2021-04-19 00:00:00-05:00,2.2939999103546143
2021-04-20 00:00:00-05:00,2.259000062942505
2021-04-21 00:00:00-05:00,2.2639999389648438
2021-04-22 00:00:00-05:00,2.239000082015991
2021-04-23 00:00:00-05:00,2.250999927520752
2021-04-26 00:00:00-05:00,2.24399995803833
2021-04-27 00:00:00-05:00,2.2939999103546143
2021-04-28 00:00:00-05:00,2.299999952316284
2021-04-29 00:00:00-05:00,2.311000108718872
2021-04-30 00:00:00-05:00,2.3010001182556152
2021-05-03 00:00:00-05:00,2.2880001068115234
2021-05-04 00:00:00-05:00,2.2660000324249268
2021-05-05 00:00:00-05:00,2.259000062942505
2021-05-06 00:00:00-05:00,2.2360000610351562
2021-05-07 00:00:00-05:00,2.2769999504089355
2021-05-10 00:00:00-05:00,2.319000005722046
2021-05-11 00:00:00-05:00,2.3510000705718994
2021-05-12 00:00:00-05:00,2.4149999618530273
2021-05-13 00:00:00-05:00,2.3959999084472656
2021-05-14 00:00:00-05:00,2.3550000190734863
2021-05-17 00:00:00-05:00,2.3550000190734863
2021-05-18 00:00:00-05:00,2.364000082015991
2021-05-19 00:00:00-05:00,2.38700008392334
2021-05-20 00:00:00-05:00,2.3420000076293945
2021-05-21 00:00:00-05:00,2.3329999446868896
2021-05-24 00:00:00-05:00,2.302000045776367
2021-05-25 00:00:00-05:00,2.259999990463257
2021-05-26 00:00:00-05:00,2.259999990463257
2021-05-27 00:00:00-05:00,2.2899999618530273
2021-05-28 00:00:00-05:00,2.263000011444092
2021-06-01 00:00:00-05:00,2.2960000038146973
2021-06-02 00:00:00-05:00,2.2799999713897705
2021-06-03 00:00:00-05:00,2.2950000762939453
2021-06-04 00:00:00-05:00,2.239000082015991
2021-06-07 00:00:00-05:00,2.250999927520752
2021-06-08 00:00:00-05:00,2.2090001106262207
2021-06-09 00:00:00-05:00,2.1689999103546143
2021-06-10 00:00:00-05:00,2.1530001163482666
2021-06-11 00:00:00-05:00,2.1519999504089355
2021-06-14 00:00:00-05:00,2.190000057220459
2021-06-15 00:00:00-05:00,2.1989998817443848
2021-06-16 00:00:00-05:00,2.2090001106262207
2021-06-17 00:00:00-05:00,2.0999999046325684
2021-06-18 00:00:00-05:00,2.0269999504089355
2021-06-21 00:00:00-05:00,2.1040000915527344
2021-06-22 00:00:00-05:00,2.1050000190734863
2021-06-23 00:00:00-05:00,2.111999988555908
2021-06-24 00:00:00-05:00,2.0950000286102295
2021-06-25 00:00:00-05:00,2.1689999103546143
2021-06-28 00:00:00-05:00,2.0980000495910645
2021-06-29 00:00:00-05:00,2.0959999561309814
2021-06-30 00:00:00-05:00,2.065000057220459
2021-07-01 00:00:00-05:00,2.0859999656677246
2021-07-02 00:00:00-05:00,2.0450000762939453
2021-07-06 00:00:00-05:00,2.003999948501587
2021-07-07 00:00:00-05:00,1.944000005722046
2021-07-08 00:00:00-05:00,1.909999966621399
2021-07-09 00:00:00-05:00,1.9819999933242798
2021-07-12 00:00:00-05:00,1.9930000305175781
2021-07-13 00:00:00-05:00,2.0380001068115234
2021-07-14 00:00:00-05:00,1.9889999628067017
2021-07-15 00:00:00-05:00,1.9199999570846558
2021-07-16 00:00:00-05:00,1.930999994277954
2021-07-19 00:00:00-05:00,1.815000057220459
2021-07-20 00:00:00-05:00,1.86899995803833
2021-07-21 00:00:00-05:00,1.9299999475479126
2021-07-22 00:00:00-05:00,1.9019999504089355
2021-07-23 00:00:00-05:00,1.9249999523162842
2021-07-26 00:00:00-05:00,1.9259999990463257
2021-07-27 00:00:00-05:00,1.8890000581741333
2021-07-28 00:00:00-05:00,1.9110000133514404
2021-07-29 00:00:00-05:00,1.9160000085830688
2021-07-30 00:00:00-05:00,1.8969999551773071
2021-08-02 00:00:00-05:00,1.8530000448226929
2021-08-03 00:00:00-05:00,1.8519999980926514
2021-08-04 00:00:00-05:00,1.840000033378601
2021-08-05 00:00:00-05:00,1.8630000352859497
2021-08-06 00:00:00-05:00,1.934000015258789
2021-08-09 00:00:00-05:00,1.9630000591278076
2021-08-10 00:00:00-05:00,1.9839999675750732
2021-08-11 00:00:00-05:00,1.996999979019165
2021-08-12 00:00:00-05:00,2.013000011444092
2021-08-13 00:00:00-05:00,1.9479999542236328
2021-08-16 00:00:00-05:00,1.9240000247955322
2021-08-17 00:00:00-05:00,1.9190000295639038
2021-08-18 00:00:00-05:00,1.9140000343322754
2021-08-19 00:00:00-05:00,1.8760000467300415
2021-08-20 00:00:00-05:00,1.8739999532699585
2021-08-23 00:00:00-05:00,1.871999979019165
2021-08-24 00:00:00-05:00,1.906999945640564
2021-08-25 00:00:00-05:00,1.9589999914169312
2021-08-26 00:00:00-05:00,1.940999984741211
2021-08-27 00:00:00-05:00,1.9179999828338623
2021-08-30 00:00:00-05:00,1.899999976158142
2021-08-31 00:00:00-05:00,1.9270000457763672
2021-09-01 00:00:00-05:00,1.9190000295639038
2021-09-02 00:00:00-05:00,1.906999945640564
2021-09-03 00:00:00-05:00,1.9429999589920044
2021-09-07 00:00:00-05:00,1.9839999675750732
2021-09-08 00:00:00-05:00,1.9529999494552612
2021-09-09 00:00:00-05:00,1.8969999551773071
2021-09-10 00:00:00-05:00,1.934000015258789
2021-09-13 00:00:00-05:00,1.9049999713897705
2021-09-14 00:00:00-05:00,1.850000023841858
2021-09-15 00:00:00-05:00,1.86899995803833
2021-09-16 00:00:00-05:00,1.88100004196167
2021-09-17 00:00:00-05:00,1.909000039100647
2021-09-20 00:00:00-05:00,1.8459999561309814
2021-09-21 00:00:00-05:00,1.8569999933242798
2021-09-22 00:00:00-05:00,1.8509999513626099
2021-09-23 00:00:00-05:00,1.9240000247955322
2021-09-24 00:00:00-05:00,1.9880000352859497
2021-09-27 00:00:00-05:00,1.9950000047683716
2021-09-28 00:00:00-05:00,2.069999933242798
2021-09-29 00:00:00-05:00,2.0899999141693115
2021-09-30 00:00:00-05:00,2.0920000076293945
2021-10-01 00:00:00-05:00,2.058000087738037
2021-10-04 00:00:00-05:00,2.046999931335449
2021-10-05 00:00:00-05:00,2.0980000495910645
2021-10-06 00:00:00-05:00,2.0759999752044678
2021-10-07 00:00:00-05:00,2.131999969482422
2021-10-08 00:00:00-05:00,2.1619999408721924
2021-10-11 00:00:00-05:00,2.1659998893737793
2021-10-12 00:00:00-05:00,2.1059999465942383
2021-10-13 00:00:00-05:00,2.0409998893737793
2021-10-14 00:00:00-05:00,2.0250000953674316
2021-10-15 00:00:00-05:00,2.0510001182556152
2021-10-18 00:00:00-05:00,2.0169999599456787
2021-10-19 00:00:00-05:00,2.0880000591278076
2021-10-20 00:00:00-05:00,2.1110000610351562
2021-10-21 00:00:00-05:00,2.128000020980835
2021-10-22 00:00:00-05:00,2.0910000801086426
2021-10-25 00:00:00-05:00,2.0850000381469727
2021-10-26 00:00:00-05:00,2.0510001182556152
2021-10-27 00:00:00-05:00,1.9420000314712524
2021-10-28 00:00:00-05:00,1.9630000591278076
2021-10-29 00:00:00-05:00,1.9420000314712524
2021-11-01 00:00:00-05:00,1.968999981880188
2021-11-02 00:00:00-05:00,1.9600000381469727
2021-11-03 00:00:00-05:00,1.9859999418258667
2021-11-04 00:00:00-05:00,1.9639999866485596
2021-11-05 00:00:00-05:00,1.8860000371932983
2021-11-08 00:00:00-06:00,1.8869999647140503
2021-11-09 00:00:00-06:00,1.8220000267028809
2021-11-10 00:00:00-06:00,1.9179999828338623
2021-11-11 00:00:00-06:00,1.9160000085830688
2021-11-12 00:00:00-06:00,1.9550000429153442
2021-11-15 00:00:00-06:00,2.006999969482422
2021-11-16 00:00:00-06:00,2.0179998874664307
2021-11-17 00:00:00-06:00,1.996000051498413
2021-11-18 00:00:00-06:00,1.972000002861023
2021-11-19 00:00:00-06:00,1.906999945640564
2021-11-22 00:00:00-06:00,1.9780000448226929
2021-11-23 00:00:00-06:00,2.0230000019073486
2021-11-24 00:00:00-06:00,1.968999981880188
2021-11-26 00:00:00-06:00,1.8270000219345093
2021-11-29 00:00:00-06:00,1.8799999952316284
2021-11-30 00:00:00-06:00,1.7869999408721924
2021-12-01 00:00:00-06:00,1.777999997138977
2021-12-02 00:00:00-06:00,1.7690000534057617
2021-12-03 00:00:00-06:00,1.6779999732971191
2021-12-06 00:00:00-06:00,1.7569999694824219
2021-12-07 00:00:00-06:00,1.7960000038146973
2021-12-08 00:00:00-06:00,1.875
2021-12-09 00:00:00-06:00,1.8660000562667847
2021-12-10 00:00:00-06:00,1.8839999437332153
2021-12-13 00:00:00-06:00,1.812000036239624
2021-12-14 00:00:00-06:00,1.8179999589920044
2021-12-15 00:00:00-06:00,1.8550000190734863
2021-12-16 00:00:00-06:00,1.8609999418258667
2021-12-17 00:00:00-06:00,1.8179999589920044
2021-12-20 00:00:00-06:00,1.8489999771118164
2021-12-21 00:00:00-06:00,1.8969999551773071
2021-12-22 00:00:00-06:00,1.8569999933242798
2021-12-23 00:00:00-06:00,1.9049999713897705
2021-12-27 00:00:00-06:00,1.8860000371932983
2021-12-28 00:00:00-06:00,1.902999997138977
2021-12-29 00:00:00-06:00,1.9529999494552612
2021-12-30 00:00:00-06:00,1.9249999523162842
2021-12-31 00:00:00-06:00,1.9049999713897705
2022-01-03 00:00:00-06:00,2.0160000324249268
2022-01-04 00:00:00-06:00,2.0769999027252197
2022-01-05 00:00:00-06:00,2.0880000591278076
2022-01-06 00:00:00-06:00,2.0929999351501465
2022-01-07 00:00:00-06:00,2.118000030517578
2022-01-10 00:00:00-06:00,2.109999895095825
2022-01-11 00:00:00-06:00,2.072999954223633
2022-01-12 00:00:00-06:00,2.0739998817443848
2022-01-13 00:00:00-06:00,2.055000066757202
2022-01-14 00:00:00-06:00,2.114000082015991
2022-01-18 00:00:00-06:00,2.184000015258789
2022-01-19 00:00:00-06:00,2.138000011444092
2022-01-20 00:00:00-06:00,2.140000104904175
2022-01-21 00:00:00-06:00,2.063999891281128
2022-01-24 00:00:00-06:00,2.0829999446868896
2022-01-25 00:00:00-06:00,2.128999948501587
2022-01-26 00:00:00-06:00,2.1670000553131104
2022-01-27 00:00:00-06:00,2.0910000801086426
2022-01-28 00:00:00-06:00,2.0829999446868896
2022-01-31 00:00:00-06:00,2.0980000495910645
2022-02-01 00:00:00-06:00,2.124000072479248
2022-02-02 00:00:00-06:00,2.0940001010894775
2022-02-03 00:00:00-06:00,2.1449999809265137
2022-02-04 00:00:00-06:00,2.2330000400543213
2022-02-07 00:00:00-06:00,2.2179999351501465
2022-02-08 00:00:00-06:00,2.250999927520752
2022-02-09 00:00:00-06:00,2.2320001125335693
2022-02-10 00:00:00-06:00,2.309000015258789
2022-02-11 00:00:00-06:00,2.256999969482422
2022-02-14 00:00:00-06:00,2.3010001182556152
2022-02-15 00:00:00-06:00,2.361999988555908
2022-02-16 00:00:00-06:00,2.365000009536743
2022-02-17 00:00:00-06:00,2.312000036239624
2022-02-18 00:00:00-06:00,2.250999927520752
2022-02-22 00:00:00-06:00,2.253000020980835
2022-02-23 00:00:00-06:00,2.2750000953674316
2022-02-24 00:00:00-06:00,2.2929999828338623
2022-02-25 00:00:00-06:00,2.2960000038146973
2022-02-28 00:00:00-06:00,2.181999921798706
2022-03-01 00:00:00-06:00,2.1040000915527344
2022-03-02 00:00:00-06:00,2.2330000400543213
2022-03-03 00:00:00-06:00,2.2269999980926514
2022-03-04 00:00:00-06:00,2.1510000228881836
2022-03-07 00:00:00-06:00,2.1519999504089355
2022-03-08 00:00:00-06:00,2.24399995803833
2022-03-09 00:00:00-06:00,2.302000045776367
2022-03-10 00:00:00-06:00,2.3940000534057617
2022-03-11 00:00:00-06:00,2.364000082015991
2022-03-14 00:00:00-05:00,2.4760000705718994
2022-03-15 00:00:00-05:00,2.505000114440918
2022-03-16 00:00:00-05:00,2.4590001106262207
2022-03-17 00:00:00-05:00,2.484999895095825
2022-03-18 00:00:00-05:00,2.4179999828338623
2022-03-21 00:00:00-05:00,2.5339999198913574
2022-03-22 00:00:00-05:00,2.5929999351501465
2022-03-23 00:00:00-05:00,2.5190000534057617
2022-03-24 00:00:00-05:00,2.510999917984009
2022-03-25 00:00:00-05:00,2.6029999256134033
2022-03-28 00:00:00-05:00,2.572999954223633
2022-03-29 00:00:00-05:00,2.5239999294281006
2022-03-30 00:00:00-05:00,2.4800000190734863
2022-03-31 00:00:00-05:00,2.447999954223633
2022-04-01 00:00:00-05:00,2.4240000247955322
2022-04-04 00:00:00-05:00,2.4739999771118164
2022-04-05 00:00:00-05:00,2.5840001106262207
2022-04-06 00:00:00-05:00,2.631999969482422
2022-04-07 00:00:00-05:00,2.687000036239624
2022-04-08 00:00:00-05:00,2.746000051498413
2022-04-11 00:00:00-05:00,2.819999933242798
2022-04-12 00:00:00-05:00,2.8259999752044678
2022-04-13 00:00:00-05:00,2.7939999103546143
2022-04-14 00:00:00-05:00,2.9189999103546143
2022-04-18 00:00:00-05:00,2.953000068664551
2022-04-19 00:00:00-05:00,2.990000009536743
2022-04-20 00:00:00-05:00,2.878999948501587
2022-04-21 00:00:00-05:00,2.933000087738037
2022-04-22 00:00:00-05:00,2.944000005722046
2022-04-25 00:00:00-05:00,2.8940000534057617
2022-04-26 00:00:00-05:00,2.86899995803833
2022-04-27 00:00:00-05:00,2.9079999923706055
2022-04-28 00:00:00-05:00,2.928999900817871
2022-04-29 00:00:00-05:00,2.947000026702881
2022-05-02 00:00:00-05:00,3.061000108718872
2022-05-03 00:00:00-05:00,3.00600004196167
2022-05-04 00:00:00-05:00,3.003000020980835
2022-05-05 00:00:00-05:00,3.1600000858306885
2022-05-06 00:00:00-05:00,3.2209999561309814
2022-05-09 00:00:00-05:00,3.2079999446868896
2022-05-10 00:00:00-05:00,3.130000114440918
2022-05-11 00:00:00-05:00,3.0439999103546143
2022-05-12 00:00:00-05:00,2.984999895095825
2022-05-13 00:00:00-05:00,3.0929999351501465
2022-05-16 00:00:00-05:00,3.0840001106262207
2022-05-17 00:00:00-05:00,3.1619999408721924
2022-05-18 00:00:00-05:00,3.072000026702881
2022-05-19 00:00:00-05:00,3.065999984741211
2022-05-20 00:00:00-05:00,2.996000051498413
2022-05-23 00:00:00-05:00,3.065000057220459
2022-05-24 00:00:00-05:00,2.9730000495910645
2022-05-25 00:00:00-05:00,2.9649999141693115
2022-05-26 00:00:00-05:00,2.990999937057495
2022-05-27 00:00:00-05:00,2.9719998836517334
2022-05-31 00:00:00-05:00,3.056999921798706
2022-06-01 00:00:00-05:00,3.0759999752044678
2022-06-02 00:00:00-05:00,3.0759999752044678
2022-06-03 00:00:00-05:00,3.114000082015991
2022-06-06 00:00:00-05:00,3.190999984741211
2022-06-07 00:00:00-05:00,3.122999906539917
2022-06-08 00:00:00-05:00,3.177000045776367
2022-06-09 00:00:00-05:00,3.1710000038146973
2022-06-10 00:00:00-05:00,3.196000099182129
2022-06-13 00:00:00-05:00,3.367000102996826
2022-06-14 00:00:00-05:00,3.431999921798706
2022-06-15 00:00:00-05:00,3.4130001068115234
2022-06-16 00:00:00-05:00,3.361999988555908
2022-06-17 00:00:00-05:00,3.2939999103546143
2022-06-21 00:00:00-05:00,3.390000104904175
2022-06-22 00:00:00-05:00,3.243000030517578
2022-06-23 00:00:00-05:00,3.178999900817871
2022-06-24 00:00:00-05:00,3.256999969482422
2022-06-27 00:00:00-05:00,3.305000066757202
2022-06-28 00:00:00-05:00,3.309999942779541
2022-06-29 00:00:00-05:00,3.2119998931884766
2022-06-30 00:00:00-05:00,3.11899995803833
2022-07-01 00:00:00-05:00,3.115999937057495
2022-07-05 00:00:00-05:00,3.0320000648498535
2022-07-06 00:00:00-05:00,3.11899995803833
2022-07-07 00:00:00-05:00,3.194000005722046
2022-07-08 00:00:00-05:00,3.2690000534057617
2022-07-11 00:00:00-05:00,3.180000066757202
2022-07-12 00:00:00-05:00,3.13700008392334
2022-07-13 00:00:00-05:00,3.069000005722046
2022-07-14 00:00:00-05:00,3.1040000915527344
2022-07-15 00:00:00-05:00,3.0940001010894775
2022-07-18 00:00:00-05:00,3.134999990463257
2022-07-19 00:00:00-05:00,3.178999900817871
2022-07-20 00:00:00-05:00,3.1700000762939453
2022-07-21 00:00:00-05:00,3.072999954223633
2022-07-22 00:00:00-05:00,2.997999906539917
2022-07-25 00:00:00-05:00,3.0490000247955322
2022-07-26 00:00:00-05:00,3.009000062942505
2022-07-27 00:00:00-05:00,3.002000093460083
2022-07-28 00:00:00-05:00,3.0390000343322754
2022-07-29 00:00:00-05:00,2.9739999771118164
2022-08-01 00:00:00-05:00,2.924999952316284
2022-08-02 00:00:00-05:00,2.984999895095825
2022-08-03 00:00:00-05:00,2.9769999980926514
2022-08-04 00:00:00-05:00,2.9609999656677246
2022-08-05 00:00:00-05:00,3.065000057220459
2022-08-08 00:00:00-05:00,2.997999906539917
2022-08-09 00:00:00-05:00,3.005000114440918
2022-08-10 00:00:00-05:00,3.0420000553131104
2022-08-11 00:00:00-05:00,3.1730000972747803
2022-08-12 00:00:00-05:00,3.118000030517578
2022-08-15 00:00:00-05:00,3.0959999561309814
2022-08-16 00:00:00-05:00,3.11299991607666
2022-08-17 00:00:00-05:00,3.1459999084472656
2022-08-18 00:00:00-05:00,3.1389999389648438
2022-08-19 00:00:00-05:00,3.2249999046325684
2022-08-22 00:00:00-05:00,3.242000102996826
2022-08-23 00:00:00-05:00,3.25600004196167
2022-08-24 00:00:00-05:00,3.321000099182129
2022-08-25 00:00:00-05:00,3.2339999675750732
2022-08-26 00:00:00-05:00,3.2049999237060547
2022-08-29 00:00:00-05:00,3.246999979019165
2022-08-30 00:00:00-05:00,3.2200000286102295
2022-08-31 00:00:00-05:00,3.255000114440918
2022-09-01 00:00:00-05:00,3.374000072479248
2022-09-02 00:00:00-05:00,3.3440001010894775
2022-09-06 00:00:00-05:00,3.4820001125335693
2022-09-07 00:00:00-05:00,3.4059998989105225
2022-09-08 00:00:00-05:00,3.441999912261963
2022-09-09 00:00:00-05:00,3.4560000896453857
2022-09-12 00:00:00-05:00,3.513000011444092
2022-09-13 00:00:00-05:00,3.506999969482422
2022-09-14 00:00:00-05:00,3.4690001010894775
2022-09-15 00:00:00-05:00,3.4800000190734863
2022-09-16 00:00:00-05:00,3.5190000534057617
2022-09-19 00:00:00-05:00,3.505000114440918
2022-09-20 00:00:00-05:00,3.5810000896453857
2022-09-21 00:00:00-05:00,3.5179998874664307
2022-09-22 00:00:00-05:00,3.6389999389648438
2022-09-23 00:00:00-05:00,3.611999988555908
2022-09-26 00:00:00-05:00,3.697999954223633
2022-09-27 00:00:00-05:00,3.8289999961853027
2022-09-28 00:00:00-05:00,3.680999994277954
2022-09-29 00:00:00-05:00,3.693000078201294
2022-09-30 00:00:00-05:00,3.765000104904175
2022-10-03 00:00:00-05:00,3.7060000896453857
2022-10-04 00:00:00-05:00,3.687000036239624
2022-10-05 00:00:00-05:00,3.765000104904175
2022-10-06 00:00:00-05:00,3.7939999103546143
2022-10-07 00:00:00-05:00,3.8410000801086426
2022-10-10 00:00:00-05:00,3.8480000495910645
2022-10-11 00:00:00-05:00,3.9019999504089355
2022-10-12 00:00:00-05:00,3.884000062942505
2022-10-13 00:00:00-05:00,3.931999921798706
2022-10-14 00:00:00-05:00,3.9779999256134033
2022-10-17 00:00:00-05:00,4.014999866485596
2022-10-18 00:00:00-05:00,4.020999908447266
2022-10-19 00:00:00-05:00,4.125999927520752
2022-10-20 00:00:00-05:00,4.216000080108643
2022-10-21 00:00:00-05:00,4.304999828338623
2022-10-24 00:00:00-05:00,4.36299991607666
2022-10-25 00:00:00-05:00,4.263000011444092
2022-10-26 00:00:00-05:00,4.163000106811523
2022-10-27 00:00:00-05:00,4.0920000076293945
2022-10-28 00:00:00-05:00,4.129000186920166
2022-10-31 00:00:00-05:00,4.203999996185303
2022-11-01 00:00:00-05:00,4.124000072479248
2022-11-02 00:00:00-05:00,4.122000217437744
2022-11-03 00:00:00-05:00,4.1519999504089355
2022-11-04 00:00:00-05:00,4.245999813079834
2022-11-07 00:00:00-06:00,4.313000202178955
2022-11-08 00:00:00-06:00,4.257999897003174
2022-11-09 00:00:00-06:00,4.320000171661377
2022-11-10 00:00:00-06:00,4.080999851226807
2022-11-11 00:00:00-06:00,4.058000087738037
2022-11-14 00:00:00-06:00,4.058000087738037
2022-11-15 00:00:00-06:00,3.9820001125335693
2022-11-16 00:00:00-06:00,3.859999895095825
2022-11-17 00:00:00-06:00,3.890000104904175
2022-11-18 00:00:00-06:00,3.927000045776367
2022-11-21 00:00:00-06:00,3.9049999713897705
2022-11-22 00:00:00-06:00,3.8299999237060547
2022-11-23 00:00:00-06:00,3.739000082015991
2022-11-25 00:00:00-06:00,3.750999927520752
2022-11-28 00:00:00-06:00,3.75
2022-11-29 00:00:00-06:00,3.802999973297119
2022-11-30 00:00:00-06:00,3.822000026702881
2022-12-01 00:00:00-06:00,3.635999917984009
2022-12-02 00:00:00-06:00,3.562000036239624
2022-12-05 00:00:00-06:00,3.615999937057495
2022-12-06 00:00:00-06:00,3.5230000019073486
2022-12-07 00:00:00-06:00,3.4149999618530273
2022-12-08 00:00:00-06:00,3.4549999237060547
2022-12-09 00:00:00-06:00,3.5490000247955322
2022-12-12 00:00:00-06:00,3.5759999752044678
2022-12-13 00:00:00-06:00,3.5280001163482666
2022-12-14 00:00:00-06:00,3.5390000343322754
2022-12-15 00:00:00-06:00,3.496000051498413
2022-12-16 00:00:00-06:00,3.5329999923706055
2022-12-19 00:00:00-06:00,3.622999906539917
2022-12-20 00:00:00-06:00,3.736999988555908
2022-12-21 00:00:00-06:00,3.743000030517578
2022-12-22 00:00:00-06:00,3.7230000495910645
2022-12-23 00:00:00-06:00,3.8269999027252197
2022-12-27 00:00:00-06:00,3.944000005722046
2022-12-28 00:00:00-06:00,3.9739999771118164
2022-12-29 00:00:00-06:00,3.9240000247955322
2022-12-30 00:00:00-06:00,3.9749999046325684
2023-01-03 00:00:00-06:00,3.8929998874664307
2023-01-04 00:00:00-06:00,3.819999933242798
2023-01-05 00:00:00-06:00,3.7980000972747803
2023-01-06 00:00:00-06:00,3.691999912261963
2023-01-09 00:00:00-06:00,3.6500000953674316
2023-01-10 00:00:00-06:00,3.756999969482422
2023-01-11 00:00:00-06:00,3.678999900817871
2023-01-12 00:00:00-06:00,3.575000047683716
2023-01-13 00:00:00-06:00,3.622999906539917
2023-01-17 00:00:00-06:00,3.6470000743865967
2023-01-18 00:00:00-06:00,3.5420000553131104
2023-01-19 00:00:00-06:00,3.568000078201294
2023-01-20 00:00:00-06:00,3.6559998989105225
2023-01-23 00:00:00-06:00,3.690999984741211
2023-01-24 00:00:00-06:00,3.622999906539917
2023-01-25 00:00:00-06:00,3.622999906539917
2023-01-26 00:00:00-06:00,3.628000020980835
2023-01-27 00:00:00-06:00,3.632999897003174
2023-01-30 00:00:00-06:00,3.6600000858306885
2023-01-31 00:00:00-06:00,3.6610000133514404
2023-02-01 00:00:00-06:00,3.546999931335449
2023-02-02 00:00:00-06:00,3.555000066757202
2023-02-03 00:00:00-06:00,3.628000020980835
2023-02-06 00:00:00-06:00,3.671999931335449
2023-02-07 00:00:00-06:00,3.7049999237060547
2023-02-08 00:00:00-06:00,3.7100000381469727
2023-02-09 00:00:00-06:00,3.74399995803833
2023-02-10 00:00:00-06:00,3.8269999027252197
2023-02-13 00:00:00-06:00,3.7909998893737793
2023-02-14 00:00:00-06:00,3.802000045776367
2023-02-15 00:00:00-06:00,3.8540000915527344
2023-02-16 00:00:00-06:00,3.9040000438690186
2023-02-17 00:00:00-06:00,3.888000011444092
2023-02-21 00:00:00-06:00,3.9769999980926514
2023-02-22 00:00:00-06:00,3.927999973297119
2023-02-23 00:00:00-06:00,3.877000093460083
2023-02-24 00:00:00-06:00,3.937999963760376
2023-02-27 00:00:00-06:00,3.9179999828338623
2023-02-28 00:00:00-06:00,3.930999994277954
2023-03-01 00:00:00-06:00,3.953000068664551
2023-03-02 00:00:00-06:00,4.020999908447266
2023-03-03 00:00:00-06:00,3.88700008392334
2023-03-06 00:00:00-06:00,3.9130001068115234
2023-03-07 00:00:00-06:00,3.888000011444092
2023-03-08 00:00:00-06:00,3.878000020980835
2023-03-09 00:00:00-06:00,3.871000051498413
2023-03-10 00:00:00-06:00,3.700000047683716
2023-03-13 00:00:00-05:00,3.6659998893737793
2023-03-14 00:00:00-05:00,3.760999917984009
2023-03-15 00:00:00-05:00,3.687000036239624
2023-03-16 00:00:00-05:00,3.7139999866485596
2023-03-17 00:00:00-05:00,3.5980000495910645
2023-03-20 00:00:00-05:00,3.6630001068115234
2023-03-21 00:00:00-05:00,3.736999988555908
2023-03-22 00:00:00-05:00,3.697999954223633
2023-03-23 00:00:00-05:00,3.681999921798706
2023-03-24 00:00:00-05:00,3.6440000534057617
2023-03-27 00:00:00-05:00,3.759999990463257
2023-03-28 00:00:00-05:00,3.7829999923706055
2023-03-29 00:00:00-05:00,3.7780001163482666
2023-03-30 00:00:00-05:00,3.746000051498413
2023-03-31 00:00:00-05:00,3.688999891281128
2023-04-03 00:00:00-05:00,3.6440000534057617
2023-04-04 00:00:00-05:00,3.5940001010894775
2023-04-05 00:00:00-05:00,3.558000087738037
2023-04-06 00:00:00-05:00,3.5399999618530273
2023-04-10 00:00:00-05:00,3.625999927520752
2023-04-11 00:00:00-05:00,3.621000051498413
2023-04-12 00:00:00-05:00,3.6530001163482666
2023-04-13 00:00:00-05:00,3.687000036239624
2023-04-14 00:00:00-05:00,3.739000082015991
2023-04-17 00:00:00-05:00,3.805000066757202
2023-04-18 00:00:00-05:00,3.7869999408721924
2023-04-19 00:00:00-05:00,3.7890000343322754
2023-04-20 00:00:00-05:00,3.753000020980835
2023-04-21 00:00:00-05:00,3.7780001163482666
2023-04-24 00:00:00-05:00,3.7279999256134033
2023-04-25 00:00:00-05:00,3.6510000228881836
2023-04-26 00:00:00-05:00,3.688999891281128
2023-04-27 00:00:00-05:00,3.75600004196167
2023-04-28 00:00:00-05:00,3.677999973297119
2023-05-01 00:00:00-05:00,3.818000078201294
2023-05-02 00:00:00-05:00,3.7330000400543213
2023-05-03 00:00:00-05:00,3.7149999141693115
2023-05-04 00:00:00-05:00,3.7230000495910645
2023-05-05 00:00:00-05:00,3.76200008392334
2023-05-08 00:00:00-05:00,3.8350000381469727
2023-05-09 00:00:00-05:00,3.8480000495910645
2023-05-10 00:00:00-05:00,3.7990000247955322
2023-05-11 00:00:00-05:00,3.747999906539917
2023-05-12 00:00:00-05:00,3.7769999504089355
2023-05-15 00:00:00-05:00,3.8420000076293945
2023-05-16 00:00:00-05:00,3.871000051498413
2023-05-17 00:00:00-05:00,3.878000020980835
2023-05-18 00:00:00-05:00,3.9010000228881836
2023-05-19 00:00:00-05:00,3.947999954223633
2023-05-22 00:00:00-05:00,3.9700000286102295
2023-05-23 00:00:00-05:00,3.9509999752044678
2023-05-24 00:00:00-05:00,3.9649999141693115
2023-05-25 00:00:00-05:00,4.002999782562256
2023-05-26 00:00:00-05:00,3.9690001010894775
2023-05-30 00:00:00-05:00,3.9030001163482666
2023-05-31 00:00:00-05:00,3.8559999465942383
2023-06-01 00:00:00-05:00,3.8329999446868896
2023-06-02 00:00:00-05:00,3.881999969482422
2023-06-05 00:00:00-05:00,3.890000104904175
2023-06-06 00:00:00-05:00,3.874000072479248
2023-06-07 00:00:00-05:00,3.941999912261963
2023-06-08 00:00:00-05:00,3.881999969482422
2023-06-09 00:00:00-05:00,3.88700008392334
2023-06-12 00:00:00-05:00,3.9070000648498535
2023-06-13 00:00:00-05:00,3.940999984741211
2023-06-14 00:00:00-05:00,3.88100004196167
2023-06-15 00:00:00-05:00,3.8480000495910645
2023-06-16 00:00:00-05:00,3.8550000190734863
2023-06-20 00:00:00-05:00,3.818000078201294
2023-06-21 00:00:00-05:00,3.808000087738037
2023-06-22 00:00:00-05:00,3.871999979019165
2023-06-23 00:00:00-05:00,3.821000099182129
2023-06-26 00:00:00-05:00,3.819000005722046
2023-06-27 00:00:00-05:00,3.8399999141693115
2023-06-28 00:00:00-05:00,3.802999973297119
2023-06-29 00:00:00-05:00,3.9130001068115234
2023-06-30 00:00:00-05:00,3.8550000190734863
2023-07-03 00:00:00-05:00,3.869999885559082
2023-07-05 00:00:00-05:00,3.944000005722046
2023-07-06 00:00:00-05:00,4.002999782562256
2023-07-07 00:00:00-05:00,4.033999919891357
2023-07-10 00:00:00-05:00,4.043000221252441
2023-07-11 00:00:00-05:00,4.019000053405762
2023-07-12 00:00:00-05:00,3.9509999752044678
2023-07-13 00:00:00-05:00,3.8949999809265137
2023-07-14 00:00:00-05:00,3.9230000972747803
2023-07-17 00:00:00-05:00,3.9230000972747803
2023-07-18 00:00:00-05:00,3.9010000228881836
2023-07-19 00:00:00-05:00,3.8389999866485596
2023-07-20 00:00:00-05:00,3.9100000858306885
2023-07-21 00:00:00-05:00,3.9070000648498535
2023-07-24 00:00:00-05:00,3.9200000762939453
2023-07-25 00:00:00-05:00,3.9549999237060547
2023-07-26 00:00:00-05:00,3.927999973297119
2023-07-27 00:00:00-05:00,4.058000087738037
2023-07-28 00:00:00-05:00,4.03000020980835
2023-07-31 00:00:00-05:00,4.019000053405762
2023-08-01 00:00:00-05:00,4.105000019073486
2023-08-02 00:00:00-05:00,4.164999961853027
2023-08-03 00:00:00-05:00,4.303999900817871
2023-08-04 00:00:00-05:00,4.214000225067139
2023-08-07 00:00:00-05:00,4.257999897003174
2023-08-08 00:00:00-05:00,4.203999996185303
2023-08-09 00:00:00-05:00,4.178999900817871
2023-08-10 00:00:00-05:00,4.241000175476074
2023-08-11 00:00:00-05:00,4.271999835968018
2023-08-14 00:00:00-05:00,4.281000137329102
2023-08-15 00:00:00-05:00,4.318999767303467
2023-08-16 00:00:00-05:00,4.361000061035156
2023-08-17 00:00:00-05:00,4.4120001792907715
2023-08-18 00:00:00-05:00,4.379000186920166
2023-08-21 00:00:00-05:00,4.455999851226807
2023-08-22 00:00:00-05:00,4.409999847412109
2023-08-23 00:00:00-05:00,4.283999919891357
2023-08-24 00:00:00-05:00,4.301000118255615
2023-08-25 00:00:00-05:00,4.294000148773193
2023-08-28 00:00:00-05:00,4.290999889373779
2023-08-29 00:00:00-05:00,4.236999988555908
2023-08-30 00:00:00-05:00,4.228000164031982
2023-08-31 00:00:00-05:00,4.203999996185303
2023-09-01 00:00:00-05:00,4.284999847412109
2023-09-05 00:00:00-05:00,4.375999927520752
2023-09-06 00:00:00-05:00,4.359000205993652
2023-09-07 00:00:00-05:00,4.3520002365112305
2023-09-08 00:00:00-05:00,4.331999778747559
2023-09-11 00:00:00-05:00,4.376999855041504
2023-09-12 00:00:00-05:00,4.3460001945495605
2023-09-13 00:00:00-05:00,4.336999893188477
2023-09-14 00:00:00-05:00,4.385000228881836
2023-09-15 00:00:00-05:00,4.410999774932861
2023-09-18 00:00:00-05:00,4.395999908447266
2023-09-19 00:00:00-05:00,4.427999973297119
2023-09-20 00:00:00-05:00,4.401000022888184
2023-09-21 00:00:00-05:00,4.552000045776367
2023-09-22 00:00:00-05:00,4.520999908447266
2023-09-25 00:00:00-05:00,4.6579999923706055
2023-09-26 00:00:00-05:00,4.696000099182129
2023-09-27 00:00:00-05:00,4.73199987411499
2023-09-28 00:00:00-05:00,4.729000091552734
2023-09-29 00:00:00-05:00,4.710999965667725
2023-10-02 00:00:00-05:00,4.795000076293945
2023-10-03 00:00:00-05:00,4.936999797821045
2023-10-04 00:00:00-05:00,4.876999855041504
2023-10-05 00:00:00-05:00,4.886000156402588
2023-10-06 00:00:00-05:00,4.940999984741211
2023-10-09 00:00:00-05:00,4.965000152587891
2023-10-10 00:00:00-05:00,4.830999851226807
2023-10-11 00:00:00-05:00,4.73799991607666
2023-10-12 00:00:00-05:00,4.870999813079834
2023-10-13 00:00:00-05:00,4.78000020980835
2023-10-16 00:00:00-05:00,4.866000175476074
2023-10-17 00:00:00-05:00,4.949999809265137
2023-10-18 00:00:00-05:00,4.994999885559082
2023-10-19 00:00:00-05:00,5.103000164031982
2023-10-20 00:00:00-05:00,5.089000225067139
2023-10-23 00:00:00-05:00,4.988999843597412
2023-10-24 00:00:00-05:00,4.9629998207092285
2023-10-25 00:00:00-05:00,5.0920000076293945
2023-10-26 00:00:00-05:00,4.98799991607666
2023-10-27 00:00:00-05:00,5.0229997634887695
2023-10-30 00:00:00-05:00,5.034999847412109
2023-10-31 00:00:00-05:00,5.021999835968018
2023-11-01 00:00:00-05:00,4.974999904632568
2023-11-02 00:00:00-05:00,4.821000099182129
2023-11-03 00:00:00-05:00,4.751999855041504
2023-11-06 00:00:00-06:00,4.831999778747559
2023-11-07 00:00:00-06:00,4.735000133514404
2023-11-08 00:00:00-06:00,4.656000137329102
2023-11-09 00:00:00-06:00,4.7769999504089355
2023-11-10 00:00:00-06:00,4.732999801635742
2023-11-13 00:00:00-06:00,4.74399995803833
2023-11-14 00:00:00-06:00,4.620999813079834
2023-11-15 00:00:00-06:00,4.691999912261963
2023-11-16 00:00:00-06:00,4.622000217437744
2023-11-17 00:00:00-06:00,4.5970001220703125
2023-11-20 00:00:00-06:00,4.574999809265137
2023-11-21 00:00:00-06:00,4.579999923706055
2023-11-22 00:00:00-06:00,4.546999931335449
2023-11-24 00:00:00-06:00,4.603000164031982
2023-11-27 00:00:00-06:00,4.5329999923706055
2023-11-28 00:00:00-06:00,4.52400016784668
2023-11-29 00:00:00-06:00,4.451000213623047
2023-11-30 00:00:00-06:00,4.513000011444092
2023-12-01 00:00:00-06:00,4.418000221252441
2023-12-04 00:00:00-06:00,4.438000202178955
2023-12-05 00:00:00-06:00,4.304999828338623
2023-12-06 00:00:00-06:00,4.223999977111816
2023-12-07 00:00:00-06:00,4.245999813079834
2023-12-08 00:00:00-06:00,4.324999809265137
2023-12-11 00:00:00-06:00,4.329999923706055
2023-12-12 00:00:00-06:00,4.303999900817871
2023-12-13 00:00:00-06:00,4.183000087738037
2023-12-14 00:00:00-06:00,4.053999900817871
2023-12-15 00:00:00-06:00,4.0269999504089355
2023-12-18 00:00:00-06:00,4.068999767303467
2023-12-19 00:00:00-06:00,4.034999847412109
2023-12-20 00:00:00-06:00,4.005000114440918
2023-12-21 00:00:00-06:00,4.035999774932861
2023-12-22 00:00:00-06:00,4.053999900817871
2023-12-26 00:00:00-06:00,4.043000221252441
2023-12-27 00:00:00-06:00,3.944999933242798
2023-12-28 00:00:00-06:00,3.98799991607666
2023-12-29 00:00:00-06:00,4.019000053405762
2024-01-02 00:00:00-06:00,4.085000038146973
2024-01-03 00:00:00-06:00,4.056000232696533
2024-01-04 00:00:00-06:00,4.13700008392334
2024-01-05 00:00:00-06:00,4.199999809265137
2024-01-08 00:00:00-06:00,4.172999858856201
2024-01-09 00:00:00-06:00,4.184999942779541
2024-01-10 00:00:00-06:00,4.199999809265137
2024-01-11 00:00:00-06:00,4.182000160217285
2024-01-12 00:00:00-06:00,4.197000026702881
2024-01-16 00:00:00-06:00,4.302999973297119
2024-01-17 00:00:00-06:00,4.311999797821045
2024-01-18 00:00:00-06:00,4.370999813079834
2024-01-19 00:00:00-06:00,4.353000164031982
2024-01-22 00:00:00-06:00,4.315999984741211
2024-01-23 00:00:00-06:00,4.377999782562256
2024-01-24 00:00:00-06:00,4.413000106811523
2024-01-25 00:00:00-06:00,4.380000114440918
2024-01-26 00:00:00-06:00,4.389999866485596
2024-01-29 00:00:00-06:00,4.335000038146973
2024-01-30 00:00:00-06:00,4.2779998779296875
2024-01-31 00:00:00-06:00,4.215000152587891
2024-02-01 00:00:00-06:00,4.103000164031982
2024-02-02 00:00:00-06:00,4.2270002365112305
2024-02-05 00:00:00-06:00,4.34499979019165
2024-02-06 00:00:00-06:00,4.296000003814697
2024-02-07 00:00:00-06:00,4.309999942779541
2024-02-08 00:00:00-06:00,4.375999927520752
2024-02-09 00:00:00-06:00,4.38100004196167
2024-02-12 00:00:00-06:00,4.369999885559082
2024-02-13 00:00:00-06:00,4.466000080108643
2024-02-14 00:00:00-06:00,4.447999954223633
2024-02-15 00:00:00-06:00,4.421000003814697
2024-02-16 00:00:00-06:00,4.447999954223633
2024-02-20 00:00:00-06:00,4.448999881744385
2024-02-21 00:00:00-06:00,4.492000102996826
2024-02-22 00:00:00-06:00,4.461999893188477
2024-02-23 00:00:00-06:00,4.380000114440918
2024-02-26 00:00:00-06:00,4.418000221252441
2024-02-27 00:00:00-06:00,4.440999984741211
2024-02-28 00:00:00-06:00,4.409999847412109
2024-02-29 00:00:00-06:00,4.375
2024-03-01 00:00:00-06:00,4.326000213623047
2024-03-04 00:00:00-06:00,4.355000019073486
2024-03-05 00:00:00-06:00,4.275000095367432
2024-03-06 00:00:00-06:00,4.239999771118164
2024-03-07 00:00:00-06:00,4.248000144958496
2024-03-08 00:00:00-06:00,4.26200008392334
2024-03-11 00:00:00-05:00,4.2769999504089355
2024-03-12 00:00:00-05:00,4.311999797821045
2024-03-13 00:00:00-05:00,4.348999977111816
2024-03-14 00:00:00-05:00,4.442999839782715
2024-03-15 00:00:00-05:00,4.427999973297119
2024-03-18 00:00:00-05:00,4.466000080108643
2024-03-19 00:00:00-05:00,4.440999984741211
2024-03-20 00:00:00-05:00,4.454999923706055
2024-03-21 00:00:00-05:00,4.441999912261963
2024-03-22 00:00:00-05:00,4.392000198364258
2024-03-25 00:00:00-05:00,4.426000118255615
2024-03-26 00:00:00-05:00,4.400000095367432
2024-03-27 00:00:00-05:00,4.359000205993652
2024-03-28 00:00:00-05:00,4.348999977111816
2024-04-01 00:00:00-05:00,4.4679999351501465
2024-04-02 00:00:00-05:00,4.508999824523926
2024-04-03 00:00:00-05:00,4.508999824523926
2024-04-04 00:00:00-05:00,4.4720001220703125
2024-04-05 00:00:00-05:00,4.5320000648498535
2024-04-08 00:00:00-05:00,4.552999973297119
2024-04-09 00:00:00-05:00,4.499000072479248
2024-04-10 00:00:00-05:00,4.635000228881836
2024-04-11 00:00:00-05:00,4.659999847412109
2024-04-12 00:00:00-05:00,4.6020002365112305
2024-04-15 00:00:00-05:00,4.741000175476074
2024-04-16 00:00:00-05:00,4.757999897003174
2024-04-17 00:00:00-05:00,4.698999881744385
2024-04-18 00:00:00-05:00,4.744999885559082
2024-04-19 00:00:00-05:00,4.710999965667725
2024-04-22 00:00:00-05:00,4.723999977111816
2024-04-23 00:00:00-05:00,4.7230000495910645
2024-04-24 00:00:00-05:00,4.783999919891357
2024-04-25 00:00:00-05:00,4.820000171661377
2024-04-26 00:00:00-05:00,4.781000137329102
2024-04-29 00:00:00-05:00,4.73799991607666
2024-04-30 00:00:00-05:00,4.789999961853027
2024-05-01 00:00:00-05:00,4.7129998207092285
2024-05-02 00:00:00-05:00,4.7179999351501465
2024-05-03 00:00:00-05:00,4.660999774932861
2024-05-06 00:00:00-05:00,4.642000198364258
2024-05-07 00:00:00-05:00,4.60699987411499
2024-05-08 00:00:00-05:00,4.631999969482422
2024-05-09 00:00:00-05:00,4.605999946594238
2024-05-10 00:00:00-05:00,4.645999908447266
2024-05-13 00:00:00-05:00,4.623000144958496
2024-05-14 00:00:00-05:00,4.593999862670898
2024-05-15 00:00:00-05:00,4.515999794006348
2024-05-16 00:00:00-05:00,4.51800012588501
2024-05-17 00:00:00-05:00,4.559999942779541
2024-05-20 00:00:00-05:00,4.572999954223633
2024-05-21 00:00:00-05:00,4.553999900817871
2024-05-22 00:00:00-05:00,4.551000118255615
2024-05-23 00:00:00-05:00,4.579999923706055
2024-05-24 00:00:00-05:00,4.572999954223633
2024-05-28 00:00:00-05:00,4.656000137329102
2024-05-29 00:00:00-05:00,4.74399995803833
2024-05-30 00:00:00-05:00,4.684999942779541
2024-05-31 00:00:00-05:00,4.6519999504089355
2024-06-03 00:00:00-05:00,4.551000118255615
2024-06-04 00:00:00-05:00,4.484000205993652
2024-06-05 00:00:00-05:00,4.440999984741211
2024-06-06 00:00:00-05:00,4.429999828338623
2024-06-07 00:00:00-05:00,4.547999858856201
2024-06-10 00:00:00-05:00,4.59499979019165
2024-06-11 00:00:00-05:00,4.5370001792907715
2024-06-12 00:00:00-05:00,4.449999809265137
2024-06-13 00:00:00-05:00,4.400000095367432
2024-06-14 00:00:00-05:00,4.35099983215332
2024-06-17 00:00:00-05:00,4.409999847412109
2024-06-18 00:00:00-05:00,4.354000091552734
2024-06-20 00:00:00-05:00,4.392000198364258
2024-06-21 00:00:00-05:00,4.3979997634887695
2024-06-24 00:00:00-05:00,4.377999782562256
2024-06-25 00:00:00-05:00,4.372000217437744
2024-06-26 00:00:00-05:00,4.447000026702881
2024-06-27 00:00:00-05:00,4.427000045776367
2024-06-28 00:00:00-05:00,4.501999855041504
2024-07-01 00:00:00-05:00,4.64300012588501
2024-07-02 00:00:00-05:00,4.609000205993652
2024-07-03 00:00:00-05:00,4.5229997634887695
2024-07-05 00:00:00-05:00,4.4679999351501465
2024-07-08 00:00:00-05:00,4.458000183105469
2024-07-09 00:00:00-05:00,4.494999885559082
2024-07-10 00:00:00-05:00,4.46999979019165
2024-07-11 00:00:00-05:00,4.4039998054504395
2024-07-12 00:00:00-05:00,4.4019999504089355
2024-07-15 00:00:00-05:00,4.453999996185303
2024-07-16 00:00:00-05:00,4.374000072479248
2024-07-17 00:00:00-05:00,4.359000205993652
2024-07-18 00:00:00-05:00,4.406000137329102
2024-07-19 00:00:00-05:00,4.449999809265137
2024-07-22 00:00:00-05:00,4.478000164031982
2024-07-23 00:00:00-05:00,4.4710001945495605
2024-07-24 00:00:00-05:00,4.547999858856201
2024-07-25 00:00:00-05:00,4.5
2024-07-26 00:00:00-05:00,4.455999851226807
2024-07-29 00:00:00-05:00,4.433000087738037
2024-07-30 00:00:00-05:00,4.400000095367432
2024-07-31 00:00:00-05:00,4.36899995803833
2024-08-01 00:00:00-05:00,4.270999908447266
2024-08-02 00:00:00-05:00,4.109000205993652
2024-08-05 00:00:00-05:00,4.072000026702881
2024-08-06 00:00:00-05:00,4.177000045776367
2024-08-07 00:00:00-05:00,4.261000156402588
2024-08-08 00:00:00-05:00,4.2870001792907715
2024-08-09 00:00:00-05:00,4.224999904632568
2024-08-12 00:00:00-05:00,4.197000026702881
2024-08-13 00:00:00-05:00,4.164999961853027
2024-08-14 00:00:00-05:00,4.107999801635742
2024-08-15 00:00:00-05:00,4.179999828338623
2024-08-16 00:00:00-05:00,4.14900016784668
2024-08-19 00:00:00-05:00,4.114999771118164
2024-08-20 00:00:00-05:00,4.070000171661377
2024-08-21 00:00:00-05:00,4.051000118255615
2024-08-22 00:00:00-05:00,4.133999824523926
2024-08-23 00:00:00-05:00,4.1020002365112305
2024-08-26 00:00:00-05:00,4.107999801635742
2024-08-27 00:00:00-05:00,4.127999782562256
2024-08-28 00:00:00-05:00,4.13100004196167
2024-08-29 00:00:00-05:00,4.151000022888184
2024-08-30 00:00:00-05:00,4.196000099182129
2024-09-03 00:00:00-05:00,4.13100004196167
2024-09-04 00:00:00-05:00,4.066999912261963
2024-09-05 00:00:00-05:00,4.0229997634887695
2024-09-06 00:00:00-05:00,4.019999980926514
2024-09-09 00:00:00-05:00,3.999000072479248
2024-09-10 00:00:00-05:00,3.9549999237060547
2024-09-11 00:00:00-05:00,3.9630000591278076
2024-09-12 00:00:00-05:00,3.994999885559082
2024-09-13 00:00:00-05:00,3.9769999980926514
2024-09-16 00:00:00-05:00,3.937000036239624
2024-09-17 00:00:00-05:00,3.953000068664551
2024-09-18 00:00:00-05:00,4.007999897003174
2024-09-19 00:00:00-05:00,4.072000026702881
2024-09-20 00:00:00-05:00,4.071000099182129
2024-09-23 00:00:00-05:00,4.081999778747559
2024-09-24 00:00:00-05:00,4.089000225067139
2024-09-25 00:00:00-05:00,4.133999824523926
2024-09-26 00:00:00-05:00,4.124000072479248
2024-09-27 00:00:00-05:00,4.0980000495910645
2024-09-30 00:00:00-05:00,4.133999824523926
2024-10-01 00:00:00-05:00,4.079999923706055
2024-10-02 00:00:00-05:00,4.131999969482422
2024-10-03 00:00:00-05:00,4.179999828338623
2024-10-04 00:00:00-05:00,4.267000198364258
2024-10-07 00:00:00-05:00,4.306000232696533
2024-10-08 00:00:00-05:00,4.321000099182129
2024-10-09 00:00:00-05:00,4.339000225067139
2024-10-10 00:00:00-05:00,4.386000156402588
2024-10-11 00:00:00-05:00,4.382999897003174
2024-10-14 00:00:00-05:00,4.408999919891357
2024-10-15 00:00:00-05:00,4.328999996185303
2024-10-16 00:00:00-05:00,4.298999786376953
2024-10-17 00:00:00-05:00,4.394999980926514
2024-10-18 00:00:00-05:00,4.380000114440918
2024-10-21 00:00:00-05:00,4.486999988555908
2024-10-22 00:00:00-05:00,4.493000030517578
2024-10-23 00:00:00-05:00,4.515999794006348
2024-10-24 00:00:00-05:00,4.465000152587891
2024-10-25 00:00:00-05:00,4.499000072479248
2024-10-28 00:00:00-05:00,4.53000020980835
2024-10-29 00:00:00-05:00,4.519000053405762
2024-10-30 00:00:00-05:00,4.480000019073486
