Date,CL=F
2017-11-09 00:00:00-05:00,57.16999816894531
2017-11-10 00:00:00-05:00,56.7400016784668
2017-11-13 00:00:00-05:00,56.7599983215332
2017-11-14 00:00:00-05:00,55.70000076293945
2017-11-15 00:00:00-05:00,55.33000183105469
2017-11-16 00:00:00-05:00,55.13999938964844
2017-11-17 00:00:00-05:00,56.54999923706055
2017-11-20 00:00:00-05:00,56.09000015258789
2017-11-21 00:00:00-05:00,56.83000183105469
2017-11-22 00:00:00-05:00,58.02000045776367
2017-11-24 00:00:00-05:00,58.95000076293945
2017-11-27 00:00:00-05:00,58.11000061035156
2017-11-28 00:00:00-05:00,57.9900016784668
2017-11-29 00:00:00-05:00,57.29999923706055
2017-11-30 00:00:00-05:00,57.400001525878906
2017-12-01 00:00:00-05:00,58.36000061035156
2017-12-04 00:00:00-05:00,57.470001220703125
2017-12-05 00:00:00-05:00,57.619998931884766
2017-12-06 00:00:00-05:00,55.959999084472656
2017-12-07 00:00:00-05:00,56.689998626708984
2017-12-08 00:00:00-05:00,57.36000061035156
2017-12-11 00:00:00-05:00,57.9900016784668
2017-12-12 00:00:00-05:00,57.13999938964844
2017-12-13 00:00:00-05:00,56.599998474121094
2017-12-14 00:00:00-05:00,57.040000915527344
2017-12-15 00:00:00-05:00,57.29999923706055
2017-12-18 00:00:00-05:00,57.15999984741211
2017-12-19 00:00:00-05:00,57.459999084472656
2017-12-20 00:00:00-05:00,58.09000015258789
2017-12-21 00:00:00-05:00,58.36000061035156
2017-12-22 00:00:00-05:00,58.470001220703125
2017-12-26 00:00:00-05:00,59.970001220703125
2017-12-27 00:00:00-05:00,59.63999938964844
2017-12-28 00:00:00-05:00,59.84000015258789
2017-12-29 00:00:00-05:00,60.41999816894531
2018-01-02 00:00:00-05:00,60.369998931884766
2018-01-03 00:00:00-05:00,61.630001068115234
2018-01-04 00:00:00-05:00,62.0099983215332
2018-01-05 00:00:00-05:00,61.439998626708984
2018-01-08 00:00:00-05:00,61.72999954223633
2018-01-09 00:00:00-05:00,62.959999084472656
2018-01-10 00:00:00-05:00,63.56999969482422
2018-01-11 00:00:00-05:00,63.79999923706055
2018-01-12 00:00:00-05:00,64.30000305175781
2018-01-16 00:00:00-05:00,63.72999954223633
2018-01-17 00:00:00-05:00,63.970001220703125
2018-01-18 00:00:00-05:00,63.95000076293945
2018-01-19 00:00:00-05:00,63.369998931884766
2018-01-22 00:00:00-05:00,63.4900016784668
2018-01-23 00:00:00-05:00,64.47000122070312
2018-01-24 00:00:00-05:00,65.61000061035156
2018-01-25 00:00:00-05:00,65.51000213623047
2018-01-26 00:00:00-05:00,66.13999938964844
2018-01-29 00:00:00-05:00,65.55999755859375
2018-01-30 00:00:00-05:00,64.5
2018-01-31 00:00:00-05:00,64.7300033569336
2018-02-01 00:00:00-05:00,65.80000305175781
2018-02-02 00:00:00-05:00,65.44999694824219
2018-02-05 00:00:00-05:00,64.1500015258789
2018-02-06 00:00:00-05:00,63.38999938964844
2018-02-07 00:00:00-05:00,61.790000915527344
2018-02-08 00:00:00-05:00,61.150001525878906
2018-02-09 00:00:00-05:00,59.20000076293945
2018-02-12 00:00:00-05:00,59.290000915527344
2018-02-13 00:00:00-05:00,59.189998626708984
2018-02-14 00:00:00-05:00,60.599998474121094
2018-02-15 00:00:00-05:00,61.34000015258789
2018-02-16 00:00:00-05:00,61.68000030517578
2018-02-20 00:00:00-05:00,61.900001525878906
2018-02-21 00:00:00-05:00,61.68000030517578
2018-02-22 00:00:00-05:00,62.77000045776367
2018-02-23 00:00:00-05:00,63.54999923706055
2018-02-26 00:00:00-05:00,63.90999984741211
2018-02-27 00:00:00-05:00,63.0099983215332
2018-02-28 00:00:00-05:00,61.63999938964844
2018-03-01 00:00:00-05:00,60.9900016784668
2018-03-02 00:00:00-05:00,61.25
2018-03-05 00:00:00-05:00,62.56999969482422
2018-03-06 00:00:00-05:00,62.599998474121094
2018-03-07 00:00:00-05:00,61.150001525878906
2018-03-08 00:00:00-05:00,60.119998931884766
2018-03-09 00:00:00-05:00,62.040000915527344
2018-03-12 00:00:00-04:00,61.36000061035156
2018-03-13 00:00:00-04:00,60.709999084472656
2018-03-14 00:00:00-04:00,60.959999084472656
2018-03-15 00:00:00-04:00,61.189998626708984
2018-03-16 00:00:00-04:00,62.34000015258789
2018-03-19 00:00:00-04:00,62.060001373291016
2018-03-20 00:00:00-04:00,63.400001525878906
2018-03-21 00:00:00-04:00,65.16999816894531
2018-03-22 00:00:00-04:00,64.30000305175781
2018-03-23 00:00:00-04:00,65.87999725341797
2018-03-26 00:00:00-04:00,65.55000305175781
2018-03-27 00:00:00-04:00,65.25
2018-03-28 00:00:00-04:00,64.37999725341797
2018-03-29 00:00:00-04:00,64.94000244140625
2018-04-02 00:00:00-04:00,63.0099983215332
2018-04-03 00:00:00-04:00,63.5099983215332
2018-04-04 00:00:00-04:00,63.369998931884766
2018-04-05 00:00:00-04:00,63.540000915527344
2018-04-06 00:00:00-04:00,62.060001373291016
2018-04-09 00:00:00-04:00,63.41999816894531
2018-04-10 00:00:00-04:00,65.51000213623047
2018-04-11 00:00:00-04:00,66.81999969482422
2018-04-12 00:00:00-04:00,67.06999969482422
2018-04-13 00:00:00-04:00,67.38999938964844
2018-04-16 00:00:00-04:00,66.22000122070312
2018-04-17 00:00:00-04:00,66.5199966430664
2018-04-18 00:00:00-04:00,68.47000122070312
2018-04-19 00:00:00-04:00,68.29000091552734
2018-04-20 00:00:00-04:00,68.37999725341797
2018-04-23 00:00:00-04:00,68.63999938964844
2018-04-24 00:00:00-04:00,67.69999694824219
2018-04-25 00:00:00-04:00,68.05000305175781
2018-04-26 00:00:00-04:00,68.19000244140625
2018-04-27 00:00:00-04:00,68.0999984741211
2018-04-30 00:00:00-04:00,68.56999969482422
2018-05-01 00:00:00-04:00,67.25
2018-05-02 00:00:00-04:00,67.93000030517578
2018-05-03 00:00:00-04:00,68.43000030517578
2018-05-04 00:00:00-04:00,69.72000122070312
2018-05-07 00:00:00-04:00,70.7300033569336
2018-05-08 00:00:00-04:00,69.05999755859375
2018-05-09 00:00:00-04:00,71.13999938964844
2018-05-10 00:00:00-04:00,71.36000061035156
2018-05-11 00:00:00-04:00,70.69999694824219
2018-05-14 00:00:00-04:00,70.95999908447266
2018-05-15 00:00:00-04:00,71.30999755859375
2018-05-16 00:00:00-04:00,71.48999786376953
2018-05-17 00:00:00-04:00,71.48999786376953
2018-05-18 00:00:00-04:00,71.27999877929688
2018-05-21 00:00:00-04:00,72.23999786376953
2018-05-22 00:00:00-04:00,72.12999725341797
2018-05-23 00:00:00-04:00,71.83999633789062
2018-05-24 00:00:00-04:00,70.70999908447266
2018-05-25 00:00:00-04:00,67.87999725341797
2018-05-29 00:00:00-04:00,66.7300033569336
2018-05-30 00:00:00-04:00,68.20999908447266
2018-05-31 00:00:00-04:00,67.04000091552734
2018-06-01 00:00:00-04:00,65.80999755859375
2018-06-04 00:00:00-04:00,64.75
2018-06-05 00:00:00-04:00,65.5199966430664
2018-06-06 00:00:00-04:00,64.7300033569336
2018-06-07 00:00:00-04:00,65.94999694824219
2018-06-08 00:00:00-04:00,65.73999786376953
2018-06-11 00:00:00-04:00,66.0999984741211
2018-06-12 00:00:00-04:00,66.36000061035156
2018-06-13 00:00:00-04:00,66.63999938964844
2018-06-14 00:00:00-04:00,66.88999938964844
2018-06-15 00:00:00-04:00,65.05999755859375
2018-06-18 00:00:00-04:00,65.8499984741211
2018-06-19 00:00:00-04:00,65.06999969482422
2018-06-20 00:00:00-04:00,66.22000122070312
2018-06-21 00:00:00-04:00,65.54000091552734
2018-06-22 00:00:00-04:00,68.58000183105469
2018-06-25 00:00:00-04:00,68.08000183105469
2018-06-26 00:00:00-04:00,70.52999877929688
2018-06-27 00:00:00-04:00,72.76000213623047
2018-06-28 00:00:00-04:00,73.44999694824219
2018-06-29 00:00:00-04:00,74.1500015258789
2018-07-02 00:00:00-04:00,73.94000244140625
2018-07-03 00:00:00-04:00,74.13999938964844
2018-07-05 00:00:00-04:00,72.94000244140625
2018-07-06 00:00:00-04:00,73.80000305175781
2018-07-09 00:00:00-04:00,73.8499984741211
2018-07-10 00:00:00-04:00,74.11000061035156
2018-07-11 00:00:00-04:00,70.37999725341797
2018-07-12 00:00:00-04:00,70.33000183105469
2018-07-13 00:00:00-04:00,71.01000213623047
2018-07-16 00:00:00-04:00,68.05999755859375
2018-07-17 00:00:00-04:00,68.08000183105469
2018-07-18 00:00:00-04:00,68.76000213623047
2018-07-19 00:00:00-04:00,69.45999908447266
2018-07-20 00:00:00-04:00,70.45999908447266
2018-07-23 00:00:00-04:00,67.88999938964844
2018-07-24 00:00:00-04:00,68.5199966430664
2018-07-25 00:00:00-04:00,69.30000305175781
2018-07-26 00:00:00-04:00,69.61000061035156
2018-07-27 00:00:00-04:00,68.69000244140625
2018-07-30 00:00:00-04:00,70.12999725341797
2018-07-31 00:00:00-04:00,68.76000213623047
2018-08-01 00:00:00-04:00,67.66000366210938
2018-08-02 00:00:00-04:00,68.95999908447266
2018-08-03 00:00:00-04:00,68.48999786376953
2018-08-06 00:00:00-04:00,69.01000213623047
2018-08-07 00:00:00-04:00,69.16999816894531
2018-08-08 00:00:00-04:00,66.94000244140625
2018-08-09 00:00:00-04:00,66.80999755859375
2018-08-10 00:00:00-04:00,67.62999725341797
2018-08-13 00:00:00-04:00,67.19999694824219
2018-08-14 00:00:00-04:00,67.04000091552734
2018-08-15 00:00:00-04:00,65.01000213623047
2018-08-16 00:00:00-04:00,65.45999908447266
2018-08-17 00:00:00-04:00,65.91000366210938
2018-08-20 00:00:00-04:00,66.43000030517578
2018-08-21 00:00:00-04:00,67.3499984741211
2018-08-22 00:00:00-04:00,67.86000061035156
2018-08-23 00:00:00-04:00,67.83000183105469
2018-08-24 00:00:00-04:00,68.72000122070312
2018-08-27 00:00:00-04:00,68.87000274658203
2018-08-28 00:00:00-04:00,68.52999877929688
2018-08-29 00:00:00-04:00,69.51000213623047
2018-08-30 00:00:00-04:00,70.25
2018-08-31 00:00:00-04:00,69.80000305175781
2018-09-04 00:00:00-04:00,69.87000274658203
2018-09-05 00:00:00-04:00,68.72000122070312
2018-09-06 00:00:00-04:00,67.7699966430664
2018-09-07 00:00:00-04:00,67.75
2018-09-10 00:00:00-04:00,67.54000091552734
2018-09-11 00:00:00-04:00,69.25
2018-09-12 00:00:00-04:00,70.37000274658203
2018-09-13 00:00:00-04:00,68.58999633789062
2018-09-14 00:00:00-04:00,68.98999786376953
2018-09-17 00:00:00-04:00,68.91000366210938
2018-09-18 00:00:00-04:00,69.8499984741211
2018-09-19 00:00:00-04:00,71.12000274658203
2018-09-20 00:00:00-04:00,70.80000305175781
2018-09-21 00:00:00-04:00,70.77999877929688
2018-09-24 00:00:00-04:00,72.08000183105469
2018-09-25 00:00:00-04:00,72.27999877929688
2018-09-26 00:00:00-04:00,71.56999969482422
2018-09-27 00:00:00-04:00,72.12000274658203
2018-09-28 00:00:00-04:00,73.25
2018-10-01 00:00:00-04:00,75.30000305175781
2018-10-02 00:00:00-04:00,75.2300033569336
2018-10-03 00:00:00-04:00,76.41000366210938
2018-10-04 00:00:00-04:00,74.33000183105469
2018-10-05 00:00:00-04:00,74.33999633789062
2018-10-08 00:00:00-04:00,74.29000091552734
2018-10-09 00:00:00-04:00,74.95999908447266
2018-10-10 00:00:00-04:00,73.16999816894531
2018-10-11 00:00:00-04:00,70.97000122070312
2018-10-12 00:00:00-04:00,71.33999633789062
2018-10-15 00:00:00-04:00,71.77999877929688
2018-10-16 00:00:00-04:00,71.91999816894531
2018-10-17 00:00:00-04:00,69.75
2018-10-18 00:00:00-04:00,68.6500015258789
2018-10-19 00:00:00-04:00,69.12000274658203
2018-10-22 00:00:00-04:00,69.16999816894531
2018-10-23 00:00:00-04:00,66.43000030517578
2018-10-24 00:00:00-04:00,66.81999969482422
2018-10-25 00:00:00-04:00,67.33000183105469
2018-10-26 00:00:00-04:00,67.58999633789062
2018-10-29 00:00:00-04:00,67.04000091552734
2018-10-30 00:00:00-04:00,66.18000030517578
2018-10-31 00:00:00-04:00,65.30999755859375
2018-11-01 00:00:00-04:00,63.689998626708984
2018-11-02 00:00:00-04:00,63.13999938964844
2018-11-05 00:00:00-05:00,63.099998474121094
2018-11-06 00:00:00-05:00,62.209999084472656
2018-11-07 00:00:00-05:00,61.66999816894531
2018-11-08 00:00:00-05:00,60.66999816894531
2018-11-09 00:00:00-05:00,60.189998626708984
2018-11-12 00:00:00-05:00,59.93000030517578
2018-11-13 00:00:00-05:00,55.689998626708984
2018-11-14 00:00:00-05:00,56.25
2018-11-15 00:00:00-05:00,56.459999084472656
2018-11-16 00:00:00-05:00,56.459999084472656
2018-11-19 00:00:00-05:00,56.7599983215332
2018-11-20 00:00:00-05:00,53.43000030517578
2018-11-21 00:00:00-05:00,54.630001068115234
2018-11-23 00:00:00-05:00,50.41999816894531
2018-11-26 00:00:00-05:00,51.630001068115234
2018-11-27 00:00:00-05:00,51.560001373291016
2018-11-28 00:00:00-05:00,50.290000915527344
2018-11-29 00:00:00-05:00,51.45000076293945
2018-11-30 00:00:00-05:00,50.93000030517578
2018-12-03 00:00:00-05:00,52.95000076293945
2018-12-04 00:00:00-05:00,53.25
2018-12-06 00:00:00-05:00,51.4900016784668
2018-12-07 00:00:00-05:00,52.61000061035156
2018-12-10 00:00:00-05:00,51.0
2018-12-11 00:00:00-05:00,51.650001525878906
2018-12-12 00:00:00-05:00,51.150001525878906
2018-12-13 00:00:00-05:00,52.58000183105469
2018-12-14 00:00:00-05:00,51.20000076293945
2018-12-17 00:00:00-05:00,49.880001068115234
2018-12-18 00:00:00-05:00,46.2400016784668
2018-12-19 00:00:00-05:00,47.20000076293945
2018-12-20 00:00:00-05:00,45.880001068115234
2018-12-21 00:00:00-05:00,45.59000015258789
2018-12-24 00:00:00-05:00,42.529998779296875
2018-12-26 00:00:00-05:00,46.220001220703125
2018-12-27 00:00:00-05:00,44.61000061035156
2018-12-28 00:00:00-05:00,45.33000183105469
2018-12-31 00:00:00-05:00,45.40999984741211
2019-01-02 00:00:00-05:00,46.540000915527344
2019-01-03 00:00:00-05:00,47.09000015258789
2019-01-04 00:00:00-05:00,47.959999084472656
2019-01-07 00:00:00-05:00,48.52000045776367
2019-01-08 00:00:00-05:00,49.779998779296875
2019-01-09 00:00:00-05:00,52.36000061035156
2019-01-10 00:00:00-05:00,52.59000015258789
2019-01-11 00:00:00-05:00,51.59000015258789
2019-01-14 00:00:00-05:00,50.5099983215332
2019-01-15 00:00:00-05:00,52.11000061035156
2019-01-16 00:00:00-05:00,52.310001373291016
2019-01-17 00:00:00-05:00,52.06999969482422
2019-01-18 00:00:00-05:00,53.79999923706055
2019-01-22 00:00:00-05:00,52.56999969482422
2019-01-23 00:00:00-05:00,52.619998931884766
2019-01-24 00:00:00-05:00,53.130001068115234
2019-01-25 00:00:00-05:00,53.689998626708984
2019-01-28 00:00:00-05:00,51.9900016784668
2019-01-29 00:00:00-05:00,53.310001373291016
2019-01-30 00:00:00-05:00,54.22999954223633
2019-01-31 00:00:00-05:00,53.790000915527344
2019-02-01 00:00:00-05:00,55.2599983215332
2019-02-04 00:00:00-05:00,54.560001373291016
2019-02-05 00:00:00-05:00,53.65999984741211
2019-02-06 00:00:00-05:00,54.0099983215332
2019-02-07 00:00:00-05:00,52.63999938964844
2019-02-08 00:00:00-05:00,52.720001220703125
2019-02-11 00:00:00-05:00,52.40999984741211
2019-02-12 00:00:00-05:00,53.099998474121094
2019-02-13 00:00:00-05:00,53.900001525878906
2019-02-14 00:00:00-05:00,54.40999984741211
2019-02-15 00:00:00-05:00,55.59000015258789
2019-02-19 00:00:00-05:00,56.09000015258789
2019-02-20 00:00:00-05:00,56.91999816894531
2019-02-21 00:00:00-05:00,56.959999084472656
2019-02-22 00:00:00-05:00,57.2599983215332
2019-02-25 00:00:00-05:00,55.47999954223633
2019-02-26 00:00:00-05:00,55.5
2019-02-27 00:00:00-05:00,56.939998626708984
2019-02-28 00:00:00-05:00,57.220001220703125
2019-03-01 00:00:00-05:00,55.79999923706055
2019-03-04 00:00:00-05:00,56.59000015258789
2019-03-05 00:00:00-05:00,56.560001373291016
2019-03-06 00:00:00-05:00,56.220001220703125
2019-03-07 00:00:00-05:00,56.65999984741211
2019-03-08 00:00:00-05:00,56.06999969482422
2019-03-11 00:00:00-04:00,56.790000915527344
2019-03-12 00:00:00-04:00,56.869998931884766
2019-03-13 00:00:00-04:00,58.2599983215332
2019-03-14 00:00:00-04:00,58.61000061035156
2019-03-15 00:00:00-04:00,58.52000045776367
2019-03-18 00:00:00-04:00,59.09000015258789
2019-03-19 00:00:00-04:00,59.029998779296875
2019-03-20 00:00:00-04:00,59.83000183105469
2019-03-21 00:00:00-04:00,59.97999954223633
2019-03-22 00:00:00-04:00,59.040000915527344
2019-03-25 00:00:00-04:00,58.81999969482422
2019-03-26 00:00:00-04:00,59.939998626708984
2019-03-27 00:00:00-04:00,59.40999984741211
2019-03-28 00:00:00-04:00,59.29999923706055
2019-03-29 00:00:00-04:00,60.13999938964844
2019-04-01 00:00:00-04:00,61.59000015258789
2019-04-02 00:00:00-04:00,62.58000183105469
2019-04-03 00:00:00-04:00,62.459999084472656
2019-04-04 00:00:00-04:00,62.099998474121094
2019-04-05 00:00:00-04:00,63.08000183105469
2019-04-08 00:00:00-04:00,64.4000015258789
2019-04-09 00:00:00-04:00,63.97999954223633
2019-04-10 00:00:00-04:00,64.61000061035156
2019-04-11 00:00:00-04:00,63.58000183105469
2019-04-12 00:00:00-04:00,63.88999938964844
2019-04-15 00:00:00-04:00,63.400001525878906
2019-04-16 00:00:00-04:00,64.05000305175781
2019-04-17 00:00:00-04:00,63.7599983215332
2019-04-18 00:00:00-04:00,64.0
2019-04-22 00:00:00-04:00,65.69999694824219
2019-04-23 00:00:00-04:00,66.30000305175781
2019-04-24 00:00:00-04:00,65.88999938964844
2019-04-25 00:00:00-04:00,65.20999908447266
2019-04-26 00:00:00-04:00,63.29999923706055
2019-04-29 00:00:00-04:00,63.5
2019-04-30 00:00:00-04:00,63.90999984741211
2019-05-01 00:00:00-04:00,63.599998474121094
2019-05-02 00:00:00-04:00,61.810001373291016
2019-05-03 00:00:00-04:00,61.939998626708984
2019-05-06 00:00:00-04:00,62.25
2019-05-07 00:00:00-04:00,61.400001525878906
2019-05-08 00:00:00-04:00,62.119998931884766
2019-05-09 00:00:00-04:00,61.70000076293945
2019-05-10 00:00:00-04:00,61.65999984741211
2019-05-13 00:00:00-04:00,61.040000915527344
2019-05-14 00:00:00-04:00,61.779998779296875
2019-05-15 00:00:00-04:00,62.02000045776367
2019-05-16 00:00:00-04:00,62.869998931884766
2019-05-17 00:00:00-04:00,62.7599983215332
2019-05-20 00:00:00-04:00,63.099998474121094
2019-05-21 00:00:00-04:00,62.9900016784668
2019-05-22 00:00:00-04:00,61.41999816894531
2019-05-23 00:00:00-04:00,57.90999984741211
2019-05-24 00:00:00-04:00,58.630001068115234
2019-05-28 00:00:00-04:00,59.13999938964844
2019-05-29 00:00:00-04:00,58.810001373291016
2019-05-30 00:00:00-04:00,56.59000015258789
2019-05-31 00:00:00-04:00,53.5
2019-06-03 00:00:00-04:00,53.25
2019-06-04 00:00:00-04:00,53.47999954223633
2019-06-05 00:00:00-04:00,51.68000030517578
2019-06-06 00:00:00-04:00,52.59000015258789
2019-06-07 00:00:00-04:00,53.9900016784668
2019-06-10 00:00:00-04:00,53.2599983215332
2019-06-11 00:00:00-04:00,53.27000045776367
2019-06-12 00:00:00-04:00,51.13999938964844
2019-06-13 00:00:00-04:00,52.279998779296875
2019-06-14 00:00:00-04:00,52.5099983215332
2019-06-17 00:00:00-04:00,51.93000030517578
2019-06-18 00:00:00-04:00,53.900001525878906
2019-06-19 00:00:00-04:00,53.7599983215332
2019-06-20 00:00:00-04:00,56.650001525878906
2019-06-21 00:00:00-04:00,57.43000030517578
2019-06-24 00:00:00-04:00,57.900001525878906
2019-06-25 00:00:00-04:00,57.83000183105469
2019-06-26 00:00:00-04:00,59.380001068115234
2019-06-27 00:00:00-04:00,59.43000030517578
2019-06-28 00:00:00-04:00,58.470001220703125
2019-07-01 00:00:00-04:00,59.09000015258789
2019-07-02 00:00:00-04:00,56.25
2019-07-03 00:00:00-04:00,57.34000015258789
2019-07-05 00:00:00-04:00,57.5099983215332
2019-07-08 00:00:00-04:00,57.65999984741211
2019-07-09 00:00:00-04:00,57.83000183105469
2019-07-10 00:00:00-04:00,60.43000030517578
2019-07-11 00:00:00-04:00,60.20000076293945
2019-07-12 00:00:00-04:00,60.209999084472656
2019-07-15 00:00:00-04:00,59.58000183105469
2019-07-16 00:00:00-04:00,57.619998931884766
2019-07-17 00:00:00-04:00,56.779998779296875
2019-07-18 00:00:00-04:00,55.29999923706055
2019-07-19 00:00:00-04:00,55.630001068115234
2019-07-22 00:00:00-04:00,56.220001220703125
2019-07-23 00:00:00-04:00,56.77000045776367
2019-07-24 00:00:00-04:00,55.880001068115234
2019-07-25 00:00:00-04:00,56.02000045776367
2019-07-26 00:00:00-04:00,56.20000076293945
2019-07-29 00:00:00-04:00,56.869998931884766
2019-07-30 00:00:00-04:00,58.04999923706055
2019-07-31 00:00:00-04:00,58.58000183105469
2019-08-01 00:00:00-04:00,53.95000076293945
2019-08-02 00:00:00-04:00,55.65999984741211
2019-08-05 00:00:00-04:00,54.689998626708984
2019-08-06 00:00:00-04:00,53.630001068115234
2019-08-07 00:00:00-04:00,51.09000015258789
2019-08-08 00:00:00-04:00,52.540000915527344
2019-08-09 00:00:00-04:00,54.5
2019-08-12 00:00:00-04:00,54.93000030517578
2019-08-13 00:00:00-04:00,57.099998474121094
2019-08-14 00:00:00-04:00,55.22999954223633
2019-08-15 00:00:00-04:00,54.470001220703125
2019-08-16 00:00:00-04:00,54.869998931884766
2019-08-19 00:00:00-04:00,56.209999084472656
2019-08-20 00:00:00-04:00,56.34000015258789
2019-08-21 00:00:00-04:00,55.68000030517578
2019-08-22 00:00:00-04:00,55.349998474121094
2019-08-23 00:00:00-04:00,54.16999816894531
2019-08-26 00:00:00-04:00,53.63999938964844
2019-08-27 00:00:00-04:00,54.93000030517578
2019-08-28 00:00:00-04:00,55.779998779296875
2019-08-29 00:00:00-04:00,56.709999084472656
2019-08-30 00:00:00-04:00,55.099998474121094
2019-09-03 00:00:00-04:00,53.939998626708984
2019-09-04 00:00:00-04:00,56.2599983215332
2019-09-05 00:00:00-04:00,56.29999923706055
2019-09-06 00:00:00-04:00,56.52000045776367
2019-09-09 00:00:00-04:00,57.849998474121094
2019-09-10 00:00:00-04:00,57.400001525878906
2019-09-11 00:00:00-04:00,55.75
2019-09-12 00:00:00-04:00,55.09000015258789
2019-09-13 00:00:00-04:00,54.849998474121094
2019-09-16 00:00:00-04:00,62.900001525878906
2019-09-17 00:00:00-04:00,59.34000015258789
2019-09-18 00:00:00-04:00,58.11000061035156
2019-09-19 00:00:00-04:00,58.130001068115234
2019-09-20 00:00:00-04:00,58.09000015258789
2019-09-23 00:00:00-04:00,58.63999938964844
2019-09-24 00:00:00-04:00,57.290000915527344
2019-09-25 00:00:00-04:00,56.4900016784668
2019-09-26 00:00:00-04:00,56.40999984741211
2019-09-27 00:00:00-04:00,55.90999984741211
2019-09-30 00:00:00-04:00,54.06999969482422
2019-10-01 00:00:00-04:00,53.619998931884766
2019-10-02 00:00:00-04:00,52.63999938964844
2019-10-03 00:00:00-04:00,52.45000076293945
2019-10-04 00:00:00-04:00,52.810001373291016
2019-10-07 00:00:00-04:00,52.75
2019-10-08 00:00:00-04:00,52.630001068115234
2019-10-09 00:00:00-04:00,52.59000015258789
2019-10-10 00:00:00-04:00,53.54999923706055
2019-10-11 00:00:00-04:00,54.70000076293945
2019-10-14 00:00:00-04:00,53.59000015258789
2019-10-15 00:00:00-04:00,52.810001373291016
2019-10-16 00:00:00-04:00,53.36000061035156
2019-10-17 00:00:00-04:00,53.93000030517578
2019-10-18 00:00:00-04:00,53.779998779296875
2019-10-21 00:00:00-04:00,53.310001373291016
2019-10-22 00:00:00-04:00,54.15999984741211
2019-10-23 00:00:00-04:00,55.970001220703125
2019-10-24 00:00:00-04:00,56.22999954223633
2019-10-25 00:00:00-04:00,56.65999984741211
2019-10-28 00:00:00-04:00,55.810001373291016
2019-10-29 00:00:00-04:00,55.540000915527344
2019-10-30 00:00:00-04:00,55.060001373291016
2019-10-31 00:00:00-04:00,54.18000030517578
2019-11-01 00:00:00-04:00,56.20000076293945
2019-11-04 00:00:00-05:00,56.540000915527344
2019-11-05 00:00:00-05:00,57.22999954223633
2019-11-06 00:00:00-05:00,56.349998474121094
2019-11-07 00:00:00-05:00,57.150001525878906
2019-11-08 00:00:00-05:00,57.2400016784668
2019-11-11 00:00:00-05:00,56.86000061035156
2019-11-12 00:00:00-05:00,56.79999923706055
2019-11-13 00:00:00-05:00,57.119998931884766
2019-11-14 00:00:00-05:00,56.77000045776367
2019-11-15 00:00:00-05:00,57.720001220703125
2019-11-18 00:00:00-05:00,57.04999923706055
2019-11-19 00:00:00-05:00,55.209999084472656
2019-11-20 00:00:00-05:00,57.11000061035156
2019-11-21 00:00:00-05:00,58.58000183105469
2019-11-22 00:00:00-05:00,57.77000045776367
2019-11-25 00:00:00-05:00,58.0099983215332
2019-11-26 00:00:00-05:00,58.40999984741211
2019-11-27 00:00:00-05:00,58.11000061035156
2019-11-29 00:00:00-05:00,55.16999816894531
2019-12-02 00:00:00-05:00,55.959999084472656
2019-12-03 00:00:00-05:00,56.099998474121094
2019-12-04 00:00:00-05:00,58.43000030517578
2019-12-05 00:00:00-05:00,58.43000030517578
2019-12-06 00:00:00-05:00,59.20000076293945
2019-12-09 00:00:00-05:00,59.02000045776367
2019-12-10 00:00:00-05:00,59.2400016784668
2019-12-11 00:00:00-05:00,58.7599983215332
2019-12-12 00:00:00-05:00,59.18000030517578
2019-12-13 00:00:00-05:00,60.06999969482422
2019-12-16 00:00:00-05:00,60.209999084472656
2019-12-17 00:00:00-05:00,60.939998626708984
2019-12-18 00:00:00-05:00,60.93000030517578
2019-12-19 00:00:00-05:00,61.220001220703125
2019-12-20 00:00:00-05:00,60.439998626708984
2019-12-23 00:00:00-05:00,60.52000045776367
2019-12-24 00:00:00-05:00,61.11000061035156
2019-12-26 00:00:00-05:00,61.68000030517578
2019-12-27 00:00:00-05:00,61.720001220703125
2019-12-30 00:00:00-05:00,61.68000030517578
2019-12-31 00:00:00-05:00,61.060001373291016
2020-01-02 00:00:00-05:00,61.18000030517578
2020-01-03 00:00:00-05:00,63.04999923706055
2020-01-06 00:00:00-05:00,63.27000045776367
2020-01-07 00:00:00-05:00,62.70000076293945
2020-01-08 00:00:00-05:00,59.61000061035156
2020-01-09 00:00:00-05:00,59.560001373291016
2020-01-10 00:00:00-05:00,59.040000915527344
2020-01-13 00:00:00-05:00,58.08000183105469
2020-01-14 00:00:00-05:00,58.22999954223633
2020-01-15 00:00:00-05:00,57.810001373291016
2020-01-16 00:00:00-05:00,58.52000045776367
2020-01-17 00:00:00-05:00,58.540000915527344
2020-01-21 00:00:00-05:00,58.34000015258789
2020-01-22 00:00:00-05:00,56.7400016784668
2020-01-23 00:00:00-05:00,55.59000015258789
2020-01-24 00:00:00-05:00,54.189998626708984
2020-01-27 00:00:00-05:00,53.13999938964844
2020-01-28 00:00:00-05:00,53.47999954223633
2020-01-29 00:00:00-05:00,53.33000183105469
2020-01-30 00:00:00-05:00,52.13999938964844
2020-01-31 00:00:00-05:00,51.560001373291016
2020-02-03 00:00:00-05:00,50.11000061035156
2020-02-04 00:00:00-05:00,49.61000061035156
2020-02-05 00:00:00-05:00,50.75
2020-02-06 00:00:00-05:00,50.95000076293945
2020-02-07 00:00:00-05:00,50.31999969482422
2020-02-10 00:00:00-05:00,49.56999969482422
2020-02-11 00:00:00-05:00,49.939998626708984
2020-02-12 00:00:00-05:00,51.16999816894531
2020-02-13 00:00:00-05:00,51.41999816894531
2020-02-14 00:00:00-05:00,52.04999923706055
2020-02-18 00:00:00-05:00,52.04999923706055
2020-02-19 00:00:00-05:00,53.290000915527344
2020-02-20 00:00:00-05:00,53.779998779296875
2020-02-21 00:00:00-05:00,53.380001068115234
2020-02-24 00:00:00-05:00,51.43000030517578
2020-02-25 00:00:00-05:00,49.900001525878906
2020-02-26 00:00:00-05:00,48.72999954223633
2020-02-27 00:00:00-05:00,47.09000015258789
2020-02-28 00:00:00-05:00,44.7599983215332
2020-03-02 00:00:00-05:00,46.75
2020-03-03 00:00:00-05:00,47.18000030517578
2020-03-04 00:00:00-05:00,46.779998779296875
2020-03-05 00:00:00-05:00,45.900001525878906
2020-03-06 00:00:00-05:00,41.279998779296875
2020-03-09 00:00:00-04:00,31.1299991607666
2020-03-10 00:00:00-04:00,34.36000061035156
2020-03-11 00:00:00-04:00,32.97999954223633
2020-03-12 00:00:00-04:00,31.5
2020-03-13 00:00:00-04:00,31.729999542236328
2020-03-16 00:00:00-04:00,28.700000762939453
2020-03-17 00:00:00-04:00,26.950000762939453
2020-03-18 00:00:00-04:00,20.3700008392334
2020-03-19 00:00:00-04:00,25.219999313354492
2020-03-20 00:00:00-04:00,22.43000030517578
2020-03-23 00:00:00-04:00,23.360000610351562
2020-03-24 00:00:00-04:00,24.010000228881836
2020-03-25 00:00:00-04:00,24.489999771118164
2020-03-26 00:00:00-04:00,22.600000381469727
2020-03-27 00:00:00-04:00,21.510000228881836
2020-03-30 00:00:00-04:00,20.09000015258789
2020-03-31 00:00:00-04:00,20.479999542236328
2020-04-01 00:00:00-04:00,20.309999465942383
2020-04-02 00:00:00-04:00,25.31999969482422
2020-04-03 00:00:00-04:00,28.34000015258789
2020-04-06 00:00:00-04:00,26.079999923706055
2020-04-07 00:00:00-04:00,23.6299991607666
2020-04-08 00:00:00-04:00,25.09000015258789
2020-04-09 00:00:00-04:00,22.760000228881836
2020-04-13 00:00:00-04:00,22.40999984741211
2020-04-14 00:00:00-04:00,20.110000610351562
2020-04-15 00:00:00-04:00,19.8700008392334
2020-04-16 00:00:00-04:00,19.8700008392334
2020-04-17 00:00:00-04:00,18.270000457763672
2020-04-20 00:00:00-04:00,-37.630001068115234
2020-04-21 00:00:00-04:00,10.010000228881836
2020-04-22 00:00:00-04:00,13.779999732971191
2020-04-23 00:00:00-04:00,16.5
2020-04-24 00:00:00-04:00,16.940000534057617
2020-04-27 00:00:00-04:00,12.779999732971191
2020-04-28 00:00:00-04:00,12.34000015258789
2020-04-29 00:00:00-04:00,15.0600004196167
2020-04-30 00:00:00-04:00,18.84000015258789
2020-05-01 00:00:00-04:00,19.780000686645508
2020-05-04 00:00:00-04:00,20.389999389648438
2020-05-05 00:00:00-04:00,24.559999465942383
2020-05-06 00:00:00-04:00,23.989999771118164
2020-05-07 00:00:00-04:00,23.549999237060547
2020-05-08 00:00:00-04:00,24.739999771118164
2020-05-11 00:00:00-04:00,24.139999389648438
2020-05-12 00:00:00-04:00,25.780000686645508
2020-05-13 00:00:00-04:00,25.290000915527344
2020-05-14 00:00:00-04:00,27.559999465942383
2020-05-15 00:00:00-04:00,29.43000030517578
2020-05-18 00:00:00-04:00,31.81999969482422
2020-05-19 00:00:00-04:00,32.5
2020-05-20 00:00:00-04:00,33.4900016784668
2020-05-21 00:00:00-04:00,33.91999816894531
2020-05-22 00:00:00-04:00,33.25
2020-05-26 00:00:00-04:00,34.349998474121094
2020-05-27 00:00:00-04:00,32.810001373291016
2020-05-28 00:00:00-04:00,33.709999084472656
2020-05-29 00:00:00-04:00,35.4900016784668
2020-06-01 00:00:00-04:00,35.439998626708984
2020-06-02 00:00:00-04:00,36.810001373291016
2020-06-03 00:00:00-04:00,37.290000915527344
2020-06-04 00:00:00-04:00,37.40999984741211
2020-06-05 00:00:00-04:00,39.54999923706055
2020-06-08 00:00:00-04:00,38.189998626708984
2020-06-09 00:00:00-04:00,38.939998626708984
2020-06-10 00:00:00-04:00,39.599998474121094
2020-06-11 00:00:00-04:00,36.34000015258789
2020-06-12 00:00:00-04:00,36.2599983215332
2020-06-15 00:00:00-04:00,37.119998931884766
2020-06-16 00:00:00-04:00,38.380001068115234
2020-06-17 00:00:00-04:00,37.959999084472656
2020-06-18 00:00:00-04:00,38.84000015258789
2020-06-19 00:00:00-04:00,39.75
2020-06-22 00:00:00-04:00,40.459999084472656
2020-06-23 00:00:00-04:00,40.369998931884766
2020-06-24 00:00:00-04:00,38.0099983215332
2020-06-25 00:00:00-04:00,38.720001220703125
2020-06-26 00:00:00-04:00,38.4900016784668
2020-06-29 00:00:00-04:00,39.70000076293945
2020-06-30 00:00:00-04:00,39.27000045776367
2020-07-01 00:00:00-04:00,39.81999969482422
2020-07-02 00:00:00-04:00,40.650001525878906
2020-07-06 00:00:00-04:00,40.630001068115234
2020-07-07 00:00:00-04:00,40.619998931884766
2020-07-08 00:00:00-04:00,40.900001525878906
2020-07-09 00:00:00-04:00,39.619998931884766
2020-07-10 00:00:00-04:00,40.54999923706055
2020-07-13 00:00:00-04:00,40.099998474121094
2020-07-14 00:00:00-04:00,40.290000915527344
2020-07-15 00:00:00-04:00,41.20000076293945
2020-07-16 00:00:00-04:00,40.75
2020-07-17 00:00:00-04:00,40.59000015258789
2020-07-20 00:00:00-04:00,40.810001373291016
2020-07-21 00:00:00-04:00,41.959999084472656
2020-07-22 00:00:00-04:00,41.900001525878906
2020-07-23 00:00:00-04:00,41.06999969482422
2020-07-24 00:00:00-04:00,41.290000915527344
2020-07-27 00:00:00-04:00,41.599998474121094
2020-07-28 00:00:00-04:00,41.040000915527344
2020-07-29 00:00:00-04:00,41.27000045776367
2020-07-30 00:00:00-04:00,39.91999816894531
2020-07-31 00:00:00-04:00,40.27000045776367
2020-08-03 00:00:00-04:00,41.0099983215332
2020-08-04 00:00:00-04:00,41.70000076293945
2020-08-05 00:00:00-04:00,42.189998626708984
2020-08-06 00:00:00-04:00,41.95000076293945
2020-08-07 00:00:00-04:00,41.220001220703125
2020-08-10 00:00:00-04:00,41.939998626708984
2020-08-11 00:00:00-04:00,41.61000061035156
2020-08-12 00:00:00-04:00,42.66999816894531
2020-08-13 00:00:00-04:00,42.2400016784668
2020-08-14 00:00:00-04:00,42.0099983215332
2020-08-17 00:00:00-04:00,42.88999938964844
2020-08-18 00:00:00-04:00,42.88999938964844
2020-08-19 00:00:00-04:00,42.93000030517578
2020-08-20 00:00:00-04:00,42.58000183105469
2020-08-21 00:00:00-04:00,42.34000015258789
2020-08-24 00:00:00-04:00,42.619998931884766
2020-08-25 00:00:00-04:00,43.349998474121094
2020-08-26 00:00:00-04:00,43.38999938964844
2020-08-27 00:00:00-04:00,43.040000915527344
2020-08-28 00:00:00-04:00,42.970001220703125
2020-08-31 00:00:00-04:00,42.61000061035156
2020-09-01 00:00:00-04:00,42.7599983215332
2020-09-02 00:00:00-04:00,41.5099983215332
2020-09-03 00:00:00-04:00,41.369998931884766
2020-09-04 00:00:00-04:00,39.77000045776367
2020-09-08 00:00:00-04:00,36.7599983215332
2020-09-09 00:00:00-04:00,38.04999923706055
2020-09-10 00:00:00-04:00,37.29999923706055
2020-09-11 00:00:00-04:00,37.33000183105469
2020-09-14 00:00:00-04:00,37.2599983215332
2020-09-15 00:00:00-04:00,38.279998779296875
2020-09-16 00:00:00-04:00,40.15999984741211
2020-09-17 00:00:00-04:00,40.970001220703125
2020-09-18 00:00:00-04:00,41.11000061035156
2020-09-21 00:00:00-04:00,39.310001373291016
2020-09-22 00:00:00-04:00,39.599998474121094
2020-09-23 00:00:00-04:00,39.93000030517578
2020-09-24 00:00:00-04:00,40.310001373291016
2020-09-25 00:00:00-04:00,40.25
2020-09-28 00:00:00-04:00,40.599998474121094
2020-09-29 00:00:00-04:00,39.290000915527344
2020-09-30 00:00:00-04:00,40.220001220703125
2020-10-01 00:00:00-04:00,38.720001220703125
2020-10-02 00:00:00-04:00,37.04999923706055
2020-10-05 00:00:00-04:00,39.220001220703125
2020-10-06 00:00:00-04:00,40.66999816894531
2020-10-07 00:00:00-04:00,39.95000076293945
2020-10-08 00:00:00-04:00,41.189998626708984
2020-10-09 00:00:00-04:00,40.599998474121094
2020-10-12 00:00:00-04:00,39.43000030517578
2020-10-13 00:00:00-04:00,40.20000076293945
2020-10-14 00:00:00-04:00,41.040000915527344
2020-10-15 00:00:00-04:00,40.959999084472656
2020-10-16 00:00:00-04:00,40.880001068115234
2020-10-19 00:00:00-04:00,40.83000183105469
2020-10-20 00:00:00-04:00,41.459999084472656
2020-10-21 00:00:00-04:00,40.029998779296875
2020-10-22 00:00:00-04:00,40.63999938964844
2020-10-23 00:00:00-04:00,39.849998474121094
2020-10-26 00:00:00-04:00,38.560001373291016
2020-10-27 00:00:00-04:00,39.56999969482422
2020-10-28 00:00:00-04:00,37.38999938964844
2020-10-29 00:00:00-04:00,36.16999816894531
2020-10-30 00:00:00-04:00,35.790000915527344
2020-11-02 00:00:00-05:00,36.810001373291016
2020-11-03 00:00:00-05:00,37.65999984741211
2020-11-04 00:00:00-05:00,39.150001525878906
2020-11-05 00:00:00-05:00,38.790000915527344
2020-11-06 00:00:00-05:00,37.13999938964844
2020-11-09 00:00:00-05:00,40.290000915527344
2020-11-10 00:00:00-05:00,41.36000061035156
2020-11-11 00:00:00-05:00,41.45000076293945
2020-11-12 00:00:00-05:00,41.119998931884766
2020-11-13 00:00:00-05:00,40.130001068115234
2020-11-16 00:00:00-05:00,41.34000015258789
2020-11-17 00:00:00-05:00,41.43000030517578
2020-11-18 00:00:00-05:00,41.81999969482422
2020-11-19 00:00:00-05:00,41.7400016784668
2020-11-20 00:00:00-05:00,42.150001525878906
2020-11-23 00:00:00-05:00,43.060001373291016
2020-11-24 00:00:00-05:00,44.90999984741211
2020-11-25 00:00:00-05:00,45.709999084472656
2020-11-27 00:00:00-05:00,45.529998779296875
2020-11-30 00:00:00-05:00,45.34000015258789
2020-12-01 00:00:00-05:00,44.54999923706055
2020-12-02 00:00:00-05:00,45.279998779296875
2020-12-03 00:00:00-05:00,45.63999938964844
2020-12-04 00:00:00-05:00,46.2599983215332
2020-12-07 00:00:00-05:00,45.7599983215332
2020-12-08 00:00:00-05:00,45.599998474121094
2020-12-09 00:00:00-05:00,45.52000045776367
2020-12-10 00:00:00-05:00,46.779998779296875
2020-12-11 00:00:00-05:00,46.56999969482422
2020-12-14 00:00:00-05:00,46.9900016784668
2020-12-15 00:00:00-05:00,47.619998931884766
2020-12-16 00:00:00-05:00,47.81999969482422
2020-12-17 00:00:00-05:00,48.36000061035156
2020-12-18 00:00:00-05:00,49.099998474121094
2020-12-21 00:00:00-05:00,47.7400016784668
2020-12-22 00:00:00-05:00,47.02000045776367
2020-12-23 00:00:00-05:00,48.119998931884766
2020-12-24 00:00:00-05:00,48.22999954223633
2020-12-28 00:00:00-05:00,47.619998931884766
2020-12-29 00:00:00-05:00,48.0
2020-12-30 00:00:00-05:00,48.400001525878906
2020-12-31 00:00:00-05:00,48.52000045776367
2021-01-04 00:00:00-05:00,47.619998931884766
2021-01-05 00:00:00-05:00,49.93000030517578
2021-01-06 00:00:00-05:00,50.630001068115234
2021-01-07 00:00:00-05:00,50.83000183105469
2021-01-08 00:00:00-05:00,52.2400016784668
2021-01-11 00:00:00-05:00,52.25
2021-01-12 00:00:00-05:00,53.209999084472656
2021-01-13 00:00:00-05:00,52.90999984741211
2021-01-14 00:00:00-05:00,53.56999969482422
2021-01-15 00:00:00-05:00,52.36000061035156
2021-01-19 00:00:00-05:00,52.97999954223633
2021-01-20 00:00:00-05:00,53.2400016784668
2021-01-21 00:00:00-05:00,53.130001068115234
2021-01-22 00:00:00-05:00,52.27000045776367
2021-01-25 00:00:00-05:00,52.77000045776367
2021-01-26 00:00:00-05:00,52.61000061035156
2021-01-27 00:00:00-05:00,52.849998474121094
2021-01-28 00:00:00-05:00,52.34000015258789
2021-01-29 00:00:00-05:00,52.20000076293945
2021-02-01 00:00:00-05:00,53.54999923706055
2021-02-02 00:00:00-05:00,54.7599983215332
2021-02-03 00:00:00-05:00,55.689998626708984
2021-02-04 00:00:00-05:00,56.22999954223633
2021-02-05 00:00:00-05:00,56.849998474121094
2021-02-08 00:00:00-05:00,57.970001220703125
2021-02-09 00:00:00-05:00,58.36000061035156
2021-02-10 00:00:00-05:00,58.68000030517578
2021-02-11 00:00:00-05:00,58.2400016784668
2021-02-12 00:00:00-05:00,59.470001220703125
2021-02-16 00:00:00-05:00,60.04999923706055
2021-02-17 00:00:00-05:00,61.13999938964844
2021-02-18 00:00:00-05:00,60.52000045776367
2021-02-19 00:00:00-05:00,59.2400016784668
2021-02-22 00:00:00-05:00,61.4900016784668
2021-02-23 00:00:00-05:00,61.66999816894531
2021-02-24 00:00:00-05:00,63.220001220703125
2021-02-25 00:00:00-05:00,63.529998779296875
2021-02-26 00:00:00-05:00,61.5
2021-03-01 00:00:00-05:00,60.63999938964844
2021-03-02 00:00:00-05:00,59.75
2021-03-03 00:00:00-05:00,61.279998779296875
2021-03-04 00:00:00-05:00,63.83000183105469
2021-03-05 00:00:00-05:00,66.08999633789062
2021-03-08 00:00:00-05:00,65.05000305175781
2021-03-09 00:00:00-05:00,64.01000213623047
2021-03-10 00:00:00-05:00,64.44000244140625
2021-03-11 00:00:00-05:00,66.0199966430664
2021-03-12 00:00:00-05:00,65.61000061035156
2021-03-15 00:00:00-04:00,65.38999938964844
2021-03-16 00:00:00-04:00,64.80000305175781
2021-03-17 00:00:00-04:00,64.5999984741211
2021-03-18 00:00:00-04:00,60.0
2021-03-19 00:00:00-04:00,61.41999816894531
2021-03-22 00:00:00-04:00,61.54999923706055
2021-03-23 00:00:00-04:00,57.7599983215332
2021-03-24 00:00:00-04:00,61.18000030517578
2021-03-25 00:00:00-04:00,58.560001373291016
2021-03-26 00:00:00-04:00,60.970001220703125
2021-03-29 00:00:00-04:00,61.560001373291016
2021-03-30 00:00:00-04:00,60.54999923706055
2021-03-31 00:00:00-04:00,59.15999984741211
2021-04-01 00:00:00-04:00,61.45000076293945
2021-04-05 00:00:00-04:00,58.650001525878906
2021-04-06 00:00:00-04:00,59.33000183105469
2021-04-07 00:00:00-04:00,59.77000045776367
2021-04-08 00:00:00-04:00,59.599998474121094
2021-04-09 00:00:00-04:00,59.31999969482422
2021-04-12 00:00:00-04:00,59.70000076293945
2021-04-13 00:00:00-04:00,60.18000030517578
2021-04-14 00:00:00-04:00,63.150001525878906
2021-04-15 00:00:00-04:00,63.459999084472656
2021-04-16 00:00:00-04:00,63.130001068115234
2021-04-19 00:00:00-04:00,63.380001068115234
2021-04-20 00:00:00-04:00,62.439998626708984
2021-04-21 00:00:00-04:00,61.349998474121094
2021-04-22 00:00:00-04:00,61.43000030517578
2021-04-23 00:00:00-04:00,62.13999938964844
2021-04-26 00:00:00-04:00,61.90999984741211
2021-04-27 00:00:00-04:00,62.939998626708984
2021-04-28 00:00:00-04:00,63.86000061035156
2021-04-29 00:00:00-04:00,65.01000213623047
2021-04-30 00:00:00-04:00,63.58000183105469
2021-05-03 00:00:00-04:00,64.48999786376953
2021-05-04 00:00:00-04:00,65.69000244140625
2021-05-05 00:00:00-04:00,65.62999725341797
2021-05-06 00:00:00-04:00,64.70999908447266
2021-05-07 00:00:00-04:00,64.9000015258789
2021-05-10 00:00:00-04:00,64.91999816894531
2021-05-11 00:00:00-04:00,65.27999877929688
2021-05-12 00:00:00-04:00,66.08000183105469
2021-05-13 00:00:00-04:00,63.81999969482422
2021-05-14 00:00:00-04:00,65.37000274658203
2021-05-17 00:00:00-04:00,66.2699966430664
2021-05-18 00:00:00-04:00,65.48999786376953
2021-05-19 00:00:00-04:00,63.36000061035156
2021-05-20 00:00:00-04:00,62.04999923706055
2021-05-21 00:00:00-04:00,63.58000183105469
2021-05-24 00:00:00-04:00,66.05000305175781
2021-05-25 00:00:00-04:00,66.06999969482422
2021-05-26 00:00:00-04:00,66.20999908447266
2021-05-27 00:00:00-04:00,66.8499984741211
2021-05-28 00:00:00-04:00,66.31999969482422
2021-06-01 00:00:00-04:00,67.72000122070312
2021-06-02 00:00:00-04:00,68.83000183105469
2021-06-03 00:00:00-04:00,68.80999755859375
2021-06-04 00:00:00-04:00,69.62000274658203
2021-06-07 00:00:00-04:00,69.2300033569336
2021-06-08 00:00:00-04:00,70.05000305175781
2021-06-09 00:00:00-04:00,69.95999908447266
2021-06-10 00:00:00-04:00,70.29000091552734
2021-06-11 00:00:00-04:00,70.91000366210938
2021-06-14 00:00:00-04:00,70.87999725341797
2021-06-15 00:00:00-04:00,72.12000274658203
2021-06-16 00:00:00-04:00,72.1500015258789
2021-06-17 00:00:00-04:00,71.04000091552734
2021-06-18 00:00:00-04:00,71.63999938964844
2021-06-21 00:00:00-04:00,73.66000366210938
2021-06-22 00:00:00-04:00,73.05999755859375
2021-06-23 00:00:00-04:00,73.08000183105469
2021-06-24 00:00:00-04:00,73.30000305175781
2021-06-25 00:00:00-04:00,74.05000305175781
2021-06-28 00:00:00-04:00,72.91000366210938
2021-06-29 00:00:00-04:00,72.9800033569336
2021-06-30 00:00:00-04:00,73.47000122070312
2021-07-01 00:00:00-04:00,75.2300033569336
2021-07-02 00:00:00-04:00,75.16000366210938
2021-07-06 00:00:00-04:00,73.37000274658203
2021-07-07 00:00:00-04:00,72.19999694824219
2021-07-08 00:00:00-04:00,72.94000244140625
2021-07-09 00:00:00-04:00,74.55999755859375
2021-07-12 00:00:00-04:00,74.0999984741211
2021-07-13 00:00:00-04:00,75.25
2021-07-14 00:00:00-04:00,73.12999725341797
2021-07-15 00:00:00-04:00,71.6500015258789
2021-07-16 00:00:00-04:00,71.80999755859375
2021-07-19 00:00:00-04:00,66.41999816894531
2021-07-20 00:00:00-04:00,67.41999816894531
2021-07-21 00:00:00-04:00,70.30000305175781
2021-07-22 00:00:00-04:00,71.91000366210938
2021-07-23 00:00:00-04:00,72.06999969482422
2021-07-26 00:00:00-04:00,71.91000366210938
2021-07-27 00:00:00-04:00,71.6500015258789
2021-07-28 00:00:00-04:00,72.38999938964844
2021-07-29 00:00:00-04:00,73.62000274658203
2021-07-30 00:00:00-04:00,73.94999694824219
2021-08-02 00:00:00-04:00,71.26000213623047
2021-08-03 00:00:00-04:00,70.55999755859375
2021-08-04 00:00:00-04:00,68.1500015258789
2021-08-05 00:00:00-04:00,69.08999633789062
2021-08-06 00:00:00-04:00,68.27999877929688
2021-08-09 00:00:00-04:00,66.4800033569336
2021-08-10 00:00:00-04:00,68.29000091552734
2021-08-11 00:00:00-04:00,69.25
2021-08-12 00:00:00-04:00,69.08999633789062
2021-08-13 00:00:00-04:00,68.44000244140625
2021-08-16 00:00:00-04:00,67.29000091552734
2021-08-17 00:00:00-04:00,66.58999633789062
2021-08-18 00:00:00-04:00,65.45999908447266
2021-08-19 00:00:00-04:00,63.689998626708984
2021-08-20 00:00:00-04:00,62.31999969482422
2021-08-23 00:00:00-04:00,65.63999938964844
2021-08-24 00:00:00-04:00,67.54000091552734
2021-08-25 00:00:00-04:00,68.36000061035156
2021-08-26 00:00:00-04:00,67.41999816894531
2021-08-27 00:00:00-04:00,68.73999786376953
2021-08-30 00:00:00-04:00,69.20999908447266
2021-08-31 00:00:00-04:00,68.5
2021-09-01 00:00:00-04:00,68.58999633789062
2021-09-02 00:00:00-04:00,69.98999786376953
2021-09-03 00:00:00-04:00,69.29000091552734
2021-09-07 00:00:00-04:00,68.3499984741211
2021-09-08 00:00:00-04:00,69.30000305175781
2021-09-09 00:00:00-04:00,68.13999938964844
2021-09-10 00:00:00-04:00,69.72000122070312
2021-09-13 00:00:00-04:00,70.44999694824219
2021-09-14 00:00:00-04:00,70.45999908447266
2021-09-15 00:00:00-04:00,72.61000061035156
2021-09-16 00:00:00-04:00,72.61000061035156
2021-09-17 00:00:00-04:00,71.97000122070312
2021-09-20 00:00:00-04:00,70.29000091552734
2021-09-21 00:00:00-04:00,70.55999755859375
2021-09-22 00:00:00-04:00,72.2300033569336
2021-09-23 00:00:00-04:00,73.30000305175781
2021-09-24 00:00:00-04:00,73.9800033569336
2021-09-27 00:00:00-04:00,75.44999694824219
2021-09-28 00:00:00-04:00,75.29000091552734
2021-09-29 00:00:00-04:00,74.83000183105469
2021-09-30 00:00:00-04:00,75.02999877929688
2021-10-01 00:00:00-04:00,75.87999725341797
2021-10-04 00:00:00-04:00,77.62000274658203
2021-10-05 00:00:00-04:00,78.93000030517578
2021-10-06 00:00:00-04:00,77.43000030517578
2021-10-07 00:00:00-04:00,78.30000305175781
2021-10-08 00:00:00-04:00,79.3499984741211
2021-10-11 00:00:00-04:00,80.5199966430664
2021-10-12 00:00:00-04:00,80.63999938964844
2021-10-13 00:00:00-04:00,80.44000244140625
2021-10-14 00:00:00-04:00,81.30999755859375
2021-10-15 00:00:00-04:00,82.27999877929688
2021-10-18 00:00:00-04:00,82.44000244140625
2021-10-19 00:00:00-04:00,82.95999908447266
2021-10-20 00:00:00-04:00,83.87000274658203
2021-10-21 00:00:00-04:00,82.5
2021-10-22 00:00:00-04:00,83.76000213623047
2021-10-25 00:00:00-04:00,83.76000213623047
2021-10-26 00:00:00-04:00,84.6500015258789
2021-10-27 00:00:00-04:00,82.66000366210938
2021-10-28 00:00:00-04:00,82.80999755859375
2021-10-29 00:00:00-04:00,83.56999969482422
2021-11-01 00:00:00-04:00,84.05000305175781
2021-11-02 00:00:00-04:00,83.91000366210938
2021-11-03 00:00:00-04:00,80.86000061035156
2021-11-04 00:00:00-04:00,78.80999755859375
2021-11-05 00:00:00-04:00,81.2699966430664
2021-11-08 00:00:00-05:00,81.93000030517578
2021-11-09 00:00:00-05:00,84.1500015258789
2021-11-10 00:00:00-05:00,81.33999633789062
2021-11-11 00:00:00-05:00,81.58999633789062
2021-11-12 00:00:00-05:00,80.79000091552734
2021-11-15 00:00:00-05:00,80.87999725341797
2021-11-16 00:00:00-05:00,80.76000213623047
2021-11-17 00:00:00-05:00,78.36000061035156
2021-11-18 00:00:00-05:00,79.01000213623047
2021-11-19 00:00:00-05:00,76.0999984741211
2021-11-22 00:00:00-05:00,76.75
2021-11-23 00:00:00-05:00,78.5
2021-11-24 00:00:00-05:00,78.38999938964844
2021-11-26 00:00:00-05:00,68.1500015258789
2021-11-29 00:00:00-05:00,69.94999694824219
2021-11-30 00:00:00-05:00,66.18000030517578
2021-12-01 00:00:00-05:00,65.56999969482422
2021-12-02 00:00:00-05:00,66.5
2021-12-03 00:00:00-05:00,66.26000213623047
2021-12-06 00:00:00-05:00,69.48999786376953
2021-12-07 00:00:00-05:00,72.05000305175781
2021-12-08 00:00:00-05:00,72.36000061035156
2021-12-09 00:00:00-05:00,70.94000244140625
2021-12-10 00:00:00-05:00,71.66999816894531
2021-12-13 00:00:00-05:00,71.29000091552734
2021-12-14 00:00:00-05:00,70.7300033569336
2021-12-15 00:00:00-05:00,70.87000274658203
2021-12-16 00:00:00-05:00,72.37999725341797
2021-12-17 00:00:00-05:00,70.86000061035156
2021-12-20 00:00:00-05:00,68.2300033569336
2021-12-21 00:00:00-05:00,71.12000274658203
2021-12-22 00:00:00-05:00,72.76000213623047
2021-12-23 00:00:00-05:00,73.79000091552734
2021-12-27 00:00:00-05:00,75.56999969482422
2021-12-28 00:00:00-05:00,75.9800033569336
2021-12-29 00:00:00-05:00,76.55999755859375
2021-12-30 00:00:00-05:00,76.98999786376953
2021-12-31 00:00:00-05:00,75.20999908447266
2022-01-03 00:00:00-05:00,76.08000183105469
2022-01-04 00:00:00-05:00,76.98999786376953
2022-01-05 00:00:00-05:00,77.8499984741211
2022-01-06 00:00:00-05:00,79.45999908447266
2022-01-07 00:00:00-05:00,78.9000015258789
2022-01-10 00:00:00-05:00,78.2300033569336
2022-01-11 00:00:00-05:00,81.22000122070312
2022-01-12 00:00:00-05:00,82.63999938964844
2022-01-13 00:00:00-05:00,82.12000274658203
2022-01-14 00:00:00-05:00,83.81999969482422
2022-01-18 00:00:00-05:00,85.43000030517578
2022-01-19 00:00:00-05:00,86.95999908447266
2022-01-20 00:00:00-05:00,86.9000015258789
2022-01-21 00:00:00-05:00,85.13999938964844
2022-01-24 00:00:00-05:00,83.30999755859375
2022-01-25 00:00:00-05:00,85.5999984741211
2022-01-26 00:00:00-05:00,87.3499984741211
2022-01-27 00:00:00-05:00,86.61000061035156
2022-01-28 00:00:00-05:00,86.81999969482422
2022-01-31 00:00:00-05:00,88.1500015258789
2022-02-01 00:00:00-05:00,88.19999694824219
2022-02-02 00:00:00-05:00,88.26000213623047
2022-02-03 00:00:00-05:00,90.2699966430664
2022-02-04 00:00:00-05:00,92.30999755859375
2022-02-07 00:00:00-05:00,91.31999969482422
2022-02-08 00:00:00-05:00,89.36000061035156
2022-02-09 00:00:00-05:00,89.66000366210938
2022-02-10 00:00:00-05:00,89.87999725341797
2022-02-11 00:00:00-05:00,93.0999984741211
2022-02-14 00:00:00-05:00,95.45999908447266
2022-02-15 00:00:00-05:00,92.06999969482422
2022-02-16 00:00:00-05:00,93.66000366210938
2022-02-17 00:00:00-05:00,91.76000213623047
2022-02-18 00:00:00-05:00,91.06999969482422
2022-02-22 00:00:00-05:00,92.3499984741211
2022-02-23 00:00:00-05:00,92.0999984741211
2022-02-24 00:00:00-05:00,92.80999755859375
2022-02-25 00:00:00-05:00,91.58999633789062
2022-02-28 00:00:00-05:00,95.72000122070312
2022-03-01 00:00:00-05:00,103.41000366210938
2022-03-02 00:00:00-05:00,110.5999984741211
2022-03-03 00:00:00-05:00,107.66999816894531
2022-03-04 00:00:00-05:00,115.68000030517578
2022-03-07 00:00:00-05:00,119.4000015258789
2022-03-08 00:00:00-05:00,123.69999694824219
2022-03-09 00:00:00-05:00,108.69999694824219
2022-03-10 00:00:00-05:00,106.0199966430664
2022-03-11 00:00:00-05:00,109.33000183105469
2022-03-14 00:00:00-04:00,103.01000213623047
2022-03-15 00:00:00-04:00,96.44000244140625
2022-03-16 00:00:00-04:00,95.04000091552734
2022-03-17 00:00:00-04:00,102.9800033569336
2022-03-18 00:00:00-04:00,104.69999694824219
2022-03-21 00:00:00-04:00,112.12000274658203
2022-03-22 00:00:00-04:00,111.76000213623047
2022-03-23 00:00:00-04:00,114.93000030517578
2022-03-24 00:00:00-04:00,112.33999633789062
2022-03-25 00:00:00-04:00,113.9000015258789
2022-03-28 00:00:00-04:00,105.95999908447266
2022-03-29 00:00:00-04:00,104.23999786376953
2022-03-30 00:00:00-04:00,107.81999969482422
2022-03-31 00:00:00-04:00,100.27999877929688
2022-04-01 00:00:00-04:00,99.2699966430664
2022-04-04 00:00:00-04:00,103.27999877929688
2022-04-05 00:00:00-04:00,101.95999908447266
2022-04-06 00:00:00-04:00,96.2300033569336
2022-04-07 00:00:00-04:00,96.02999877929688
2022-04-08 00:00:00-04:00,98.26000213623047
2022-04-11 00:00:00-04:00,94.29000091552734
2022-04-12 00:00:00-04:00,100.5999984741211
2022-04-13 00:00:00-04:00,104.25
2022-04-14 00:00:00-04:00,106.94999694824219
2022-04-18 00:00:00-04:00,108.20999908447266
2022-04-19 00:00:00-04:00,102.55999755859375
2022-04-20 00:00:00-04:00,102.75
2022-04-21 00:00:00-04:00,103.79000091552734
2022-04-22 00:00:00-04:00,102.06999969482422
2022-04-25 00:00:00-04:00,98.54000091552734
2022-04-26 00:00:00-04:00,101.69999694824219
2022-04-27 00:00:00-04:00,102.0199966430664
2022-04-28 00:00:00-04:00,105.36000061035156
2022-04-29 00:00:00-04:00,104.69000244140625
2022-05-02 00:00:00-04:00,105.16999816894531
2022-05-03 00:00:00-04:00,102.41000366210938
2022-05-04 00:00:00-04:00,107.80999755859375
2022-05-05 00:00:00-04:00,108.26000213623047
2022-05-06 00:00:00-04:00,109.7699966430664
2022-05-09 00:00:00-04:00,103.08999633789062
2022-05-10 00:00:00-04:00,99.76000213623047
2022-05-11 00:00:00-04:00,105.70999908447266
2022-05-12 00:00:00-04:00,106.12999725341797
2022-05-13 00:00:00-04:00,110.48999786376953
2022-05-16 00:00:00-04:00,114.19999694824219
2022-05-17 00:00:00-04:00,112.4000015258789
2022-05-18 00:00:00-04:00,109.58999633789062
2022-05-19 00:00:00-04:00,112.20999908447266
2022-05-20 00:00:00-04:00,113.2300033569336
2022-05-23 00:00:00-04:00,110.29000091552734
2022-05-24 00:00:00-04:00,109.7699966430664
2022-05-25 00:00:00-04:00,110.33000183105469
2022-05-26 00:00:00-04:00,114.08999633789062
2022-05-27 00:00:00-04:00,115.06999969482422
2022-05-31 00:00:00-04:00,114.66999816894531
2022-06-01 00:00:00-04:00,115.26000213623047
2022-06-02 00:00:00-04:00,116.87000274658203
2022-06-03 00:00:00-04:00,118.87000274658203
2022-06-06 00:00:00-04:00,118.5
2022-06-07 00:00:00-04:00,119.41000366210938
2022-06-08 00:00:00-04:00,122.11000061035156
2022-06-09 00:00:00-04:00,121.51000213623047
2022-06-10 00:00:00-04:00,120.66999816894531
2022-06-13 00:00:00-04:00,120.93000030517578
2022-06-14 00:00:00-04:00,118.93000030517578
2022-06-15 00:00:00-04:00,115.30999755859375
2022-06-16 00:00:00-04:00,117.58999633789062
2022-06-17 00:00:00-04:00,109.55999755859375
2022-06-21 00:00:00-04:00,110.6500015258789
2022-06-22 00:00:00-04:00,106.19000244140625
2022-06-23 00:00:00-04:00,104.2699966430664
2022-06-24 00:00:00-04:00,107.62000274658203
2022-06-27 00:00:00-04:00,109.56999969482422
2022-06-28 00:00:00-04:00,111.76000213623047
2022-06-29 00:00:00-04:00,109.77999877929688
2022-06-30 00:00:00-04:00,105.76000213623047
2022-07-01 00:00:00-04:00,108.43000030517578
2022-07-05 00:00:00-04:00,99.5
2022-07-06 00:00:00-04:00,98.52999877929688
2022-07-07 00:00:00-04:00,102.7300033569336
2022-07-08 00:00:00-04:00,104.79000091552734
2022-07-11 00:00:00-04:00,104.08999633789062
2022-07-12 00:00:00-04:00,95.83999633789062
2022-07-13 00:00:00-04:00,96.30000305175781
2022-07-14 00:00:00-04:00,95.77999877929688
2022-07-15 00:00:00-04:00,97.58999633789062
2022-07-18 00:00:00-04:00,102.5999984741211
2022-07-19 00:00:00-04:00,104.22000122070312
2022-07-20 00:00:00-04:00,102.26000213623047
2022-07-21 00:00:00-04:00,96.3499984741211
2022-07-22 00:00:00-04:00,94.69999694824219
2022-07-25 00:00:00-04:00,96.69999694824219
2022-07-26 00:00:00-04:00,94.9800033569336
2022-07-27 00:00:00-04:00,97.26000213623047
2022-07-28 00:00:00-04:00,96.41999816894531
2022-07-29 00:00:00-04:00,98.62000274658203
2022-08-01 00:00:00-04:00,93.88999938964844
2022-08-02 00:00:00-04:00,94.41999816894531
2022-08-03 00:00:00-04:00,90.66000366210938
2022-08-04 00:00:00-04:00,88.54000091552734
2022-08-05 00:00:00-04:00,89.01000213623047
2022-08-08 00:00:00-04:00,90.76000213623047
2022-08-09 00:00:00-04:00,90.5
2022-08-10 00:00:00-04:00,91.93000030517578
2022-08-11 00:00:00-04:00,94.33999633789062
2022-08-12 00:00:00-04:00,92.08999633789062
2022-08-15 00:00:00-04:00,89.41000366210938
2022-08-16 00:00:00-04:00,86.52999877929688
2022-08-17 00:00:00-04:00,88.11000061035156
2022-08-18 00:00:00-04:00,90.5
2022-08-19 00:00:00-04:00,90.7699966430664
2022-08-22 00:00:00-04:00,90.2300033569336
2022-08-23 00:00:00-04:00,93.73999786376953
2022-08-24 00:00:00-04:00,94.88999938964844
2022-08-25 00:00:00-04:00,92.5199966430664
2022-08-26 00:00:00-04:00,93.05999755859375
2022-08-29 00:00:00-04:00,97.01000213623047
2022-08-30 00:00:00-04:00,91.63999938964844
2022-08-31 00:00:00-04:00,89.55000305175781
2022-09-01 00:00:00-04:00,86.61000061035156
2022-09-02 00:00:00-04:00,86.87000274658203
2022-09-06 00:00:00-04:00,86.87999725341797
2022-09-07 00:00:00-04:00,81.94000244140625
2022-09-08 00:00:00-04:00,83.54000091552734
2022-09-09 00:00:00-04:00,86.79000091552734
2022-09-12 00:00:00-04:00,87.77999877929688
2022-09-13 00:00:00-04:00,87.30999755859375
2022-09-14 00:00:00-04:00,88.4800033569336
2022-09-15 00:00:00-04:00,85.0999984741211
2022-09-16 00:00:00-04:00,85.11000061035156
2022-09-19 00:00:00-04:00,85.7300033569336
2022-09-20 00:00:00-04:00,84.44999694824219
2022-09-21 00:00:00-04:00,82.94000244140625
2022-09-22 00:00:00-04:00,83.48999786376953
2022-09-23 00:00:00-04:00,78.73999786376953
2022-09-26 00:00:00-04:00,76.70999908447266
2022-09-27 00:00:00-04:00,78.5
2022-09-28 00:00:00-04:00,82.1500015258789
2022-09-29 00:00:00-04:00,81.2300033569336
2022-09-30 00:00:00-04:00,79.48999786376953
2022-10-03 00:00:00-04:00,83.62999725341797
2022-10-04 00:00:00-04:00,86.5199966430664
2022-10-05 00:00:00-04:00,87.76000213623047
2022-10-06 00:00:00-04:00,88.44999694824219
2022-10-07 00:00:00-04:00,92.63999938964844
2022-10-10 00:00:00-04:00,91.12999725341797
2022-10-11 00:00:00-04:00,89.3499984741211
2022-10-12 00:00:00-04:00,87.2699966430664
2022-10-13 00:00:00-04:00,89.11000061035156
2022-10-14 00:00:00-04:00,85.61000061035156
2022-10-17 00:00:00-04:00,85.45999908447266
2022-10-18 00:00:00-04:00,82.81999969482422
2022-10-19 00:00:00-04:00,85.55000305175781
2022-10-20 00:00:00-04:00,85.9800033569336
2022-10-21 00:00:00-04:00,85.05000305175781
2022-10-24 00:00:00-04:00,84.58000183105469
2022-10-25 00:00:00-04:00,85.31999969482422
2022-10-26 00:00:00-04:00,87.91000366210938
2022-10-27 00:00:00-04:00,89.08000183105469
2022-10-28 00:00:00-04:00,87.9000015258789
2022-10-31 00:00:00-04:00,86.52999877929688
2022-11-01 00:00:00-04:00,88.37000274658203
2022-11-02 00:00:00-04:00,90.0
2022-11-03 00:00:00-04:00,88.16999816894531
2022-11-04 00:00:00-04:00,92.61000061035156
2022-11-07 00:00:00-05:00,91.79000091552734
2022-11-08 00:00:00-05:00,88.91000366210938
2022-11-09 00:00:00-05:00,85.83000183105469
2022-11-10 00:00:00-05:00,86.47000122070312
2022-11-11 00:00:00-05:00,88.95999908447266
2022-11-14 00:00:00-05:00,85.87000274658203
2022-11-15 00:00:00-05:00,86.91999816894531
2022-11-16 00:00:00-05:00,85.58999633789062
2022-11-17 00:00:00-05:00,81.63999938964844
2022-11-18 00:00:00-05:00,80.08000183105469
2022-11-21 00:00:00-05:00,79.7300033569336
2022-11-22 00:00:00-05:00,80.94999694824219
2022-11-23 00:00:00-05:00,77.94000244140625
2022-11-25 00:00:00-05:00,76.27999877929688
2022-11-28 00:00:00-05:00,77.23999786376953
2022-11-29 00:00:00-05:00,78.19999694824219
2022-11-30 00:00:00-05:00,80.55000305175781
2022-12-01 00:00:00-05:00,81.22000122070312
2022-12-02 00:00:00-05:00,79.9800033569336
2022-12-05 00:00:00-05:00,76.93000030517578
2022-12-06 00:00:00-05:00,74.25
2022-12-07 00:00:00-05:00,72.01000213623047
2022-12-08 00:00:00-05:00,71.45999908447266
2022-12-09 00:00:00-05:00,71.0199966430664
2022-12-12 00:00:00-05:00,73.16999816894531
2022-12-13 00:00:00-05:00,75.38999938964844
2022-12-14 00:00:00-05:00,77.27999877929688
2022-12-15 00:00:00-05:00,76.11000061035156
2022-12-16 00:00:00-05:00,74.29000091552734
2022-12-19 00:00:00-05:00,75.19000244140625
2022-12-20 00:00:00-05:00,76.08999633789062
2022-12-21 00:00:00-05:00,78.29000091552734
2022-12-22 00:00:00-05:00,77.48999786376953
2022-12-23 00:00:00-05:00,79.55999755859375
2022-12-27 00:00:00-05:00,79.52999877929688
2022-12-28 00:00:00-05:00,78.95999908447266
2022-12-29 00:00:00-05:00,78.4000015258789
2022-12-30 00:00:00-05:00,80.26000213623047
2023-01-03 00:00:00-05:00,76.93000030517578
2023-01-04 00:00:00-05:00,72.83999633789062
2023-01-05 00:00:00-05:00,73.66999816894531
2023-01-06 00:00:00-05:00,73.7699966430664
2023-01-09 00:00:00-05:00,74.62999725341797
2023-01-10 00:00:00-05:00,75.12000274658203
2023-01-11 00:00:00-05:00,77.41000366210938
2023-01-12 00:00:00-05:00,78.38999938964844
2023-01-13 00:00:00-05:00,79.86000061035156
2023-01-17 00:00:00-05:00,80.18000030517578
2023-01-18 00:00:00-05:00,79.4800033569336
2023-01-19 00:00:00-05:00,80.33000183105469
2023-01-20 00:00:00-05:00,81.30999755859375
2023-01-23 00:00:00-05:00,81.62000274658203
2023-01-24 00:00:00-05:00,80.12999725341797
2023-01-25 00:00:00-05:00,80.1500015258789
2023-01-26 00:00:00-05:00,81.01000213623047
2023-01-27 00:00:00-05:00,79.68000030517578
2023-01-30 00:00:00-05:00,77.9000015258789
2023-01-31 00:00:00-05:00,78.87000274658203
2023-02-01 00:00:00-05:00,76.41000366210938
2023-02-02 00:00:00-05:00,75.87999725341797
2023-02-03 00:00:00-05:00,73.38999938964844
2023-02-06 00:00:00-05:00,74.11000061035156
2023-02-07 00:00:00-05:00,77.13999938964844
2023-02-08 00:00:00-05:00,78.47000122070312
2023-02-09 00:00:00-05:00,78.05999755859375
2023-02-10 00:00:00-05:00,79.72000122070312
2023-02-13 00:00:00-05:00,80.13999938964844
2023-02-14 00:00:00-05:00,79.05999755859375
2023-02-15 00:00:00-05:00,78.58999633789062
2023-02-16 00:00:00-05:00,78.48999786376953
2023-02-17 00:00:00-05:00,76.33999633789062
2023-02-21 00:00:00-05:00,76.16000366210938
2023-02-22 00:00:00-05:00,73.94999694824219
2023-02-23 00:00:00-05:00,75.38999938964844
2023-02-24 00:00:00-05:00,76.31999969482422
2023-02-27 00:00:00-05:00,75.68000030517578
2023-02-28 00:00:00-05:00,77.05000305175781
2023-03-01 00:00:00-05:00,77.69000244140625
2023-03-02 00:00:00-05:00,78.16000366210938
2023-03-03 00:00:00-05:00,79.68000030517578
2023-03-06 00:00:00-05:00,80.45999908447266
2023-03-07 00:00:00-05:00,77.58000183105469
2023-03-08 00:00:00-05:00,76.66000366210938
2023-03-09 00:00:00-05:00,75.72000122070312
2023-03-10 00:00:00-05:00,76.68000030517578
2023-03-13 00:00:00-04:00,74.80000305175781
2023-03-14 00:00:00-04:00,71.33000183105469
2023-03-15 00:00:00-04:00,67.61000061035156
2023-03-16 00:00:00-04:00,68.3499984741211
2023-03-17 00:00:00-04:00,66.73999786376953
2023-03-20 00:00:00-04:00,67.63999938964844
2023-03-21 00:00:00-04:00,69.33000183105469
2023-03-22 00:00:00-04:00,70.9000015258789
2023-03-23 00:00:00-04:00,69.95999908447266
2023-03-24 00:00:00-04:00,69.26000213623047
2023-03-27 00:00:00-04:00,72.80999755859375
2023-03-28 00:00:00-04:00,73.19999694824219
2023-03-29 00:00:00-04:00,72.97000122070312
2023-03-30 00:00:00-04:00,74.37000274658203
2023-03-31 00:00:00-04:00,75.66999816894531
2023-04-03 00:00:00-04:00,80.41999816894531
2023-04-04 00:00:00-04:00,80.70999908447266
2023-04-05 00:00:00-04:00,80.61000061035156
2023-04-06 00:00:00-04:00,80.69999694824219
2023-04-10 00:00:00-04:00,79.73999786376953
2023-04-11 00:00:00-04:00,81.52999877929688
2023-04-12 00:00:00-04:00,83.26000213623047
2023-04-13 00:00:00-04:00,82.16000366210938
2023-04-14 00:00:00-04:00,82.5199966430664
2023-04-17 00:00:00-04:00,80.83000183105469
2023-04-18 00:00:00-04:00,80.86000061035156
2023-04-19 00:00:00-04:00,79.16000366210938
2023-04-20 00:00:00-04:00,77.29000091552734
2023-04-21 00:00:00-04:00,77.87000274658203
2023-04-24 00:00:00-04:00,78.76000213623047
2023-04-25 00:00:00-04:00,77.06999969482422
2023-04-26 00:00:00-04:00,74.30000305175781
2023-04-27 00:00:00-04:00,74.76000213623047
2023-04-28 00:00:00-04:00,76.77999877929688
2023-05-01 00:00:00-04:00,75.66000366210938
2023-05-02 00:00:00-04:00,71.66000366210938
2023-05-03 00:00:00-04:00,68.5999984741211
2023-05-04 00:00:00-04:00,68.55999755859375
2023-05-05 00:00:00-04:00,71.33999633789062
2023-05-08 00:00:00-04:00,73.16000366210938
2023-05-09 00:00:00-04:00,73.70999908447266
2023-05-10 00:00:00-04:00,72.55999755859375
2023-05-11 00:00:00-04:00,70.87000274658203
2023-05-12 00:00:00-04:00,70.04000091552734
2023-05-15 00:00:00-04:00,71.11000061035156
2023-05-16 00:00:00-04:00,70.86000061035156
2023-05-17 00:00:00-04:00,72.83000183105469
2023-05-18 00:00:00-04:00,71.86000061035156
2023-05-19 00:00:00-04:00,71.55000305175781
2023-05-22 00:00:00-04:00,71.98999786376953
2023-05-23 00:00:00-04:00,72.91000366210938
2023-05-24 00:00:00-04:00,74.33999633789062
2023-05-25 00:00:00-04:00,71.83000183105469
2023-05-26 00:00:00-04:00,72.66999816894531
2023-05-30 00:00:00-04:00,69.45999908447266
2023-05-31 00:00:00-04:00,68.08999633789062
2023-06-01 00:00:00-04:00,70.0999984741211
2023-06-02 00:00:00-04:00,71.73999786376953
2023-06-05 00:00:00-04:00,72.1500015258789
2023-06-06 00:00:00-04:00,71.73999786376953
2023-06-07 00:00:00-04:00,72.52999877929688
2023-06-08 00:00:00-04:00,71.29000091552734
2023-06-09 00:00:00-04:00,70.16999816894531
2023-06-12 00:00:00-04:00,67.12000274658203
2023-06-13 00:00:00-04:00,69.41999816894531
2023-06-14 00:00:00-04:00,68.2699966430664
2023-06-15 00:00:00-04:00,70.62000274658203
2023-06-16 00:00:00-04:00,71.77999877929688
2023-06-20 00:00:00-04:00,70.5
2023-06-21 00:00:00-04:00,72.52999877929688
2023-06-22 00:00:00-04:00,69.51000213623047
2023-06-23 00:00:00-04:00,69.16000366210938
2023-06-26 00:00:00-04:00,69.37000274658203
2023-06-27 00:00:00-04:00,67.69999694824219
2023-06-28 00:00:00-04:00,69.55999755859375
2023-06-29 00:00:00-04:00,69.86000061035156
2023-06-30 00:00:00-04:00,70.63999938964844
2023-07-03 00:00:00-04:00,69.79000091552734
2023-07-05 00:00:00-04:00,71.79000091552734
2023-07-06 00:00:00-04:00,71.80000305175781
2023-07-07 00:00:00-04:00,73.86000061035156
2023-07-10 00:00:00-04:00,72.98999786376953
2023-07-11 00:00:00-04:00,74.83000183105469
2023-07-12 00:00:00-04:00,75.75
2023-07-13 00:00:00-04:00,76.88999938964844
2023-07-14 00:00:00-04:00,75.41999816894531
2023-07-17 00:00:00-04:00,74.1500015258789
2023-07-18 00:00:00-04:00,75.75
2023-07-19 00:00:00-04:00,75.3499984741211
2023-07-20 00:00:00-04:00,75.62999725341797
2023-07-21 00:00:00-04:00,77.06999969482422
2023-07-24 00:00:00-04:00,78.73999786376953
2023-07-25 00:00:00-04:00,79.62999725341797
2023-07-26 00:00:00-04:00,78.77999877929688
2023-07-27 00:00:00-04:00,80.08999633789062
2023-07-28 00:00:00-04:00,80.58000183105469
2023-07-31 00:00:00-04:00,81.80000305175781
2023-08-01 00:00:00-04:00,81.37000274658203
2023-08-02 00:00:00-04:00,79.48999786376953
2023-08-03 00:00:00-04:00,81.55000305175781
2023-08-04 00:00:00-04:00,82.81999969482422
2023-08-07 00:00:00-04:00,81.94000244140625
2023-08-08 00:00:00-04:00,82.91999816894531
2023-08-09 00:00:00-04:00,84.4000015258789
2023-08-10 00:00:00-04:00,82.81999969482422
2023-08-11 00:00:00-04:00,83.19000244140625
2023-08-14 00:00:00-04:00,82.51000213623047
2023-08-15 00:00:00-04:00,80.98999786376953
2023-08-16 00:00:00-04:00,79.37999725341797
2023-08-17 00:00:00-04:00,80.38999938964844
2023-08-18 00:00:00-04:00,81.25
2023-08-21 00:00:00-04:00,80.72000122070312
2023-08-22 00:00:00-04:00,80.3499984741211
2023-08-23 00:00:00-04:00,78.88999938964844
2023-08-24 00:00:00-04:00,79.05000305175781
2023-08-25 00:00:00-04:00,79.83000183105469
2023-08-28 00:00:00-04:00,80.0999984741211
2023-08-29 00:00:00-04:00,81.16000366210938
2023-08-30 00:00:00-04:00,81.62999725341797
2023-08-31 00:00:00-04:00,83.62999725341797
2023-09-01 00:00:00-04:00,85.55000305175781
2023-09-05 00:00:00-04:00,86.69000244140625
2023-09-06 00:00:00-04:00,87.54000091552734
2023-09-07 00:00:00-04:00,86.87000274658203
2023-09-08 00:00:00-04:00,87.51000213623047
2023-09-11 00:00:00-04:00,87.29000091552734
2023-09-12 00:00:00-04:00,88.83999633789062
2023-09-13 00:00:00-04:00,88.5199966430664
2023-09-14 00:00:00-04:00,90.16000366210938
2023-09-15 00:00:00-04:00,90.7699966430664
2023-09-18 00:00:00-04:00,91.4800033569336
2023-09-19 00:00:00-04:00,91.19999694824219
2023-09-20 00:00:00-04:00,90.27999877929688
2023-09-21 00:00:00-04:00,89.62999725341797
2023-09-22 00:00:00-04:00,90.02999877929688
2023-09-25 00:00:00-04:00,89.68000030517578
2023-09-26 00:00:00-04:00,90.38999938964844
2023-09-27 00:00:00-04:00,93.68000030517578
2023-09-28 00:00:00-04:00,91.70999908447266
2023-09-29 00:00:00-04:00,90.79000091552734
2023-10-02 00:00:00-04:00,88.81999969482422
2023-10-03 00:00:00-04:00,89.2300033569336
2023-10-04 00:00:00-04:00,84.22000122070312
2023-10-05 00:00:00-04:00,82.30999755859375
2023-10-06 00:00:00-04:00,82.79000091552734
2023-10-09 00:00:00-04:00,86.37999725341797
2023-10-10 00:00:00-04:00,85.97000122070312
2023-10-11 00:00:00-04:00,83.48999786376953
2023-10-12 00:00:00-04:00,82.91000366210938
2023-10-13 00:00:00-04:00,87.69000244140625
2023-10-16 00:00:00-04:00,86.66000366210938
2023-10-17 00:00:00-04:00,86.66000366210938
2023-10-18 00:00:00-04:00,88.31999969482422
2023-10-19 00:00:00-04:00,89.37000274658203
2023-10-20 00:00:00-04:00,88.75
2023-10-23 00:00:00-04:00,85.48999786376953
2023-10-24 00:00:00-04:00,83.73999786376953
2023-10-25 00:00:00-04:00,85.38999938964844
2023-10-26 00:00:00-04:00,83.20999908447266
2023-10-27 00:00:00-04:00,85.54000091552734
2023-10-30 00:00:00-04:00,82.30999755859375
2023-10-31 00:00:00-04:00,81.0199966430664
2023-11-01 00:00:00-04:00,80.44000244140625
2023-11-02 00:00:00-04:00,82.45999908447266
2023-11-03 00:00:00-04:00,80.51000213623047
2023-11-06 00:00:00-05:00,80.81999969482422
2023-11-07 00:00:00-05:00,77.37000274658203
2023-11-08 00:00:00-05:00,75.33000183105469
2023-11-09 00:00:00-05:00,75.73999786376953
2023-11-10 00:00:00-05:00,77.16999816894531
2023-11-13 00:00:00-05:00,78.26000213623047
2023-11-14 00:00:00-05:00,78.26000213623047
2023-11-15 00:00:00-05:00,76.66000366210938
2023-11-16 00:00:00-05:00,72.9000015258789
2023-11-17 00:00:00-05:00,75.88999938964844
2023-11-20 00:00:00-05:00,77.5999984741211
2023-11-21 00:00:00-05:00,77.7699966430664
2023-11-22 00:00:00-05:00,77.0999984741211
2023-11-24 00:00:00-05:00,75.54000091552734
2023-11-27 00:00:00-05:00,74.86000061035156
2023-11-28 00:00:00-05:00,76.41000366210938
2023-11-29 00:00:00-05:00,77.86000061035156
2023-11-30 00:00:00-05:00,75.95999908447266
2023-12-01 00:00:00-05:00,74.06999969482422
2023-12-04 00:00:00-05:00,73.04000091552734
2023-12-05 00:00:00-05:00,72.31999969482422
2023-12-06 00:00:00-05:00,69.37999725341797
2023-12-07 00:00:00-05:00,69.33999633789062
2023-12-08 00:00:00-05:00,71.2300033569336
2023-12-11 00:00:00-05:00,71.31999969482422
2023-12-12 00:00:00-05:00,68.61000061035156
2023-12-13 00:00:00-05:00,69.47000122070312
2023-12-14 00:00:00-05:00,71.58000183105469
2023-12-15 00:00:00-05:00,71.43000030517578
2023-12-18 00:00:00-05:00,72.47000122070312
2023-12-19 00:00:00-05:00,73.44000244140625
2023-12-20 00:00:00-05:00,74.22000122070312
2023-12-21 00:00:00-05:00,73.88999938964844
2023-12-22 00:00:00-05:00,73.55999755859375
2023-12-26 00:00:00-05:00,75.56999969482422
2023-12-27 00:00:00-05:00,74.11000061035156
2023-12-28 00:00:00-05:00,71.7699966430664
2023-12-29 00:00:00-05:00,71.6500015258789
2024-01-02 00:00:00-05:00,70.37999725341797
2024-01-03 00:00:00-05:00,72.69999694824219
2024-01-04 00:00:00-05:00,72.19000244140625
2024-01-05 00:00:00-05:00,73.80999755859375
2024-01-08 00:00:00-05:00,70.7699966430664
2024-01-09 00:00:00-05:00,72.23999786376953
2024-01-10 00:00:00-05:00,71.37000274658203
2024-01-11 00:00:00-05:00,72.0199966430664
2024-01-12 00:00:00-05:00,72.68000030517578
2024-01-16 00:00:00-05:00,72.4000015258789
2024-01-17 00:00:00-05:00,72.55999755859375
2024-01-18 00:00:00-05:00,74.08000183105469
2024-01-19 00:00:00-05:00,73.41000366210938
2024-01-22 00:00:00-05:00,75.19000244140625
2024-01-23 00:00:00-05:00,74.37000274658203
2024-01-24 00:00:00-05:00,75.08999633789062
2024-01-25 00:00:00-05:00,77.36000061035156
2024-01-26 00:00:00-05:00,78.01000213623047
2024-01-29 00:00:00-05:00,76.77999877929688
2024-01-30 00:00:00-05:00,77.81999969482422
2024-01-31 00:00:00-05:00,75.8499984741211
2024-02-01 00:00:00-05:00,73.81999969482422
2024-02-02 00:00:00-05:00,72.27999877929688
2024-02-05 00:00:00-05:00,72.77999877929688
2024-02-06 00:00:00-05:00,73.30999755859375
2024-02-07 00:00:00-05:00,73.86000061035156
2024-02-08 00:00:00-05:00,76.22000122070312
2024-02-09 00:00:00-05:00,76.83999633789062
2024-02-12 00:00:00-05:00,76.91999816894531
2024-02-13 00:00:00-05:00,77.87000274658203
2024-02-14 00:00:00-05:00,76.63999938964844
2024-02-15 00:00:00-05:00,78.02999877929688
2024-02-16 00:00:00-05:00,79.19000244140625
2024-02-20 00:00:00-05:00,78.18000030517578
2024-02-21 00:00:00-05:00,77.91000366210938
2024-02-22 00:00:00-05:00,78.61000061035156
2024-02-23 00:00:00-05:00,76.48999786376953
2024-02-26 00:00:00-05:00,77.58000183105469
2024-02-27 00:00:00-05:00,78.87000274658203
2024-02-28 00:00:00-05:00,78.54000091552734
2024-02-29 00:00:00-05:00,78.26000213623047
2024-03-01 00:00:00-05:00,79.97000122070312
2024-03-04 00:00:00-05:00,78.73999786376953
2024-03-05 00:00:00-05:00,78.1500015258789
2024-03-06 00:00:00-05:00,79.12999725341797
2024-03-07 00:00:00-05:00,78.93000030517578
2024-03-08 00:00:00-05:00,78.01000213623047
2024-03-11 00:00:00-04:00,77.93000030517578
2024-03-12 00:00:00-04:00,77.55999755859375
2024-03-13 00:00:00-04:00,79.72000122070312
2024-03-14 00:00:00-04:00,81.26000213623047
2024-03-15 00:00:00-04:00,81.04000091552734
2024-03-18 00:00:00-04:00,82.72000122070312
2024-03-19 00:00:00-04:00,83.47000122070312
2024-03-20 00:00:00-04:00,81.68000030517578
2024-03-21 00:00:00-04:00,81.06999969482422
2024-03-22 00:00:00-04:00,80.62999725341797
2024-03-25 00:00:00-04:00,81.94999694824219
2024-03-26 00:00:00-04:00,81.62000274658203
2024-03-27 00:00:00-04:00,81.3499984741211
2024-03-28 00:00:00-04:00,83.16999816894531
2024-04-01 00:00:00-04:00,83.70999908447266
2024-04-02 00:00:00-04:00,85.1500015258789
2024-04-03 00:00:00-04:00,85.43000030517578
2024-04-04 00:00:00-04:00,86.58999633789062
2024-04-05 00:00:00-04:00,86.91000366210938
2024-04-08 00:00:00-04:00,86.43000030517578
2024-04-09 00:00:00-04:00,85.2300033569336
2024-04-10 00:00:00-04:00,86.20999908447266
2024-04-11 00:00:00-04:00,85.0199966430664
2024-04-12 00:00:00-04:00,85.66000366210938
2024-04-15 00:00:00-04:00,85.41000366210938
2024-04-16 00:00:00-04:00,85.36000061035156
2024-04-17 00:00:00-04:00,82.69000244140625
2024-04-18 00:00:00-04:00,82.7300033569336
2024-04-19 00:00:00-04:00,83.13999938964844
2024-04-22 00:00:00-04:00,82.8499984741211
2024-04-23 00:00:00-04:00,83.36000061035156
2024-04-24 00:00:00-04:00,82.80999755859375
2024-04-25 00:00:00-04:00,83.56999969482422
2024-04-26 00:00:00-04:00,83.8499984741211
2024-04-29 00:00:00-04:00,82.62999725341797
2024-04-30 00:00:00-04:00,81.93000030517578
2024-05-01 00:00:00-04:00,79.0
2024-05-02 00:00:00-04:00,78.94999694824219
2024-05-03 00:00:00-04:00,78.11000061035156
2024-05-06 00:00:00-04:00,78.4800033569336
2024-05-07 00:00:00-04:00,78.37999725341797
2024-05-08 00:00:00-04:00,78.98999786376953
2024-05-09 00:00:00-04:00,79.26000213623047
2024-05-10 00:00:00-04:00,78.26000213623047
2024-05-13 00:00:00-04:00,79.12000274658203
2024-05-14 00:00:00-04:00,78.0199966430664
2024-05-15 00:00:00-04:00,78.62999725341797
2024-05-16 00:00:00-04:00,79.2300033569336
2024-05-17 00:00:00-04:00,80.05999755859375
2024-05-20 00:00:00-04:00,79.80000305175781
2024-05-21 00:00:00-04:00,79.26000213623047
2024-05-22 00:00:00-04:00,77.56999969482422
2024-05-23 00:00:00-04:00,76.87000274658203
2024-05-24 00:00:00-04:00,77.72000122070312
2024-05-28 00:00:00-04:00,79.83000183105469
2024-05-29 00:00:00-04:00,79.2300033569336
2024-05-30 00:00:00-04:00,77.91000366210938
2024-05-31 00:00:00-04:00,76.98999786376953
2024-06-03 00:00:00-04:00,74.22000122070312
2024-06-04 00:00:00-04:00,73.25
2024-06-05 00:00:00-04:00,74.06999969482422
2024-06-06 00:00:00-04:00,75.55000305175781
2024-06-07 00:00:00-04:00,75.52999877929688
2024-06-10 00:00:00-04:00,77.73999786376953
2024-06-11 00:00:00-04:00,77.9000015258789
2024-06-12 00:00:00-04:00,78.5
2024-06-13 00:00:00-04:00,78.62000274658203
2024-06-14 00:00:00-04:00,78.44999694824219
2024-06-17 00:00:00-04:00,80.33000183105469
2024-06-18 00:00:00-04:00,81.56999969482422
2024-06-20 00:00:00-04:00,82.16999816894531
2024-06-21 00:00:00-04:00,80.7300033569336
2024-06-24 00:00:00-04:00,81.62999725341797
2024-06-25 00:00:00-04:00,80.83000183105469
2024-06-26 00:00:00-04:00,80.9000015258789
2024-06-27 00:00:00-04:00,81.73999786376953
2024-06-28 00:00:00-04:00,81.54000091552734
2024-07-01 00:00:00-04:00,83.37999725341797
2024-07-02 00:00:00-04:00,82.80999755859375
2024-07-03 00:00:00-04:00,83.87999725341797
2024-07-05 00:00:00-04:00,83.16000366210938
2024-07-08 00:00:00-04:00,82.33000183105469
2024-07-09 00:00:00-04:00,81.41000366210938
2024-07-10 00:00:00-04:00,82.0999984741211
2024-07-11 00:00:00-04:00,82.62000274658203
2024-07-12 00:00:00-04:00,82.20999908447266
2024-07-15 00:00:00-04:00,81.91000366210938
2024-07-16 00:00:00-04:00,80.76000213623047
2024-07-17 00:00:00-04:00,82.8499984741211
2024-07-18 00:00:00-04:00,82.81999969482422
2024-07-19 00:00:00-04:00,80.12999725341797
2024-07-22 00:00:00-04:00,79.77999877929688
2024-07-23 00:00:00-04:00,76.95999908447266
2024-07-24 00:00:00-04:00,77.58999633789062
2024-07-25 00:00:00-04:00,78.27999877929688
2024-07-26 00:00:00-04:00,77.16000366210938
2024-07-29 00:00:00-04:00,75.80999755859375
2024-07-30 00:00:00-04:00,74.7300033569336
2024-07-31 00:00:00-04:00,77.91000366210938
2024-08-01 00:00:00-04:00,76.30999755859375
2024-08-02 00:00:00-04:00,73.5199966430664
2024-08-05 00:00:00-04:00,72.94000244140625
2024-08-06 00:00:00-04:00,73.19999694824219
2024-08-07 00:00:00-04:00,75.2300033569336
2024-08-08 00:00:00-04:00,76.19000244140625
2024-08-09 00:00:00-04:00,76.83999633789062
2024-08-12 00:00:00-04:00,80.05999755859375
2024-08-13 00:00:00-04:00,78.3499984741211
2024-08-14 00:00:00-04:00,76.9800033569336
2024-08-15 00:00:00-04:00,78.16000366210938
2024-08-16 00:00:00-04:00,76.6500015258789
2024-08-19 00:00:00-04:00,74.37000274658203
2024-08-20 00:00:00-04:00,74.04000091552734
2024-08-21 00:00:00-04:00,71.93000030517578
2024-08-22 00:00:00-04:00,73.01000213623047
2024-08-23 00:00:00-04:00,74.83000183105469
2024-08-26 00:00:00-04:00,77.41999816894531
2024-08-27 00:00:00-04:00,75.52999877929688
2024-08-28 00:00:00-04:00,74.5199966430664
2024-08-29 00:00:00-04:00,75.91000366210938
2024-08-30 00:00:00-04:00,73.55000305175781
2024-09-03 00:00:00-04:00,70.33999633789062
2024-09-04 00:00:00-04:00,69.19999694824219
2024-09-05 00:00:00-04:00,69.1500015258789
2024-09-06 00:00:00-04:00,67.66999816894531
2024-09-09 00:00:00-04:00,68.70999908447266
2024-09-10 00:00:00-04:00,65.75
2024-09-11 00:00:00-04:00,67.30999755859375
2024-09-12 00:00:00-04:00,68.97000122070312
2024-09-13 00:00:00-04:00,68.6500015258789
2024-09-16 00:00:00-04:00,70.08999633789062
2024-09-17 00:00:00-04:00,71.19000244140625
2024-09-18 00:00:00-04:00,70.91000366210938
2024-09-19 00:00:00-04:00,71.94999694824219
2024-09-20 00:00:00-04:00,71.91999816894531
2024-09-23 00:00:00-04:00,70.37000274658203
2024-09-24 00:00:00-04:00,71.55999755859375
2024-09-25 00:00:00-04:00,69.69000244140625
2024-09-26 00:00:00-04:00,67.66999816894531
2024-09-27 00:00:00-04:00,68.18000030517578
2024-09-30 00:00:00-04:00,68.16999816894531
2024-10-01 00:00:00-04:00,69.83000183105469
2024-10-02 00:00:00-04:00,70.0999984741211
2024-10-03 00:00:00-04:00,73.70999908447266
2024-10-04 00:00:00-04:00,74.37999725341797
2024-10-07 00:00:00-04:00,77.13999938964844
2024-10-08 00:00:00-04:00,73.56999969482422
2024-10-09 00:00:00-04:00,73.23999786376953
2024-10-10 00:00:00-04:00,75.8499984741211
2024-10-11 00:00:00-04:00,75.55999755859375
2024-10-14 00:00:00-04:00,73.83000183105469
2024-10-15 00:00:00-04:00,70.58000183105469
2024-10-16 00:00:00-04:00,70.38999938964844
2024-10-17 00:00:00-04:00,70.66999816894531
2024-10-18 00:00:00-04:00,69.22000122070312
2024-10-21 00:00:00-04:00,70.55999755859375
2024-10-22 00:00:00-04:00,72.08999633789062
2024-10-23 00:00:00-04:00,70.7699966430664
2024-10-24 00:00:00-04:00,70.19000244140625
2024-10-25 00:00:00-04:00,71.77999877929688
2024-10-28 00:00:00-04:00,67.37999725341797
2024-10-29 00:00:00-04:00,67.20999908447266
2024-10-30 00:00:00-04:00,68.61000061035156
