Date,ES=F
2017-11-09 00:00:00-05:00,2584.0
2017-11-10 00:00:00-05:00,2579.5
2017-11-13 00:00:00-05:00,2582.0
2017-11-14 00:00:00-05:00,2578.0
2017-11-15 00:00:00-05:00,2565.0
2017-11-16 00:00:00-05:00,2585.0
2017-11-17 00:00:00-05:00,2576.25
2017-11-20 00:00:00-05:00,2582.0
2017-11-21 00:00:00-05:00,2596.25
2017-11-22 00:00:00-05:00,2594.5
2017-11-24 00:00:00-05:00,2601.0
2017-11-27 00:00:00-05:00,2601.75
2017-11-28 00:00:00-05:00,2626.0
2017-11-29 00:00:00-05:00,2625.0
2017-11-30 00:00:00-05:00,2648.0
2017-12-01 00:00:00-05:00,2644.0
2017-12-04 00:00:00-05:00,2638.25
2017-12-05 00:00:00-05:00,2628.25
2017-12-06 00:00:00-05:00,2629.25
2017-12-07 00:00:00-05:00,2639.5
2017-12-08 00:00:00-05:00,2651.0
2017-12-11 00:00:00-05:00,2661.5
2017-12-12 00:00:00-05:00,2665.0
2017-12-13 00:00:00-05:00,2666.5
2017-12-14 00:00:00-05:00,2653.25
2017-12-15 00:00:00-05:00,2666.75
2017-12-18 00:00:00-05:00,2694.5
2017-12-19 00:00:00-05:00,2684.0
2017-12-20 00:00:00-05:00,2681.5
2017-12-21 00:00:00-05:00,2687.75
2017-12-22 00:00:00-05:00,2686.0
2017-12-26 00:00:00-05:00,2687.0
2017-12-27 00:00:00-05:00,2685.5
2017-12-28 00:00:00-05:00,2685.75
2017-12-29 00:00:00-05:00,2676.0
2018-01-02 00:00:00-05:00,2693.0
2018-01-03 00:00:00-05:00,2711.0
2018-01-04 00:00:00-05:00,2723.75
2018-01-05 00:00:00-05:00,2742.5
2018-01-08 00:00:00-05:00,2746.75
2018-01-09 00:00:00-05:00,2752.25
2018-01-10 00:00:00-05:00,2750.5
2018-01-11 00:00:00-05:00,2769.5
2018-01-12 00:00:00-05:00,2788.75
2018-01-16 00:00:00-05:00,2782.5
2018-01-17 00:00:00-05:00,2803.75
2018-01-18 00:00:00-05:00,2796.25
2018-01-19 00:00:00-05:00,2811.0
2018-01-22 00:00:00-05:00,2835.25
2018-01-23 00:00:00-05:00,2839.5
2018-01-24 00:00:00-05:00,2841.0
2018-01-25 00:00:00-05:00,2841.25
2018-01-26 00:00:00-05:00,2874.5
2018-01-29 00:00:00-05:00,2853.5
2018-01-30 00:00:00-05:00,2824.5
2018-01-31 00:00:00-05:00,2825.75
2018-02-01 00:00:00-05:00,2822.5
2018-02-02 00:00:00-05:00,2756.75
2018-02-05 00:00:00-05:00,2607.75
2018-02-06 00:00:00-05:00,2694.25
2018-02-07 00:00:00-05:00,2668.25
2018-02-08 00:00:00-05:00,2593.5
2018-02-09 00:00:00-05:00,2619.0
2018-02-12 00:00:00-05:00,2655.25
2018-02-13 00:00:00-05:00,2661.75
2018-02-14 00:00:00-05:00,2697.0
2018-02-15 00:00:00-05:00,2734.0
2018-02-16 00:00:00-05:00,2735.0
2018-02-20 00:00:00-05:00,2714.0
2018-02-21 00:00:00-05:00,2698.75
2018-02-22 00:00:00-05:00,2711.5
2018-02-23 00:00:00-05:00,2748.75
2018-02-26 00:00:00-05:00,2784.5
2018-02-27 00:00:00-05:00,2747.5
2018-02-28 00:00:00-05:00,2714.5
2018-03-01 00:00:00-05:00,2678.25
2018-03-02 00:00:00-05:00,2690.25
2018-03-05 00:00:00-05:00,2718.5
2018-03-06 00:00:00-05:00,2724.0
2018-03-07 00:00:00-05:00,2723.25
2018-03-08 00:00:00-05:00,2739.25
2018-03-09 00:00:00-05:00,2784.0
2018-03-12 00:00:00-04:00,2784.0
2018-03-13 00:00:00-04:00,2768.5
2018-03-14 00:00:00-04:00,2749.75
2018-03-15 00:00:00-04:00,2751.5
2018-03-16 00:00:00-04:00,2752.75
2018-03-19 00:00:00-04:00,2722.75
2018-03-20 00:00:00-04:00,2723.5
2018-03-21 00:00:00-04:00,2718.25
2018-03-22 00:00:00-04:00,2643.25
2018-03-23 00:00:00-04:00,2597.75
2018-03-26 00:00:00-04:00,2659.5
2018-03-27 00:00:00-04:00,2615.75
2018-03-28 00:00:00-04:00,2607.5
2018-03-29 00:00:00-04:00,2643.0
2018-04-02 00:00:00-04:00,2575.0
2018-04-03 00:00:00-04:00,2613.25
2018-04-04 00:00:00-04:00,2647.0
2018-04-05 00:00:00-04:00,2661.75
2018-04-06 00:00:00-04:00,2605.75
2018-04-09 00:00:00-04:00,2619.0
2018-04-10 00:00:00-04:00,2655.0
2018-04-11 00:00:00-04:00,2641.0
2018-04-12 00:00:00-04:00,2664.0
2018-04-13 00:00:00-04:00,2657.25
2018-04-16 00:00:00-04:00,2681.75
2018-04-17 00:00:00-04:00,2706.5
2018-04-18 00:00:00-04:00,2709.75
2018-04-19 00:00:00-04:00,2693.0
2018-04-20 00:00:00-04:00,2671.5
2018-04-23 00:00:00-04:00,2671.25
2018-04-24 00:00:00-04:00,2635.25
2018-04-25 00:00:00-04:00,2644.5
2018-04-26 00:00:00-04:00,2674.5
2018-04-27 00:00:00-04:00,2671.5
2018-04-30 00:00:00-04:00,2647.0
2018-05-01 00:00:00-04:00,2652.25
2018-05-02 00:00:00-04:00,2627.5
2018-05-03 00:00:00-04:00,2631.75
2018-05-04 00:00:00-04:00,2663.0
2018-05-07 00:00:00-04:00,2670.0
2018-05-08 00:00:00-04:00,2670.25
2018-05-09 00:00:00-04:00,2696.0
2018-05-10 00:00:00-04:00,2718.75
2018-05-11 00:00:00-04:00,2729.5
2018-05-14 00:00:00-04:00,2731.0
2018-05-15 00:00:00-04:00,2709.0
2018-05-16 00:00:00-04:00,2723.0
2018-05-17 00:00:00-04:00,2718.75
2018-05-18 00:00:00-04:00,2713.0
2018-05-21 00:00:00-04:00,2733.0
2018-05-22 00:00:00-04:00,2726.0
2018-05-23 00:00:00-04:00,2730.75
2018-05-24 00:00:00-04:00,2727.5
2018-05-25 00:00:00-04:00,2718.25
2018-05-29 00:00:00-04:00,2692.25
2018-05-30 00:00:00-04:00,2724.5
2018-05-31 00:00:00-04:00,2705.5
2018-06-01 00:00:00-04:00,2733.75
2018-06-04 00:00:00-04:00,2745.5
2018-06-05 00:00:00-04:00,2751.5
2018-06-06 00:00:00-04:00,2772.25
2018-06-07 00:00:00-04:00,2772.25
2018-06-08 00:00:00-04:00,2778.75
2018-06-11 00:00:00-04:00,2783.0
2018-06-12 00:00:00-04:00,2784.0
2018-06-13 00:00:00-04:00,2774.25
2018-06-14 00:00:00-04:00,2783.25
2018-06-15 00:00:00-04:00,2776.5
2018-06-18 00:00:00-04:00,2779.75
2018-06-19 00:00:00-04:00,2766.25
2018-06-20 00:00:00-04:00,2772.0
2018-06-21 00:00:00-04:00,2752.5
2018-06-22 00:00:00-04:00,2759.5
2018-06-25 00:00:00-04:00,2722.25
2018-06-26 00:00:00-04:00,2728.5
2018-06-27 00:00:00-04:00,2705.0
2018-06-28 00:00:00-04:00,2719.5
2018-06-29 00:00:00-04:00,2721.5
2018-07-02 00:00:00-04:00,2727.25
2018-07-03 00:00:00-04:00,2713.25
2018-07-05 00:00:00-04:00,2738.5
2018-07-06 00:00:00-04:00,2763.0
2018-07-09 00:00:00-04:00,2787.5
2018-07-10 00:00:00-04:00,2796.75
2018-07-11 00:00:00-04:00,2774.0
2018-07-12 00:00:00-04:00,2798.5
2018-07-13 00:00:00-04:00,2803.25
2018-07-16 00:00:00-04:00,2796.5
2018-07-17 00:00:00-04:00,2811.25
2018-07-18 00:00:00-04:00,2816.0
2018-07-19 00:00:00-04:00,2805.25
2018-07-20 00:00:00-04:00,2800.75
2018-07-23 00:00:00-04:00,2812.0
2018-07-24 00:00:00-04:00,2821.0
2018-07-25 00:00:00-04:00,2841.25
2018-07-26 00:00:00-04:00,2842.5
2018-07-27 00:00:00-04:00,2817.5
2018-07-30 00:00:00-04:00,2803.25
2018-07-31 00:00:00-04:00,2817.0
2018-08-01 00:00:00-04:00,2810.75
2018-08-02 00:00:00-04:00,2828.5
2018-08-03 00:00:00-04:00,2839.5
2018-08-06 00:00:00-04:00,2850.0
2018-08-07 00:00:00-04:00,2859.75
2018-08-08 00:00:00-04:00,2855.25
2018-08-09 00:00:00-04:00,2853.75
2018-08-10 00:00:00-04:00,2836.75
2018-08-13 00:00:00-04:00,2825.5
2018-08-14 00:00:00-04:00,2841.0
2018-08-15 00:00:00-04:00,2821.25
2018-08-16 00:00:00-04:00,2844.75
2018-08-17 00:00:00-04:00,2852.25
2018-08-20 00:00:00-04:00,2858.5
2018-08-21 00:00:00-04:00,2861.75
2018-08-22 00:00:00-04:00,2861.25
2018-08-23 00:00:00-04:00,2858.0
2018-08-24 00:00:00-04:00,2876.75
2018-08-27 00:00:00-04:00,2898.5
2018-08-28 00:00:00-04:00,2899.25
2018-08-29 00:00:00-04:00,2914.75
2018-08-30 00:00:00-04:00,2902.0
2018-08-31 00:00:00-04:00,2902.0
2018-09-04 00:00:00-04:00,2898.25
2018-09-05 00:00:00-04:00,2888.25
2018-09-06 00:00:00-04:00,2879.0
2018-09-07 00:00:00-04:00,2874.75
2018-09-10 00:00:00-04:00,2880.25
2018-09-11 00:00:00-04:00,2889.75
2018-09-12 00:00:00-04:00,2888.5
2018-09-13 00:00:00-04:00,2905.25
2018-09-14 00:00:00-04:00,2906.25
2018-09-17 00:00:00-04:00,2891.0
2018-09-18 00:00:00-04:00,2906.5
2018-09-19 00:00:00-04:00,2910.0
2018-09-20 00:00:00-04:00,2934.0
2018-09-21 00:00:00-04:00,2943.0
2018-09-24 00:00:00-04:00,2925.5
2018-09-25 00:00:00-04:00,2921.25
2018-09-26 00:00:00-04:00,2911.5
2018-09-27 00:00:00-04:00,2920.0
2018-09-28 00:00:00-04:00,2919.0
2018-10-01 00:00:00-04:00,2930.0
2018-10-02 00:00:00-04:00,2928.5
2018-10-03 00:00:00-04:00,2931.5
2018-10-04 00:00:00-04:00,2907.75
2018-10-05 00:00:00-04:00,2894.0
2018-10-08 00:00:00-04:00,2893.75
2018-10-09 00:00:00-04:00,2888.25
2018-10-10 00:00:00-04:00,2781.0
2018-10-11 00:00:00-04:00,2745.5
2018-10-12 00:00:00-04:00,2768.5
2018-10-15 00:00:00-04:00,2749.0
2018-10-16 00:00:00-04:00,2817.75
2018-10-17 00:00:00-04:00,2816.25
2018-10-18 00:00:00-04:00,2772.25
2018-10-19 00:00:00-04:00,2767.5
2018-10-22 00:00:00-04:00,2756.5
2018-10-23 00:00:00-04:00,2746.25
2018-10-24 00:00:00-04:00,2664.25
2018-10-25 00:00:00-04:00,2688.25
2018-10-26 00:00:00-04:00,2669.5
2018-10-29 00:00:00-04:00,2643.5
2018-10-30 00:00:00-04:00,2685.25
2018-10-31 00:00:00-04:00,2711.0
2018-11-01 00:00:00-04:00,2738.0
2018-11-02 00:00:00-04:00,2724.25
2018-11-05 00:00:00-05:00,2739.5
2018-11-06 00:00:00-05:00,2759.0
2018-11-07 00:00:00-05:00,2816.5
2018-11-08 00:00:00-05:00,2808.75
2018-11-09 00:00:00-05:00,2779.0
2018-11-12 00:00:00-05:00,2727.75
2018-11-13 00:00:00-05:00,2727.5
2018-11-14 00:00:00-05:00,2698.5
2018-11-15 00:00:00-05:00,2734.5
2018-11-16 00:00:00-05:00,2743.0
2018-11-19 00:00:00-05:00,2696.25
2018-11-20 00:00:00-05:00,2640.0
2018-11-21 00:00:00-05:00,2649.0
2018-11-23 00:00:00-05:00,2629.5
2018-11-26 00:00:00-05:00,2670.0
2018-11-27 00:00:00-05:00,2683.5
2018-11-28 00:00:00-05:00,2741.5
2018-11-29 00:00:00-05:00,2744.25
2018-11-30 00:00:00-05:00,2758.25
2018-12-03 00:00:00-05:00,2790.75
2018-12-04 00:00:00-05:00,2701.75
2018-12-06 00:00:00-05:00,2691.0
2018-12-07 00:00:00-05:00,2636.0
2018-12-10 00:00:00-05:00,2643.0
2018-12-11 00:00:00-05:00,2641.25
2018-12-12 00:00:00-05:00,2652.5
2018-12-13 00:00:00-05:00,2645.5
2018-12-14 00:00:00-05:00,2602.0
2018-12-17 00:00:00-05:00,2552.5
2018-12-18 00:00:00-05:00,2535.75
2018-12-19 00:00:00-05:00,2503.25
2018-12-20 00:00:00-05:00,2485.75
2018-12-21 00:00:00-05:00,2467.75
2018-12-24 00:00:00-05:00,2341.75
2018-12-26 00:00:00-05:00,2471.0
2018-12-27 00:00:00-05:00,2495.0
2018-12-28 00:00:00-05:00,2486.0
2018-12-31 00:00:00-05:00,2505.25
2019-01-02 00:00:00-05:00,2511.0
2019-01-03 00:00:00-05:00,2447.75
2019-01-04 00:00:00-05:00,2531.25
2019-01-07 00:00:00-05:00,2550.5
2019-01-08 00:00:00-05:00,2572.5
2019-01-09 00:00:00-05:00,2582.5
2019-01-10 00:00:00-05:00,2594.0
2019-01-11 00:00:00-05:00,2595.0
2019-01-14 00:00:00-05:00,2580.5
2019-01-15 00:00:00-05:00,2605.5
2019-01-16 00:00:00-05:00,2613.25
2019-01-17 00:00:00-05:00,2635.25
2019-01-18 00:00:00-05:00,2671.5
2019-01-22 00:00:00-05:00,2632.0
2019-01-23 00:00:00-05:00,2638.25
2019-01-24 00:00:00-05:00,2634.0
2019-01-25 00:00:00-05:00,2663.5
2019-01-28 00:00:00-05:00,2642.0
2019-01-29 00:00:00-05:00,2640.25
2019-01-30 00:00:00-05:00,2682.5
2019-01-31 00:00:00-05:00,2704.5
2019-02-01 00:00:00-05:00,2704.25
2019-02-04 00:00:00-05:00,2721.25
2019-02-05 00:00:00-05:00,2731.0
2019-02-06 00:00:00-05:00,2729.5
2019-02-07 00:00:00-05:00,2704.0
2019-02-08 00:00:00-05:00,2706.25
2019-02-11 00:00:00-05:00,2708.25
2019-02-12 00:00:00-05:00,2744.75
2019-02-13 00:00:00-05:00,2749.5
2019-02-14 00:00:00-05:00,2743.5
2019-02-15 00:00:00-05:00,2777.0
2019-02-19 00:00:00-05:00,2778.75
2019-02-20 00:00:00-05:00,2787.0
2019-02-21 00:00:00-05:00,2774.25
2019-02-22 00:00:00-05:00,2791.25
2019-02-25 00:00:00-05:00,2797.0
2019-02-26 00:00:00-05:00,2791.5
2019-02-27 00:00:00-05:00,2795.0
2019-02-28 00:00:00-05:00,2784.75
2019-03-01 00:00:00-05:00,2805.0
2019-03-04 00:00:00-05:00,2791.5
2019-03-05 00:00:00-05:00,2791.5
2019-03-06 00:00:00-05:00,2771.5
2019-03-07 00:00:00-05:00,2750.0
2019-03-08 00:00:00-05:00,2747.0
2019-03-11 00:00:00-04:00,2784.0
2019-03-12 00:00:00-04:00,2792.0
2019-03-13 00:00:00-04:00,2814.5
2019-03-14 00:00:00-04:00,2807.25
2019-03-15 00:00:00-04:00,2811.889892578125
2019-03-18 00:00:00-04:00,2840.5
2019-03-19 00:00:00-04:00,2836.5
2019-03-20 00:00:00-04:00,2827.0
2019-03-21 00:00:00-04:00,2862.5
2019-03-22 00:00:00-04:00,2810.75
2019-03-25 00:00:00-04:00,2807.0
2019-03-26 00:00:00-04:00,2823.0
2019-03-27 00:00:00-04:00,2810.5
2019-03-28 00:00:00-04:00,2821.0
2019-03-29 00:00:00-04:00,2837.75
2019-04-01 00:00:00-04:00,2870.5
2019-04-02 00:00:00-04:00,2867.0
2019-04-03 00:00:00-04:00,2879.75
2019-04-04 00:00:00-04:00,2882.75
2019-04-05 00:00:00-04:00,2896.0
2019-04-08 00:00:00-04:00,2898.25
2019-04-09 00:00:00-04:00,2882.5
2019-04-10 00:00:00-04:00,2894.5
2019-04-11 00:00:00-04:00,2891.75
2019-04-12 00:00:00-04:00,2912.5
2019-04-15 00:00:00-04:00,2909.5
2019-04-16 00:00:00-04:00,2911.5
2019-04-17 00:00:00-04:00,2900.5
2019-04-18 00:00:00-04:00,2910.0
2019-04-22 00:00:00-04:00,2912.5
2019-04-23 00:00:00-04:00,2938.0
2019-04-24 00:00:00-04:00,2930.75
2019-04-25 00:00:00-04:00,2926.25
2019-04-26 00:00:00-04:00,2941.5
2019-04-29 00:00:00-04:00,2943.0
2019-04-30 00:00:00-04:00,2948.5
2019-05-01 00:00:00-04:00,2923.0
2019-05-02 00:00:00-04:00,2917.5
2019-05-03 00:00:00-04:00,2947.5
2019-05-06 00:00:00-04:00,2932.5
2019-05-07 00:00:00-04:00,2890.75
2019-05-08 00:00:00-04:00,2887.25
2019-05-09 00:00:00-04:00,2872.75
2019-05-10 00:00:00-04:00,2887.0
2019-05-13 00:00:00-04:00,2807.0
2019-05-14 00:00:00-04:00,2839.25
2019-05-15 00:00:00-04:00,2855.0
2019-05-16 00:00:00-04:00,2878.5
2019-05-17 00:00:00-04:00,2862.0
2019-05-20 00:00:00-04:00,2844.0
2019-05-21 00:00:00-04:00,2866.0
2019-05-22 00:00:00-04:00,2857.5
2019-05-23 00:00:00-04:00,2819.5
2019-05-24 00:00:00-04:00,2831.75
2019-05-28 00:00:00-04:00,2805.0
2019-05-29 00:00:00-04:00,2780.0
2019-05-30 00:00:00-04:00,2790.5
2019-05-31 00:00:00-04:00,2752.5
2019-06-03 00:00:00-04:00,2749.5
2019-06-04 00:00:00-04:00,2805.0
2019-06-05 00:00:00-04:00,2827.75
2019-06-06 00:00:00-04:00,2845.75
2019-06-07 00:00:00-04:00,2875.0
2019-06-10 00:00:00-04:00,2889.25
2019-06-11 00:00:00-04:00,2887.0
2019-06-12 00:00:00-04:00,2881.0
2019-06-13 00:00:00-04:00,2894.5
2019-06-14 00:00:00-04:00,2890.5
2019-06-17 00:00:00-04:00,2892.0
2019-06-18 00:00:00-04:00,2921.75
2019-06-19 00:00:00-04:00,2929.0
2019-06-20 00:00:00-04:00,2955.75
2019-06-21 00:00:00-04:00,2953.89990234375
2019-06-24 00:00:00-04:00,2952.0
2019-06-25 00:00:00-04:00,2922.0
2019-06-26 00:00:00-04:00,2918.0
2019-06-27 00:00:00-04:00,2931.0
2019-06-28 00:00:00-04:00,2944.25
2019-07-01 00:00:00-04:00,2967.75
2019-07-02 00:00:00-04:00,2979.5
2019-07-03 00:00:00-04:00,3000.25
2019-07-05 00:00:00-04:00,2990.5
2019-07-08 00:00:00-04:00,2978.5
2019-07-09 00:00:00-04:00,2982.0
2019-07-10 00:00:00-04:00,2997.5
2019-07-11 00:00:00-04:00,3004.0
2019-07-12 00:00:00-04:00,3015.5
2019-07-15 00:00:00-04:00,3017.25
2019-07-16 00:00:00-04:00,3007.0
2019-07-17 00:00:00-04:00,2985.0
2019-07-18 00:00:00-04:00,2997.5
2019-07-19 00:00:00-04:00,2977.0
2019-07-22 00:00:00-04:00,2989.0
2019-07-23 00:00:00-04:00,3008.0
2019-07-24 00:00:00-04:00,3021.5
2019-07-25 00:00:00-04:00,3006.5
2019-07-26 00:00:00-04:00,3024.5
2019-07-29 00:00:00-04:00,3021.75
2019-07-30 00:00:00-04:00,3012.25
2019-07-31 00:00:00-04:00,2982.25
2019-08-01 00:00:00-04:00,2952.0
2019-08-02 00:00:00-04:00,2932.5
2019-08-05 00:00:00-04:00,2830.0
2019-08-06 00:00:00-04:00,2876.0
2019-08-07 00:00:00-04:00,2880.5
2019-08-08 00:00:00-04:00,2940.0
2019-08-09 00:00:00-04:00,2919.75
2019-08-12 00:00:00-04:00,2880.25
2019-08-13 00:00:00-04:00,2932.0
2019-08-14 00:00:00-04:00,2840.75
2019-08-15 00:00:00-04:00,2848.5
2019-08-16 00:00:00-04:00,2891.5
2019-08-19 00:00:00-04:00,2923.75
2019-08-20 00:00:00-04:00,2898.25
2019-08-21 00:00:00-04:00,2929.25
2019-08-22 00:00:00-04:00,2922.25
2019-08-23 00:00:00-04:00,2855.5
2019-08-26 00:00:00-04:00,2883.25
2019-08-27 00:00:00-04:00,2865.5
2019-08-28 00:00:00-04:00,2889.75
2019-08-29 00:00:00-04:00,2926.75
2019-08-30 00:00:00-04:00,2924.75
2019-09-03 00:00:00-04:00,2906.0
2019-09-04 00:00:00-04:00,2938.5
2019-09-05 00:00:00-04:00,2972.0
2019-09-06 00:00:00-04:00,2980.75
2019-09-09 00:00:00-04:00,2978.25
2019-09-10 00:00:00-04:00,2978.5
2019-09-11 00:00:00-04:00,3002.0
2019-09-12 00:00:00-04:00,3011.75
2019-09-13 00:00:00-04:00,3006.5
2019-09-16 00:00:00-04:00,2999.0
2019-09-17 00:00:00-04:00,3005.5
2019-09-18 00:00:00-04:00,3006.25
2019-09-19 00:00:00-04:00,3006.0
2019-09-20 00:00:00-04:00,3013.610107421875
2019-09-23 00:00:00-04:00,2997.0
2019-09-24 00:00:00-04:00,2970.25
2019-09-25 00:00:00-04:00,2986.25
2019-09-26 00:00:00-04:00,2980.5
2019-09-27 00:00:00-04:00,2963.75
2019-09-30 00:00:00-04:00,2978.5
2019-10-01 00:00:00-04:00,2937.75
2019-10-02 00:00:00-04:00,2880.5
2019-10-03 00:00:00-04:00,2911.75
2019-10-04 00:00:00-04:00,2951.0
2019-10-07 00:00:00-04:00,2937.5
2019-10-08 00:00:00-04:00,2892.5
2019-10-09 00:00:00-04:00,2919.0
2019-10-10 00:00:00-04:00,2941.0
2019-10-11 00:00:00-04:00,2970.75
2019-10-14 00:00:00-04:00,2965.5
2019-10-15 00:00:00-04:00,2997.75
2019-10-16 00:00:00-04:00,2991.5
2019-10-17 00:00:00-04:00,2998.0
2019-10-18 00:00:00-04:00,2988.25
2019-10-21 00:00:00-04:00,3006.5
2019-10-22 00:00:00-04:00,2994.5
2019-10-23 00:00:00-04:00,3005.75
2019-10-24 00:00:00-04:00,3004.25
2019-10-25 00:00:00-04:00,3020.25
2019-10-28 00:00:00-04:00,3036.25
2019-10-29 00:00:00-04:00,3035.75
2019-10-30 00:00:00-04:00,3047.75
2019-10-31 00:00:00-04:00,3035.75
2019-11-01 00:00:00-04:00,3063.25
2019-11-04 00:00:00-05:00,3075.75
2019-11-05 00:00:00-05:00,3072.0
2019-11-06 00:00:00-05:00,3075.5
2019-11-07 00:00:00-05:00,3086.0
2019-11-08 00:00:00-05:00,3090.5
2019-11-11 00:00:00-05:00,3087.5
2019-11-12 00:00:00-05:00,3092.0
2019-11-13 00:00:00-05:00,3095.5
2019-11-14 00:00:00-05:00,3097.0
2019-11-15 00:00:00-05:00,3118.25
2019-11-18 00:00:00-05:00,3121.75
2019-11-19 00:00:00-05:00,3118.5
2019-11-20 00:00:00-05:00,3109.0
2019-11-21 00:00:00-05:00,3104.0
2019-11-22 00:00:00-05:00,3111.5
2019-11-25 00:00:00-05:00,3132.75
2019-11-26 00:00:00-05:00,3143.75
2019-11-27 00:00:00-05:00,3153.75
2019-11-29 00:00:00-05:00,3143.75
2019-12-02 00:00:00-05:00,3114.25
2019-12-03 00:00:00-05:00,3091.0
2019-12-04 00:00:00-05:00,3111.0
2019-12-05 00:00:00-05:00,3117.75
2019-12-06 00:00:00-05:00,3146.0
2019-12-09 00:00:00-05:00,3134.5
2019-12-10 00:00:00-05:00,3136.0
2019-12-11 00:00:00-05:00,3143.0
2019-12-12 00:00:00-05:00,3168.0
2019-12-13 00:00:00-05:00,3172.0
2019-12-16 00:00:00-05:00,3194.25
2019-12-17 00:00:00-05:00,3192.0
2019-12-18 00:00:00-05:00,3194.75
2019-12-19 00:00:00-05:00,3207.0
2019-12-20 00:00:00-05:00,3231.02001953125
2019-12-23 00:00:00-05:00,3227.25
2019-12-24 00:00:00-05:00,3225.75
2019-12-26 00:00:00-05:00,3244.5
2019-12-27 00:00:00-05:00,3237.5
2019-12-30 00:00:00-05:00,3223.5
2019-12-31 00:00:00-05:00,3231.0
2020-01-02 00:00:00-05:00,3259.0
2020-01-03 00:00:00-05:00,3235.5
2020-01-06 00:00:00-05:00,3243.5
2020-01-07 00:00:00-05:00,3235.25
2020-01-08 00:00:00-05:00,3260.25
2020-01-09 00:00:00-05:00,3276.0
2020-01-10 00:00:00-05:00,3264.75
2020-01-13 00:00:00-05:00,3289.75
2020-01-14 00:00:00-05:00,3288.0
2020-01-15 00:00:00-05:00,3293.75
2020-01-16 00:00:00-05:00,3316.5
2020-01-17 00:00:00-05:00,3325.0
2020-01-21 00:00:00-05:00,3319.5
2020-01-22 00:00:00-05:00,3319.75
2020-01-23 00:00:00-05:00,3326.0
2020-01-24 00:00:00-05:00,3293.5
2020-01-27 00:00:00-05:00,3239.5
2020-01-28 00:00:00-05:00,3278.25
2020-01-29 00:00:00-05:00,3272.5
2020-01-30 00:00:00-05:00,3289.75
2020-01-31 00:00:00-05:00,3224.0
2020-02-03 00:00:00-05:00,3245.5
2020-02-04 00:00:00-05:00,3299.5
2020-02-05 00:00:00-05:00,3335.0
2020-02-06 00:00:00-05:00,3345.25
2020-02-07 00:00:00-05:00,3325.5
2020-02-10 00:00:00-05:00,3353.0
2020-02-11 00:00:00-05:00,3357.5
2020-02-12 00:00:00-05:00,3380.5
2020-02-13 00:00:00-05:00,3377.5
2020-02-14 00:00:00-05:00,3381.0
2020-02-18 00:00:00-05:00,3369.25
2020-02-19 00:00:00-05:00,3387.25
2020-02-20 00:00:00-05:00,3369.25
2020-02-21 00:00:00-05:00,3339.25
2020-02-24 00:00:00-05:00,3226.25
2020-02-25 00:00:00-05:00,3132.5
2020-02-26 00:00:00-05:00,3110.25
2020-02-27 00:00:00-05:00,2957.0
2020-02-28 00:00:00-05:00,2951.0
2020-03-02 00:00:00-05:00,3065.0
2020-03-03 00:00:00-05:00,2997.0
2020-03-04 00:00:00-05:00,3114.75
2020-03-05 00:00:00-05:00,3015.5
2020-03-06 00:00:00-05:00,2964.0
2020-03-09 00:00:00-04:00,2747.75
2020-03-10 00:00:00-04:00,2865.75
2020-03-11 00:00:00-04:00,2740.25
2020-03-12 00:00:00-04:00,2469.0
2020-03-13 00:00:00-04:00,2696.0
2020-03-16 00:00:00-04:00,2416.25
2020-03-17 00:00:00-04:00,2495.5
2020-03-18 00:00:00-04:00,2414.0
2020-03-19 00:00:00-04:00,2403.25
2020-03-20 00:00:00-04:00,2437.97998046875
2020-03-23 00:00:00-04:00,2220.5
2020-03-24 00:00:00-04:00,2438.0
2020-03-25 00:00:00-04:00,2467.0
2020-03-26 00:00:00-04:00,2608.0
2020-03-27 00:00:00-04:00,2524.0
2020-03-30 00:00:00-04:00,2611.25
2020-03-31 00:00:00-04:00,2569.75
2020-04-01 00:00:00-04:00,2448.0
2020-04-02 00:00:00-04:00,2516.5
2020-04-03 00:00:00-04:00,2482.75
2020-04-06 00:00:00-04:00,2644.5
2020-04-07 00:00:00-04:00,2642.0
2020-04-08 00:00:00-04:00,2735.0
2020-04-09 00:00:00-04:00,2779.75
2020-04-13 00:00:00-04:00,2759.25
2020-04-14 00:00:00-04:00,2843.0
2020-04-15 00:00:00-04:00,2775.0
2020-04-16 00:00:00-04:00,2787.5
2020-04-17 00:00:00-04:00,2870.0
2020-04-20 00:00:00-04:00,2806.5
2020-04-21 00:00:00-04:00,2732.0
2020-04-22 00:00:00-04:00,2788.5
2020-04-23 00:00:00-04:00,2780.75
2020-04-24 00:00:00-04:00,2829.5
2020-04-27 00:00:00-04:00,2869.0
2020-04-28 00:00:00-04:00,2867.25
2020-04-29 00:00:00-04:00,2941.0
2020-04-30 00:00:00-04:00,2902.5
2020-05-01 00:00:00-04:00,2821.75
2020-05-04 00:00:00-04:00,2825.25
2020-05-05 00:00:00-04:00,2858.25
2020-05-06 00:00:00-04:00,2833.5
2020-05-07 00:00:00-04:00,2880.0
2020-05-08 00:00:00-04:00,2928.5
2020-05-11 00:00:00-04:00,2922.75
2020-05-12 00:00:00-04:00,2852.5
2020-05-13 00:00:00-04:00,2813.0
2020-05-14 00:00:00-04:00,2847.0
2020-05-15 00:00:00-04:00,2846.5
2020-05-18 00:00:00-04:00,2948.0
2020-05-19 00:00:00-04:00,2918.75
2020-05-20 00:00:00-04:00,2968.5
2020-05-21 00:00:00-04:00,2937.0
2020-05-22 00:00:00-04:00,2953.0
2020-05-26 00:00:00-04:00,2994.5
2020-05-27 00:00:00-04:00,3035.5
2020-05-28 00:00:00-04:00,3038.0
2020-05-29 00:00:00-04:00,3042.0
2020-06-01 00:00:00-04:00,3054.0
2020-06-02 00:00:00-04:00,3077.0
2020-06-03 00:00:00-04:00,3117.75
2020-06-04 00:00:00-04:00,3110.5
2020-06-05 00:00:00-04:00,3186.75
2020-06-08 00:00:00-04:00,3227.5
2020-06-09 00:00:00-04:00,3205.5
2020-06-10 00:00:00-04:00,3186.0
2020-06-11 00:00:00-04:00,3010.25
2020-06-12 00:00:00-04:00,3034.75
2020-06-15 00:00:00-04:00,3073.0
2020-06-16 00:00:00-04:00,3128.75
2020-06-17 00:00:00-04:00,3118.0
2020-06-18 00:00:00-04:00,3109.0
2020-06-19 00:00:00-04:00,3161.260009765625
2020-06-22 00:00:00-04:00,3110.75
2020-06-23 00:00:00-04:00,3118.5
2020-06-24 00:00:00-04:00,3049.0
2020-06-25 00:00:00-04:00,3070.75
2020-06-26 00:00:00-04:00,3007.0
2020-06-29 00:00:00-04:00,3047.75
2020-06-30 00:00:00-04:00,3090.25
2020-07-01 00:00:00-04:00,3103.0
2020-07-02 00:00:00-04:00,3129.0
2020-07-06 00:00:00-04:00,3172.0
2020-07-07 00:00:00-04:00,3136.5
2020-07-08 00:00:00-04:00,3163.5
2020-07-09 00:00:00-04:00,3141.0
2020-07-10 00:00:00-04:00,3178.5
2020-07-13 00:00:00-04:00,3148.25
2020-07-14 00:00:00-04:00,3183.5
2020-07-15 00:00:00-04:00,3219.5
2020-07-16 00:00:00-04:00,3194.5
2020-07-17 00:00:00-04:00,3214.0
2020-07-20 00:00:00-04:00,3245.25
2020-07-21 00:00:00-04:00,3251.25
2020-07-22 00:00:00-04:00,3265.5
2020-07-23 00:00:00-04:00,3227.5
2020-07-24 00:00:00-04:00,3204.0
2020-07-27 00:00:00-04:00,3232.25
2020-07-28 00:00:00-04:00,3213.0
2020-07-29 00:00:00-04:00,3252.5
2020-07-30 00:00:00-04:00,3248.75
2020-07-31 00:00:00-04:00,3263.5
2020-08-03 00:00:00-04:00,3288.5
2020-08-04 00:00:00-04:00,3300.0
2020-08-05 00:00:00-04:00,3316.0
2020-08-06 00:00:00-04:00,3344.25
2020-08-07 00:00:00-04:00,3344.75
2020-08-10 00:00:00-04:00,3352.75
2020-08-11 00:00:00-04:00,3330.0
2020-08-12 00:00:00-04:00,3370.0
2020-08-13 00:00:00-04:00,3367.75
2020-08-14 00:00:00-04:00,3361.5
2020-08-17 00:00:00-04:00,3379.75
2020-08-18 00:00:00-04:00,3387.0
2020-08-19 00:00:00-04:00,3372.75
2020-08-20 00:00:00-04:00,3380.75
2020-08-21 00:00:00-04:00,3392.5
2020-08-24 00:00:00-04:00,3427.5
2020-08-25 00:00:00-04:00,3443.0
2020-08-26 00:00:00-04:00,3480.25
2020-08-27 00:00:00-04:00,3485.25
2020-08-28 00:00:00-04:00,3504.5
2020-08-31 00:00:00-04:00,3499.0
2020-09-01 00:00:00-04:00,3527.0
2020-09-02 00:00:00-04:00,3579.25
2020-09-03 00:00:00-04:00,3461.5
2020-09-04 00:00:00-04:00,3417.5
2020-09-08 00:00:00-04:00,3335.5
2020-09-09 00:00:00-04:00,3400.25
2020-09-10 00:00:00-04:00,3340.5
2020-09-11 00:00:00-04:00,3333.75
2020-09-14 00:00:00-04:00,3382.5
2020-09-15 00:00:00-04:00,3405.25
2020-09-16 00:00:00-04:00,3389.5
2020-09-17 00:00:00-04:00,3361.5
2020-09-18 00:00:00-04:00,3353.60009765625
2020-09-21 00:00:00-04:00,3275.0
2020-09-22 00:00:00-04:00,3299.25
2020-09-23 00:00:00-04:00,3231.25
2020-09-24 00:00:00-04:00,3238.0
2020-09-25 00:00:00-04:00,3287.25
2020-09-28 00:00:00-04:00,3346.0
2020-09-29 00:00:00-04:00,3333.75
2020-09-30 00:00:00-04:00,3352.0
2020-10-01 00:00:00-04:00,3367.75
2020-10-02 00:00:00-04:00,3339.25
2020-10-05 00:00:00-04:00,3393.0
2020-10-06 00:00:00-04:00,3353.25
2020-10-07 00:00:00-04:00,3406.75
2020-10-08 00:00:00-04:00,3437.5
2020-10-09 00:00:00-04:00,3473.25
2020-10-12 00:00:00-04:00,3532.75
2020-10-13 00:00:00-04:00,3504.75
2020-10-14 00:00:00-04:00,3481.0
2020-10-15 00:00:00-04:00,3475.5
2020-10-16 00:00:00-04:00,3462.25
2020-10-19 00:00:00-04:00,3422.75
2020-10-20 00:00:00-04:00,3432.25
2020-10-21 00:00:00-04:00,3432.5
2020-10-22 00:00:00-04:00,3449.25
2020-10-23 00:00:00-04:00,3451.75
2020-10-26 00:00:00-04:00,3393.5
2020-10-27 00:00:00-04:00,3383.0
2020-10-28 00:00:00-04:00,3263.5
2020-10-29 00:00:00-04:00,3302.25
2020-10-30 00:00:00-04:00,3264.75
2020-11-02 00:00:00-05:00,3300.5
2020-11-03 00:00:00-05:00,3361.5
2020-11-04 00:00:00-05:00,3435.0
2020-11-05 00:00:00-05:00,3504.75
2020-11-06 00:00:00-05:00,3500.75
2020-11-09 00:00:00-05:00,3544.0
2020-11-10 00:00:00-05:00,3541.0
2020-11-11 00:00:00-05:00,3568.0
2020-11-12 00:00:00-05:00,3532.5
2020-11-13 00:00:00-05:00,3582.0
2020-11-16 00:00:00-05:00,3623.0
2020-11-17 00:00:00-05:00,3606.75
2020-11-18 00:00:00-05:00,3565.0
2020-11-19 00:00:00-05:00,3580.0
2020-11-20 00:00:00-05:00,3554.25
2020-11-23 00:00:00-05:00,3576.0
2020-11-24 00:00:00-05:00,3632.75
2020-11-25 00:00:00-05:00,3627.25
2020-11-27 00:00:00-05:00,3636.5
2020-11-30 00:00:00-05:00,3623.25
2020-12-01 00:00:00-05:00,3660.5
2020-12-02 00:00:00-05:00,3667.25
2020-12-03 00:00:00-05:00,3664.5
2020-12-04 00:00:00-05:00,3698.0
2020-12-07 00:00:00-05:00,3690.75
2020-12-08 00:00:00-05:00,3702.0
2020-12-09 00:00:00-05:00,3672.5
2020-12-10 00:00:00-05:00,3668.5
2020-12-11 00:00:00-05:00,3661.25
2020-12-14 00:00:00-05:00,3646.5
2020-12-15 00:00:00-05:00,3694.5
2020-12-16 00:00:00-05:00,3700.75
2020-12-17 00:00:00-05:00,3721.25
2020-12-18 00:00:00-05:00,3726.25
2020-12-21 00:00:00-05:00,3685.75
2020-12-22 00:00:00-05:00,3677.25
2020-12-23 00:00:00-05:00,3681.5
2020-12-24 00:00:00-05:00,3695.0
2020-12-28 00:00:00-05:00,3727.5
2020-12-29 00:00:00-05:00,3720.0
2020-12-30 00:00:00-05:00,3724.25
2020-12-31 00:00:00-05:00,3748.75
2021-01-04 00:00:00-05:00,3692.25
2021-01-05 00:00:00-05:00,3718.25
2021-01-06 00:00:00-05:00,3740.5
2021-01-07 00:00:00-05:00,3795.5
2021-01-08 00:00:00-05:00,3817.5
2021-01-11 00:00:00-05:00,3792.0
2021-01-12 00:00:00-05:00,3794.5
2021-01-13 00:00:00-05:00,3803.75
2021-01-14 00:00:00-05:00,3791.25
2021-01-15 00:00:00-05:00,3762.25
2021-01-19 00:00:00-05:00,3790.5
2021-01-20 00:00:00-05:00,3845.0
2021-01-21 00:00:00-05:00,3846.0
2021-01-22 00:00:00-05:00,3834.25
2021-01-25 00:00:00-05:00,3848.5
2021-01-26 00:00:00-05:00,3842.5
2021-01-27 00:00:00-05:00,3744.25
2021-01-28 00:00:00-05:00,3779.25
2021-01-29 00:00:00-05:00,3705.25
2021-02-01 00:00:00-05:00,3765.75
2021-02-02 00:00:00-05:00,3818.25
2021-02-03 00:00:00-05:00,3823.5
2021-02-04 00:00:00-05:00,3864.5
2021-02-05 00:00:00-05:00,3880.25
2021-02-08 00:00:00-05:00,3908.0
2021-02-09 00:00:00-05:00,3905.5
2021-02-10 00:00:00-05:00,3903.0
2021-02-11 00:00:00-05:00,3912.0
2021-02-12 00:00:00-05:00,3931.0
2021-02-16 00:00:00-05:00,3927.75
2021-02-17 00:00:00-05:00,3928.0
2021-02-18 00:00:00-05:00,3909.5
2021-02-19 00:00:00-05:00,3903.0
2021-02-22 00:00:00-05:00,3873.5
2021-02-23 00:00:00-05:00,3878.0
2021-02-24 00:00:00-05:00,3922.5
2021-02-25 00:00:00-05:00,3828.0
2021-02-26 00:00:00-05:00,3809.25
2021-03-01 00:00:00-05:00,3898.75
2021-03-02 00:00:00-05:00,3867.5
2021-03-03 00:00:00-05:00,3816.75
2021-03-04 00:00:00-05:00,3765.5
2021-03-05 00:00:00-05:00,3839.0
2021-03-08 00:00:00-05:00,3819.25
2021-03-09 00:00:00-05:00,3873.25
2021-03-10 00:00:00-05:00,3896.5
2021-03-11 00:00:00-05:00,3936.75
2021-03-12 00:00:00-05:00,3942.25
2021-03-15 00:00:00-04:00,3967.5
2021-03-16 00:00:00-04:00,3962.5
2021-03-17 00:00:00-04:00,3974.0
2021-03-18 00:00:00-04:00,3916.5
2021-03-19 00:00:00-04:00,3912.6201171875
2021-03-22 00:00:00-04:00,3930.0
2021-03-23 00:00:00-04:00,3899.75
2021-03-24 00:00:00-04:00,3880.75
2021-03-25 00:00:00-04:00,3900.5
2021-03-26 00:00:00-04:00,3964.75
2021-03-29 00:00:00-04:00,3959.0
2021-03-30 00:00:00-04:00,3947.75
2021-03-31 00:00:00-04:00,3967.5
2021-04-01 00:00:00-04:00,4010.0
2021-04-05 00:00:00-04:00,4067.75
2021-04-06 00:00:00-04:00,4064.0
2021-04-07 00:00:00-04:00,4070.0
2021-04-08 00:00:00-04:00,4089.0
2021-04-09 00:00:00-04:00,4119.5
2021-04-12 00:00:00-04:00,4120.25
2021-04-13 00:00:00-04:00,4132.75
2021-04-14 00:00:00-04:00,4118.0
2021-04-15 00:00:00-04:00,4162.5
2021-04-16 00:00:00-04:00,4176.25
2021-04-19 00:00:00-04:00,4155.5
2021-04-20 00:00:00-04:00,4126.5
2021-04-21 00:00:00-04:00,4164.75
2021-04-22 00:00:00-04:00,4127.75
2021-04-23 00:00:00-04:00,4171.5
2021-04-26 00:00:00-04:00,4179.5
2021-04-27 00:00:00-04:00,4179.0
2021-04-28 00:00:00-04:00,4176.25
2021-04-29 00:00:00-04:00,4203.5
2021-04-30 00:00:00-04:00,4174.5
2021-05-03 00:00:00-04:00,4185.75
2021-05-04 00:00:00-04:00,4158.25
2021-05-05 00:00:00-04:00,4160.0
2021-05-06 00:00:00-04:00,4194.25
2021-05-07 00:00:00-04:00,4225.25
2021-05-10 00:00:00-04:00,4183.5
2021-05-11 00:00:00-04:00,4146.25
2021-05-12 00:00:00-04:00,4058.75
2021-05-13 00:00:00-04:00,4107.0
2021-05-14 00:00:00-04:00,4169.0
2021-05-17 00:00:00-04:00,4157.75
2021-05-18 00:00:00-04:00,4123.0
2021-05-19 00:00:00-04:00,4111.5
2021-05-20 00:00:00-04:00,4154.25
2021-05-21 00:00:00-04:00,4151.75
2021-05-24 00:00:00-04:00,4193.75
2021-05-25 00:00:00-04:00,4185.5
2021-05-26 00:00:00-04:00,4193.0
2021-05-27 00:00:00-04:00,4199.0
2021-05-28 00:00:00-04:00,4202.5
2021-06-01 00:00:00-04:00,4198.5
2021-06-02 00:00:00-04:00,4206.25
2021-06-03 00:00:00-04:00,4191.25
2021-06-04 00:00:00-04:00,4228.25
2021-06-07 00:00:00-04:00,4225.5
2021-06-08 00:00:00-04:00,4225.75
2021-06-09 00:00:00-04:00,4218.5
2021-06-10 00:00:00-04:00,4238.0
2021-06-11 00:00:00-04:00,4245.75
2021-06-14 00:00:00-04:00,4254.75
2021-06-15 00:00:00-04:00,4246.5
2021-06-16 00:00:00-04:00,4223.0
2021-06-17 00:00:00-04:00,4222.25
2021-06-18 00:00:00-04:00,4187.25
2021-06-21 00:00:00-04:00,4213.75
2021-06-22 00:00:00-04:00,4236.25
2021-06-23 00:00:00-04:00,4231.5
2021-06-24 00:00:00-04:00,4256.0
2021-06-25 00:00:00-04:00,4271.25
2021-06-28 00:00:00-04:00,4280.5
2021-06-29 00:00:00-04:00,4282.0
2021-06-30 00:00:00-04:00,4288.5
2021-07-01 00:00:00-04:00,4310.75
2021-07-02 00:00:00-04:00,4342.75
2021-07-06 00:00:00-04:00,4334.0
2021-07-07 00:00:00-04:00,4349.75
2021-07-08 00:00:00-04:00,4313.0
2021-07-09 00:00:00-04:00,4360.0
2021-07-12 00:00:00-04:00,4376.5
2021-07-13 00:00:00-04:00,4361.25
2021-07-14 00:00:00-04:00,4367.75
2021-07-15 00:00:00-04:00,4352.0
2021-07-16 00:00:00-04:00,4318.5
2021-07-19 00:00:00-04:00,4251.25
2021-07-20 00:00:00-04:00,4315.5
2021-07-21 00:00:00-04:00,4350.5
2021-07-22 00:00:00-04:00,4359.5
2021-07-23 00:00:00-04:00,4403.0
2021-07-26 00:00:00-04:00,4414.25
2021-07-27 00:00:00-04:00,4394.5
2021-07-28 00:00:00-04:00,4393.75
2021-07-29 00:00:00-04:00,4411.75
2021-07-30 00:00:00-04:00,4389.5
2021-08-02 00:00:00-04:00,4379.75
2021-08-03 00:00:00-04:00,4415.0
2021-08-04 00:00:00-04:00,4394.75
2021-08-05 00:00:00-04:00,4421.5
2021-08-06 00:00:00-04:00,4429.5
2021-08-09 00:00:00-04:00,4425.75
2021-08-10 00:00:00-04:00,4430.0
2021-08-11 00:00:00-04:00,4440.5
2021-08-12 00:00:00-04:00,4454.5
2021-08-13 00:00:00-04:00,4462.5
2021-08-16 00:00:00-04:00,4474.0
2021-08-17 00:00:00-04:00,4443.5
2021-08-18 00:00:00-04:00,4394.5
2021-08-19 00:00:00-04:00,4401.5
2021-08-20 00:00:00-04:00,4437.0
2021-08-23 00:00:00-04:00,4475.5
2021-08-24 00:00:00-04:00,4482.5
2021-08-25 00:00:00-04:00,4493.0
2021-08-26 00:00:00-04:00,4466.5
2021-08-27 00:00:00-04:00,4505.5
2021-08-30 00:00:00-04:00,4525.25
2021-08-31 00:00:00-04:00,4520.5
2021-09-01 00:00:00-04:00,4521.25
2021-09-02 00:00:00-04:00,4535.25
2021-09-03 00:00:00-04:00,4534.5
2021-09-07 00:00:00-04:00,4519.25
2021-09-08 00:00:00-04:00,4512.5
2021-09-09 00:00:00-04:00,4492.25
2021-09-10 00:00:00-04:00,4458.25
2021-09-13 00:00:00-04:00,4469.0
2021-09-14 00:00:00-04:00,4444.5
2021-09-15 00:00:00-04:00,4481.75
2021-09-16 00:00:00-04:00,4474.25
2021-09-17 00:00:00-04:00,4464.330078125
2021-09-20 00:00:00-04:00,4348.25
2021-09-21 00:00:00-04:00,4343.25
2021-09-22 00:00:00-04:00,4384.0
2021-09-23 00:00:00-04:00,4438.0
2021-09-24 00:00:00-04:00,4445.75
2021-09-27 00:00:00-04:00,4433.0
2021-09-28 00:00:00-04:00,4343.5
2021-09-29 00:00:00-04:00,4349.75
2021-09-30 00:00:00-04:00,4297.75
2021-10-01 00:00:00-04:00,4343.75
2021-10-04 00:00:00-04:00,4291.25
2021-10-05 00:00:00-04:00,4334.0
2021-10-06 00:00:00-04:00,4354.0
2021-10-07 00:00:00-04:00,4390.0
2021-10-08 00:00:00-04:00,4382.25
2021-10-11 00:00:00-04:00,4351.0
2021-10-12 00:00:00-04:00,4340.75
2021-10-13 00:00:00-04:00,4355.0
2021-10-14 00:00:00-04:00,4429.0
2021-10-15 00:00:00-04:00,4462.5
2021-10-18 00:00:00-04:00,4477.5
2021-10-19 00:00:00-04:00,4511.25
2021-10-20 00:00:00-04:00,4528.0
2021-10-21 00:00:00-04:00,4541.75
2021-10-22 00:00:00-04:00,4536.5
2021-10-25 00:00:00-04:00,4558.0
2021-10-26 00:00:00-04:00,4565.25
2021-10-27 00:00:00-04:00,4544.5
2021-10-28 00:00:00-04:00,4587.5
2021-10-29 00:00:00-04:00,4597.0
2021-11-01 00:00:00-04:00,4605.75
2021-11-02 00:00:00-04:00,4623.5
2021-11-03 00:00:00-04:00,4652.25
2021-11-04 00:00:00-04:00,4673.25
2021-11-05 00:00:00-04:00,4690.25
2021-11-08 00:00:00-05:00,4694.0
2021-11-09 00:00:00-05:00,4678.25
2021-11-10 00:00:00-05:00,4642.0
2021-11-11 00:00:00-05:00,4643.0
2021-11-12 00:00:00-05:00,4678.25
2021-11-15 00:00:00-05:00,4679.0
2021-11-16 00:00:00-05:00,4696.0
2021-11-17 00:00:00-05:00,4686.25
2021-11-18 00:00:00-05:00,4701.5
2021-11-19 00:00:00-05:00,4694.5
2021-11-22 00:00:00-05:00,4679.75
2021-11-23 00:00:00-05:00,4688.5
2021-11-24 00:00:00-05:00,4699.0
2021-11-26 00:00:00-05:00,4595.75
2021-11-29 00:00:00-05:00,4651.0
2021-11-30 00:00:00-05:00,4566.25
2021-12-01 00:00:00-05:00,4508.5
2021-12-02 00:00:00-05:00,4575.75
2021-12-03 00:00:00-05:00,4537.5
2021-12-06 00:00:00-05:00,4590.0
2021-12-07 00:00:00-05:00,4685.0
2021-12-08 00:00:00-05:00,4699.0
2021-12-09 00:00:00-05:00,4667.0
2021-12-10 00:00:00-05:00,4711.0
2021-12-13 00:00:00-05:00,4668.75
2021-12-14 00:00:00-05:00,4637.0
2021-12-15 00:00:00-05:00,4709.5
2021-12-16 00:00:00-05:00,4668.75
2021-12-17 00:00:00-05:00,4636.4599609375
2021-12-20 00:00:00-05:00,4558.5
2021-12-21 00:00:00-05:00,4640.75
2021-12-22 00:00:00-05:00,4686.0
2021-12-23 00:00:00-05:00,4715.75
2021-12-27 00:00:00-05:00,4782.25
2021-12-28 00:00:00-05:00,4778.5
2021-12-29 00:00:00-05:00,4784.5
2021-12-30 00:00:00-05:00,4772.25
2021-12-31 00:00:00-05:00,4758.5
2022-01-03 00:00:00-05:00,4786.0
2022-01-04 00:00:00-05:00,4784.25
2022-01-05 00:00:00-05:00,4692.5
2022-01-06 00:00:00-05:00,4687.5
2022-01-07 00:00:00-05:00,4667.75
2022-01-10 00:00:00-05:00,4662.25
2022-01-11 00:00:00-05:00,4705.0
2022-01-12 00:00:00-05:00,4716.25
2022-01-13 00:00:00-05:00,4652.0
2022-01-14 00:00:00-05:00,4654.75
2022-01-18 00:00:00-05:00,4571.25
2022-01-19 00:00:00-05:00,4524.25
2022-01-20 00:00:00-05:00,4474.75
2022-01-21 00:00:00-05:00,4390.0
2022-01-24 00:00:00-05:00,4403.75
2022-01-25 00:00:00-05:00,4349.0
2022-01-26 00:00:00-05:00,4341.5
2022-01-27 00:00:00-05:00,4317.75
2022-01-28 00:00:00-05:00,4423.25
2022-01-31 00:00:00-05:00,4504.25
2022-02-01 00:00:00-05:00,4535.0
2022-02-02 00:00:00-05:00,4577.25
2022-02-03 00:00:00-05:00,4469.0
2022-02-04 00:00:00-05:00,4492.5
2022-02-07 00:00:00-05:00,4475.75
2022-02-08 00:00:00-05:00,4512.5
2022-02-09 00:00:00-05:00,4577.75
2022-02-10 00:00:00-05:00,4497.5
2022-02-11 00:00:00-05:00,4409.5
2022-02-14 00:00:00-05:00,4394.0
2022-02-15 00:00:00-05:00,4464.5
2022-02-16 00:00:00-05:00,4470.0
2022-02-17 00:00:00-05:00,4374.5
2022-02-18 00:00:00-05:00,4343.5
2022-02-22 00:00:00-05:00,4300.0
2022-02-23 00:00:00-05:00,4222.0
2022-02-24 00:00:00-05:00,4284.0
2022-02-25 00:00:00-05:00,4380.0
2022-02-28 00:00:00-05:00,4368.0
2022-03-01 00:00:00-05:00,4303.75
2022-03-02 00:00:00-05:00,4381.75
2022-03-03 00:00:00-05:00,4359.25
2022-03-04 00:00:00-05:00,4327.25
2022-03-07 00:00:00-05:00,4198.5
2022-03-08 00:00:00-05:00,4168.75
2022-03-09 00:00:00-05:00,4275.25
2022-03-10 00:00:00-05:00,4257.25
2022-03-11 00:00:00-05:00,4201.5
2022-03-14 00:00:00-04:00,4172.0
2022-03-15 00:00:00-04:00,4262.0
2022-03-16 00:00:00-04:00,4358.0
2022-03-17 00:00:00-04:00,4410.25
2022-03-18 00:00:00-04:00,4409.35009765625
2022-03-21 00:00:00-04:00,4452.25
2022-03-22 00:00:00-04:00,4505.0
2022-03-23 00:00:00-04:00,4447.5
2022-03-24 00:00:00-04:00,4512.5
2022-03-25 00:00:00-04:00,4536.5
2022-03-28 00:00:00-04:00,4568.0
2022-03-29 00:00:00-04:00,4625.5
2022-03-30 00:00:00-04:00,4596.0
2022-03-31 00:00:00-04:00,4530.75
2022-04-01 00:00:00-04:00,4539.25
2022-04-04 00:00:00-04:00,4577.75
2022-04-05 00:00:00-04:00,4520.25
2022-04-06 00:00:00-04:00,4475.75
2022-04-07 00:00:00-04:00,4496.25
2022-04-08 00:00:00-04:00,4483.5
2022-04-11 00:00:00-04:00,4409.0
2022-04-12 00:00:00-04:00,4393.0
2022-04-13 00:00:00-04:00,4442.25
2022-04-14 00:00:00-04:00,4387.5
2022-04-18 00:00:00-04:00,4386.75
2022-04-19 00:00:00-04:00,4459.25
2022-04-20 00:00:00-04:00,4455.5
2022-04-21 00:00:00-04:00,4390.5
2022-04-22 00:00:00-04:00,4267.25
2022-04-25 00:00:00-04:00,4292.75
2022-04-26 00:00:00-04:00,4170.5
2022-04-27 00:00:00-04:00,4180.25
2022-04-28 00:00:00-04:00,4283.5
2022-04-29 00:00:00-04:00,4127.5
2022-05-02 00:00:00-04:00,4151.0
2022-05-03 00:00:00-04:00,4169.25
2022-05-04 00:00:00-04:00,4295.25
2022-05-05 00:00:00-04:00,4143.25
2022-05-06 00:00:00-04:00,4119.5
2022-05-09 00:00:00-04:00,3987.5
2022-05-10 00:00:00-04:00,3996.75
2022-05-11 00:00:00-04:00,3930.25
2022-05-12 00:00:00-04:00,3927.25
2022-05-13 00:00:00-04:00,4019.75
2022-05-16 00:00:00-04:00,4004.75
2022-05-17 00:00:00-04:00,4084.75
2022-05-18 00:00:00-04:00,3922.75
2022-05-19 00:00:00-04:00,3897.75
2022-05-20 00:00:00-04:00,3899.5
2022-05-23 00:00:00-04:00,3971.75
2022-05-24 00:00:00-04:00,3940.5
2022-05-25 00:00:00-04:00,3976.75
2022-05-26 00:00:00-04:00,4055.75
2022-05-27 00:00:00-04:00,4155.75
2022-05-31 00:00:00-04:00,4131.25
2022-06-01 00:00:00-04:00,4099.0
2022-06-02 00:00:00-04:00,4175.25
2022-06-03 00:00:00-04:00,4107.0
2022-06-06 00:00:00-04:00,4120.5
2022-06-07 00:00:00-04:00,4158.75
2022-06-08 00:00:00-04:00,4114.0
2022-06-09 00:00:00-04:00,4016.25
2022-06-10 00:00:00-04:00,3899.0
2022-06-13 00:00:00-04:00,3750.5
2022-06-14 00:00:00-04:00,3736.75
2022-06-15 00:00:00-04:00,3789.25
2022-06-16 00:00:00-04:00,3668.25
2022-06-17 00:00:00-04:00,3663.760009765625
2022-06-21 00:00:00-04:00,3767.75
2022-06-22 00:00:00-04:00,3762.75
2022-06-23 00:00:00-04:00,3799.75
2022-06-24 00:00:00-04:00,3916.25
2022-06-27 00:00:00-04:00,3903.75
2022-06-28 00:00:00-04:00,3825.5
2022-06-29 00:00:00-04:00,3821.25
2022-06-30 00:00:00-04:00,3789.5
2022-07-01 00:00:00-04:00,3827.25
2022-07-05 00:00:00-04:00,3834.0
2022-07-06 00:00:00-04:00,3848.25
2022-07-07 00:00:00-04:00,3905.0
2022-07-08 00:00:00-04:00,3901.25
2022-07-11 00:00:00-04:00,3856.75
2022-07-12 00:00:00-04:00,3823.75
2022-07-13 00:00:00-04:00,3804.5
2022-07-14 00:00:00-04:00,3793.25
2022-07-15 00:00:00-04:00,3865.0
2022-07-18 00:00:00-04:00,3833.75
2022-07-19 00:00:00-04:00,3937.5
2022-07-20 00:00:00-04:00,3962.5
2022-07-21 00:00:00-04:00,4001.25
2022-07-22 00:00:00-04:00,3965.0
2022-07-25 00:00:00-04:00,3970.0
2022-07-26 00:00:00-04:00,3923.25
2022-07-27 00:00:00-04:00,4024.5
2022-07-28 00:00:00-04:00,4073.5
2022-07-29 00:00:00-04:00,4133.5
2022-08-01 00:00:00-04:00,4120.5
2022-08-02 00:00:00-04:00,4093.75
2022-08-03 00:00:00-04:00,4156.25
2022-08-04 00:00:00-04:00,4152.25
2022-08-05 00:00:00-04:00,4146.75
2022-08-08 00:00:00-04:00,4141.75
2022-08-09 00:00:00-04:00,4124.5
2022-08-10 00:00:00-04:00,4210.0
2022-08-11 00:00:00-04:00,4209.75
2022-08-12 00:00:00-04:00,4281.0
2022-08-15 00:00:00-04:00,4298.25
2022-08-16 00:00:00-04:00,4307.75
2022-08-17 00:00:00-04:00,4276.75
2022-08-18 00:00:00-04:00,4286.5
2022-08-19 00:00:00-04:00,4231.5
2022-08-22 00:00:00-04:00,4141.25
2022-08-23 00:00:00-04:00,4130.5
2022-08-24 00:00:00-04:00,4142.75
2022-08-25 00:00:00-04:00,4201.0
2022-08-26 00:00:00-04:00,4059.5
2022-08-29 00:00:00-04:00,4031.25
2022-08-30 00:00:00-04:00,3987.5
2022-08-31 00:00:00-04:00,3956.5
2022-09-01 00:00:00-04:00,3968.75
2022-09-02 00:00:00-04:00,3924.5
2022-09-06 00:00:00-04:00,3910.5
2022-09-07 00:00:00-04:00,3980.0
2022-09-08 00:00:00-04:00,4005.5
2022-09-09 00:00:00-04:00,4067.25
2022-09-12 00:00:00-04:00,4110.75
2022-09-13 00:00:00-04:00,3931.25
2022-09-14 00:00:00-04:00,3947.5
2022-09-15 00:00:00-04:00,3902.0
2022-09-16 00:00:00-04:00,3871.239990234375
2022-09-19 00:00:00-04:00,3917.25
2022-09-20 00:00:00-04:00,3872.75
2022-09-21 00:00:00-04:00,3806.25
2022-09-22 00:00:00-04:00,3772.0
2022-09-23 00:00:00-04:00,3709.0
2022-09-26 00:00:00-04:00,3670.0
2022-09-27 00:00:00-04:00,3661.0
2022-09-28 00:00:00-04:00,3732.0
2022-09-29 00:00:00-04:00,3654.25
2022-09-30 00:00:00-04:00,3601.5
2022-10-03 00:00:00-04:00,3690.25
2022-10-04 00:00:00-04:00,3803.25
2022-10-05 00:00:00-04:00,3794.0
2022-10-06 00:00:00-04:00,3756.75
2022-10-07 00:00:00-04:00,3653.25
2022-10-10 00:00:00-04:00,3625.25
2022-10-11 00:00:00-04:00,3599.25
2022-10-12 00:00:00-04:00,3588.5
2022-10-13 00:00:00-04:00,3681.75
2022-10-14 00:00:00-04:00,3597.5
2022-10-17 00:00:00-04:00,3689.25
2022-10-18 00:00:00-04:00,3732.75
2022-10-19 00:00:00-04:00,3707.25
2022-10-20 00:00:00-04:00,3675.25
2022-10-21 00:00:00-04:00,3764.0
2022-10-24 00:00:00-04:00,3809.25
2022-10-25 00:00:00-04:00,3870.25
2022-10-26 00:00:00-04:00,3841.0
2022-10-27 00:00:00-04:00,3819.5
2022-10-28 00:00:00-04:00,3911.25
2022-10-31 00:00:00-04:00,3883.0
2022-11-01 00:00:00-04:00,3866.0
2022-11-02 00:00:00-04:00,3768.75
2022-11-03 00:00:00-04:00,3727.75
2022-11-04 00:00:00-04:00,3779.5
2022-11-07 00:00:00-05:00,3815.25
2022-11-08 00:00:00-05:00,3835.25
2022-11-09 00:00:00-05:00,3755.5
2022-11-10 00:00:00-05:00,3961.0
2022-11-11 00:00:00-05:00,4000.25
2022-11-14 00:00:00-05:00,3966.0
2022-11-15 00:00:00-05:00,3999.5
2022-11-16 00:00:00-05:00,3968.5
2022-11-17 00:00:00-05:00,3955.25
2022-11-18 00:00:00-05:00,3974.0
2022-11-21 00:00:00-05:00,3958.0
2022-11-22 00:00:00-05:00,4010.25
2022-11-23 00:00:00-05:00,4033.0
2022-11-25 00:00:00-05:00,4032.5
2022-11-28 00:00:00-05:00,3970.25
2022-11-29 00:00:00-05:00,3962.0
2022-11-30 00:00:00-05:00,4081.25
2022-12-01 00:00:00-05:00,4081.75
2022-12-02 00:00:00-05:00,4075.5
2022-12-05 00:00:00-05:00,4003.25
2022-12-06 00:00:00-05:00,3945.0
2022-12-07 00:00:00-05:00,3936.75
2022-12-08 00:00:00-05:00,3965.75
2022-12-09 00:00:00-05:00,3936.25
2022-12-12 00:00:00-05:00,3991.75
2022-12-13 00:00:00-05:00,4022.25
2022-12-14 00:00:00-05:00,3998.0
2022-12-15 00:00:00-05:00,3897.0
2022-12-16 00:00:00-05:00,3871.469970703125
2022-12-19 00:00:00-05:00,3845.5
2022-12-20 00:00:00-05:00,3849.25
2022-12-21 00:00:00-05:00,3905.75
2022-12-22 00:00:00-05:00,3849.25
2022-12-23 00:00:00-05:00,3869.75
2022-12-27 00:00:00-05:00,3855.0
2022-12-28 00:00:00-05:00,3807.5
2022-12-29 00:00:00-05:00,3871.75
2022-12-30 00:00:00-05:00,3861.0
2023-01-03 00:00:00-05:00,3846.0
2023-01-04 00:00:00-05:00,3874.5
2023-01-05 00:00:00-05:00,3829.0
2023-01-06 00:00:00-05:00,3915.5
2023-01-09 00:00:00-05:00,3913.75
2023-01-10 00:00:00-05:00,3940.75
2023-01-11 00:00:00-05:00,3990.0
2023-01-12 00:00:00-05:00,4003.5
2023-01-13 00:00:00-05:00,4018.25
2023-01-17 00:00:00-05:00,4009.5
2023-01-18 00:00:00-05:00,3945.75
2023-01-19 00:00:00-05:00,3915.5
2023-01-20 00:00:00-05:00,3988.5
2023-01-23 00:00:00-05:00,4036.5
2023-01-24 00:00:00-05:00,4032.75
2023-01-25 00:00:00-05:00,4032.0
2023-01-26 00:00:00-05:00,4075.5
2023-01-27 00:00:00-05:00,4084.25
2023-01-30 00:00:00-05:00,4032.5
2023-01-31 00:00:00-05:00,4090.0
2023-02-01 00:00:00-05:00,4132.25
2023-02-02 00:00:00-05:00,4191.5
2023-02-03 00:00:00-05:00,4147.75
2023-02-06 00:00:00-05:00,4123.5
2023-02-07 00:00:00-05:00,4175.75
2023-02-08 00:00:00-05:00,4130.5
2023-02-09 00:00:00-05:00,4091.75
2023-02-10 00:00:00-05:00,4099.75
2023-02-13 00:00:00-05:00,4147.25
2023-02-14 00:00:00-05:00,4145.5
2023-02-15 00:00:00-05:00,4158.25
2023-02-16 00:00:00-05:00,4099.75
2023-02-17 00:00:00-05:00,4087.5
2023-02-21 00:00:00-05:00,4005.75
2023-02-22 00:00:00-05:00,3999.0
2023-02-23 00:00:00-05:00,4018.75
2023-02-24 00:00:00-05:00,3975.75
2023-02-27 00:00:00-05:00,3988.0
2023-02-28 00:00:00-05:00,3975.5
2023-03-01 00:00:00-05:00,3956.5
2023-03-02 00:00:00-05:00,3984.75
2023-03-03 00:00:00-05:00,4049.75
2023-03-06 00:00:00-05:00,4052.5
2023-03-07 00:00:00-05:00,3989.75
2023-03-08 00:00:00-05:00,3995.0
2023-03-09 00:00:00-05:00,3920.0
2023-03-10 00:00:00-05:00,3862.75
2023-03-13 00:00:00-04:00,3856.75
2023-03-14 00:00:00-04:00,3920.5
2023-03-15 00:00:00-04:00,3892.75
2023-03-16 00:00:00-04:00,3960.5
2023-03-17 00:00:00-04:00,3957.050048828125
2023-03-20 00:00:00-04:00,3983.0
2023-03-21 00:00:00-04:00,4035.75
2023-03-22 00:00:00-04:00,3970.5
2023-03-23 00:00:00-04:00,3978.0
2023-03-24 00:00:00-04:00,4001.25
2023-03-27 00:00:00-04:00,4007.25
2023-03-28 00:00:00-04:00,4001.5
2023-03-29 00:00:00-04:00,4057.5
2023-03-30 00:00:00-04:00,4080.0
2023-03-31 00:00:00-04:00,4137.75
2023-04-03 00:00:00-04:00,4153.75
2023-04-04 00:00:00-04:00,4129.0
2023-04-05 00:00:00-04:00,4117.25
2023-04-06 00:00:00-04:00,4132.0
2023-04-10 00:00:00-04:00,4136.25
2023-04-11 00:00:00-04:00,4136.5
2023-04-12 00:00:00-04:00,4119.0
2023-04-13 00:00:00-04:00,4172.75
2023-04-14 00:00:00-04:00,4163.75
2023-04-17 00:00:00-04:00,4176.75
2023-04-18 00:00:00-04:00,4180.0
2023-04-19 00:00:00-04:00,4178.5
2023-04-20 00:00:00-04:00,4152.5
2023-04-21 00:00:00-04:00,4156.75
2023-04-24 00:00:00-04:00,4159.5
2023-04-25 00:00:00-04:00,4093.25
2023-04-26 00:00:00-04:00,4076.0
2023-04-27 00:00:00-04:00,4153.75
2023-04-28 00:00:00-04:00,4188.5
2023-05-01 00:00:00-04:00,4185.75
2023-05-02 00:00:00-04:00,4136.75
2023-05-03 00:00:00-04:00,4107.5
2023-05-04 00:00:00-04:00,4075.75
2023-05-05 00:00:00-04:00,4150.25
2023-05-08 00:00:00-04:00,4152.75
2023-05-09 00:00:00-04:00,4134.0
2023-05-10 00:00:00-04:00,4152.0
2023-05-11 00:00:00-04:00,4143.75
2023-05-12 00:00:00-04:00,4138.0
2023-05-15 00:00:00-04:00,4150.0
2023-05-16 00:00:00-04:00,4123.0
2023-05-17 00:00:00-04:00,4171.5
2023-05-18 00:00:00-04:00,4212.0
2023-05-19 00:00:00-04:00,4204.75
2023-05-22 00:00:00-04:00,4205.0
2023-05-23 00:00:00-04:00,4158.75
2023-05-24 00:00:00-04:00,4126.0
2023-05-25 00:00:00-04:00,4159.75
2023-05-26 00:00:00-04:00,4213.25
2023-05-30 00:00:00-04:00,4215.0
2023-05-31 00:00:00-04:00,4190.5
2023-06-01 00:00:00-04:00,4228.0
2023-06-02 00:00:00-04:00,4288.0
2023-06-05 00:00:00-04:00,4281.0
2023-06-06 00:00:00-04:00,4289.75
2023-06-07 00:00:00-04:00,4274.25
2023-06-08 00:00:00-04:00,4298.25
2023-06-09 00:00:00-04:00,4304.75
2023-06-12 00:00:00-04:00,4342.75
2023-06-13 00:00:00-04:00,4371.75
2023-06-14 00:00:00-04:00,4374.25
2023-06-15 00:00:00-04:00,4426.5
2023-06-16 00:00:00-04:00,4453.35009765625
2023-06-20 00:00:00-04:00,4434.75
2023-06-21 00:00:00-04:00,4409.25
2023-06-22 00:00:00-04:00,4423.75
2023-06-23 00:00:00-04:00,4389.0
2023-06-26 00:00:00-04:00,4370.25
2023-06-27 00:00:00-04:00,4418.75
2023-06-28 00:00:00-04:00,4417.5
2023-06-29 00:00:00-04:00,4435.75
2023-06-30 00:00:00-04:00,4488.25
2023-07-03 00:00:00-04:00,4492.25
2023-07-05 00:00:00-04:00,4483.75
2023-07-06 00:00:00-04:00,4447.0
2023-07-07 00:00:00-04:00,4434.0
2023-07-10 00:00:00-04:00,4444.25
2023-07-11 00:00:00-04:00,4473.5
2023-07-12 00:00:00-04:00,4507.5
2023-07-13 00:00:00-04:00,4543.5
2023-07-14 00:00:00-04:00,4536.75
2023-07-17 00:00:00-04:00,4553.75
2023-07-18 00:00:00-04:00,4587.75
2023-07-19 00:00:00-04:00,4597.0
2023-07-20 00:00:00-04:00,4565.5
2023-07-21 00:00:00-04:00,4564.75
2023-07-24 00:00:00-04:00,4583.5
2023-07-25 00:00:00-04:00,4596.0
2023-07-26 00:00:00-04:00,4595.25
2023-07-27 00:00:00-04:00,4564.25
2023-07-28 00:00:00-04:00,4606.5
2023-07-31 00:00:00-04:00,4614.5
2023-08-01 00:00:00-04:00,4601.25
2023-08-02 00:00:00-04:00,4537.25
2023-08-03 00:00:00-04:00,4521.75
2023-08-04 00:00:00-04:00,4498.0
2023-08-07 00:00:00-04:00,4537.75
2023-08-08 00:00:00-04:00,4518.5
2023-08-09 00:00:00-04:00,4485.75
2023-08-10 00:00:00-04:00,4485.75
2023-08-11 00:00:00-04:00,4480.75
2023-08-14 00:00:00-04:00,4506.0
2023-08-15 00:00:00-04:00,4454.0
2023-08-16 00:00:00-04:00,4420.0
2023-08-17 00:00:00-04:00,4384.5
2023-08-18 00:00:00-04:00,4382.75
2023-08-21 00:00:00-04:00,4412.5
2023-08-22 00:00:00-04:00,4399.25
2023-08-23 00:00:00-04:00,4447.0
2023-08-24 00:00:00-04:00,4386.0
2023-08-25 00:00:00-04:00,4414.25
2023-08-28 00:00:00-04:00,4442.25
2023-08-29 00:00:00-04:00,4506.75
2023-08-30 00:00:00-04:00,4524.25
2023-08-31 00:00:00-04:00,4516.0
2023-09-01 00:00:00-04:00,4521.5
2023-09-05 00:00:00-04:00,4502.5
2023-09-06 00:00:00-04:00,4471.5
2023-09-07 00:00:00-04:00,4456.25
2023-09-08 00:00:00-04:00,4461.75
2023-09-11 00:00:00-04:00,4490.25
2023-09-12 00:00:00-04:00,4465.0
2023-09-13 00:00:00-04:00,4468.75
2023-09-14 00:00:00-04:00,4506.0
2023-09-15 00:00:00-04:00,4491.72021484375
2023-09-18 00:00:00-04:00,4501.5
2023-09-19 00:00:00-04:00,4490.0
2023-09-20 00:00:00-04:00,4447.0
2023-09-21 00:00:00-04:00,4372.0
2023-09-22 00:00:00-04:00,4361.0
2023-09-25 00:00:00-04:00,4378.75
2023-09-26 00:00:00-04:00,4314.75
2023-09-27 00:00:00-04:00,4313.5
2023-09-28 00:00:00-04:00,4337.5
2023-09-29 00:00:00-04:00,4325.5
2023-10-02 00:00:00-04:00,4324.25
2023-10-03 00:00:00-04:00,4264.75
2023-10-04 00:00:00-04:00,4297.75
2023-10-05 00:00:00-04:00,4290.75
2023-10-06 00:00:00-04:00,4341.5
2023-10-09 00:00:00-04:00,4368.75
2023-10-10 00:00:00-04:00,4391.5
2023-10-11 00:00:00-04:00,4409.75
2023-10-12 00:00:00-04:00,4380.5
2023-10-13 00:00:00-04:00,4357.25
2023-10-16 00:00:00-04:00,4401.0
2023-10-17 00:00:00-04:00,4401.75
2023-10-18 00:00:00-04:00,4342.25
2023-10-19 00:00:00-04:00,4303.0
2023-10-20 00:00:00-04:00,4248.5
2023-10-23 00:00:00-04:00,4241.75
2023-10-24 00:00:00-04:00,4271.25
2023-10-25 00:00:00-04:00,4209.75
2023-10-26 00:00:00-04:00,4156.5
2023-10-27 00:00:00-04:00,4137.75
2023-10-30 00:00:00-04:00,4185.75
2023-10-31 00:00:00-04:00,4212.25
2023-11-01 00:00:00-04:00,4256.0
2023-11-02 00:00:00-04:00,4335.75
2023-11-03 00:00:00-04:00,4376.0
2023-11-06 00:00:00-05:00,4384.25
2023-11-07 00:00:00-05:00,4396.0
2023-11-08 00:00:00-05:00,4399.5
2023-11-09 00:00:00-05:00,4362.25
2023-11-10 00:00:00-05:00,4430.5
2023-11-13 00:00:00-05:00,4425.25
2023-11-14 00:00:00-05:00,4511.0
2023-11-15 00:00:00-05:00,4519.25
2023-11-16 00:00:00-05:00,4523.25
2023-11-17 00:00:00-05:00,4527.5
2023-11-20 00:00:00-05:00,4562.25
2023-11-21 00:00:00-05:00,4551.25
2023-11-22 00:00:00-05:00,4567.25
2023-11-23 00:00:00-05:00,4569.5
2023-11-24 00:00:00-05:00,4568.25
2023-11-27 00:00:00-05:00,4561.0
2023-11-28 00:00:00-05:00,4563.0
2023-11-29 00:00:00-05:00,4559.25
2023-11-30 00:00:00-05:00,4576.75
2023-12-01 00:00:00-05:00,4600.75
2023-12-04 00:00:00-05:00,4576.5
2023-12-05 00:00:00-05:00,4575.0
2023-12-06 00:00:00-05:00,4556.0
2023-12-07 00:00:00-05:00,4589.5
2023-12-08 00:00:00-05:00,4607.5
2023-12-11 00:00:00-05:00,4626.0
2023-12-12 00:00:00-05:00,4645.75
2023-12-13 00:00:00-05:00,4708.25
2023-12-14 00:00:00-05:00,4721.75
2023-12-15 00:00:00-05:00,4694.27001953125
2023-12-18 00:00:00-05:00,4793.0
2023-12-19 00:00:00-05:00,4820.25
2023-12-20 00:00:00-05:00,4749.75
2023-12-21 00:00:00-05:00,4796.75
2023-12-22 00:00:00-05:00,4805.25
2023-12-26 00:00:00-05:00,4825.0
2023-12-27 00:00:00-05:00,4833.5
2023-12-28 00:00:00-05:00,4832.25
2023-12-29 00:00:00-05:00,4820.0
2024-01-02 00:00:00-05:00,4787.25
2024-01-03 00:00:00-05:00,4746.5
2024-01-04 00:00:00-05:00,4729.5
2024-01-05 00:00:00-05:00,4734.75
2024-01-08 00:00:00-05:00,4801.25
2024-01-09 00:00:00-05:00,4792.75
2024-01-10 00:00:00-05:00,4820.25
2024-01-11 00:00:00-05:00,4815.5
2024-01-12 00:00:00-05:00,4816.5
2024-01-16 00:00:00-05:00,4798.5
2024-01-17 00:00:00-05:00,4771.25
2024-01-18 00:00:00-05:00,4811.25
2024-01-19 00:00:00-05:00,4869.5
2024-01-22 00:00:00-05:00,4881.0
2024-01-23 00:00:00-05:00,4895.0
2024-01-24 00:00:00-05:00,4898.0
2024-01-25 00:00:00-05:00,4923.25
2024-01-26 00:00:00-05:00,4916.25
2024-01-29 00:00:00-05:00,4954.5
2024-01-30 00:00:00-05:00,4951.0
2024-01-31 00:00:00-05:00,4870.5
2024-02-01 00:00:00-05:00,4928.5
2024-02-02 00:00:00-05:00,4980.25
2024-02-05 00:00:00-05:00,4962.0
2024-02-06 00:00:00-05:00,4974.75
2024-02-07 00:00:00-05:00,5015.25
2024-02-08 00:00:00-05:00,5017.75
2024-02-09 00:00:00-05:00,5044.0
2024-02-12 00:00:00-05:00,5041.25
2024-02-13 00:00:00-05:00,4971.25
2024-02-14 00:00:00-05:00,5018.0
2024-02-15 00:00:00-05:00,5046.5
2024-02-16 00:00:00-05:00,5019.75
2024-02-20 00:00:00-05:00,4991.5
2024-02-21 00:00:00-05:00,4996.25
2024-02-22 00:00:00-05:00,5097.75
2024-02-23 00:00:00-05:00,5101.5
2024-02-26 00:00:00-05:00,5080.25
2024-02-27 00:00:00-05:00,5090.0
2024-02-28 00:00:00-05:00,5081.0
2024-02-29 00:00:00-05:00,5103.75
2024-03-01 00:00:00-05:00,5146.0
2024-03-04 00:00:00-05:00,5138.25
2024-03-05 00:00:00-05:00,5085.75
2024-03-06 00:00:00-05:00,5111.75
2024-03-07 00:00:00-05:00,5161.75
2024-03-08 00:00:00-05:00,5129.0
2024-03-11 00:00:00-04:00,5123.0
2024-03-12 00:00:00-04:00,5177.25
2024-03-13 00:00:00-04:00,5168.0
2024-03-14 00:00:00-04:00,5153.75
2024-03-15 00:00:00-04:00,5101.669921875
2024-03-18 00:00:00-04:00,5214.75
2024-03-19 00:00:00-04:00,5241.75
2024-03-20 00:00:00-04:00,5286.75
2024-03-21 00:00:00-04:00,5302.5
2024-03-22 00:00:00-04:00,5293.25
2024-03-25 00:00:00-04:00,5278.25
2024-03-26 00:00:00-04:00,5265.25
2024-03-27 00:00:00-04:00,5308.25
2024-03-28 00:00:00-04:00,5308.5
2024-04-01 00:00:00-04:00,5295.25
2024-04-02 00:00:00-04:00,5260.5
2024-04-03 00:00:00-04:00,5266.5
2024-04-04 00:00:00-04:00,5197.25
2024-04-05 00:00:00-04:00,5253.0
2024-04-08 00:00:00-04:00,5253.25
2024-04-09 00:00:00-04:00,5260.25
2024-04-10 00:00:00-04:00,5207.75
2024-04-11 00:00:00-04:00,5243.25
2024-04-12 00:00:00-04:00,5167.5
2024-04-15 00:00:00-04:00,5104.0
2024-04-16 00:00:00-04:00,5092.5
2024-04-17 00:00:00-04:00,5062.25
2024-04-18 00:00:00-04:00,5049.0
2024-04-19 00:00:00-04:00,5003.75
2024-04-22 00:00:00-04:00,5047.5
2024-04-23 00:00:00-04:00,5106.5
2024-04-24 00:00:00-04:00,5107.5
2024-04-25 00:00:00-04:00,5082.25
2024-04-26 00:00:00-04:00,5131.5
2024-04-29 00:00:00-04:00,5147.0
2024-04-30 00:00:00-04:00,5067.0
2024-05-01 00:00:00-04:00,5046.5
2024-05-02 00:00:00-04:00,5091.5
2024-05-03 00:00:00-04:00,5154.75
2024-05-06 00:00:00-04:00,5206.5
2024-05-07 00:00:00-04:00,5213.75
2024-05-08 00:00:00-04:00,5212.75
2024-05-09 00:00:00-04:00,5239.0
2024-05-10 00:00:00-04:00,5246.25
2024-05-13 00:00:00-04:00,5245.5
2024-05-14 00:00:00-04:00,5269.5
2024-05-15 00:00:00-04:00,5333.0
2024-05-16 00:00:00-04:00,5320.25
2024-05-17 00:00:00-04:00,5327.25
2024-05-20 00:00:00-04:00,5331.75
2024-05-21 00:00:00-04:00,5345.25
2024-05-22 00:00:00-04:00,5328.0
2024-05-23 00:00:00-04:00,5285.25
2024-05-24 00:00:00-04:00,5321.5
2024-05-28 00:00:00-04:00,5324.75
2024-05-29 00:00:00-04:00,5284.0
2024-05-30 00:00:00-04:00,5253.0
2024-05-31 00:00:00-04:00,5295.5
2024-06-03 00:00:00-04:00,5297.25
2024-06-04 00:00:00-04:00,5304.0
2024-06-05 00:00:00-04:00,5366.0
2024-06-06 00:00:00-04:00,5364.0
2024-06-07 00:00:00-04:00,5355.75
2024-06-10 00:00:00-04:00,5371.25
2024-06-11 00:00:00-04:00,5384.0
2024-06-12 00:00:00-04:00,5427.5
2024-06-13 00:00:00-04:00,5438.5
2024-06-14 00:00:00-04:00,5437.5
2024-06-17 00:00:00-04:00,5478.5
2024-06-18 00:00:00-04:00,5491.0
2024-06-20 00:00:00-04:00,5476.75
2024-06-21 00:00:00-04:00,5471.89013671875
2024-06-24 00:00:00-04:00,5517.0
2024-06-25 00:00:00-04:00,5537.0
2024-06-26 00:00:00-04:00,5543.5
2024-06-27 00:00:00-04:00,5546.0
2024-06-28 00:00:00-04:00,5521.5
2024-07-01 00:00:00-04:00,5533.75
2024-07-02 00:00:00-04:00,5568.75
2024-07-03 00:00:00-04:00,5590.25
2024-07-05 00:00:00-04:00,5621.5
2024-07-08 00:00:00-04:00,5625.25
2024-07-09 00:00:00-04:00,5631.25
2024-07-10 00:00:00-04:00,5688.0
2024-07-11 00:00:00-04:00,5639.75
2024-07-12 00:00:00-04:00,5664.75
2024-07-15 00:00:00-04:00,5683.0
2024-07-16 00:00:00-04:00,5717.25
2024-07-17 00:00:00-04:00,5639.0
2024-07-18 00:00:00-04:00,5594.5
2024-07-19 00:00:00-04:00,5553.75
2024-07-22 00:00:00-04:00,5610.75
2024-07-23 00:00:00-04:00,5599.25
2024-07-24 00:00:00-04:00,5472.0
2024-07-25 00:00:00-04:00,5441.25
2024-07-26 00:00:00-04:00,5499.0
2024-07-29 00:00:00-04:00,5503.0
2024-07-30 00:00:00-04:00,5472.5
2024-07-31 00:00:00-04:00,5558.0
2024-08-01 00:00:00-04:00,5480.25
2024-08-02 00:00:00-04:00,5376.0
2024-08-05 00:00:00-04:00,5217.5
2024-08-06 00:00:00-04:00,5266.25
2024-08-07 00:00:00-04:00,5227.5
2024-08-08 00:00:00-04:00,5348.25
2024-08-09 00:00:00-04:00,5370.25
2024-08-12 00:00:00-04:00,5369.75
2024-08-13 00:00:00-04:00,5459.0
2024-08-14 00:00:00-04:00,5477.0
2024-08-15 00:00:00-04:00,5567.5
2024-08-16 00:00:00-04:00,5578.25
2024-08-19 00:00:00-04:00,5630.0
2024-08-20 00:00:00-04:00,5619.75
2024-08-21 00:00:00-04:00,5641.5
2024-08-22 00:00:00-04:00,5594.0
2024-08-23 00:00:00-04:00,5652.5
2024-08-26 00:00:00-04:00,5637.0
2024-08-27 00:00:00-04:00,5644.75
2024-08-28 00:00:00-04:00,5610.25
2024-08-29 00:00:00-04:00,5610.0
2024-08-30 00:00:00-04:00,5661.0
2024-09-03 00:00:00-04:00,5541.75
2024-09-04 00:00:00-04:00,5530.0
2024-09-05 00:00:00-04:00,5512.25
2024-09-06 00:00:00-04:00,5419.5
2024-09-09 00:00:00-04:00,5479.5
2024-09-10 00:00:00-04:00,5504.0
2024-09-11 00:00:00-04:00,5561.25
2024-09-12 00:00:00-04:00,5602.25
2024-09-13 00:00:00-04:00,5629.75
2024-09-16 00:00:00-04:00,5638.0
2024-09-17 00:00:00-04:00,5639.0
2024-09-18 00:00:00-04:00,5620.75
2024-09-19 00:00:00-04:00,5717.75
2024-09-20 00:00:00-04:00,5699.990234375
2024-09-23 00:00:00-04:00,5776.75
2024-09-24 00:00:00-04:00,5792.0
2024-09-25 00:00:00-04:00,5779.0
2024-09-26 00:00:00-04:00,5804.5
2024-09-27 00:00:00-04:00,5791.25
2024-09-30 00:00:00-04:00,5814.25
2024-10-01 00:00:00-04:00,5759.75
2024-10-02 00:00:00-04:00,5760.25
2024-10-03 00:00:00-04:00,5749.5
2024-10-04 00:00:00-04:00,5800.0
2024-10-07 00:00:00-04:00,5744.75
2024-10-08 00:00:00-04:00,5800.5
2024-10-09 00:00:00-04:00,5841.25
2024-10-10 00:00:00-04:00,5829.0
2024-10-11 00:00:00-04:00,5859.75
2024-10-14 00:00:00-04:00,5908.25
2024-10-15 00:00:00-04:00,5862.75
2024-10-16 00:00:00-04:00,5887.0
2024-10-17 00:00:00-04:00,5887.0
2024-10-18 00:00:00-04:00,5906.0
2024-10-21 00:00:00-04:00,5896.25
2024-10-22 00:00:00-04:00,5892.5
2024-10-23 00:00:00-04:00,5837.75
2024-10-24 00:00:00-04:00,5849.0
2024-10-25 00:00:00-04:00,5846.0
2024-10-28 00:00:00-04:00,5861.5
2024-10-29 00:00:00-04:00,5871.0
2024-10-30 00:00:00-04:00,5852.0
