Date,GOOGL
2017-11-09 00:00:00-05:00,52.2566032409668
2017-11-10 00:00:00-05:00,52.07854461669922
2017-11-13 00:00:00-05:00,51.93141174316406
2017-11-14 00:00:00-05:00,51.9533576965332
2017-11-15 00:00:00-05:00,51.692501068115234
2017-11-16 00:00:00-05:00,52.294010162353516
2017-11-17 00:00:00-05:00,51.66656494140625
2017-11-20 00:00:00-05:00,51.60521697998047
2017-11-21 00:00:00-05:00,52.385284423828125
2017-11-22 00:00:00-05:00,52.466087341308594
2017-11-24 00:00:00-05:00,52.695518493652344
2017-11-27 00:00:00-05:00,53.468101501464844
2017-11-28 00:00:00-05:00,53.033180236816406
2017-11-29 00:00:00-05:00,51.740882873535156
2017-11-30 00:00:00-05:00,51.6805305480957
2017-12-01 00:00:00-05:00,51.12690353393555
2017-12-04 00:00:00-05:00,50.468528747558594
2017-12-05 00:00:00-05:00,50.85407638549805
2017-12-06 00:00:00-05:00,51.508460998535156
2017-12-07 00:00:00-05:00,52.09949493408203
2017-12-08 00:00:00-05:00,52.33940124511719
2017-12-11 00:00:00-05:00,52.46857833862305
2017-12-12 00:00:00-05:00,52.3089714050293
2017-12-13 00:00:00-05:00,52.43965148925781
2017-12-14 00:00:00-05:00,52.74290084838867
2017-12-15 00:00:00-05:00,53.46760177612305
2017-12-18 00:00:00-05:00,54.12049102783203
2017-12-19 00:00:00-05:00,53.85564041137695
2017-12-20 00:00:00-05:00,53.545413970947266
2017-12-21 00:00:00-05:00,53.410247802734375
2017-12-22 00:00:00-05:00,53.310997009277344
2017-12-26 00:00:00-05:00,53.160865783691406
2017-12-27 00:00:00-05:00,52.87906265258789
2017-12-28 00:00:00-05:00,52.667091369628906
2017-12-29 00:00:00-05:00,52.53990173339844
2018-01-02 00:00:00-05:00,53.5279541015625
2018-01-03 00:00:00-05:00,54.44119644165039
2018-01-04 00:00:00-05:00,54.65266799926758
2018-01-05 00:00:00-05:00,55.377376556396484
2018-01-08 00:00:00-05:00,55.57289123535156
2018-01-09 00:00:00-05:00,55.50206756591797
2018-01-10 00:00:00-05:00,55.36989212036133
2018-01-11 00:00:00-05:00,55.46516036987305
2018-01-12 00:00:00-05:00,56.39286422729492
2018-01-16 00:00:00-05:00,56.395355224609375
2018-01-17 00:00:00-05:00,56.8143196105957
2018-01-18 00:00:00-05:00,56.658203125
2018-01-19 00:00:00-05:00,57.033775329589844
2018-01-22 00:00:00-05:00,58.06422424316406
2018-01-23 00:00:00-05:00,58.663238525390625
2018-01-24 00:00:00-05:00,58.41984176635742
2018-01-25 00:00:00-05:00,58.96099853515625
2018-01-26 00:00:00-05:00,59.23133087158203
2018-01-29 00:00:00-05:00,59.177467346191406
2018-01-30 00:00:00-05:00,58.72309112548828
2018-01-31 00:00:00-05:00,58.96499252319336
2018-02-01 00:00:00-05:00,58.933570861816406
2018-02-02 00:00:00-05:00,55.821773529052734
2018-02-05 00:00:00-05:00,52.9882926940918
2018-02-06 00:00:00-05:00,54.08757400512695
2018-02-07 00:00:00-05:00,52.64015579223633
2018-02-08 00:00:00-05:00,50.26104736328125
2018-02-09 00:00:00-05:00,52.18428421020508
2018-02-12 00:00:00-05:00,52.59775924682617
2018-02-13 00:00:00-05:00,52.576812744140625
2018-02-14 00:00:00-05:00,53.50251770019531
2018-02-15 00:00:00-05:00,54.43321228027344
2018-02-16 00:00:00-05:00,54.63970184326172
2018-02-20 00:00:00-05:00,55.04320526123047
2018-02-21 00:00:00-05:00,55.549949645996094
2018-02-22 00:00:00-05:00,55.35792541503906
2018-02-23 00:00:00-05:00,56.26517868041992
2018-02-26 00:00:00-05:00,57.04375076293945
2018-02-27 00:00:00-05:00,55.73748779296875
2018-02-28 00:00:00-05:00,55.059661865234375
2018-03-01 00:00:00-05:00,53.438175201416016
2018-03-02 00:00:00-05:00,54.0731086730957
2018-03-05 00:00:00-05:00,54.60279083251953
2018-03-06 00:00:00-05:00,54.909034729003906
2018-03-07 00:00:00-05:00,55.614288330078125
2018-03-08 00:00:00-05:00,56.32952117919922
2018-03-09 00:00:00-05:00,57.89863204956055
2018-03-12 00:00:00-04:00,58.15250778198242
2018-03-13 00:00:00-04:00,56.85471725463867
2018-03-14 00:00:00-04:00,57.302608489990234
2018-03-15 00:00:00-04:00,57.38839340209961
2018-03-16 00:00:00-04:00,56.580894470214844
2018-03-19 00:00:00-04:00,54.86764144897461
2018-03-20 00:00:00-04:00,54.654666900634766
2018-03-21 00:00:00-04:00,54.56489181518555
2018-03-22 00:00:00-04:00,52.527435302734375
2018-03-23 00:00:00-04:00,51.20071792602539
2018-03-26 00:00:00-04:00,52.57431411743164
2018-03-27 00:00:00-04:00,50.22264099121094
2018-03-28 00:00:00-04:00,50.134857177734375
2018-03-29 00:00:00-04:00,51.72890853881836
2018-04-02 00:00:00-04:00,50.50643539428711
2018-04-03 00:00:00-04:00,50.808189392089844
2018-04-04 00:00:00-04:00,51.35832977294922
2018-04-05 00:00:00-04:00,51.50446701049805
2018-04-06 00:00:00-04:00,50.372772216796875
2018-04-09 00:00:00-04:00,50.878517150878906
2018-04-10 00:00:00-04:00,51.696990966796875
2018-04-11 00:00:00-04:00,51.12640380859375
2018-04-12 00:00:00-04:00,51.73638916015625
2018-04-13 00:00:00-04:00,51.67404556274414
2018-04-16 00:00:00-04:00,52.17580795288086
2018-04-17 00:00:00-04:00,53.83469772338867
2018-04-18 00:00:00-04:00,53.63668441772461
2018-04-19 00:00:00-04:00,54.337947845458984
2018-04-20 00:00:00-04:00,53.732948303222656
2018-04-23 00:00:00-04:00,53.55788040161133
2018-04-24 00:00:00-04:00,51.00570297241211
2018-04-25 00:00:00-04:00,51.023162841796875
2018-04-26 00:00:00-04:00,52.03664779663086
2018-04-27 00:00:00-04:00,51.44511413574219
2018-04-30 00:00:00-04:00,50.80320358276367
2018-05-01 00:00:00-04:00,51.90896224975586
2018-05-02 00:00:00-04:00,51.17578125
2018-05-03 00:00:00-04:00,51.18824768066406
2018-05-04 00:00:00-04:00,52.42020034790039
2018-05-07 00:00:00-04:00,52.84215545654297
2018-05-08 00:00:00-04:00,52.798763275146484
2018-05-09 00:00:00-04:00,54.313011169433594
2018-05-10 00:00:00-04:00,55.13697052001953
2018-05-11 00:00:00-04:00,55.03273010253906
2018-05-14 00:00:00-04:00,55.19333267211914
2018-05-15 00:00:00-04:00,54.10951614379883
2018-05-16 00:00:00-04:00,54.07061004638672
2018-05-17 00:00:00-04:00,53.92946243286133
2018-05-18 00:00:00-04:00,53.34989547729492
2018-05-21 00:00:00-04:00,54.06662368774414
2018-05-22 00:00:00-04:00,53.63269805908203
2018-05-23 00:00:00-04:00,54.163883209228516
2018-05-24 00:00:00-04:00,54.13844299316406
2018-05-25 00:00:00-04:00,54.07011413574219
2018-05-29 00:00:00-04:00,53.27158737182617
2018-05-30 00:00:00-04:00,53.74042892456055
2018-05-31 00:00:00-04:00,54.8641471862793
2018-06-01 00:00:00-04:00,56.609825134277344
2018-06-04 00:00:00-04:00,57.50959777832031
2018-06-05 00:00:00-04:00,57.408843994140625
2018-06-06 00:00:00-04:00,57.205848693847656
2018-06-07 00:00:00-04:00,56.580894470214844
2018-06-08 00:00:00-04:00,56.495609283447266
2018-06-11 00:00:00-04:00,56.90409469604492
2018-06-12 00:00:00-04:00,57.267696380615234
2018-06-13 00:00:00-04:00,57.07018280029297
2018-06-14 00:00:00-04:00,57.86222457885742
2018-06-15 00:00:00-04:00,57.82032775878906
2018-06-18 00:00:00-04:00,59.0328254699707
2018-06-19 00:00:00-04:00,58.7889289855957
2018-06-20 00:00:00-04:00,59.0572624206543
2018-06-21 00:00:00-04:00,58.327571868896484
2018-06-22 00:00:00-04:00,58.320091247558594
2018-06-25 00:00:00-04:00,56.82329559326172
2018-06-26 00:00:00-04:00,56.49111557006836
2018-06-27 00:00:00-04:00,55.70905685424805
2018-06-28 00:00:00-04:00,56.1998405456543
2018-06-29 00:00:00-04:00,56.32004165649414
2018-07-02 00:00:00-04:00,56.964447021484375
2018-07-03 00:00:00-04:00,55.6761360168457
2018-07-05 00:00:00-04:00,56.923545837402344
2018-07-06 00:00:00-04:00,57.61134719848633
2018-07-09 00:00:00-04:00,58.2198371887207
2018-07-10 00:00:00-04:00,58.21285629272461
2018-07-11 00:00:00-04:00,58.42832565307617
2018-07-12 00:00:00-04:00,59.914642333984375
2018-07-13 00:00:00-04:00,60.0722541809082
2018-07-16 00:00:00-04:00,59.677730560302734
2018-07-17 00:00:00-04:00,60.50418472290039
2018-07-18 00:00:00-04:00,60.49570083618164
2018-07-19 00:00:00-04:00,59.80691146850586
2018-07-20 00:00:00-04:00,59.74605941772461
2018-07-23 00:00:00-04:00,60.40044021606445
2018-07-24 00:00:00-04:00,62.75211715698242
2018-07-25 00:00:00-04:00,63.63941955566406
2018-07-26 00:00:00-04:00,64.11624145507812
2018-07-27 00:00:00-04:00,62.48976516723633
2018-07-30 00:00:00-04:00,61.3500862121582
2018-07-31 00:00:00-04:00,61.209434509277344
2018-08-01 00:00:00-04:00,61.497222900390625
2018-08-02 00:00:00-04:00,61.90321731567383
2018-08-03 00:00:00-04:00,61.75508499145508
2018-08-06 00:00:00-04:00,61.73064422607422
2018-08-07 00:00:00-04:00,62.63690185546875
2018-08-08 00:00:00-04:00,62.91072463989258
2018-08-09 00:00:00-04:00,63.066837310791016
2018-08-10 00:00:00-04:00,62.47080993652344
2018-08-13 00:00:00-04:00,62.27779006958008
2018-08-14 00:00:00-04:00,62.751617431640625
2018-08-15 00:00:00-04:00,61.45881652832031
2018-08-16 00:00:00-04:00,61.05182647705078
2018-08-17 00:00:00-04:00,60.642337799072266
2018-08-20 00:00:00-04:00,60.94658660888672
2018-08-21 00:00:00-04:00,60.72014236450195
2018-08-22 00:00:00-04:00,60.93661117553711
2018-08-23 00:00:00-04:00,60.90718078613281
2018-08-24 00:00:00-04:00,61.68476104736328
2018-08-27 00:00:00-04:00,62.658348083496094
2018-08-28 00:00:00-04:00,62.13913345336914
2018-08-29 00:00:00-04:00,63.07631301879883
2018-08-30 00:00:00-04:00,62.567073822021484
2018-08-31 00:00:00-04:00,61.437870025634766
2018-09-04 00:00:00-04:00,60.415897369384766
2018-09-05 00:00:00-04:00,59.80691146850586
2018-09-06 00:00:00-04:00,59.05327606201172
2018-09-07 00:00:00-04:00,58.734066009521484
2018-09-10 00:00:00-04:00,58.60787582397461
2018-09-11 00:00:00-04:00,59.35253143310547
2018-09-12 00:00:00-04:00,58.435306549072266
2018-09-13 00:00:00-04:00,58.96099853515625
2018-09-14 00:00:00-04:00,58.75351333618164
2018-09-17 00:00:00-04:00,57.84825897216797
2018-09-18 00:00:00-04:00,58.21135711669922
2018-09-19 00:00:00-04:00,58.568477630615234
2018-09-20 00:00:00-04:00,59.431339263916016
2018-09-21 00:00:00-04:00,58.461238861083984
2018-09-24 00:00:00-04:00,58.83232116699219
2018-09-25 00:00:00-04:00,59.54705047607422
2018-09-26 00:00:00-04:00,59.5555305480957
2018-09-27 00:00:00-04:00,60.21888732910156
2018-09-28 00:00:00-04:00,60.204925537109375
2018-10-01 00:00:00-04:00,60.27724075317383
2018-10-02 00:00:00-04:00,60.232852935791016
2018-10-03 00:00:00-04:00,60.42687225341797
2018-10-04 00:00:00-04:00,58.7081298828125
2018-10-05 00:00:00-04:00,58.24726867675781
2018-10-08 00:00:00-04:00,57.65324020385742
2018-10-09 00:00:00-04:00,57.117069244384766
2018-10-10 00:00:00-04:00,54.473114013671875
2018-10-11 00:00:00-04:00,54.40229034423828
2018-10-12 00:00:00-04:00,55.88861083984375
2018-10-15 00:00:00-04:00,54.98584747314453
2018-10-16 00:00:00-04:00,56.514060974121094
2018-10-17 00:00:00-04:00,56.24024200439453
2018-10-18 00:00:00-04:00,54.75990676879883
2018-10-19 00:00:00-04:00,55.12250900268555
2018-10-22 00:00:00-04:00,55.431243896484375
2018-10-23 00:00:00-04:00,55.60780715942383
2018-10-24 00:00:00-04:00,52.725440979003906
2018-10-25 00:00:00-04:00,55.04320526123047
2018-10-26 00:00:00-04:00,54.053653717041016
2018-10-29 00:00:00-04:00,51.608707427978516
2018-10-30 00:00:00-04:00,52.34587860107422
2018-10-31 00:00:00-04:00,54.394309997558594
2018-11-01 00:00:00-04:00,54.164878845214844
2018-11-02 00:00:00-04:00,53.442169189453125
2018-11-05 00:00:00-05:00,52.65611267089844
2018-11-06 00:00:00-05:00,53.346405029296875
2018-11-07 00:00:00-05:00,55.27512741088867
2018-11-08 00:00:00-05:00,54.596309661865234
2018-11-09 00:00:00-05:00,53.717987060546875
2018-11-12 00:00:00-05:00,52.338401794433594
2018-11-13 00:00:00-05:00,52.26906967163086
2018-11-14 00:00:00-05:00,52.5987548828125
2018-11-15 00:00:00-05:00,53.42022705078125
2018-11-16 00:00:00-05:00,53.28156661987305
2018-11-19 00:00:00-05:00,51.244110107421875
2018-11-20 00:00:00-05:00,51.39523696899414
2018-11-21 00:00:00-05:00,52.04263687133789
2018-11-23 00:00:00-05:00,51.37778091430664
2018-11-26 00:00:00-05:00,52.66659164428711
2018-11-27 00:00:00-05:00,52.484039306640625
2018-11-28 00:00:00-05:00,54.45466232299805
2018-11-29 00:00:00-05:00,54.593814849853516
2018-11-30 00:00:00-05:00,55.345455169677734
2018-12-03 00:00:00-05:00,55.68013000488281
2018-12-04 00:00:00-05:00,52.992286682128906
2018-12-06 00:00:00-05:00,53.77085494995117
2018-12-07 00:00:00-05:00,52.19974136352539
2018-12-10 00:00:00-05:00,52.5289306640625
2018-12-11 00:00:00-05:00,52.951385498046875
2018-12-12 00:00:00-05:00,53.553890228271484
2018-12-13 00:00:00-05:00,53.544410705566406
2018-12-14 00:00:00-05:00,52.45560836791992
2018-12-17 00:00:00-05:00,51.15583038330078
2018-12-18 00:00:00-05:00,52.0416374206543
2018-12-19 00:00:00-05:00,51.64511489868164
2018-12-20 00:00:00-05:00,51.05258560180664
2018-12-21 00:00:00-05:00,49.44007873535156
2018-12-24 00:00:00-05:00,49.11189270019531
2018-12-26 00:00:00-05:00,52.26308822631836
2018-12-27 00:00:00-05:00,52.51496505737305
2018-12-28 00:00:00-05:00,52.204734802246094
2018-12-31 00:00:00-05:00,52.11894607543945
2019-01-02 00:00:00-05:00,52.6037483215332
2019-01-03 00:00:00-05:00,51.1468505859375
2019-01-04 00:00:00-05:00,53.770355224609375
2019-01-07 00:00:00-05:00,53.66312026977539
2019-01-08 00:00:00-05:00,54.13445281982422
2019-01-09 00:00:00-05:00,53.94891357421875
2019-01-10 00:00:00-05:00,53.808265686035156
2019-01-11 00:00:00-05:00,53.092037200927734
2019-01-14 00:00:00-05:00,52.44563674926758
2019-01-15 00:00:00-05:00,54.19131088256836
2019-01-16 00:00:00-05:00,54.340938568115234
2019-01-17 00:00:00-05:00,54.82025909423828
2019-01-18 00:00:00-05:00,55.228248596191406
2019-01-22 00:00:00-05:00,53.79828643798828
2019-01-23 00:00:00-05:00,54.08657455444336
2019-01-24 00:00:00-05:00,54.066123962402344
2019-01-25 00:00:00-05:00,54.93946075439453
2019-01-28 00:00:00-05:00,53.85963439941406
2019-01-29 00:00:00-05:00,53.370845794677734
2019-01-30 00:00:00-05:00,54.76389694213867
2019-01-31 00:00:00-05:00,56.15544891357422
2019-02-01 00:00:00-05:00,55.7928466796875
2019-02-04 00:00:00-05:00,56.930030822753906
2019-02-05 00:00:00-05:00,57.451236724853516
2019-02-06 00:00:00-05:00,56.005821228027344
2019-02-07 00:00:00-05:00,55.15892028808594
2019-02-08 00:00:00-05:00,54.982852935791016
2019-02-11 00:00:00-05:00,54.969886779785156
2019-02-12 00:00:00-05:00,56.239742279052734
2019-02-13 00:00:00-05:00,56.292110443115234
2019-02-14 00:00:00-05:00,56.32054138183594
2019-02-15 00:00:00-05:00,55.843223571777344
2019-02-19 00:00:00-05:00,56.186370849609375
2019-02-20 00:00:00-05:00,55.8911018371582
2019-02-21 00:00:00-05:00,55.07412338256836
2019-02-22 00:00:00-05:00,55.690101623535156
2019-02-25 00:00:00-05:00,55.72850799560547
2019-02-26 00:00:00-05:00,55.96192932128906
2019-02-27 00:00:00-05:00,56.005821228027344
2019-02-28 00:00:00-05:00,56.18836975097656
2019-03-01 00:00:00-05:00,57.284156799316406
2019-03-04 00:00:00-05:00,57.5285530090332
2019-03-05 00:00:00-05:00,58.315101623535156
2019-03-06 00:00:00-05:00,58.10313034057617
2019-03-07 00:00:00-05:00,57.400367736816406
2019-03-08 00:00:00-05:00,57.356475830078125
2019-03-11 00:00:00-04:00,58.817359924316406
2019-03-12 00:00:00-04:00,59.71463394165039
2019-03-13 00:00:00-04:00,59.80491256713867
2019-03-14 00:00:00-04:00,59.479217529296875
2019-03-15 00:00:00-04:00,59.36799621582031
2019-03-18 00:00:00-04:00,59.28071212768555
2019-03-19 00:00:00-04:00,59.97449493408203
2019-03-20 00:00:00-04:00,61.1700325012207
2019-03-21 00:00:00-04:00,61.65383529663086
2019-03-22 00:00:00-04:00,60.23335266113281
2019-03-25 00:00:00-04:00,59.72111892700195
2019-03-26 00:00:00-04:00,59.345054626464844
2019-03-27 00:00:00-04:00,58.75501251220703
2019-03-28 00:00:00-04:00,58.46872329711914
2019-03-29 00:00:00-04:00,58.69915008544922
2019-04-01 00:00:00-04:00,59.80092239379883
2019-04-02 00:00:00-04:00,60.12811279296875
2019-04-03 00:00:00-04:00,60.39096450805664
2019-04-04 00:00:00-04:00,60.821895599365234
2019-04-05 00:00:00-04:00,60.422882080078125
2019-04-08 00:00:00-04:00,60.26477813720703
2019-04-09 00:00:00-04:00,59.985965728759766
2019-04-10 00:00:00-04:00,60.173500061035156
2019-04-11 00:00:00-04:00,60.33011245727539
2019-04-12 00:00:00-04:00,60.98549270629883
2019-04-15 00:00:00-04:00,61.175018310546875
2019-04-16 00:00:00-04:00,61.443359375
2019-04-17 00:00:00-04:00,61.85383987426758
2019-04-18 00:00:00-04:00,61.9201774597168
2019-04-22 00:00:00-04:00,62.53315734863281
2019-04-23 00:00:00-04:00,63.37257766723633
2019-04-24 00:00:00-04:00,62.84688186645508
2019-04-25 00:00:00-04:00,63.210479736328125
2019-04-26 00:00:00-04:00,63.713233947753906
2019-04-29 00:00:00-04:00,64.64991760253906
2019-04-30 00:00:00-04:00,59.7999267578125
2019-05-01 00:00:00-04:00,58.52109146118164
2019-05-02 00:00:00-04:00,58.18143081665039
2019-05-03 00:00:00-04:00,59.330589294433594
2019-05-06 00:00:00-04:00,59.525604248046875
2019-05-07 00:00:00-04:00,58.79740905761719
2019-05-08 00:00:00-04:00,58.394405364990234
2019-05-09 00:00:00-04:00,58.254249572753906
2019-05-10 00:00:00-04:00,58.23779296875
2019-05-13 00:00:00-04:00,56.68912887573242
2019-05-14 00:00:00-04:00,56.10407638549805
2019-05-15 00:00:00-04:00,58.39540481567383
2019-05-16 00:00:00-04:00,59.07870864868164
2019-05-17 00:00:00-04:00,58.29465103149414
2019-05-20 00:00:00-04:00,57.091636657714844
2019-05-21 00:00:00-04:00,57.57942581176758
2019-05-22 00:00:00-04:00,57.64974594116211
2019-05-23 00:00:00-04:00,57.125545501708984
2019-05-24 00:00:00-04:00,56.789878845214844
2019-05-28 00:00:00-04:00,56.83726119995117
2019-05-29 00:00:00-04:00,55.85868453979492
2019-05-30 00:00:00-04:00,55.932003021240234
2019-05-31 00:00:00-04:00,55.18834686279297
2019-06-03 00:00:00-04:00,51.808712005615234
2019-06-04 00:00:00-04:00,52.59426498413086
2019-06-05 00:00:00-04:00,52.10298156738281
2019-06-06 00:00:00-04:00,52.258602142333984
2019-06-07 00:00:00-04:00,53.28655242919922
2019-06-10 00:00:00-04:00,54.00428009033203
2019-06-11 00:00:00-04:00,53.918487548828125
2019-06-12 00:00:00-04:00,53.82173156738281
2019-06-13 00:00:00-04:00,54.41575622558594
2019-06-14 00:00:00-04:00,54.18083572387695
2019-06-17 00:00:00-04:00,54.55939865112305
2019-06-18 00:00:00-04:00,55.12550354003906
2019-06-19 00:00:00-04:00,55.089088439941406
2019-06-20 00:00:00-04:00,55.52251434326172
2019-06-21 00:00:00-04:00,56.129512786865234
2019-06-24 00:00:00-04:00,55.697086334228516
2019-06-25 00:00:00-04:00,54.24468231201172
2019-06-26 00:00:00-04:00,53.88257598876953
2019-06-27 00:00:00-04:00,53.69853591918945
2019-06-28 00:00:00-04:00,54.00627136230469
2019-07-01 00:00:00-04:00,54.8641471862793
2019-07-02 00:00:00-04:00,55.492591857910156
2019-07-03 00:00:00-04:00,56.01081085205078
2019-07-05 00:00:00-04:00,56.493614196777344
2019-07-08 00:00:00-04:00,55.70157241821289
2019-07-09 00:00:00-04:00,56.07564926147461
2019-07-10 00:00:00-04:00,56.904598236083984
2019-07-11 00:00:00-04:00,57.06270217895508
2019-07-12 00:00:00-04:00,57.125545501708984
2019-07-15 00:00:00-04:00,57.3834114074707
2019-07-16 00:00:00-04:00,57.53054428100586
2019-07-17 00:00:00-04:00,57.19537353515625
2019-07-18 00:00:00-04:00,57.220314025878906
2019-07-19 00:00:00-04:00,56.43775177001953
2019-07-22 00:00:00-04:00,56.819801330566406
2019-07-23 00:00:00-04:00,57.26071548461914
2019-07-24 00:00:00-04:00,56.845741271972656
2019-07-25 00:00:00-04:00,56.65671157836914
2019-07-26 00:00:00-04:00,62.107215881347656
2019-07-29 00:00:00-04:00,61.938629150390625
2019-07-30 00:00:00-04:00,61.24834060668945
2019-07-31 00:00:00-04:00,60.759552001953125
2019-08-01 00:00:00-04:00,60.4393424987793
2019-08-02 00:00:00-04:00,59.668251037597656
2019-08-05 00:00:00-04:00,57.594886779785156
2019-08-06 00:00:00-04:00,58.40937042236328
2019-08-07 00:00:00-04:00,58.650272369384766
2019-08-08 00:00:00-04:00,60.1605339050293
2019-08-09 00:00:00-04:00,59.29816818237305
2019-08-12 00:00:00-04:00,58.5799446105957
2019-08-13 00:00:00-04:00,59.688697814941406
2019-08-14 00:00:00-04:00,58.0687141418457
2019-08-15 00:00:00-04:00,58.32158660888672
2019-08-16 00:00:00-04:00,58.81486129760742
2019-08-19 00:00:00-04:00,59.873741149902344
2019-08-20 00:00:00-04:00,59.030330657958984
2019-08-21 00:00:00-04:00,59.43183898925781
2019-08-22 00:00:00-04:00,59.4288444519043
2019-08-23 00:00:00-04:00,57.53653335571289
2019-08-26 00:00:00-04:00,58.41435241699219
2019-08-27 00:00:00-04:00,58.39640426635742
2019-08-28 00:00:00-04:00,58.542537689208984
2019-08-29 00:00:00-04:00,59.564510345458984
2019-08-30 00:00:00-04:00,59.37946701049805
2019-09-03 00:00:00-04:00,58.33306121826172
2019-09-04 00:00:00-04:00,58.96748352050781
2019-09-05 00:00:00-04:00,60.45979309082031
2019-09-06 00:00:00-04:00,60.16701889038086
2019-09-09 00:00:00-04:00,60.114646911621094
2019-09-10 00:00:00-04:00,60.13609313964844
2019-09-11 00:00:00-04:00,60.849327087402344
2019-09-12 00:00:00-04:00,61.59598159790039
2019-09-13 00:00:00-04:00,61.84835433959961
2019-09-16 00:00:00-04:00,61.42939376831055
2019-09-17 00:00:00-04:00,61.342105865478516
2019-09-18 00:00:00-04:00,61.480262756347656
2019-09-19 00:00:00-04:00,61.78451156616211
2019-09-20 00:00:00-04:00,61.34011459350586
2019-09-23 00:00:00-04:00,61.58201599121094
2019-09-24 00:00:00-04:00,60.76603317260742
2019-09-25 00:00:00-04:00,62.143123626708984
2019-09-26 00:00:00-04:00,61.96107482910156
2019-09-27 00:00:00-04:00,61.14609146118164
2019-09-30 00:00:00-04:00,60.906185150146484
2019-10-01 00:00:00-04:00,60.15105438232422
2019-10-02 00:00:00-04:00,58.750526428222656
2019-10-03 00:00:00-04:00,59.32460403442383
2019-10-04 00:00:00-04:00,60.398441314697266
2019-10-07 00:00:00-04:00,60.263275146484375
2019-10-08 00:00:00-04:00,59.35951614379883
2019-10-09 00:00:00-04:00,59.971500396728516
2019-10-10 00:00:00-04:00,60.324127197265625
2019-10-11 00:00:00-04:00,60.63535690307617
2019-10-14 00:00:00-04:00,60.738101959228516
2019-10-15 00:00:00-04:00,61.958580017089844
2019-10-16 00:00:00-04:00,61.99648666381836
2019-10-17 00:00:00-04:00,62.48527526855469
2019-10-18 00:00:00-04:00,62.06681442260742
2019-10-21 00:00:00-04:00,62.06032943725586
2019-10-22 00:00:00-04:00,61.90671157836914
2019-10-23 00:00:00-04:00,62.72618103027344
2019-10-24 00:00:00-04:00,62.79999923706055
2019-10-25 00:00:00-04:00,63.05885696411133
2019-10-28 00:00:00-04:00,64.28980255126953
2019-10-29 00:00:00-04:00,62.8773078918457
2019-10-30 00:00:00-04:00,62.87929916381836
2019-10-31 00:00:00-04:00,62.7845344543457
2019-11-01 00:00:00-04:00,63.45537185668945
2019-11-04 00:00:00-05:00,64.32122802734375
2019-11-05 00:00:00-05:00,64.41250610351562
2019-11-06 00:00:00-05:00,64.39105987548828
2019-11-07 00:00:00-05:00,65.18559265136719
2019-11-08 00:00:00-05:00,65.28833770751953
2019-11-11 00:00:00-05:00,64.753662109375
2019-11-12 00:00:00-05:00,64.70028686523438
2019-11-13 00:00:00-05:00,64.64891815185547
2019-11-14 00:00:00-05:00,65.29580688476562
2019-11-15 00:00:00-05:00,66.5123062133789
2019-11-18 00:00:00-05:00,65.82899475097656
2019-11-19 00:00:00-05:00,65.46739959716797
2019-11-20 00:00:00-05:00,64.93222045898438
2019-11-21 00:00:00-05:00,64.846435546875
2019-11-22 00:00:00-05:00,64.52373504638672
2019-11-25 00:00:00-05:00,65.1207504272461
2019-11-26 00:00:00-05:00,65.48784637451172
2019-11-27 00:00:00-05:00,65.44445037841797
2019-11-29 00:00:00-05:00,65.04344177246094
2019-12-02 00:00:00-05:00,64.28382110595703
2019-12-03 00:00:00-05:00,64.57709503173828
2019-12-04 00:00:00-05:00,65.78410339355469
2019-12-05 00:00:00-05:00,66.18412017822266
2019-12-06 00:00:00-05:00,66.8040771484375
2019-12-09 00:00:00-05:00,66.98363494873047
2019-12-10 00:00:00-05:00,66.97865295410156
2019-12-11 00:00:00-05:00,67.0464859008789
2019-12-12 00:00:00-05:00,67.2579574584961
2019-12-13 00:00:00-05:00,67.17715454101562
2019-12-16 00:00:00-05:00,67.86695098876953
2019-12-17 00:00:00-05:00,67.5771713256836
2019-12-18 00:00:00-05:00,67.42852783203125
2019-12-19 00:00:00-05:00,67.65447235107422
2019-12-20 00:00:00-05:00,67.39411163330078
2019-12-23 00:00:00-05:00,67.36470031738281
2019-12-24 00:00:00-05:00,67.05545043945312
2019-12-26 00:00:00-05:00,67.95523071289062
2019-12-27 00:00:00-05:00,67.56470489501953
2019-12-30 00:00:00-05:00,66.82003784179688
2019-12-31 00:00:00-05:00,66.8040771484375
2020-01-02 00:00:00-05:00,68.26496124267578
2020-01-03 00:00:00-05:00,67.90784454345703
2020-01-06 00:00:00-05:00,69.71786499023438
2020-01-07 00:00:00-05:00,69.58320617675781
2020-01-08 00:00:00-05:00,70.07847595214844
2020-01-09 00:00:00-05:00,70.81415557861328
2020-01-10 00:00:00-05:00,71.27151489257812
2020-01-13 00:00:00-05:00,71.82365417480469
2020-01-14 00:00:00-05:00,71.35282135009766
2020-01-15 00:00:00-05:00,71.7822494506836
2020-01-16 00:00:00-05:00,72.32890319824219
2020-01-17 00:00:00-05:00,73.79327392578125
2020-01-21 00:00:00-05:00,73.929443359375
2020-01-22 00:00:00-05:00,74.01023864746094
2020-01-23 00:00:00-05:00,74.05113983154297
2020-01-24 00:00:00-05:00,73.12742614746094
2020-01-27 00:00:00-05:00,71.40968322753906
2020-01-28 00:00:00-05:00,72.34586334228516
2020-01-29 00:00:00-05:00,72.65509033203125
2020-01-30 00:00:00-05:00,72.53289794921875
2020-01-31 00:00:00-05:00,71.46205139160156
2020-02-03 00:00:00-05:00,73.94689178466797
2020-02-04 00:00:00-05:00,72.09198760986328
2020-02-05 00:00:00-05:00,72.12390899658203
2020-02-06 00:00:00-05:00,73.6162109375
2020-02-07 00:00:00-05:00,73.7728271484375
2020-02-10 00:00:00-05:00,75.2466812133789
2020-02-11 00:00:00-05:00,75.3165054321289
2020-02-12 00:00:00-05:00,75.74394989013672
2020-02-13 00:00:00-05:00,75.48259735107422
2020-02-14 00:00:00-05:00,75.74893188476562
2020-02-18 00:00:00-05:00,75.78434753417969
2020-02-19 00:00:00-05:00,76.05517578125
2020-02-20 00:00:00-05:00,75.66214752197266
2020-02-21 00:00:00-05:00,73.98978424072266
2020-02-24 00:00:00-05:00,70.81764221191406
2020-02-25 00:00:00-05:00,69.14479064941406
2020-02-26 00:00:00-05:00,69.35177612304688
2020-02-27 00:00:00-05:00,65.58509826660156
2020-02-28 00:00:00-05:00,66.7970962524414
2020-03-02 00:00:00-05:00,69.14479064941406
2020-03-03 00:00:00-05:00,66.72079467773438
2020-03-04 00:00:00-05:00,68.90937042236328
2020-03-05 00:00:00-05:00,65.57562255859375
2020-03-06 00:00:00-05:00,64.6269760131836
2020-03-09 00:00:00-04:00,60.63935089111328
2020-03-10 00:00:00-04:00,63.60101318359375
2020-03-11 00:00:00-04:00,60.39544677734375
2020-03-12 00:00:00-04:00,55.44021987915039
2020-03-13 00:00:00-04:00,60.56353759765625
2020-03-16 00:00:00-04:00,53.51748275756836
2020-03-17 00:00:00-04:00,55.764915466308594
2020-03-18 00:00:00-04:00,54.42473602294922
2020-03-19 00:00:00-04:00,55.446205139160156
2020-03-20 00:00:00-04:00,53.27857208251953
2020-03-23 00:00:00-04:00,52.57631301879883
2020-03-24 00:00:00-04:00,56.36094284057617
2020-03-25 00:00:00-04:00,54.9449462890625
2020-03-26 00:00:00-04:00,58.002376556396484
2020-03-27 00:00:00-04:00,55.375877380371094
2020-03-30 00:00:00-04:00,57.173927307128906
2020-03-31 00:00:00-04:00,57.95399856567383
2020-04-01 00:00:00-04:00,54.96888732910156
2020-04-02 00:00:00-04:00,55.71354675292969
2020-04-03 00:00:00-04:00,54.50004577636719
2020-04-06 00:00:00-04:00,59.01337432861328
2020-04-07 00:00:00-04:00,58.98194885253906
2020-04-08 00:00:00-04:00,60.200931549072266
2020-04-09 00:00:00-04:00,60.179481506347656
2020-04-13 00:00:00-04:00,60.37101364135742
2020-04-14 00:00:00-04:00,63.10524368286133
2020-04-15 00:00:00-04:00,62.709720611572266
2020-04-16 00:00:00-04:00,62.71620178222656
2020-04-17 00:00:00-04:00,63.79204177856445
2020-04-20 00:00:00-04:00,62.9017448425293
2020-04-21 00:00:00-04:00,60.45829391479492
2020-04-22 00:00:00-04:00,62.76508331298828
2020-04-23 00:00:00-04:00,63.40150833129883
2020-04-24 00:00:00-04:00,63.67233657836914
2020-04-27 00:00:00-04:00,63.386043548583984
2020-04-28 00:00:00-04:00,61.477272033691406
2020-04-29 00:00:00-04:00,66.9432373046875
2020-04-30 00:00:00-04:00,67.1686782836914
2020-05-01 00:00:00-04:00,65.70330810546875
2020-05-04 00:00:00-04:00,65.98161315917969
2020-05-05 00:00:00-04:00,67.28439331054688
2020-05-06 00:00:00-04:00,67.10533905029297
2020-05-07 00:00:00-04:00,68.29489135742188
2020-05-08 00:00:00-04:00,69.04603576660156
2020-05-11 00:00:00-04:00,70.00614929199219
2020-05-12 00:00:00-04:00,68.58916473388672
2020-05-13 00:00:00-04:00,67.24996948242188
2020-05-14 00:00:00-04:00,67.67542266845703
2020-05-15 00:00:00-04:00,68.4834213256836
2020-05-18 00:00:00-04:00,69.08792877197266
2020-05-19 00:00:00-04:00,68.55025482177734
2020-05-20 00:00:00-04:00,70.28396606445312
2020-05-21 00:00:00-04:00,70.16376495361328
2020-05-22 00:00:00-04:00,70.48745727539062
2020-05-26 00:00:00-04:00,70.89295196533203
2020-05-27 00:00:00-04:00,70.83859252929688
2020-05-28 00:00:00-04:00,70.73684692382812
2020-05-29 00:00:00-04:00,71.49895477294922
2020-06-01 00:00:00-04:00,71.56629180908203
2020-06-02 00:00:00-04:00,71.93737030029297
2020-06-03 00:00:00-04:00,71.78475189208984
2020-06-04 00:00:00-04:00,70.54032897949219
2020-06-05 00:00:00-04:00,71.82315063476562
2020-06-08 00:00:00-04:00,72.2231674194336
2020-06-09 00:00:00-04:00,72.4246597290039
2020-06-10 00:00:00-04:00,73.05410766601562
2020-06-11 00:00:00-04:00,69.92186737060547
2020-06-12 00:00:00-04:00,70.47150421142578
2020-06-15 00:00:00-04:00,70.86153411865234
2020-06-16 00:00:00-04:00,72.14485931396484
2020-06-17 00:00:00-04:00,72.44760131835938
2020-06-18 00:00:00-04:00,71.52888488769531
2020-06-19 00:00:00-04:00,71.05606079101562
2020-06-22 00:00:00-04:00,72.35383605957031
2020-06-23 00:00:00-04:00,73.0181884765625
2020-06-24 00:00:00-04:00,71.45806121826172
2020-06-25 00:00:00-04:00,71.87702178955078
2020-06-26 00:00:00-04:00,67.9587173461914
2020-06-29 00:00:00-04:00,69.68594360351562
2020-06-30 00:00:00-04:00,70.72736358642578
2020-07-01 00:00:00-04:00,71.92190551757812
2020-07-02 00:00:00-04:00,73.3149642944336
2020-07-06 00:00:00-04:00,74.79728698730469
2020-07-07 00:00:00-04:00,74.3119888305664
2020-07-08 00:00:00-04:00,74.99430847167969
2020-07-09 00:00:00-04:00,75.74543762207031
2020-07-10 00:00:00-04:00,76.76042938232422
2020-07-13 00:00:00-04:00,75.42474365234375
2020-07-14 00:00:00-04:00,75.85517120361328
2020-07-15 00:00:00-04:00,75.65666198730469
2020-07-16 00:00:00-04:00,75.55890655517578
2020-07-17 00:00:00-04:00,75.65516662597656
2020-07-20 00:00:00-04:00,77.99886322021484
2020-07-21 00:00:00-04:00,77.60384368896484
2020-07-22 00:00:00-04:00,78.04923248291016
2020-07-23 00:00:00-04:00,75.65017700195312
2020-07-24 00:00:00-04:00,75.22423553466797
2020-07-27 00:00:00-04:00,76.28260803222656
2020-07-28 00:00:00-04:00,74.99679565429688
2020-07-29 00:00:00-04:00,75.98734283447266
2020-07-30 00:00:00-04:00,76.72850799560547
2020-07-31 00:00:00-04:00,74.21372985839844
2020-08-03 00:00:00-04:00,73.95487213134766
2020-08-04 00:00:00-04:00,73.48303985595703
2020-08-05 00:00:00-04:00,73.7718276977539
2020-08-06 00:00:00-04:00,75.06163024902344
2020-08-07 00:00:00-04:00,74.73345184326172
2020-08-10 00:00:00-04:00,74.65614318847656
2020-08-11 00:00:00-04:00,73.84415435791016
2020-08-12 00:00:00-04:00,75.17584991455078
2020-08-13 00:00:00-04:00,75.64518737792969
2020-08-14 00:00:00-04:00,75.0456771850586
2020-08-17 00:00:00-04:00,75.62474060058594
2020-08-18 00:00:00-04:00,77.59686279296875
2020-08-19 00:00:00-04:00,77.03974151611328
2020-08-20 00:00:00-04:00,78.61782836914062
2020-08-21 00:00:00-04:00,78.58391571044922
2020-08-24 00:00:00-04:00,79.06172943115234
2020-08-25 00:00:00-04:00,80.09417724609375
2020-08-26 00:00:00-04:00,82.0034408569336
2020-08-27 00:00:00-04:00,81.2248764038086
2020-08-28 00:00:00-04:00,81.7690200805664
2020-08-31 00:00:00-04:00,81.27525329589844
2020-09-01 00:00:00-04:00,82.54959106445312
2020-09-02 00:00:00-04:00,85.65739440917969
2020-09-03 00:00:00-04:00,81.27425384521484
2020-09-04 00:00:00-04:00,78.86521911621094
2020-09-08 00:00:00-04:00,75.99182891845703
2020-09-09 00:00:00-04:00,77.17041778564453
2020-09-10 00:00:00-04:00,76.11402893066406
2020-09-11 00:00:00-04:00,75.60079956054688
2020-09-14 00:00:00-04:00,75.2551498413086
2020-09-15 00:00:00-04:00,76.56640625
2020-09-16 00:00:00-04:00,75.41775512695312
2020-09-17 00:00:00-04:00,74.16834259033203
2020-09-18 00:00:00-04:00,72.37528228759766
2020-09-21 00:00:00-04:00,71.33038330078125
2020-09-22 00:00:00-04:00,72.81070709228516
2020-09-23 00:00:00-04:00,70.2954330444336
2020-09-24 00:00:00-04:00,70.96726989746094
2020-09-25 00:00:00-04:00,71.7752685546875
2020-09-28 00:00:00-04:00,72.75284576416016
2020-09-29 00:00:00-04:00,73.11994934082031
2020-09-30 00:00:00-04:00,73.09899139404297
2020-10-01 00:00:00-04:00,74.21124267578125
2020-10-02 00:00:00-04:00,72.60022735595703
2020-10-05 00:00:00-04:00,73.9583740234375
2020-10-06 00:00:00-04:00,72.3718032836914
2020-10-07 00:00:00-04:00,72.77679443359375
2020-10-08 00:00:00-04:00,73.98829650878906
2020-10-09 00:00:00-04:00,75.33595275878906
2020-10-12 00:00:00-04:00,78.03626251220703
2020-10-13 00:00:00-04:00,78.15996551513672
2020-10-14 00:00:00-04:00,77.9789047241211
2020-10-15 00:00:00-04:00,77.5813980102539
2020-10-16 00:00:00-04:00,78.19139099121094
2020-10-19 00:00:00-04:00,76.30854797363281
2020-10-20 00:00:00-04:00,77.36244201660156
2020-10-21 00:00:00-04:00,79.10363006591797
2020-10-22 00:00:00-04:00,80.13457489013672
2020-10-23 00:00:00-04:00,81.44732666015625
2020-10-26 00:00:00-04:00,79.01883697509766
2020-10-27 00:00:00-04:00,79.74653625488281
2020-10-28 00:00:00-04:00,75.3534164428711
2020-10-29 00:00:00-04:00,77.65171813964844
2020-10-30 00:00:00-04:00,80.60590362548828
2020-11-02 00:00:00-05:00,81.01539611816406
2020-11-03 00:00:00-05:00,82.07975006103516
2020-11-04 00:00:00-05:00,87.07688903808594
2020-11-05 00:00:00-05:00,87.90733337402344
2020-11-06 00:00:00-05:00,87.76917266845703
2020-11-09 00:00:00-05:00,87.85346221923828
2020-11-10 00:00:00-05:00,86.67139434814453
2020-11-11 00:00:00-05:00,87.14571380615234
2020-11-12 00:00:00-05:00,86.92575073242188
2020-11-13 00:00:00-05:00,88.39411926269531
2020-11-16 00:00:00-05:00,88.48240661621094
2020-11-17 00:00:00-05:00,87.86543273925781
2020-11-18 00:00:00-05:00,86.81702423095703
2020-11-19 00:00:00-05:00,87.71131134033203
2020-11-20 00:00:00-05:00,86.60455322265625
2020-11-23 00:00:00-05:00,86.16464233398438
2020-11-24 00:00:00-05:00,87.97715759277344
2020-11-25 00:00:00-05:00,87.9886245727539
2020-11-27 00:00:00-05:00,89.13029479980469
2020-11-30 00:00:00-05:00,87.50332641601562
2020-12-01 00:00:00-05:00,89.54627227783203
2020-12-02 00:00:00-05:00,91.02310943603516
2020-12-03 00:00:00-05:00,90.86700439453125
2020-12-04 00:00:00-05:00,90.96276092529297
2020-12-07 00:00:00-05:00,90.6270980834961
2020-12-08 00:00:00-05:00,90.3427963256836
2020-12-09 00:00:00-05:00,88.67342376708984
2020-12-10 00:00:00-05:00,88.16419219970703
2020-12-11 00:00:00-05:00,88.52080535888672
2020-12-14 00:00:00-05:00,87.3965835571289
2020-12-15 00:00:00-05:00,87.83650207519531
2020-12-16 00:00:00-05:00,87.6424789428711
2020-12-17 00:00:00-05:00,86.81053924560547
2020-12-18 00:00:00-05:00,86.0978012084961
2020-12-21 00:00:00-05:00,86.5137710571289
2020-12-22 00:00:00-05:00,85.79854583740234
2020-12-23 00:00:00-05:00,86.19805908203125
2020-12-24 00:00:00-05:00,86.49382019042969
2020-12-28 00:00:00-05:00,88.4789047241211
2020-12-29 00:00:00-05:00,87.67091369628906
2020-12-30 00:00:00-05:00,86.59806823730469
2020-12-31 00:00:00-05:00,87.4155502319336
2021-01-04 00:00:00-05:00,86.09332275390625
2021-01-05 00:00:00-05:00,86.78759765625
2021-01-06 00:00:00-05:00,85.93121337890625
2021-01-07 00:00:00-05:00,88.49787139892578
2021-01-08 00:00:00-05:00,89.66946411132812
2021-01-11 00:00:00-05:00,87.59759521484375
2021-01-12 00:00:00-05:00,86.65692138671875
2021-01-13 00:00:00-05:00,87.14671325683594
2021-01-14 00:00:00-05:00,86.33222961425781
2021-01-15 00:00:00-05:00,86.16763305664062
2021-01-19 00:00:00-05:00,89.00311279296875
2021-01-20 00:00:00-05:00,93.77130889892578
2021-01-21 00:00:00-05:00,93.97480010986328
2021-01-22 00:00:00-05:00,94.39425659179688
2021-01-25 00:00:00-05:00,94.48004150390625
2021-01-26 00:00:00-05:00,95.161865234375
2021-01-27 00:00:00-05:00,90.72235870361328
2021-01-28 00:00:00-05:00,92.4311294555664
2021-01-29 00:00:00-05:00,91.1423110961914
2021-02-01 00:00:00-05:00,94.41970825195312
2021-02-02 00:00:00-05:00,95.71898651123047
2021-02-03 00:00:00-05:00,102.68972778320312
2021-02-04 00:00:00-05:00,102.42787170410156
2021-02-05 00:00:00-05:00,104.18352508544922
2021-02-08 00:00:00-05:00,103.96855163574219
2021-02-09 00:00:00-05:00,103.51318359375
2021-02-10 00:00:00-05:00,104.06631469726562
2021-02-11 00:00:00-05:00,104.17952728271484
2021-02-12 00:00:00-05:00,104.49275970458984
2021-02-16 00:00:00-05:00,105.27433013916016
2021-02-17 00:00:00-05:00,105.66934204101562
2021-02-18 00:00:00-05:00,105.03042602539062
2021-02-19 00:00:00-05:00,104.18252563476562
2021-02-22 00:00:00-05:00,102.45929718017578
2021-02-23 00:00:00-05:00,102.75157165527344
2021-02-24 00:00:00-05:00,103.93314361572266
2021-02-25 00:00:00-05:00,100.54852294921875
2021-02-26 00:00:00-05:00,100.84578704833984
2021-03-01 00:00:00-05:00,103.2273941040039
2021-03-02 00:00:00-05:00,102.96903228759766
2021-03-03 00:00:00-05:00,100.32208251953125
2021-03-04 00:00:00-05:00,101.44530487060547
2021-03-05 00:00:00-05:00,104.5945053100586
2021-03-08 00:00:00-05:00,100.12706756591797
2021-03-09 00:00:00-05:00,101.76600646972656
2021-03-10 00:00:00-05:00,101.55802154541016
2021-03-11 00:00:00-05:00,104.767578125
2021-03-12 00:00:00-05:00,102.246826171875
2021-03-15 00:00:00-04:00,102.46826934814453
2021-03-16 00:00:00-04:00,103.93714141845703
2021-03-17 00:00:00-04:00,103.85384368896484
2021-03-18 00:00:00-04:00,100.8173599243164
2021-03-19 00:00:00-04:00,101.09767150878906
2021-03-22 00:00:00-04:00,101.28370666503906
2021-03-23 00:00:00-04:00,101.81439208984375
2021-03-24 00:00:00-04:00,101.37548065185547
2021-03-25 00:00:00-04:00,101.37198638916016
2021-03-26 00:00:00-04:00,100.98644256591797
2021-03-29 00:00:00-04:00,102.03683471679688
2021-03-30 00:00:00-04:00,102.07075500488281
2021-03-31 00:00:00-04:00,102.87127685546875
2021-04-01 00:00:00-04:00,106.22596740722656
2021-04-05 00:00:00-04:00,110.6739501953125
2021-04-06 00:00:00-04:00,110.19014739990234
2021-04-07 00:00:00-04:00,111.67497253417969
2021-04-08 00:00:00-04:00,112.24356842041016
2021-04-09 00:00:00-04:00,113.25306701660156
2021-04-12 00:00:00-04:00,111.95378112792969
2021-04-13 00:00:00-04:00,112.44306945800781
2021-04-14 00:00:00-04:00,111.81861877441406
2021-04-15 00:00:00-04:00,113.98026275634766
2021-04-16 00:00:00-04:00,113.85557556152344
2021-04-19 00:00:00-04:00,114.20520782470703
2021-04-20 00:00:00-04:00,113.66903686523438
2021-04-21 00:00:00-04:00,113.63612365722656
2021-04-22 00:00:00-04:00,112.34780883789062
2021-04-23 00:00:00-04:00,114.71245574951172
2021-04-26 00:00:00-04:00,115.21121978759766
2021-04-27 00:00:00-04:00,114.26605987548828
2021-04-28 00:00:00-04:00,117.66065979003906
2021-04-29 00:00:00-04:00,119.34248352050781
2021-04-30 00:00:00-04:00,117.38433837890625
2021-05-03 00:00:00-04:00,116.8646240234375
2021-05-04 00:00:00-04:00,115.05660247802734
2021-05-05 00:00:00-04:00,115.45262145996094
2021-05-06 00:00:00-04:00,116.5788345336914
2021-05-07 00:00:00-04:00,117.30602264404297
2021-05-10 00:00:00-04:00,114.3044662475586
2021-05-11 00:00:00-04:00,113.22264099121094
2021-05-12 00:00:00-04:00,109.74076080322266
2021-05-13 00:00:00-04:00,111.17671203613281
2021-05-14 00:00:00-04:00,113.63761138916016
2021-05-17 00:00:00-04:00,114.16331481933594
2021-05-18 00:00:00-04:00,112.84407806396484
2021-05-19 00:00:00-04:00,113.2944564819336
2021-05-20 00:00:00-04:00,115.06259155273438
2021-05-21 00:00:00-04:00,114.42316436767578
2021-05-24 00:00:00-04:00,117.76040649414062
2021-05-25 00:00:00-04:00,117.8516845703125
2021-05-26 00:00:00-04:00,118.72152709960938
2021-05-27 00:00:00-04:00,117.84220123291016
2021-05-28 00:00:00-04:00,117.55142211914062
2021-06-01 00:00:00-04:00,118.7649154663086
2021-06-02 00:00:00-04:00,118.23673248291016
2021-06-03 00:00:00-04:00,117.08906555175781
2021-06-04 00:00:00-04:00,119.38288116455078
2021-06-07 00:00:00-04:00,119.81831359863281
2021-06-08 00:00:00-04:00,119.62578582763672
2021-06-09 00:00:00-04:00,120.09961700439453
2021-06-10 00:00:00-04:00,121.45575714111328
2021-06-11 00:00:00-04:00,121.2098617553711
2021-06-14 00:00:00-04:00,122.14305877685547
2021-06-15 00:00:00-04:00,121.11959075927734
2021-06-16 00:00:00-04:00,120.47418212890625
2021-06-17 00:00:00-04:00,121.44278717041016
2021-06-18 00:00:00-04:00,119.81431579589844
2021-06-21 00:00:00-04:00,121.5116195678711
2021-06-22 00:00:00-04:00,122.02833557128906
2021-06-23 00:00:00-04:00,121.82533264160156
2021-06-24 00:00:00-04:00,122.19741821289062
2021-06-25 00:00:00-04:00,122.20589447021484
2021-06-28 00:00:00-04:00,122.23332977294922
2021-06-29 00:00:00-04:00,121.9704818725586
2021-06-30 00:00:00-04:00,121.78793334960938
2021-07-01 00:00:00-04:00,122.14205932617188
2021-07-02 00:00:00-04:00,124.94810485839844
2021-07-06 00:00:00-04:00,125.87831115722656
2021-07-07 00:00:00-04:00,126.1615982055664
2021-07-08 00:00:00-04:00,124.7351303100586
2021-07-09 00:00:00-04:00,125.20846557617188
2021-07-12 00:00:00-04:00,126.661865234375
2021-07-13 00:00:00-04:00,127.02696228027344
2021-07-14 00:00:00-04:00,127.92024993896484
2021-07-15 00:00:00-04:00,126.69129180908203
2021-07-16 00:00:00-04:00,126.65637969970703
2021-07-19 00:00:00-04:00,124.2702865600586
2021-07-20 00:00:00-04:00,125.89775848388672
2021-07-21 00:00:00-04:00,127.23395538330078
2021-07-22 00:00:00-04:00,128.1042938232422
2021-07-23 00:00:00-04:00,132.6864471435547
2021-07-26 00:00:00-04:00,133.7039337158203
2021-07-27 00:00:00-04:00,131.57418823242188
2021-07-28 00:00:00-04:00,135.75782775878906
2021-07-29 00:00:00-04:00,135.44212341308594
2021-07-30 00:00:00-04:00,134.3937225341797
2021-08-02 00:00:00-04:00,134.52142333984375
2021-08-03 00:00:00-04:00,135.29498291015625
2021-08-04 00:00:00-04:00,134.79173278808594
2021-08-05 00:00:00-04:00,135.91494750976562
2021-08-06 00:00:00-04:00,135.40321350097656
2021-08-09 00:00:00-04:00,136.57481384277344
2021-08-10 00:00:00-04:00,136.46908569335938
2021-08-11 00:00:00-04:00,135.94239807128906
2021-08-12 00:00:00-04:00,136.85513305664062
2021-08-13 00:00:00-04:00,137.38729858398438
2021-08-16 00:00:00-04:00,137.96786499023438
2021-08-17 00:00:00-04:00,136.32394409179688
2021-08-18 00:00:00-04:00,135.11444091796875
2021-08-19 00:00:00-04:00,135.34486389160156
2021-08-20 00:00:00-04:00,137.0900421142578
2021-08-23 00:00:00-04:00,139.6956024169922
2021-08-24 00:00:00-04:00,140.91258239746094
2021-08-25 00:00:00-04:00,141.72805786132812
2021-08-26 00:00:00-04:00,141.0911407470703
2021-08-27 00:00:00-04:00,143.64830017089844
2021-08-30 00:00:00-04:00,144.2333526611328
2021-08-31 00:00:00-04:00,144.340087890625
2021-09-01 00:00:00-04:00,144.8568115234375
2021-09-02 00:00:00-04:00,142.93307495117188
2021-09-03 00:00:00-04:00,143.38446044921875
2021-09-07 00:00:00-04:00,143.9241180419922
2021-09-08 00:00:00-04:00,143.33607482910156
2021-09-09 00:00:00-04:00,143.1864471435547
2021-09-10 00:00:00-04:00,140.5280303955078
2021-09-13 00:00:00-04:00,141.98094177246094
2021-09-14 00:00:00-04:00,142.19241333007812
2021-09-15 00:00:00-04:00,144.07275390625
2021-09-16 00:00:00-04:00,143.25527954101562
2021-09-17 00:00:00-04:00,140.4522247314453
2021-09-20 00:00:00-04:00,138.37684631347656
2021-09-21 00:00:00-04:00,138.68959045410156
2021-09-22 00:00:00-04:00,139.93699645996094
2021-09-23 00:00:00-04:00,140.86720275878906
2021-09-24 00:00:00-04:00,141.8637237548828
2021-09-27 00:00:00-04:00,140.72354125976562
2021-09-28 00:00:00-04:00,135.49449157714844
2021-09-29 00:00:00-04:00,134.02163696289062
2021-09-30 00:00:00-04:00,133.34580993652344
2021-10-01 00:00:00-04:00,136.2057342529297
2021-10-04 00:00:00-04:00,133.329345703125
2021-10-05 00:00:00-04:00,135.68701171875
2021-10-06 00:00:00-04:00,137.22520446777344
2021-10-07 00:00:00-04:00,138.881103515625
2021-10-08 00:00:00-04:00,139.4402313232422
2021-10-11 00:00:00-04:00,138.5708770751953
2021-10-12 00:00:00-04:00,136.11196899414062
2021-10-13 00:00:00-04:00,137.24217224121094
2021-10-14 00:00:00-04:00,140.80233764648438
2021-10-15 00:00:00-04:00,141.01881408691406
2021-10-18 00:00:00-04:00,142.42532348632812
2021-10-19 00:00:00-04:00,142.88319396972656
2021-10-20 00:00:00-04:00,141.4188232421875
2021-10-21 00:00:00-04:00,141.53553771972656
2021-10-22 00:00:00-04:00,137.22669982910156
2021-10-25 00:00:00-04:00,137.10751342773438
2021-10-26 00:00:00-04:00,138.9644012451172
2021-10-27 00:00:00-04:00,145.85633850097656
2021-10-28 00:00:00-04:00,145.48875427246094
2021-10-29 00:00:00-04:00,147.68031311035156
2021-11-01 00:00:00-04:00,143.14254760742188
2021-11-02 00:00:00-04:00,145.07327270507812
2021-11-03 00:00:00-04:00,146.23590087890625
2021-11-04 00:00:00-04:00,147.90127563476562
2021-11-05 00:00:00-04:00,148.4843292236328
2021-11-08 00:00:00-05:00,148.6628875732422
2021-11-09 00:00:00-05:00,148.55067443847656
2021-11-10 00:00:00-05:00,145.5331268310547
2021-11-11 00:00:00-05:00,145.4064483642578
2021-11-12 00:00:00-05:00,148.3107452392578
2021-11-15 00:00:00-05:00,148.08531188964844
2021-11-16 00:00:00-05:00,147.5107421875
2021-11-17 00:00:00-05:00,147.68130493164062
2021-11-18 00:00:00-05:00,149.46839904785156
2021-11-19 00:00:00-05:00,148.5586395263672
2021-11-22 00:00:00-05:00,145.9406280517578
2021-11-23 00:00:00-05:00,145.4219207763672
2021-11-24 00:00:00-05:00,145.75906372070312
2021-11-26 00:00:00-05:00,141.83180236816406
2021-11-29 00:00:00-05:00,145.17103576660156
2021-11-30 00:00:00-05:00,141.54701232910156
2021-12-01 00:00:00-05:00,140.70309448242188
2021-12-02 00:00:00-05:00,142.6128692626953
2021-12-03 00:00:00-05:00,141.6507568359375
2021-12-06 00:00:00-05:00,142.80140686035156
2021-12-07 00:00:00-05:00,146.90574645996094
2021-12-08 00:00:00-05:00,147.82046508789062
2021-12-09 00:00:00-05:00,147.27383422851562
2021-12-10 00:00:00-05:00,147.63592529296875
2021-12-13 00:00:00-05:00,145.46630859375
2021-12-14 00:00:00-05:00,143.55152893066406
2021-12-15 00:00:00-05:00,146.07928466796875
2021-12-16 00:00:00-05:00,144.08822631835938
2021-12-17 00:00:00-05:00,141.37493896484375
2021-12-20 00:00:00-05:00,141.25721740722656
2021-12-21 00:00:00-05:00,143.1181182861328
2021-12-22 00:00:00-05:00,146.0533447265625
2021-12-23 00:00:00-05:00,146.55360412597656
2021-12-27 00:00:00-05:00,147.54115295410156
2021-12-28 00:00:00-05:00,146.32467651367188
2021-12-29 00:00:00-05:00,146.29275512695312
2021-12-30 00:00:00-05:00,145.83937072753906
2021-12-31 00:00:00-05:00,144.49420166015625
2022-01-03 00:00:00-05:00,144.63336181640625
2022-01-04 00:00:00-05:00,144.04283142089844
2022-01-05 00:00:00-05:00,137.43467712402344
2022-01-06 00:00:00-05:00,137.40725708007812
2022-01-07 00:00:00-05:00,136.67855834960938
2022-01-10 00:00:00-05:00,138.3269805908203
2022-01-11 00:00:00-05:00,139.39083862304688
2022-01-12 00:00:00-05:00,141.08114624023438
2022-01-13 00:00:00-05:00,138.24468994140625
2022-01-14 00:00:00-05:00,139.13597106933594
2022-01-18 00:00:00-05:00,135.66207885742188
2022-01-19 00:00:00-05:00,134.7827606201172
2022-01-20 00:00:00-05:00,132.9782257080078
2022-01-21 00:00:00-05:00,130.02952575683594
2022-01-24 00:00:00-05:00,130.4809112548828
2022-01-25 00:00:00-05:00,126.6214599609375
2022-01-26 00:00:00-05:00,128.91378784179688
2022-01-27 00:00:00-05:00,128.6863555908203
2022-01-28 00:00:00-05:00,133.0216064453125
2022-01-31 00:00:00-05:00,134.96929931640625
2022-02-01 00:00:00-05:00,137.30401611328125
2022-02-02 00:00:00-05:00,147.63442993164062
2022-02-03 00:00:00-05:00,142.73655700683594
2022-02-04 00:00:00-05:00,142.93907165527344
2022-02-07 00:00:00-05:00,138.857177734375
2022-02-08 00:00:00-05:00,139.05467224121094
2022-02-09 00:00:00-05:00,141.24224853515625
2022-02-10 00:00:00-05:00,138.27760314941406
2022-02-11 00:00:00-05:00,133.95082092285156
2022-02-14 00:00:00-05:00,135.1912384033203
2022-02-15 00:00:00-05:00,136.2710723876953
2022-02-16 00:00:00-05:00,137.3977813720703
2022-02-17 00:00:00-05:00,132.21160888671875
2022-02-18 00:00:00-05:00,130.08090209960938
2022-02-22 00:00:00-05:00,129.49285888671875
2022-02-23 00:00:00-05:00,127.2728500366211
2022-02-24 00:00:00-05:00,132.3632354736328
2022-02-25 00:00:00-05:00,134.12738037109375
2022-02-28 00:00:00-05:00,134.72340393066406
2022-03-01 00:00:00-05:00,133.7303466796875
2022-03-02 00:00:00-05:00,134.23910522460938
2022-03-03 00:00:00-05:00,133.56875610351562
2022-03-04 00:00:00-05:00,131.58067321777344
2022-03-07 00:00:00-05:00,126.06634521484375
2022-03-08 00:00:00-05:00,126.7905502319336
2022-03-09 00:00:00-05:00,133.09043884277344
2022-03-10 00:00:00-05:00,132.10240173339844
2022-03-11 00:00:00-05:00,129.54971313476562
2022-03-14 00:00:00-04:00,125.639892578125
2022-03-15 00:00:00-04:00,128.8788604736328
2022-03-16 00:00:00-04:00,132.9512939453125
2022-03-17 00:00:00-04:00,133.5084228515625
2022-03-18 00:00:00-04:00,135.7892608642578
2022-03-21 00:00:00-04:00,135.76531982421875
2022-03-22 00:00:00-04:00,139.52252197265625
2022-03-23 00:00:00-04:00,137.9339599609375
2022-03-24 00:00:00-04:00,141.22232055664062
2022-03-25 00:00:00-04:00,141.32305908203125
2022-03-28 00:00:00-04:00,141.10610961914062
2022-03-29 00:00:00-04:00,142.15350341796875
2022-03-30 00:00:00-04:00,141.58790588378906
2022-03-31 00:00:00-04:00,138.7239990234375
2022-04-01 00:00:00-04:00,139.8043212890625
2022-04-04 00:00:00-04:00,142.61834716796875
2022-04-05 00:00:00-04:00,140.24374389648438
2022-04-06 00:00:00-04:00,136.21072387695312
2022-04-07 00:00:00-04:00,135.5528564453125
2022-04-08 00:00:00-04:00,132.95828247070312
2022-04-11 00:00:00-04:00,128.50531005859375
2022-04-12 00:00:00-04:00,127.39904022216797
2022-04-13 00:00:00-04:00,129.57315063476562
2022-04-14 00:00:00-04:00,126.41697692871094
2022-04-18 00:00:00-04:00,127.36113739013672
2022-04-19 00:00:00-04:00,129.68788146972656
2022-04-20 00:00:00-04:00,127.7237319946289
2022-04-21 00:00:00-04:00,124.5062026977539
2022-04-22 00:00:00-04:00,119.33999633789062
2022-04-25 00:00:00-04:00,122.7699966430664
2022-04-26 00:00:00-04:00,118.35693359375
2022-04-27 00:00:00-04:00,114.0121841430664
2022-04-28 00:00:00-04:00,118.22974395751953
2022-04-29 00:00:00-04:00,113.82763671875
2022-05-02 00:00:00-04:00,116.29502868652344
2022-05-03 00:00:00-04:00,117.04418182373047
2022-05-04 00:00:00-04:00,121.9590072631836
2022-05-05 00:00:00-04:00,116.21772766113281
2022-05-06 00:00:00-04:00,115.4605941772461
2022-05-09 00:00:00-04:00,112.23309326171875
2022-05-10 00:00:00-04:00,114.11243438720703
2022-05-11 00:00:00-04:00,113.32189178466797
2022-05-12 00:00:00-04:00,112.56526947021484
2022-05-13 00:00:00-04:00,115.76385498046875
2022-05-16 00:00:00-04:00,114.16231536865234
2022-05-17 00:00:00-04:00,116.185302734375
2022-05-18 00:00:00-04:00,111.62310028076172
2022-05-19 00:00:00-04:00,110.1113510131836
2022-05-20 00:00:00-04:00,108.63899230957031
2022-05-23 00:00:00-04:00,111.21261596679688
2022-05-24 00:00:00-04:00,105.708251953125
2022-05-25 00:00:00-04:00,105.54365539550781
2022-05-26 00:00:00-04:00,107.5262451171875
2022-05-27 00:00:00-04:00,112.03907775878906
2022-05-31 00:00:00-04:00,113.48100280761719
2022-06-01 00:00:00-04:00,113.61067962646484
2022-06-02 00:00:00-04:00,117.33196258544922
2022-06-03 00:00:00-04:00,114.2580795288086
2022-06-06 00:00:00-04:00,116.53195190429688
2022-06-07 00:00:00-04:00,116.8601303100586
2022-06-08 00:00:00-04:00,116.90452575683594
2022-06-09 00:00:00-04:00,114.55184936523438
2022-06-10 00:00:00-04:00,110.88692474365234
2022-06-13 00:00:00-04:00,106.12970733642578
2022-06-14 00:00:00-04:00,106.451904296875
2022-06-15 00:00:00-04:00,109.49337768554688
2022-06-16 00:00:00-04:00,105.77159881591797
2022-06-17 00:00:00-04:00,106.87885284423828
2022-06-21 00:00:00-04:00,111.26848602294922
2022-06-22 00:00:00-04:00,111.21212005615234
2022-06-23 00:00:00-04:00,111.96475219726562
2022-06-24 00:00:00-04:00,117.68359375
2022-06-27 00:00:00-04:00,115.5473861694336
2022-06-28 00:00:00-04:00,111.7308349609375
2022-06-29 00:00:00-04:00,111.42559051513672
2022-06-30 00:00:00-04:00,108.69384765625
2022-07-01 00:00:00-04:00,108.46891021728516
2022-07-05 00:00:00-04:00,112.98323059082031
2022-07-06 00:00:00-04:00,114.28900146484375
2022-07-07 00:00:00-04:00,118.4896011352539
2022-07-08 00:00:00-04:00,119.0586929321289
2022-07-11 00:00:00-04:00,115.39077758789062
2022-07-12 00:00:00-04:00,113.7388687133789
2022-07-13 00:00:00-04:00,111.07845306396484
2022-07-14 00:00:00-04:00,110.09488677978516
2022-07-15 00:00:00-04:00,111.50140380859375
2022-07-18 00:00:00-04:00,108.76068878173828
2022-07-19 00:00:00-04:00,113.52887725830078
2022-07-20 00:00:00-04:00,113.61866760253906
2022-07-21 00:00:00-04:00,114.05757141113281
2022-07-22 00:00:00-04:00,107.63348388671875
2022-07-25 00:00:00-04:00,107.24444580078125
2022-07-26 00:00:00-04:00,104.76058959960938
2022-07-27 00:00:00-04:00,112.7807388305664
2022-07-28 00:00:00-04:00,113.93787384033203
2022-07-29 00:00:00-04:00,116.03268432617188
2022-08-01 00:00:00-04:00,114.57628631591797
2022-08-02 00:00:00-04:00,114.84561920166016
2022-08-03 00:00:00-04:00,117.78834533691406
2022-08-04 00:00:00-04:00,117.89806365966797
2022-08-05 00:00:00-04:00,117.17984008789062
2022-08-08 00:00:00-04:00,117.01026916503906
2022-08-09 00:00:00-04:00,116.34191131591797
2022-08-10 00:00:00-04:00,119.40433502197266
2022-08-11 00:00:00-04:00,118.54645538330078
2022-08-12 00:00:00-04:00,121.37944793701172
2022-08-15 00:00:00-04:00,121.7784652709961
2022-08-16 00:00:00-04:00,121.39939880371094
2022-08-17 00:00:00-04:00,119.25471496582031
2022-08-18 00:00:00-04:00,119.87317657470703
2022-08-19 00:00:00-04:00,116.92048645019531
2022-08-22 00:00:00-04:00,113.95782470703125
2022-08-23 00:00:00-04:00,113.57876586914062
2022-08-24 00:00:00-04:00,113.4091796875
2022-08-25 00:00:00-04:00,116.36186981201172
2022-08-26 00:00:00-04:00,110.06745147705078
2022-08-29 00:00:00-04:00,109.14972686767578
2022-08-30 00:00:00-04:00,108.67091369628906
2022-08-31 00:00:00-04:00,107.95269012451172
2022-09-01 00:00:00-04:00,109.46894073486328
2022-09-02 00:00:00-04:00,107.58360290527344
2022-09-06 00:00:00-04:00,106.54617309570312
2022-09-07 00:00:00-04:00,109.17964935302734
2022-09-08 00:00:00-04:00,108.11228942871094
2022-09-09 00:00:00-04:00,110.37669372558594
2022-09-12 00:00:00-04:00,110.58616638183594
2022-09-13 00:00:00-04:00,104.06232452392578
2022-09-14 00:00:00-04:00,104.74064636230469
2022-09-15 00:00:00-04:00,102.65581512451172
2022-09-16 00:00:00-04:00,102.54608154296875
2022-09-19 00:00:00-04:00,102.81541442871094
2022-09-20 00:00:00-04:00,100.89018249511719
2022-09-21 00:00:00-04:00,99.0347671508789
2022-09-22 00:00:00-04:00,99.89264678955078
2022-09-23 00:00:00-04:00,98.49610900878906
2022-09-26 00:00:00-04:00,97.9275131225586
2022-09-27 00:00:00-04:00,97.25917053222656
2022-09-28 00:00:00-04:00,99.8028793334961
2022-09-29 00:00:00-04:00,97.17936706542969
2022-09-30 00:00:00-04:00,95.41374206542969
2022-10-03 00:00:00-04:00,98.39635467529297
2022-10-04 00:00:00-04:00,101.38894653320312
2022-10-05 00:00:00-04:00,101.17945861816406
2022-10-06 00:00:00-04:00,101.16948699951172
2022-10-07 00:00:00-04:00,98.4362564086914
2022-10-10 00:00:00-04:00,97.6182861328125
2022-10-11 00:00:00-04:00,96.9399642944336
2022-10-12 00:00:00-04:00,97.31902313232422
2022-10-13 00:00:00-04:00,98.8153076171875
2022-10-14 00:00:00-04:00,96.32148742675781
2022-10-17 00:00:00-04:00,99.72307586669922
2022-10-18 00:00:00-04:00,100.5210952758789
2022-10-19 00:00:00-04:00,99.3839111328125
2022-10-20 00:00:00-04:00,99.72307586669922
2022-10-21 00:00:00-04:00,100.88019561767578
2022-10-24 00:00:00-04:00,102.26676940917969
2022-10-25 00:00:00-04:00,104.22193145751953
2022-10-26 00:00:00-04:00,94.69551849365234
2022-10-27 00:00:00-04:00,91.9922103881836
2022-10-28 00:00:00-04:00,96.05216217041016
2022-10-31 00:00:00-04:00,94.27655792236328
2022-11-01 00:00:00-04:00,90.24653625488281
2022-11-02 00:00:00-04:00,86.75518035888672
2022-11-03 00:00:00-04:00,83.22392272949219
2022-11-04 00:00:00-04:00,86.36614990234375
2022-11-07 00:00:00-05:00,88.27142333984375
2022-11-08 00:00:00-05:00,88.68041229248047
2022-11-09 00:00:00-05:00,87.10430908203125
2022-11-10 00:00:00-05:00,93.70796966552734
2022-11-11 00:00:00-05:00,96.17186737060547
2022-11-14 00:00:00-05:00,95.46360778808594
2022-11-15 00:00:00-05:00,98.19685363769531
2022-11-16 00:00:00-05:00,98.6058349609375
2022-11-17 00:00:00-05:00,98.11705017089844
2022-11-18 00:00:00-05:00,97.18933868408203
2022-11-21 00:00:00-05:00,95.36386108398438
2022-11-22 00:00:00-05:00,96.8102798461914
2022-11-23 00:00:00-05:00,98.21680450439453
2022-11-25 00:00:00-05:00,97.21926879882812
2022-11-28 00:00:00-05:00,95.81275939941406
2022-11-29 00:00:00-05:00,94.95487976074219
2022-11-30 00:00:00-05:00,100.74054718017578
2022-12-01 00:00:00-05:00,100.74054718017578
2022-12-02 00:00:00-05:00,100.19190979003906
2022-12-05 00:00:00-05:00,99.23428344726562
2022-12-06 00:00:00-05:00,96.7404556274414
2022-12-07 00:00:00-05:00,94.70549774169922
2022-12-08 00:00:00-05:00,93.47853088378906
2022-12-09 00:00:00-05:00,92.6007080078125
2022-12-12 00:00:00-05:00,93.07951354980469
2022-12-13 00:00:00-05:00,95.39379119873047
2022-12-14 00:00:00-05:00,94.83517456054688
2022-12-15 00:00:00-05:00,90.63557434082031
2022-12-16 00:00:00-05:00,90.03705596923828
2022-12-19 00:00:00-05:00,88.22154998779297
2022-12-20 00:00:00-05:00,88.80010986328125
2022-12-21 00:00:00-05:00,89.35873413085938
2022-12-22 00:00:00-05:00,87.54322814941406
2022-12-23 00:00:00-05:00,89.00959777832031
2022-12-27 00:00:00-05:00,87.17414093017578
2022-12-28 00:00:00-05:00,85.80752563476562
2022-12-29 00:00:00-05:00,88.23152160644531
2022-12-30 00:00:00-05:00,88.01206970214844
2023-01-03 00:00:00-05:00,88.89987182617188
2023-01-04 00:00:00-05:00,87.86243438720703
2023-01-05 00:00:00-05:00,85.9870834350586
2023-01-06 00:00:00-05:00,87.12425994873047
2023-01-09 00:00:00-05:00,87.80258178710938
2023-01-10 00:00:00-05:00,88.20159149169922
2023-01-11 00:00:00-05:00,91.29393768310547
2023-01-12 00:00:00-05:00,90.90489959716797
2023-01-13 00:00:00-05:00,91.89246368408203
2023-01-17 00:00:00-05:00,91.06451416015625
2023-01-18 00:00:00-05:00,90.89493560791016
2023-01-19 00:00:00-05:00,92.8201675415039
2023-01-20 00:00:00-05:00,97.77788543701172
2023-01-23 00:00:00-05:00,99.54351806640625
2023-01-24 00:00:00-05:00,97.45867156982422
2023-01-25 00:00:00-05:00,94.98480224609375
2023-01-26 00:00:00-05:00,97.27912139892578
2023-01-27 00:00:00-05:00,99.12455749511719
2023-01-30 00:00:00-05:00,96.70055389404297
2023-01-31 00:00:00-05:00,98.59586334228516
2023-02-01 00:00:00-05:00,100.18193817138672
2023-02-02 00:00:00-05:00,107.473876953125
2023-02-03 00:00:00-05:00,104.52118682861328
2023-02-06 00:00:00-05:00,102.64582824707031
2023-02-07 00:00:00-05:00,107.3741226196289
2023-02-08 00:00:00-05:00,99.12455749511719
2023-02-09 00:00:00-05:00,94.77532196044922
2023-02-10 00:00:00-05:00,94.3364028930664
2023-02-13 00:00:00-05:00,94.37631225585938
2023-02-14 00:00:00-05:00,94.44613647460938
2023-02-15 00:00:00-05:00,96.70055389404297
2023-02-16 00:00:00-05:00,95.27408599853516
2023-02-17 00:00:00-05:00,94.11695098876953
2023-02-21 00:00:00-05:00,91.56327819824219
2023-02-22 00:00:00-05:00,91.42362213134766
2023-02-23 00:00:00-05:00,90.66549682617188
2023-02-24 00:00:00-05:00,88.90984344482422
2023-02-27 00:00:00-05:00,89.64801788330078
2023-02-28 00:00:00-05:00,89.8375473022461
2023-03-01 00:00:00-05:00,90.13681030273438
2023-03-02 00:00:00-05:00,91.77275085449219
2023-03-03 00:00:00-05:00,93.4186782836914
2023-03-06 00:00:00-05:00,94.89501953125
2023-03-07 00:00:00-05:00,93.62816619873047
2023-03-08 00:00:00-05:00,94.01719665527344
2023-03-09 00:00:00-05:00,92.09196472167969
2023-03-10 00:00:00-05:00,90.40613555908203
2023-03-13 00:00:00-04:00,90.88495635986328
2023-03-14 00:00:00-04:00,93.7378921508789
2023-03-15 00:00:00-04:00,95.87260437011719
2023-03-16 00:00:00-04:00,100.07220458984375
2023-03-17 00:00:00-04:00,101.3689956665039
2023-03-20 00:00:00-04:00,100.96998596191406
2023-03-21 00:00:00-04:00,104.66084289550781
2023-03-22 00:00:00-04:00,103.11467742919922
2023-03-23 00:00:00-04:00,105.33916473388672
2023-03-24 00:00:00-04:00,105.1795654296875
2023-03-27 00:00:00-04:00,102.20692443847656
2023-03-28 00:00:00-04:00,100.78044891357422
2023-03-29 00:00:00-04:00,101.13955688476562
2023-03-30 00:00:00-04:00,100.64079284667969
2023-03-31 00:00:00-04:00,103.47378540039062
2023-04-03 00:00:00-04:00,104.10222625732422
2023-04-04 00:00:00-04:00,104.46133422851562
2023-04-05 00:00:00-04:00,104.21195983886719
2023-04-06 00:00:00-04:00,108.1521987915039
2023-04-10 00:00:00-04:00,106.17709350585938
2023-04-11 00:00:00-04:00,105.08977508544922
2023-04-12 00:00:00-04:00,104.38153076171875
2023-04-13 00:00:00-04:00,107.16464233398438
2023-04-14 00:00:00-04:00,108.60108184814453
2023-04-17 00:00:00-04:00,105.708251953125
2023-04-18 00:00:00-04:00,104.24188232421875
2023-04-19 00:00:00-04:00,103.92266845703125
2023-04-20 00:00:00-04:00,105.0299301147461
2023-04-21 00:00:00-04:00,105.1496353149414
2023-04-24 00:00:00-04:00,105.708251953125
2023-04-25 00:00:00-04:00,103.5934829711914
2023-04-26 00:00:00-04:00,103.4538345336914
2023-04-27 00:00:00-04:00,107.32424926757812
2023-04-28 00:00:00-04:00,107.07485961914062
2023-05-01 00:00:00-04:00,106.9352035522461
2023-05-02 00:00:00-04:00,105.05985260009766
2023-05-03 00:00:00-04:00,105.1496353149414
2023-05-04 00:00:00-04:00,104.4314193725586
2023-05-05 00:00:00-04:00,105.30923461914062
2023-05-08 00:00:00-04:00,107.50379943847656
2023-05-09 00:00:00-04:00,107.0848388671875
2023-05-10 00:00:00-04:00,111.4739761352539
2023-05-11 00:00:00-04:00,116.28206634521484
2023-05-12 00:00:00-04:00,117.21974182128906
2023-05-15 00:00:00-04:00,116.22221374511719
2023-05-16 00:00:00-04:00,119.21480560302734
2023-05-17 00:00:00-04:00,120.54151916503906
2023-05-18 00:00:00-04:00,122.52660369873047
2023-05-19 00:00:00-04:00,122.45677947998047
2023-05-22 00:00:00-04:00,124.74111938476562
2023-05-23 00:00:00-04:00,122.25726318359375
2023-05-24 00:00:00-04:00,120.60137176513672
2023-05-25 00:00:00-04:00,123.17500305175781
2023-05-26 00:00:00-04:00,124.30220794677734
2023-05-30 00:00:00-04:00,123.36453247070312
2023-05-31 00:00:00-04:00,122.56651306152344
2023-06-01 00:00:00-04:00,123.4144058227539
2023-06-02 00:00:00-04:00,124.36205291748047
2023-06-05 00:00:00-04:00,125.6987533569336
2023-06-06 00:00:00-04:00,126.99553680419922
2023-06-07 00:00:00-04:00,122.19741821289062
2023-06-08 00:00:00-04:00,121.83831024169922
2023-06-09 00:00:00-04:00,121.92809295654297
2023-06-12 00:00:00-04:00,123.33460235595703
2023-06-13 00:00:00-04:00,123.52413940429688
2023-06-14 00:00:00-04:00,123.36453247070312
2023-06-15 00:00:00-04:00,124.78101348876953
2023-06-16 00:00:00-04:00,123.2248764038086
2023-06-20 00:00:00-04:00,122.79593658447266
2023-06-21 00:00:00-04:00,120.25223541259766
2023-06-22 00:00:00-04:00,122.84581756591797
2023-06-23 00:00:00-04:00,122.03780364990234
2023-06-26 00:00:00-04:00,118.04768371582031
2023-06-27 00:00:00-04:00,118.0377197265625
2023-06-28 00:00:00-04:00,119.88314819335938
2023-06-29 00:00:00-04:00,118.80581665039062
2023-06-30 00:00:00-04:00,119.40433502197266
2023-07-03 00:00:00-04:00,119.60384368896484
2023-07-05 00:00:00-04:00,121.44927215576172
2023-07-06 00:00:00-04:00,119.81332397460938
2023-07-07 00:00:00-04:00,119.18488311767578
2023-07-10 00:00:00-04:00,116.162353515625
2023-07-11 00:00:00-04:00,116.85066223144531
2023-07-12 00:00:00-04:00,118.63623809814453
2023-07-13 00:00:00-04:00,124.23238372802734
2023-07-14 00:00:00-04:00,125.1102066040039
2023-07-17 00:00:00-04:00,124.34210968017578
2023-07-18 00:00:00-04:00,123.45430755615234
2023-07-19 00:00:00-04:00,121.72857666015625
2023-07-20 00:00:00-04:00,118.90556335449219
2023-07-21 00:00:00-04:00,119.72354125976562
2023-07-24 00:00:00-04:00,121.22981262207031
2023-07-25 00:00:00-04:00,121.90813446044922
2023-07-26 00:00:00-04:00,128.95069885253906
2023-07-27 00:00:00-04:00,129.0803680419922
2023-07-28 00:00:00-04:00,132.2525177001953
2023-07-31 00:00:00-04:00,132.39218139648438
2023-08-01 00:00:00-04:00,131.22506713867188
2023-08-02 00:00:00-04:00,128.06289672851562
2023-08-03 00:00:00-04:00,128.13272094726562
2023-08-04 00:00:00-04:00,127.7935562133789
2023-08-07 00:00:00-04:00,131.20510864257812
2023-08-08 00:00:00-04:00,131.07542419433594
2023-08-09 00:00:00-04:00,129.33973693847656
2023-08-10 00:00:00-04:00,129.3696746826172
2023-08-11 00:00:00-04:00,129.23997497558594
2023-08-14 00:00:00-04:00,131.00559997558594
2023-08-15 00:00:00-04:00,129.45944213867188
2023-08-16 00:00:00-04:00,128.38211059570312
2023-08-17 00:00:00-04:00,129.59909057617188
2023-08-18 00:00:00-04:00,127.1451644897461
2023-08-21 00:00:00-04:00,128.05291748046875
2023-08-22 00:00:00-04:00,128.76116943359375
2023-08-23 00:00:00-04:00,132.04302978515625
2023-08-24 00:00:00-04:00,129.45944213867188
2023-08-25 00:00:00-04:00,129.55918884277344
2023-08-28 00:00:00-04:00,130.68638610839844
2023-08-29 00:00:00-04:00,134.23760986328125
2023-08-30 00:00:00-04:00,135.54437255859375
2023-08-31 00:00:00-04:00,135.8336639404297
2023-09-01 00:00:00-04:00,135.32492065429688
2023-09-05 00:00:00-04:00,135.4346466064453
2023-09-06 00:00:00-04:00,134.1278839111328
2023-09-07 00:00:00-04:00,134.92588806152344
2023-09-08 00:00:00-04:00,136.0431365966797
2023-09-11 00:00:00-04:00,136.581787109375
2023-09-12 00:00:00-04:00,135.00570678710938
2023-09-13 00:00:00-04:00,136.37232971191406
2023-09-14 00:00:00-04:00,137.75889587402344
2023-09-15 00:00:00-04:00,137.06060791015625
2023-09-18 00:00:00-04:00,137.86862182617188
2023-09-19 00:00:00-04:00,137.6990203857422
2023-09-20 00:00:00-04:00,133.40965270996094
2023-09-21 00:00:00-04:00,130.11781311035156
2023-09-22 00:00:00-04:00,129.9282684326172
2023-09-25 00:00:00-04:00,130.78614807128906
2023-09-26 00:00:00-04:00,128.25244140625
2023-09-27 00:00:00-04:00,130.21755981445312
2023-09-28 00:00:00-04:00,131.98318481445312
2023-09-29 00:00:00-04:00,130.53677368164062
2023-10-02 00:00:00-04:00,133.83859252929688
2023-10-03 00:00:00-04:00,132.10289001464844
2023-10-04 00:00:00-04:00,134.9059600830078
2023-10-05 00:00:00-04:00,134.7363739013672
2023-10-06 00:00:00-04:00,137.24017333984375
2023-10-09 00:00:00-04:00,138.07809448242188
2023-10-10 00:00:00-04:00,137.718994140625
2023-10-11 00:00:00-04:00,140.20285034179688
2023-10-12 00:00:00-04:00,138.62673950195312
2023-10-13 00:00:00-04:00,137.0207061767578
2023-10-16 00:00:00-04:00,138.7564239501953
2023-10-17 00:00:00-04:00,139.37489318847656
2023-10-18 00:00:00-04:00,137.61923217773438
2023-10-19 00:00:00-04:00,137.4097442626953
2023-10-20 00:00:00-04:00,135.26507568359375
2023-10-23 00:00:00-04:00,136.162841796875
2023-10-24 00:00:00-04:00,138.4671173095703
2023-10-25 00:00:00-04:00,125.29973602294922
2023-10-26 00:00:00-04:00,121.97795867919922
2023-10-27 00:00:00-04:00,121.86823272705078
2023-10-30 00:00:00-04:00,124.15258026123047
2023-10-31 00:00:00-04:00,123.77352142333984
2023-11-01 00:00:00-04:00,126.13765716552734
2023-11-02 00:00:00-04:00,127.17509460449219
2023-11-03 00:00:00-04:00,128.7811279296875
2023-11-06 00:00:00-05:00,129.9282684326172
2023-11-07 00:00:00-05:00,130.64649963378906
2023-11-08 00:00:00-05:00,131.51434326171875
2023-11-09 00:00:00-05:00,129.91830444335938
2023-11-10 00:00:00-05:00,132.2624969482422
2023-11-13 00:00:00-05:00,131.7637176513672
2023-11-14 00:00:00-05:00,133.28994750976562
2023-11-15 00:00:00-05:00,134.2874755859375
2023-11-16 00:00:00-05:00,136.59178161621094
2023-11-17 00:00:00-05:00,134.97576904296875
2023-11-20 00:00:00-05:00,135.91346740722656
2023-11-21 00:00:00-05:00,136.63168334960938
2023-11-22 00:00:00-05:00,138.14791870117188
2023-11-24 00:00:00-05:00,136.3523712158203
2023-11-27 00:00:00-05:00,136.0730743408203
2023-11-28 00:00:00-05:00,136.86109924316406
2023-11-29 00:00:00-05:00,134.6565704345703
2023-11-30 00:00:00-05:00,132.20263671875
2023-12-01 00:00:00-05:00,131.5343017578125
2023-12-04 00:00:00-05:00,128.95069885253906
2023-12-05 00:00:00-05:00,130.6664581298828
2023-12-06 00:00:00-05:00,129.6988525390625
2023-12-07 00:00:00-05:00,136.59178161621094
2023-12-08 00:00:00-05:00,134.6565704345703
2023-12-11 00:00:00-05:00,132.96075439453125
2023-12-12 00:00:00-05:00,132.1926727294922
2023-12-13 00:00:00-05:00,132.2425537109375
2023-12-14 00:00:00-05:00,131.6140899658203
2023-12-15 00:00:00-05:00,132.27247619628906
2023-12-18 00:00:00-05:00,135.46456909179688
2023-12-19 00:00:00-05:00,136.31246948242188
2023-12-20 00:00:00-05:00,137.998291015625
2023-12-21 00:00:00-05:00,140.07315063476562
2023-12-22 00:00:00-05:00,141.14051818847656
2023-12-26 00:00:00-05:00,141.17044067382812
2023-12-27 00:00:00-05:00,140.0232696533203
2023-12-28 00:00:00-05:00,139.8836212158203
2023-12-29 00:00:00-05:00,139.34495544433594
2024-01-02 00:00:00-05:00,137.82870483398438
2024-01-03 00:00:00-05:00,138.5768585205078
2024-01-04 00:00:00-05:00,136.0531005859375
2024-01-05 00:00:00-05:00,135.39474487304688
2024-01-08 00:00:00-05:00,138.49705505371094
2024-01-09 00:00:00-05:00,140.6018524169922
2024-01-10 00:00:00-05:00,141.92855834960938
2024-01-11 00:00:00-05:00,141.72906494140625
2024-01-12 00:00:00-05:00,142.29763793945312
2024-01-16 00:00:00-05:00,142.13804626464844
2024-01-17 00:00:00-05:00,141.12057495117188
2024-01-18 00:00:00-05:00,143.12559509277344
2024-01-19 00:00:00-05:00,146.01844787597656
2024-01-22 00:00:00-05:00,145.62940979003906
2024-01-23 00:00:00-05:00,146.6768035888672
2024-01-24 00:00:00-05:00,148.33270263671875
2024-01-25 00:00:00-05:00,151.494873046875
2024-01-26 00:00:00-05:00,151.8140869140625
2024-01-29 00:00:00-05:00,153.1308135986328
2024-01-30 00:00:00-05:00,151.0858917236328
2024-01-31 00:00:00-05:00,139.7539520263672
2024-02-01 00:00:00-05:00,140.81134033203125
2024-02-02 00:00:00-05:00,142.0283203125
2024-02-05 00:00:00-05:00,143.32508850097656
2024-02-06 00:00:00-05:00,143.74407958984375
2024-02-07 00:00:00-05:00,145.18051147460938
2024-02-08 00:00:00-05:00,145.5496063232422
2024-02-09 00:00:00-05:00,148.63197326660156
2024-02-12 00:00:00-05:00,147.16558837890625
2024-02-13 00:00:00-05:00,144.781494140625
2024-02-14 00:00:00-05:00,145.57952880859375
2024-02-15 00:00:00-05:00,142.4173583984375
2024-02-16 00:00:00-05:00,140.17291259765625
2024-02-20 00:00:00-05:00,140.77142333984375
2024-02-21 00:00:00-05:00,142.19789123535156
2024-02-22 00:00:00-05:00,143.7340850830078
2024-02-23 00:00:00-05:00,143.6044158935547
2024-02-26 00:00:00-05:00,137.23020935058594
2024-02-27 00:00:00-05:00,138.53695678710938
2024-02-28 00:00:00-05:00,136.0431365966797
2024-02-29 00:00:00-05:00,138.11801147460938
2024-03-01 00:00:00-05:00,136.80125427246094
2024-03-04 00:00:00-05:00,133.0206298828125
2024-03-05 00:00:00-05:00,132.34230041503906
2024-03-06 00:00:00-05:00,131.07542419433594
2024-03-07 00:00:00-05:00,134.04808044433594
2024-03-08 00:00:00-05:00,135.07553100585938
2024-03-11 00:00:00-04:00,137.32994079589844
2024-03-12 00:00:00-04:00,138.15789794921875
2024-03-13 00:00:00-04:00,139.4447021484375
2024-03-14 00:00:00-04:00,142.7465362548828
2024-03-15 00:00:00-04:00,140.83126831054688
2024-03-18 00:00:00-04:00,147.31521606445312
2024-03-19 00:00:00-04:00,146.6668243408203
2024-03-20 00:00:00-04:00,148.3726043701172
2024-03-21 00:00:00-04:00,147.2354278564453
2024-03-22 00:00:00-04:00,150.39759826660156
2024-03-25 00:00:00-04:00,149.69932556152344
2024-03-26 00:00:00-04:00,150.29783630371094
2024-03-27 00:00:00-04:00,150.49732971191406
2024-03-28 00:00:00-04:00,150.55718994140625
2024-04-01 00:00:00-04:00,155.10594177246094
2024-04-02 00:00:00-04:00,154.17822265625
2024-04-03 00:00:00-04:00,154.53733825683594
2024-04-04 00:00:00-04:00,150.15818786621094
2024-04-05 00:00:00-04:00,152.12332153320312
2024-04-08 00:00:00-04:00,154.46751403808594
2024-04-09 00:00:00-04:00,156.21319580078125
2024-04-10 00:00:00-04:00,155.7543182373047
2024-04-11 00:00:00-04:00,159.01625061035156
2024-04-12 00:00:00-04:00,157.34039306640625
2024-04-15 00:00:00-04:00,154.4774932861328
2024-04-16 00:00:00-04:00,154.01861572265625
2024-04-17 00:00:00-04:00,155.0859832763672
2024-04-18 00:00:00-04:00,155.6246337890625
2024-04-19 00:00:00-04:00,153.70938110351562
2024-04-22 00:00:00-04:00,155.89398193359375
2024-04-23 00:00:00-04:00,157.86907958984375
2024-04-24 00:00:00-04:00,158.73695373535156
2024-04-25 00:00:00-04:00,155.6146697998047
2024-04-26 00:00:00-04:00,171.52528381347656
2024-04-29 00:00:00-04:00,165.73959350585938
2024-04-30 00:00:00-04:00,162.3779296875
2024-05-01 00:00:00-04:00,163.4552459716797
2024-05-02 00:00:00-04:00,166.20843505859375
2024-05-03 00:00:00-04:00,166.826904296875
2024-05-06 00:00:00-04:00,167.68479919433594
2024-05-07 00:00:00-04:00,170.82699584960938
2024-05-08 00:00:00-04:00,168.96163940429688
2024-05-09 00:00:00-04:00,169.54019165039062
2024-05-10 00:00:00-04:00,168.23342895507812
2024-05-13 00:00:00-04:00,168.7222137451172
2024-05-14 00:00:00-04:00,169.91925048828125
2024-05-15 00:00:00-04:00,172.08389282226562
2024-05-16 00:00:00-04:00,173.749755859375
2024-05-17 00:00:00-04:00,175.6251220703125
2024-05-20 00:00:00-04:00,176.48300170898438
2024-05-21 00:00:00-04:00,177.41070556640625
2024-05-22 00:00:00-04:00,175.9443359375
2024-05-23 00:00:00-04:00,173.12132263183594
2024-05-24 00:00:00-04:00,174.55776977539062
2024-05-28 00:00:00-04:00,175.9642791748047
2024-05-29 00:00:00-04:00,175.46551513671875
2024-05-30 00:00:00-04:00,171.6848907470703
2024-05-31 00:00:00-04:00,172.07391357421875
2024-06-03 00:00:00-04:00,172.7422637939453
2024-06-04 00:00:00-04:00,173.3607177734375
2024-06-05 00:00:00-04:00,174.97674560546875
2024-06-06 00:00:00-04:00,176.29345703125
2024-06-07 00:00:00-04:00,174.02908325195312
2024-06-10 00:00:00-04:00,174.778076171875
2024-06-11 00:00:00-04:00,176.3859405517578
2024-06-12 00:00:00-04:00,177.55438232421875
2024-06-13 00:00:00-04:00,174.92788696289062
2024-06-14 00:00:00-04:00,176.5557098388672
2024-06-17 00:00:00-04:00,177.005126953125
2024-06-18 00:00:00-04:00,174.85797119140625
2024-06-20 00:00:00-04:00,176.06637573242188
2024-06-21 00:00:00-04:00,179.3919677734375
2024-06-24 00:00:00-04:00,178.9824981689453
2024-06-25 00:00:00-04:00,183.78611755371094
2024-06-26 00:00:00-04:00,183.63632202148438
2024-06-27 00:00:00-04:00,185.164306640625
2024-06-28 00:00:00-04:00,181.9086151123047
2024-07-01 00:00:00-04:00,182.7475128173828
2024-07-02 00:00:00-04:00,184.99452209472656
2024-07-03 00:00:00-04:00,185.57376098632812
2024-07-05 00:00:00-04:00,190.34742736816406
2024-07-08 00:00:00-04:00,188.7794952392578
2024-07-09 00:00:00-04:00,188.7295684814453
2024-07-10 00:00:00-04:00,190.9266357421875
2024-07-11 00:00:00-04:00,185.3240966796875
2024-07-12 00:00:00-04:00,184.8247528076172
2024-07-15 00:00:00-04:00,186.28280639648438
2024-07-16 00:00:00-04:00,183.67626953125
2024-07-17 00:00:00-04:00,180.78012084960938
2024-07-18 00:00:00-04:00,177.45452880859375
2024-07-19 00:00:00-04:00,177.42457580566406
2024-07-22 00:00:00-04:00,181.4292449951172
2024-07-23 00:00:00-04:00,181.54908752441406
2024-07-24 00:00:00-04:00,172.40122985839844
2024-07-25 00:00:00-04:00,167.05831909179688
2024-07-26 00:00:00-04:00,166.7786865234375
2024-07-29 00:00:00-04:00,169.3053436279297
2024-07-30 00:00:00-04:00,170.0643310546875
2024-07-31 00:00:00-04:00,171.3126678466797
2024-08-01 00:00:00-04:00,170.53370666503906
2024-08-02 00:00:00-04:00,166.43914794921875
2024-08-05 00:00:00-04:00,159.03897094726562
2024-08-06 00:00:00-04:00,158.08023071289062
2024-08-07 00:00:00-04:00,158.7293701171875
2024-08-08 00:00:00-04:00,161.81527709960938
2024-08-09 00:00:00-04:00,163.45310974121094
2024-08-12 00:00:00-04:00,162.07492065429688
2024-08-13 00:00:00-04:00,163.9424591064453
2024-08-14 00:00:00-04:00,160.157470703125
2024-08-15 00:00:00-04:00,161.08624267578125
2024-08-16 00:00:00-04:00,162.74404907226562
2024-08-19 00:00:00-04:00,166.44912719726562
2024-08-20 00:00:00-04:00,166.9584503173828
2024-08-21 00:00:00-04:00,165.63021850585938
2024-08-22 00:00:00-04:00,163.5829315185547
2024-08-23 00:00:00-04:00,165.4005126953125
2024-08-26 00:00:00-04:00,165.93980407714844
2024-08-27 00:00:00-04:00,164.46176147460938
2024-08-28 00:00:00-04:00,162.6342010498047
2024-08-29 00:00:00-04:00,161.56561279296875
2024-08-30 00:00:00-04:00,163.1634979248047
2024-09-03 00:00:00-04:00,157.15147399902344
2024-09-04 00:00:00-04:00,156.24267578125
2024-09-05 00:00:00-04:00,157.03163146972656
2024-09-06 00:00:00-04:00,150.72000122070312
2024-09-09 00:00:00-04:00,148.7100067138672
2024-09-10 00:00:00-04:00,148.66000366210938
2024-09-11 00:00:00-04:00,151.16000366210938
2024-09-12 00:00:00-04:00,154.69000244140625
2024-09-13 00:00:00-04:00,157.4600067138672
2024-09-16 00:00:00-04:00,158.05999755859375
2024-09-17 00:00:00-04:00,159.32000732421875
2024-09-18 00:00:00-04:00,159.80999755859375
2024-09-19 00:00:00-04:00,162.13999938964844
2024-09-20 00:00:00-04:00,163.58999633789062
2024-09-23 00:00:00-04:00,161.85000610351562
2024-09-24 00:00:00-04:00,162.2899932861328
2024-09-25 00:00:00-04:00,161.49000549316406
2024-09-26 00:00:00-04:00,162.72999572753906
2024-09-27 00:00:00-04:00,163.9499969482422
2024-09-30 00:00:00-04:00,165.85000610351562
2024-10-01 00:00:00-04:00,166.99000549316406
2024-10-02 00:00:00-04:00,165.86000061035156
2024-10-03 00:00:00-04:00,165.86000061035156
2024-10-04 00:00:00-04:00,167.05999755859375
2024-10-07 00:00:00-04:00,162.97999572753906
2024-10-08 00:00:00-04:00,164.3800048828125
2024-10-09 00:00:00-04:00,161.86000061035156
2024-10-10 00:00:00-04:00,162.0800018310547
2024-10-11 00:00:00-04:00,163.24000549316406
2024-10-14 00:00:00-04:00,164.9600067138672
2024-10-15 00:00:00-04:00,165.4600067138672
2024-10-16 00:00:00-04:00,165.16000366210938
2024-10-17 00:00:00-04:00,162.92999267578125
2024-10-18 00:00:00-04:00,163.4199981689453
2024-10-21 00:00:00-04:00,164.07000732421875
2024-10-22 00:00:00-04:00,165.13999938964844
2024-10-23 00:00:00-04:00,162.77999877929688
2024-10-24 00:00:00-04:00,162.72000122070312
2024-10-25 00:00:00-04:00,165.27000427246094
2024-10-28 00:00:00-04:00,166.72000122070312
2024-10-29 00:00:00-04:00,169.67999267578125
2024-10-30 00:00:00-04:00,174.4600067138672
