Date,IVV
2017-11-09 00:00:00-05:00,230.3948211669922
2017-11-10 00:00:00-05:00,230.2352752685547
2017-11-13 00:00:00-05:00,230.49229431152344
2017-11-14 00:00:00-05:00,230.03147888183594
2017-11-15 00:00:00-05:00,228.7908477783203
2017-11-16 00:00:00-05:00,230.70494079589844
2017-11-17 00:00:00-05:00,230.0757598876953
2017-11-20 00:00:00-05:00,230.43914794921875
2017-11-21 00:00:00-05:00,231.93675231933594
2017-11-22 00:00:00-05:00,231.7683563232422
2017-11-24 00:00:00-05:00,232.2557373046875
2017-11-27 00:00:00-05:00,232.18484497070312
2017-11-28 00:00:00-05:00,234.52432250976562
2017-11-29 00:00:00-05:00,234.37376403808594
2017-11-30 00:00:00-05:00,236.50936889648438
2017-12-01 00:00:00-05:00,235.95103454589844
2017-12-04 00:00:00-05:00,235.70298767089844
2017-12-05 00:00:00-05:00,234.8256378173828
2017-12-06 00:00:00-05:00,234.87879943847656
2017-12-07 00:00:00-05:00,235.58775329589844
2017-12-08 00:00:00-05:00,236.87266540527344
2017-12-11 00:00:00-05:00,237.68795776367188
2017-12-12 00:00:00-05:00,238.0513153076172
2017-12-13 00:00:00-05:00,237.99813842773438
2017-12-14 00:00:00-05:00,237.07652282714844
2017-12-15 00:00:00-05:00,239.07928466796875
2017-12-18 00:00:00-05:00,240.5679931640625
2017-12-19 00:00:00-05:00,239.61801147460938
2017-12-20 00:00:00-05:00,239.4933624267578
2017-12-21 00:00:00-05:00,239.97415161132812
2017-12-22 00:00:00-05:00,239.911865234375
2017-12-26 00:00:00-05:00,239.6091766357422
2017-12-27 00:00:00-05:00,239.76048278808594
2017-12-28 00:00:00-05:00,240.2056884765625
2017-12-29 00:00:00-05:00,239.36875915527344
2018-01-02 00:00:00-05:00,241.14938354492188
2018-01-03 00:00:00-05:00,242.54727172851562
2018-01-04 00:00:00-05:00,243.5978240966797
2018-01-05 00:00:00-05:00,245.1380615234375
2018-01-08 00:00:00-05:00,245.6812286376953
2018-01-09 00:00:00-05:00,246.24221801757812
2018-01-10 00:00:00-05:00,245.8504638671875
2018-01-11 00:00:00-05:00,247.595458984375
2018-01-12 00:00:00-05:00,249.21591186523438
2018-01-16 00:00:00-05:00,248.3166046142578
2018-01-17 00:00:00-05:00,250.79176330566406
2018-01-18 00:00:00-05:00,250.4178924560547
2018-01-19 00:00:00-05:00,251.5129852294922
2018-01-22 00:00:00-05:00,253.5073699951172
2018-01-23 00:00:00-05:00,254.09507751464844
2018-01-24 00:00:00-05:00,253.96145629882812
2018-01-25 00:00:00-05:00,254.05941772460938
2018-01-26 00:00:00-05:00,257.00640869140625
2018-01-29 00:00:00-05:00,255.30581665039062
2018-01-30 00:00:00-05:00,252.5457763671875
2018-01-31 00:00:00-05:00,252.9910430908203
2018-02-01 00:00:00-05:00,252.67039489746094
2018-02-02 00:00:00-05:00,247.096923828125
2018-02-05 00:00:00-05:00,236.87576293945312
2018-02-06 00:00:00-05:00,241.51443481445312
2018-02-07 00:00:00-05:00,240.027587890625
2018-02-08 00:00:00-05:00,231.15089416503906
2018-02-09 00:00:00-05:00,234.7567596435547
2018-02-12 00:00:00-05:00,237.88186645507812
2018-02-13 00:00:00-05:00,238.57632446289062
2018-02-14 00:00:00-05:00,241.86166381835938
2018-02-15 00:00:00-05:00,244.86215209960938
2018-02-16 00:00:00-05:00,244.92437744140625
2018-02-20 00:00:00-05:00,243.42874145507812
2018-02-21 00:00:00-05:00,242.1732940673828
2018-02-22 00:00:00-05:00,242.5027618408203
2018-02-23 00:00:00-05:00,246.37571716308594
2018-02-26 00:00:00-05:00,249.26043701171875
2018-02-27 00:00:00-05:00,246.1620330810547
2018-02-28 00:00:00-05:00,243.36631774902344
2018-03-01 00:00:00-05:00,240.1255340576172
2018-03-02 00:00:00-05:00,241.46102905273438
2018-03-05 00:00:00-05:00,244.13206481933594
2018-03-06 00:00:00-05:00,244.79981994628906
2018-03-07 00:00:00-05:00,244.7108154296875
2018-03-08 00:00:00-05:00,245.8504638671875
2018-03-09 00:00:00-05:00,250.02615356445312
2018-03-12 00:00:00-04:00,249.82138061523438
2018-03-13 00:00:00-04:00,248.2008819580078
2018-03-14 00:00:00-04:00,246.92774963378906
2018-03-15 00:00:00-04:00,246.66958618164062
2018-03-16 00:00:00-04:00,246.89212036132812
2018-03-19 00:00:00-04:00,243.57998657226562
2018-03-20 00:00:00-04:00,244.0074462890625
2018-03-21 00:00:00-04:00,243.56222534179688
2018-03-22 00:00:00-04:00,237.42605590820312
2018-03-23 00:00:00-04:00,232.38182067871094
2018-03-26 00:00:00-04:00,238.79441833496094
2018-03-27 00:00:00-04:00,234.6088104248047
2018-03-28 00:00:00-04:00,233.982666015625
2018-03-29 00:00:00-04:00,237.33660888671875
2018-04-02 00:00:00-04:00,231.8273468017578
2018-04-03 00:00:00-04:00,234.84133911132812
2018-04-04 00:00:00-04:00,237.569091796875
2018-04-05 00:00:00-04:00,239.22369384765625
2018-04-06 00:00:00-04:00,233.93801879882812
2018-04-09 00:00:00-04:00,234.94862365722656
2018-04-10 00:00:00-04:00,238.76760864257812
2018-04-11 00:00:00-04:00,237.47068786621094
2018-04-12 00:00:00-04:00,239.50096130371094
2018-04-13 00:00:00-04:00,238.76760864257812
2018-04-16 00:00:00-04:00,240.75303649902344
2018-04-17 00:00:00-04:00,243.32879638671875
2018-04-18 00:00:00-04:00,243.4361572265625
2018-04-19 00:00:00-04:00,242.1214141845703
2018-04-20 00:00:00-04:00,240.0823211669922
2018-04-23 00:00:00-04:00,240.0823211669922
2018-04-24 00:00:00-04:00,236.9073028564453
2018-04-25 00:00:00-04:00,237.38134765625
2018-04-26 00:00:00-04:00,239.8229217529297
2018-04-27 00:00:00-04:00,240.0375518798828
2018-04-30 00:00:00-04:00,238.17727661132812
2018-05-01 00:00:00-04:00,238.642333984375
2018-05-02 00:00:00-04:00,236.9788360595703
2018-05-03 00:00:00-04:00,236.4690704345703
2018-05-04 00:00:00-04:00,239.52772521972656
2018-05-07 00:00:00-04:00,240.3953857421875
2018-05-08 00:00:00-04:00,240.29690551757812
2018-05-09 00:00:00-04:00,242.76539611816406
2018-05-10 00:00:00-04:00,244.96546936035156
2018-05-11 00:00:00-04:00,245.47523498535156
2018-05-14 00:00:00-04:00,245.788330078125
2018-05-15 00:00:00-04:00,243.99063110351562
2018-05-16 00:00:00-04:00,245.14434814453125
2018-05-17 00:00:00-04:00,244.94761657714844
2018-05-18 00:00:00-04:00,244.34837341308594
2018-05-21 00:00:00-04:00,246.13706970214844
2018-05-22 00:00:00-04:00,245.47523498535156
2018-05-23 00:00:00-04:00,246.1728057861328
2018-05-24 00:00:00-04:00,245.72569274902344
2018-05-25 00:00:00-04:00,245.0370330810547
2018-05-29 00:00:00-04:00,242.30921936035156
2018-05-30 00:00:00-04:00,245.5467987060547
2018-05-31 00:00:00-04:00,243.9191131591797
2018-06-01 00:00:00-04:00,246.4232940673828
2018-06-04 00:00:00-04:00,247.568115234375
2018-06-05 00:00:00-04:00,247.7916259765625
2018-06-06 00:00:00-04:00,249.92022705078125
2018-06-07 00:00:00-04:00,249.7593231201172
2018-06-08 00:00:00-04:00,250.45681762695312
2018-06-11 00:00:00-04:00,250.87730407714844
2018-06-12 00:00:00-04:00,251.21705627441406
2018-06-13 00:00:00-04:00,250.34959411621094
2018-06-14 00:00:00-04:00,251.05609130859375
2018-06-15 00:00:00-04:00,250.69834899902344
2018-06-18 00:00:00-04:00,250.15274047851562
2018-06-19 00:00:00-04:00,249.23158264160156
2018-06-20 00:00:00-04:00,249.7503204345703
2018-06-21 00:00:00-04:00,248.0242156982422
2018-06-22 00:00:00-04:00,248.53395080566406
2018-06-25 00:00:00-04:00,245.14434814453125
2018-06-26 00:00:00-04:00,245.7293243408203
2018-06-27 00:00:00-04:00,243.6176300048828
2018-06-28 00:00:00-04:00,245.145263671875
2018-06-29 00:00:00-04:00,245.3519287109375
2018-07-02 00:00:00-04:00,246.04380798339844
2018-07-03 00:00:00-04:00,245.06443786621094
2018-07-05 00:00:00-04:00,247.1669464111328
2018-07-06 00:00:00-04:00,249.08998107910156
2018-07-09 00:00:00-04:00,251.4262237548828
2018-07-10 00:00:00-04:00,252.34274291992188
2018-07-11 00:00:00-04:00,250.4647674560547
2018-07-12 00:00:00-04:00,252.62136840820312
2018-07-13 00:00:00-04:00,252.88182067871094
2018-07-16 00:00:00-04:00,252.79202270507812
2018-07-17 00:00:00-04:00,253.81629943847656
2018-07-18 00:00:00-04:00,254.37339782714844
2018-07-19 00:00:00-04:00,253.32217407226562
2018-07-20 00:00:00-04:00,253.0526580810547
2018-07-23 00:00:00-04:00,253.5198974609375
2018-07-24 00:00:00-04:00,254.7867889404297
2018-07-25 00:00:00-04:00,257.1499938964844
2018-07-26 00:00:00-04:00,256.26043701171875
2018-07-27 00:00:00-04:00,254.61607360839844
2018-07-30 00:00:00-04:00,253.1873779296875
2018-07-31 00:00:00-04:00,254.54417419433594
2018-08-01 00:00:00-04:00,254.18484497070312
2018-08-02 00:00:00-04:00,255.39784240722656
2018-08-03 00:00:00-04:00,256.583984375
2018-08-06 00:00:00-04:00,257.5723571777344
2018-08-07 00:00:00-04:00,258.30914306640625
2018-08-08 00:00:00-04:00,258.2193603515625
2018-08-09 00:00:00-04:00,257.9857482910156
2018-08-10 00:00:00-04:00,256.1526794433594
2018-08-13 00:00:00-04:00,255.29002380371094
2018-08-14 00:00:00-04:00,256.9254150390625
2018-08-15 00:00:00-04:00,254.87669372558594
2018-08-16 00:00:00-04:00,257.07818603515625
2018-08-17 00:00:00-04:00,257.9228820800781
2018-08-20 00:00:00-04:00,258.5517272949219
2018-08-21 00:00:00-04:00,258.9920349121094
2018-08-22 00:00:00-04:00,258.9830017089844
2018-08-23 00:00:00-04:00,258.5427551269531
2018-08-24 00:00:00-04:00,260.1512756347656
2018-08-27 00:00:00-04:00,262.2088928222656
2018-08-28 00:00:00-04:00,262.28082275390625
2018-08-29 00:00:00-04:00,263.7634582519531
2018-08-30 00:00:00-04:00,262.6402282714844
2018-08-31 00:00:00-04:00,262.77496337890625
2018-09-04 00:00:00-04:00,262.3347473144531
2018-09-05 00:00:00-04:00,261.62481689453125
2018-09-06 00:00:00-04:00,260.8611145019531
2018-09-07 00:00:00-04:00,260.2231750488281
2018-09-10 00:00:00-04:00,260.8071594238281
2018-09-11 00:00:00-04:00,261.6787414550781
2018-09-12 00:00:00-04:00,261.6966857910156
2018-09-13 00:00:00-04:00,263.2063293457031
2018-09-14 00:00:00-04:00,263.1973571777344
2018-09-17 00:00:00-04:00,261.8764343261719
2018-09-18 00:00:00-04:00,263.3411560058594
2018-09-19 00:00:00-04:00,263.5298767089844
2018-09-20 00:00:00-04:00,265.75823974609375
2018-09-21 00:00:00-04:00,265.3988342285156
2018-09-24 00:00:00-04:00,264.5990905761719
2018-09-25 00:00:00-04:00,264.32049560546875
2018-09-26 00:00:00-04:00,263.5416564941406
2018-09-27 00:00:00-04:00,264.263671875
2018-09-28 00:00:00-04:00,264.1824645996094
2018-10-01 00:00:00-04:00,265.2112731933594
2018-10-02 00:00:00-04:00,265.1029968261719
2018-10-03 00:00:00-04:00,265.2834777832031
2018-10-04 00:00:00-04:00,263.28900146484375
2018-10-05 00:00:00-04:00,261.65557861328125
2018-10-08 00:00:00-04:00,261.6645812988281
2018-10-09 00:00:00-04:00,261.34869384765625
2018-10-10 00:00:00-04:00,252.91957092285156
2018-10-11 00:00:00-04:00,247.57684326171875
2018-10-12 00:00:00-04:00,250.91607666015625
2018-10-15 00:00:00-04:00,249.56234741210938
2018-10-16 00:00:00-04:00,255.0584716796875
2018-10-17 00:00:00-04:00,255.0041961669922
2018-10-18 00:00:00-04:00,251.34918212890625
2018-10-19 00:00:00-04:00,251.13259887695312
2018-10-22 00:00:00-04:00,250.1850128173828
2018-10-23 00:00:00-04:00,248.6959228515625
2018-10-24 00:00:00-04:00,241.0880889892578
2018-10-25 00:00:00-04:00,245.4921112060547
2018-10-26 00:00:00-04:00,241.0519561767578
2018-10-29 00:00:00-04:00,239.70724487304688
2018-10-30 00:00:00-04:00,243.5427703857422
2018-10-31 00:00:00-04:00,246.1600341796875
2018-11-01 00:00:00-04:00,248.560546875
2018-11-02 00:00:00-04:00,247.1798095703125
2018-11-05 00:00:00-05:00,248.6959228515625
2018-11-06 00:00:00-05:00,250.13082885742188
2018-11-07 00:00:00-05:00,255.51873779296875
2018-11-08 00:00:00-05:00,254.96810913085938
2018-11-09 00:00:00-05:00,252.6577911376953
2018-11-12 00:00:00-05:00,247.73931884765625
2018-11-13 00:00:00-05:00,247.37828063964844
2018-11-14 00:00:00-05:00,245.6636199951172
2018-11-15 00:00:00-05:00,248.1454620361328
2018-11-16 00:00:00-05:00,248.8493194580078
2018-11-19 00:00:00-05:00,244.68890380859375
2018-11-20 00:00:00-05:00,240.14950561523438
2018-11-21 00:00:00-05:00,240.92562866210938
2018-11-23 00:00:00-05:00,239.43650817871094
2018-11-26 00:00:00-05:00,243.19082641601562
2018-11-27 00:00:00-05:00,243.95790100097656
2018-11-28 00:00:00-05:00,249.6525115966797
2018-11-29 00:00:00-05:00,249.14715576171875
2018-11-30 00:00:00-05:00,250.88897705078125
2018-12-03 00:00:00-05:00,253.9303436279297
2018-12-04 00:00:00-05:00,245.95236206054688
2018-12-06 00:00:00-05:00,245.31163024902344
2018-12-07 00:00:00-05:00,239.69821166992188
2018-12-10 00:00:00-05:00,240.0592498779297
2018-12-11 00:00:00-05:00,240.1043243408203
2018-12-12 00:00:00-05:00,241.40394592285156
2018-12-13 00:00:00-05:00,241.1782989501953
2018-12-14 00:00:00-05:00,236.810302734375
2018-12-17 00:00:00-05:00,231.9934844970703
2018-12-18 00:00:00-05:00,231.9662322998047
2018-12-19 00:00:00-05:00,228.44529724121094
2018-12-20 00:00:00-05:00,224.5341339111328
2018-12-21 00:00:00-05:00,219.9241943359375
2018-12-24 00:00:00-05:00,214.24346923828125
2018-12-26 00:00:00-05:00,224.75189208984375
2018-12-27 00:00:00-05:00,226.92076110839844
2018-12-28 00:00:00-05:00,226.550048828125
2018-12-31 00:00:00-05:00,228.62173461914062
2019-01-02 00:00:00-05:00,228.72164916992188
2019-01-03 00:00:00-05:00,223.00636291503906
2019-01-04 00:00:00-05:00,230.84786987304688
2019-01-07 00:00:00-05:00,232.40164184570312
2019-01-08 00:00:00-05:00,234.69140625
2019-01-09 00:00:00-05:00,235.7816925048828
2019-01-10 00:00:00-05:00,236.70855712890625
2019-01-11 00:00:00-05:00,236.58139038085938
2019-01-14 00:00:00-05:00,235.43646240234375
2019-01-15 00:00:00-05:00,237.98062133789062
2019-01-16 00:00:00-05:00,238.607666015625
2019-01-17 00:00:00-05:00,240.36131286621094
2019-01-18 00:00:00-05:00,243.5778045654297
2019-01-22 00:00:00-05:00,240.3340301513672
2019-01-23 00:00:00-05:00,240.6792755126953
2019-01-24 00:00:00-05:00,240.9155731201172
2019-01-25 00:00:00-05:00,243.05990600585938
2019-01-28 00:00:00-05:00,241.10635375976562
2019-01-29 00:00:00-05:00,240.77017211914062
2019-01-30 00:00:00-05:00,244.6319122314453
2019-01-31 00:00:00-05:00,246.73988342285156
2019-02-01 00:00:00-05:00,246.87612915039062
2019-02-04 00:00:00-05:00,248.6479949951172
2019-02-05 00:00:00-05:00,249.71116638183594
2019-02-06 00:00:00-05:00,249.33859252929688
2019-02-07 00:00:00-05:00,246.9942169189453
2019-02-08 00:00:00-05:00,247.2668914794922
2019-02-11 00:00:00-05:00,247.40321350097656
2019-02-12 00:00:00-05:00,250.61976623535156
2019-02-13 00:00:00-05:00,251.383056640625
2019-02-14 00:00:00-05:00,250.81056213378906
2019-02-15 00:00:00-05:00,253.6546173095703
2019-02-19 00:00:00-05:00,254.0089569091797
2019-02-20 00:00:00-05:00,254.4996337890625
2019-02-21 00:00:00-05:00,253.70001220703125
2019-02-22 00:00:00-05:00,255.1629638671875
2019-02-25 00:00:00-05:00,255.56277465820312
2019-02-26 00:00:00-05:00,255.3719482421875
2019-02-27 00:00:00-05:00,255.24472045898438
2019-02-28 00:00:00-05:00,254.70864868164062
2019-03-01 00:00:00-05:00,256.51678466796875
2019-03-04 00:00:00-05:00,255.47189331054688
2019-03-05 00:00:00-05:00,255.14480590820312
2019-03-06 00:00:00-05:00,253.51834106445312
2019-03-07 00:00:00-05:00,251.47390747070312
2019-03-08 00:00:00-05:00,250.96510314941406
2019-03-11 00:00:00-04:00,254.60867309570312
2019-03-12 00:00:00-04:00,255.50816345214844
2019-03-13 00:00:00-04:00,257.2800598144531
2019-03-14 00:00:00-04:00,257.1528015136719
2019-03-15 00:00:00-04:00,258.306884765625
2019-03-18 00:00:00-04:00,259.3336181640625
2019-03-19 00:00:00-04:00,259.4516906738281
2019-03-20 00:00:00-04:00,258.5212097167969
2019-03-21 00:00:00-04:00,261.422119140625
2019-03-22 00:00:00-04:00,256.4869384765625
2019-03-25 00:00:00-04:00,256.2588195800781
2019-03-26 00:00:00-04:00,258.12890625
2019-03-27 00:00:00-04:00,256.87005615234375
2019-03-28 00:00:00-04:00,257.8826904296875
2019-03-29 00:00:00-04:00,259.5885009765625
2019-04-01 00:00:00-04:00,262.58984375
2019-04-02 00:00:00-04:00,262.6536560058594
2019-04-03 00:00:00-04:00,263.12811279296875
2019-04-04 00:00:00-04:00,263.75750732421875
2019-04-05 00:00:00-04:00,264.961669921875
2019-04-08 00:00:00-04:00,265.2535400390625
2019-04-09 00:00:00-04:00,263.8852233886719
2019-04-10 00:00:00-04:00,264.7518615722656
2019-04-11 00:00:00-04:00,264.7336120605469
2019-04-12 00:00:00-04:00,266.5216064453125
2019-04-15 00:00:00-04:00,266.3027038574219
2019-04-16 00:00:00-04:00,266.5033264160156
2019-04-17 00:00:00-04:00,265.80096435546875
2019-04-18 00:00:00-04:00,266.37567138671875
2019-04-22 00:00:00-04:00,266.6492614746094
2019-04-23 00:00:00-04:00,268.9664001464844
2019-04-24 00:00:00-04:00,268.4008483886719
2019-04-25 00:00:00-04:00,268.23663330078125
2019-04-26 00:00:00-04:00,269.5411376953125
2019-04-29 00:00:00-04:00,269.8330993652344
2019-04-30 00:00:00-04:00,269.96990966796875
2019-05-01 00:00:00-04:00,268.0176696777344
2019-05-02 00:00:00-04:00,267.52508544921875
2019-05-03 00:00:00-04:00,270.0337829589844
2019-05-06 00:00:00-04:00,269.02117919921875
2019-05-07 00:00:00-04:00,264.4690246582031
2019-05-08 00:00:00-04:00,264.11322021484375
2019-05-09 00:00:00-04:00,263.38348388671875
2019-05-10 00:00:00-04:00,264.55120849609375
2019-05-13 00:00:00-04:00,257.98291015625
2019-05-14 00:00:00-04:00,260.2818298339844
2019-05-15 00:00:00-04:00,261.84173583984375
2019-05-16 00:00:00-04:00,264.14971923828125
2019-05-17 00:00:00-04:00,262.6354064941406
2019-05-20 00:00:00-04:00,260.8839111328125
2019-05-21 00:00:00-04:00,263.16455078125
2019-05-22 00:00:00-04:00,262.4073486328125
2019-05-23 00:00:00-04:00,259.1324768066406
2019-05-24 00:00:00-04:00,259.77093505859375
2019-05-28 00:00:00-04:00,257.32611083984375
2019-05-29 00:00:00-04:00,255.6475830078125
2019-05-30 00:00:00-04:00,256.22235107421875
2019-05-31 00:00:00-04:00,252.9656219482422
2019-06-03 00:00:00-04:00,252.12640380859375
2019-06-04 00:00:00-04:00,257.65460205078125
2019-06-05 00:00:00-04:00,259.8621520996094
2019-06-06 00:00:00-04:00,261.59552001953125
2019-06-07 00:00:00-04:00,264.2501525878906
2019-06-10 00:00:00-04:00,265.46343994140625
2019-06-11 00:00:00-04:00,265.4178466796875
2019-06-12 00:00:00-04:00,264.8157043457031
2019-06-13 00:00:00-04:00,266.02899169921875
2019-06-14 00:00:00-04:00,265.69146728515625
2019-06-17 00:00:00-04:00,265.93743896484375
2019-06-18 00:00:00-04:00,268.4247741699219
2019-06-19 00:00:00-04:00,269.1498718261719
2019-06-20 00:00:00-04:00,271.70147705078125
2019-06-21 00:00:00-04:00,271.2885437011719
2019-06-24 00:00:00-04:00,271.0131530761719
2019-06-25 00:00:00-04:00,268.38812255859375
2019-06-26 00:00:00-04:00,268.0851745605469
2019-06-27 00:00:00-04:00,269.1866455078125
2019-06-28 00:00:00-04:00,270.535888671875
2019-07-01 00:00:00-04:00,272.8947448730469
2019-07-02 00:00:00-04:00,273.72991943359375
2019-07-03 00:00:00-04:00,275.7951965332031
2019-07-05 00:00:00-04:00,275.4463806152344
2019-07-08 00:00:00-04:00,274.0236511230469
2019-07-09 00:00:00-04:00,274.46429443359375
2019-07-10 00:00:00-04:00,275.7217102050781
2019-07-11 00:00:00-04:00,276.2080993652344
2019-07-12 00:00:00-04:00,277.6400146484375
2019-07-15 00:00:00-04:00,277.6124572753906
2019-07-16 00:00:00-04:00,276.67626953125
2019-07-17 00:00:00-04:00,274.877197265625
2019-07-18 00:00:00-04:00,275.951171875
2019-07-19 00:00:00-04:00,274.3449401855469
2019-07-22 00:00:00-04:00,274.9689636230469
2019-07-23 00:00:00-04:00,276.93316650390625
2019-07-24 00:00:00-04:00,278.26416015625
2019-07-25 00:00:00-04:00,276.924072265625
2019-07-26 00:00:00-04:00,278.8148193359375
2019-07-29 00:00:00-04:00,278.31005859375
2019-07-30 00:00:00-04:00,277.6308288574219
2019-07-31 00:00:00-04:00,274.6478576660156
2019-08-01 00:00:00-04:00,272.1604309082031
2019-08-02 00:00:00-04:00,270.2330017089844
2019-08-05 00:00:00-04:00,262.1100158691406
2019-08-06 00:00:00-04:00,265.6070556640625
2019-08-07 00:00:00-04:00,265.864013671875
2019-08-08 00:00:00-04:00,271.02227783203125
2019-08-09 00:00:00-04:00,269.260009765625
2019-08-12 00:00:00-04:00,266.001708984375
2019-08-13 00:00:00-04:00,270.1045227050781
2019-08-14 00:00:00-04:00,262.13751220703125
2019-08-15 00:00:00-04:00,262.8167724609375
2019-08-16 00:00:00-04:00,266.70843505859375
2019-08-19 00:00:00-04:00,269.9117126464844
2019-08-20 00:00:00-04:00,267.819091796875
2019-08-21 00:00:00-04:00,270.01275634765625
2019-08-22 00:00:00-04:00,269.9117126464844
2019-08-23 00:00:00-04:00,262.93609619140625
2019-08-26 00:00:00-04:00,265.864013671875
2019-08-27 00:00:00-04:00,264.8451232910156
2019-08-28 00:00:00-04:00,266.6349792480469
2019-08-29 00:00:00-04:00,270.1045227050781
2019-08-30 00:00:00-04:00,270.0953063964844
2019-09-03 00:00:00-04:00,268.38812255859375
2019-09-04 00:00:00-04:00,271.46282958984375
2019-09-05 00:00:00-04:00,275.014892578125
2019-09-06 00:00:00-04:00,275.1985168457031
2019-09-09 00:00:00-04:00,275.3270568847656
2019-09-10 00:00:00-04:00,275.3086853027344
2019-09-11 00:00:00-04:00,277.3004150390625
2019-09-12 00:00:00-04:00,278.1814880371094
2019-09-13 00:00:00-04:00,277.9888000488281
2019-09-16 00:00:00-04:00,277.1719055175781
2019-09-17 00:00:00-04:00,277.8419189453125
2019-09-18 00:00:00-04:00,278.0438537597656
2019-09-19 00:00:00-04:00,278.0071716308594
2019-09-20 00:00:00-04:00,276.474365234375
2019-09-23 00:00:00-04:00,276.6212158203125
2019-09-24 00:00:00-04:00,274.4194641113281
2019-09-25 00:00:00-04:00,275.9690246582031
2019-09-26 00:00:00-04:00,275.4156188964844
2019-09-27 00:00:00-04:00,273.9490051269531
2019-09-30 00:00:00-04:00,275.35101318359375
2019-10-01 00:00:00-04:00,272.0212097167969
2019-10-02 00:00:00-04:00,267.1511535644531
2019-10-03 00:00:00-04:00,269.3740234375
2019-10-04 00:00:00-04:00,273.0451354980469
2019-10-07 00:00:00-04:00,271.818359375
2019-10-08 00:00:00-04:00,267.6123352050781
2019-10-09 00:00:00-04:00,270.1488037109375
2019-10-10 00:00:00-04:00,272.05816650390625
2019-10-11 00:00:00-04:00,274.7699890136719
2019-10-14 00:00:00-04:00,274.58544921875
2019-10-15 00:00:00-04:00,277.2880554199219
2019-10-16 00:00:00-04:00,276.7807922363281
2019-10-17 00:00:00-04:00,277.5555419921875
2019-10-18 00:00:00-04:00,276.34722900390625
2019-10-21 00:00:00-04:00,278.33038330078125
2019-10-22 00:00:00-04:00,277.3619079589844
2019-10-23 00:00:00-04:00,278.1643981933594
2019-10-24 00:00:00-04:00,278.6624450683594
2019-10-25 00:00:00-04:00,279.769287109375
2019-10-28 00:00:00-04:00,281.3373107910156
2019-10-29 00:00:00-04:00,281.2451477050781
2019-10-30 00:00:00-04:00,282.130615234375
2019-10-31 00:00:00-04:00,281.30047607421875
2019-11-01 00:00:00-04:00,284.0491943359375
2019-11-04 00:00:00-05:00,285.119140625
2019-11-05 00:00:00-05:00,284.77789306640625
2019-11-06 00:00:00-05:00,284.90704345703125
2019-11-07 00:00:00-05:00,285.921630859375
2019-11-08 00:00:00-05:00,286.55810546875
2019-11-11 00:00:00-05:00,286.0876770019531
2019-11-12 00:00:00-05:00,286.5765380859375
2019-11-13 00:00:00-05:00,286.7333679199219
2019-11-14 00:00:00-05:00,287.1391906738281
2019-11-15 00:00:00-05:00,289.2699279785156
2019-11-18 00:00:00-05:00,289.39898681640625
2019-11-19 00:00:00-05:00,289.3345031738281
2019-11-20 00:00:00-05:00,288.2644958496094
2019-11-21 00:00:00-05:00,287.8495178222656
2019-11-22 00:00:00-05:00,288.46746826171875
2019-11-25 00:00:00-05:00,290.6442565917969
2019-11-26 00:00:00-05:00,291.2253723144531
2019-11-27 00:00:00-05:00,292.6274719238281
2019-11-29 00:00:00-05:00,291.5297546386719
2019-12-02 00:00:00-05:00,289.0853576660156
2019-12-03 00:00:00-05:00,287.0930480957031
2019-12-04 00:00:00-05:00,288.8732604980469
2019-12-05 00:00:00-05:00,289.4819641113281
2019-12-06 00:00:00-05:00,292.06475830078125
2019-12-09 00:00:00-05:00,291.1977233886719
2019-12-10 00:00:00-05:00,290.89324951171875
2019-12-11 00:00:00-05:00,291.6311950683594
2019-12-12 00:00:00-05:00,294.21380615234375
2019-12-13 00:00:00-05:00,294.31536865234375
2019-12-16 00:00:00-05:00,296.4309997558594
2019-12-17 00:00:00-05:00,296.4588623046875
2019-12-18 00:00:00-05:00,296.4774169921875
2019-12-19 00:00:00-05:00,297.74920654296875
2019-12-20 00:00:00-05:00,299.2716064453125
2019-12-23 00:00:00-05:00,299.48516845703125
2019-12-24 00:00:00-05:00,299.5223083496094
2019-12-26 00:00:00-05:00,301.0726013183594
2019-12-27 00:00:00-05:00,301.0169677734375
2019-12-30 00:00:00-05:00,299.392333984375
2019-12-31 00:00:00-05:00,300.07000732421875
2020-01-02 00:00:00-05:00,302.9292297363281
2020-01-03 00:00:00-05:00,300.59918212890625
2020-01-06 00:00:00-05:00,301.78741455078125
2020-01-07 00:00:00-05:00,300.9612121582031
2020-01-08 00:00:00-05:00,302.49298095703125
2020-01-09 00:00:00-05:00,304.5351867675781
2020-01-10 00:00:00-05:00,303.6904602050781
2020-01-13 00:00:00-05:00,305.81634521484375
2020-01-14 00:00:00-05:00,305.3429260253906
2020-01-15 00:00:00-05:00,306.02984619140625
2020-01-16 00:00:00-05:00,308.5733947753906
2020-01-17 00:00:00-05:00,309.59454345703125
2020-01-21 00:00:00-05:00,308.9261474609375
2020-01-22 00:00:00-05:00,308.9911193847656
2020-01-23 00:00:00-05:00,309.3717956542969
2020-01-24 00:00:00-05:00,306.5590515136719
2020-01-27 00:00:00-05:00,301.5831604003906
2020-01-28 00:00:00-05:00,304.79510498046875
2020-01-29 00:00:00-05:00,304.5816955566406
2020-01-30 00:00:00-05:00,305.50067138671875
2020-01-31 00:00:00-05:00,300.07000732421875
2020-02-03 00:00:00-05:00,302.2237854003906
2020-02-04 00:00:00-05:00,306.9117126464844
2020-02-05 00:00:00-05:00,310.3279113769531
2020-02-06 00:00:00-05:00,311.51617431640625
2020-02-07 00:00:00-05:00,309.8266296386719
2020-02-10 00:00:00-05:00,312.11956787109375
2020-02-11 00:00:00-05:00,312.6951599121094
2020-02-12 00:00:00-05:00,314.7003479003906
2020-02-13 00:00:00-05:00,314.31036376953125
2020-02-14 00:00:00-05:00,314.7653503417969
2020-02-18 00:00:00-05:00,314.013427734375
2020-02-19 00:00:00-05:00,315.51727294921875
2020-02-20 00:00:00-05:00,314.2268981933594
2020-02-21 00:00:00-05:00,310.996337890625
2020-02-24 00:00:00-05:00,300.6177062988281
2020-02-25 00:00:00-05:00,291.6037902832031
2020-02-26 00:00:00-05:00,290.4804992675781
2020-02-27 00:00:00-05:00,277.29827880859375
2020-02-28 00:00:00-05:00,274.6990661621094
2020-03-02 00:00:00-05:00,288.1504211425781
2020-03-03 00:00:00-05:00,279.88836669921875
2020-03-04 00:00:00-05:00,292.18853759765625
2020-03-05 00:00:00-05:00,281.986328125
2020-03-06 00:00:00-05:00,277.2890930175781
2020-03-09 00:00:00-04:00,255.1022491455078
2020-03-10 00:00:00-04:00,268.7949523925781
2020-03-11 00:00:00-04:00,255.72421264648438
2020-03-12 00:00:00-04:00,231.1144256591797
2020-03-13 00:00:00-04:00,252.08517456054688
2020-03-16 00:00:00-04:00,222.9080810546875
2020-03-17 00:00:00-04:00,237.0835418701172
2020-03-18 00:00:00-04:00,223.88282775878906
2020-03-19 00:00:00-04:00,224.7090301513672
2020-03-20 00:00:00-04:00,214.59031677246094
2020-03-23 00:00:00-04:00,208.5469970703125
2020-03-24 00:00:00-04:00,228.25523376464844
2020-03-25 00:00:00-04:00,231.17063903808594
2020-03-26 00:00:00-04:00,245.0892791748047
2020-03-27 00:00:00-04:00,237.49473571777344
2020-03-30 00:00:00-04:00,245.0799102783203
2020-03-31 00:00:00-04:00,241.38076782226562
2020-04-01 00:00:00-04:00,230.54478454589844
2020-04-02 00:00:00-04:00,235.95343017578125
2020-04-03 00:00:00-04:00,232.6185760498047
2020-04-06 00:00:00-04:00,248.29336547851562
2020-04-07 00:00:00-04:00,248.3961181640625
2020-04-08 00:00:00-04:00,256.8873596191406
2020-04-09 00:00:00-04:00,260.736083984375
2020-04-13 00:00:00-04:00,258.2325744628906
2020-04-14 00:00:00-04:00,266.0699462890625
2020-04-15 00:00:00-04:00,260.2223205566406
2020-04-16 00:00:00-04:00,261.6047668457031
2020-04-17 00:00:00-04:00,268.6387939453125
2020-04-20 00:00:00-04:00,263.85614013671875
2020-04-21 00:00:00-04:00,255.822509765625
2020-04-22 00:00:00-04:00,261.61419677734375
2020-04-23 00:00:00-04:00,261.5394287109375
2020-04-24 00:00:00-04:00,265.20123291015625
2020-04-27 00:00:00-04:00,269.20867919921875
2020-04-28 00:00:00-04:00,267.7607116699219
2020-04-29 00:00:00-04:00,274.7574462890625
2020-04-30 00:00:00-04:00,271.9830322265625
2020-05-01 00:00:00-04:00,264.8556213378906
2020-05-04 00:00:00-04:00,265.8831787109375
2020-05-05 00:00:00-04:00,268.2278747558594
2020-05-06 00:00:00-04:00,266.46234130859375
2020-05-07 00:00:00-04:00,269.6197509765625
2020-05-08 00:00:00-04:00,274.131591796875
2020-05-11 00:00:00-04:00,274.1222839355469
2020-05-12 00:00:00-04:00,268.53607177734375
2020-05-13 00:00:00-04:00,263.9307556152344
2020-05-14 00:00:00-04:00,267.0882263183594
2020-05-15 00:00:00-04:00,268.2465515136719
2020-05-18 00:00:00-04:00,276.5417175292969
2020-05-19 00:00:00-04:00,273.6925354003906
2020-05-20 00:00:00-04:00,278.3631896972656
2020-05-21 00:00:00-04:00,276.3268127441406
2020-05-22 00:00:00-04:00,276.8872985839844
2020-05-26 00:00:00-04:00,280.3995666503906
2020-05-27 00:00:00-04:00,284.4911193847656
2020-05-28 00:00:00-04:00,283.9306945800781
2020-05-29 00:00:00-04:00,285.0796813964844
2020-06-01 00:00:00-04:00,286.4808044433594
2020-06-02 00:00:00-04:00,288.86285400390625
2020-06-03 00:00:00-04:00,292.74896240234375
2020-06-04 00:00:00-04:00,291.7680358886719
2020-06-05 00:00:00-04:00,299.3719177246094
2020-06-08 00:00:00-04:00,303.0337829589844
2020-06-09 00:00:00-04:00,300.8011779785156
2020-06-10 00:00:00-04:00,299.0262756347656
2020-06-11 00:00:00-04:00,281.72607421875
2020-06-12 00:00:00-04:00,285.2477722167969
2020-06-15 00:00:00-04:00,287.86578369140625
2020-06-16 00:00:00-04:00,293.4000244140625
2020-06-17 00:00:00-04:00,292.0774230957031
2020-06-18 00:00:00-04:00,292.30255126953125
2020-06-19 00:00:00-04:00,290.52032470703125
2020-06-22 00:00:00-04:00,292.6027526855469
2020-06-23 00:00:00-04:00,293.7940368652344
2020-06-24 00:00:00-04:00,286.3742980957031
2020-06-25 00:00:00-04:00,289.3759460449219
2020-06-26 00:00:00-04:00,282.47222900390625
2020-06-29 00:00:00-04:00,286.7120361328125
2020-06-30 00:00:00-04:00,290.4922180175781
2020-07-01 00:00:00-04:00,292.4808654785156
2020-07-02 00:00:00-04:00,294.0190734863281
2020-07-06 00:00:00-04:00,298.5308837890625
2020-07-07 00:00:00-04:00,295.4542541503906
2020-07-08 00:00:00-04:00,297.65863037109375
2020-07-09 00:00:00-04:00,296.1484069824219
2020-07-10 00:00:00-04:00,299.13128662109375
2020-07-13 00:00:00-04:00,296.4767150878906
2020-07-14 00:00:00-04:00,300.3225402832031
2020-07-15 00:00:00-04:00,303.1272277832031
2020-07-16 00:00:00-04:00,302.07659912109375
2020-07-17 00:00:00-04:00,302.96771240234375
2020-07-20 00:00:00-04:00,305.4721984863281
2020-07-21 00:00:00-04:00,306.0256042480469
2020-07-22 00:00:00-04:00,307.8266296386719
2020-07-23 00:00:00-04:00,304.1026916503906
2020-07-24 00:00:00-04:00,302.16107177734375
2020-07-27 00:00:00-04:00,304.38409423828125
2020-07-28 00:00:00-04:00,302.5080871582031
2020-07-29 00:00:00-04:00,306.1475830078125
2020-07-30 00:00:00-04:00,305.0970153808594
2020-07-31 00:00:00-04:00,307.49835205078125
2020-08-03 00:00:00-04:00,309.6463317871094
2020-08-04 00:00:00-04:00,310.7625427246094
2020-08-05 00:00:00-04:00,312.7792663574219
2020-08-06 00:00:00-04:00,314.8992004394531
2020-08-07 00:00:00-04:00,315.124267578125
2020-08-10 00:00:00-04:00,316.0716247558594
2020-08-11 00:00:00-04:00,313.4265441894531
2020-08-12 00:00:00-04:00,317.797607421875
2020-08-13 00:00:00-04:00,317.2536315917969
2020-08-14 00:00:00-04:00,317.2254333496094
2020-08-17 00:00:00-04:00,318.2479248046875
2020-08-18 00:00:00-04:00,318.9233093261719
2020-08-19 00:00:00-04:00,317.6288146972656
2020-08-20 00:00:00-04:00,318.6043395996094
2020-08-21 00:00:00-04:00,319.72064208984375
2020-08-24 00:00:00-04:00,323.00360107421875
2020-08-25 00:00:00-04:00,324.07293701171875
2020-08-26 00:00:00-04:00,327.3653564453125
2020-08-27 00:00:00-04:00,328.0782775878906
2020-08-28 00:00:00-04:00,330.17938232421875
2020-08-31 00:00:00-04:00,329.0256042480469
2020-09-01 00:00:00-04:00,332.1116638183594
2020-09-02 00:00:00-04:00,336.97052001953125
2020-09-03 00:00:00-04:00,325.320556640625
2020-09-04 00:00:00-04:00,322.6565246582031
2020-09-08 00:00:00-04:00,313.88616943359375
2020-09-09 00:00:00-04:00,320.0301513671875
2020-09-10 00:00:00-04:00,314.43951416015625
2020-09-11 00:00:00-04:00,314.5897216796875
2020-09-14 00:00:00-04:00,318.773193359375
2020-09-15 00:00:00-04:00,320.3959655761719
2020-09-16 00:00:00-04:00,319.1202392578125
2020-09-17 00:00:00-04:00,316.3813171386719
2020-09-18 00:00:00-04:00,312.6761779785156
2020-09-21 00:00:00-04:00,309.1960754394531
2020-09-22 00:00:00-04:00,312.32904052734375
2020-09-23 00:00:00-04:00,305.0603332519531
2020-09-24 00:00:00-04:00,305.8612976074219
2020-09-25 00:00:00-04:00,310.83648681640625
2020-09-28 00:00:00-04:00,316.0001525878906
2020-09-29 00:00:00-04:00,314.2569580078125
2020-09-30 00:00:00-04:00,316.65966796875
2020-10-01 00:00:00-04:00,318.7138366699219
2020-10-02 00:00:00-04:00,315.7080078125
2020-10-05 00:00:00-04:00,321.22027587890625
2020-10-06 00:00:00-04:00,316.65966796875
2020-10-07 00:00:00-04:00,322.1626281738281
2020-10-08 00:00:00-04:00,325.0648498535156
2020-10-09 00:00:00-04:00,327.9198913574219
2020-10-12 00:00:00-04:00,333.27197265625
2020-10-13 00:00:00-04:00,331.10479736328125
2020-10-14 00:00:00-04:00,329.0317687988281
2020-10-15 00:00:00-04:00,328.6265563964844
2020-10-16 00:00:00-04:00,328.3345031738281
2020-10-19 00:00:00-04:00,323.4064636230469
2020-10-20 00:00:00-04:00,324.678466796875
2020-10-21 00:00:00-04:00,324.047119140625
2020-10-22 00:00:00-04:00,325.8939514160156
2020-10-23 00:00:00-04:00,326.9304504394531
2020-10-26 00:00:00-04:00,320.92822265625
2020-10-27 00:00:00-04:00,319.83514404296875
2020-10-28 00:00:00-04:00,308.95196533203125
2020-10-29 00:00:00-04:00,312.0331726074219
2020-10-30 00:00:00-04:00,308.7069396972656
2020-11-02 00:00:00-05:00,312.23101806640625
2020-11-03 00:00:00-05:00,317.809326171875
2020-11-04 00:00:00-05:00,324.8292236328125
2020-11-05 00:00:00-05:00,331.1801452636719
2020-11-06 00:00:00-05:00,331.15185546875
2020-11-09 00:00:00-05:00,335.2884216308594
2020-11-10 00:00:00-05:00,334.8550109863281
2020-11-11 00:00:00-05:00,337.2671203613281
2020-11-12 00:00:00-05:00,334.05401611328125
2020-11-13 00:00:00-05:00,338.5957946777344
2020-11-16 00:00:00-05:00,342.79827880859375
2020-11-17 00:00:00-05:00,341.0551452636719
2020-11-18 00:00:00-05:00,336.9468688964844
2020-11-19 00:00:00-05:00,338.31317138671875
2020-11-20 00:00:00-05:00,336.04229736328125
2020-11-23 00:00:00-05:00,338.0587158203125
2020-11-24 00:00:00-05:00,343.4673767089844
2020-11-25 00:00:00-05:00,342.9773864746094
2020-11-27 00:00:00-05:00,343.9102478027344
2020-11-30 00:00:00-05:00,342.34600830078125
2020-12-01 00:00:00-05:00,346.1151123046875
2020-12-02 00:00:00-05:00,346.85015869140625
2020-12-03 00:00:00-05:00,346.78411865234375
2020-12-04 00:00:00-05:00,349.7616882324219
2020-12-07 00:00:00-05:00,349.11151123046875
2020-12-08 00:00:00-05:00,350.0821533203125
2020-12-09 00:00:00-05:00,347.0197448730469
2020-12-10 00:00:00-05:00,346.8312072753906
2020-12-11 00:00:00-05:00,346.3977966308594
2020-12-14 00:00:00-05:00,344.8266906738281
2020-12-15 00:00:00-05:00,349.5209655761719
2020-12-16 00:00:00-05:00,350.0793151855469
2020-12-17 00:00:00-05:00,352.02899169921875
2020-12-18 00:00:00-05:00,350.6376953125
2020-12-21 00:00:00-05:00,349.48309326171875
2020-12-22 00:00:00-05:00,348.81121826171875
2020-12-23 00:00:00-05:00,349.11407470703125
2020-12-24 00:00:00-05:00,350.4673767089844
2020-12-28 00:00:00-05:00,353.514892578125
2020-12-29 00:00:00-05:00,352.83349609375
2020-12-30 00:00:00-05:00,353.29718017578125
2020-12-31 00:00:00-05:00,355.2751770019531
2021-01-04 00:00:00-05:00,350.3822021484375
2021-01-05 00:00:00-05:00,352.7009582519531
2021-01-06 00:00:00-05:00,354.83038330078125
2021-01-07 00:00:00-05:00,360.0830078125
2021-01-08 00:00:00-05:00,362.1367492675781
2021-01-11 00:00:00-05:00,359.7706604003906
2021-01-12 00:00:00-05:00,359.82745361328125
2021-01-13 00:00:00-05:00,360.7360534667969
2021-01-14 00:00:00-05:00,359.4867858886719
2021-01-15 00:00:00-05:00,356.8935546875
2021-01-19 00:00:00-05:00,359.68548583984375
2021-01-20 00:00:00-05:00,364.6352233886719
2021-01-21 00:00:00-05:00,364.95709228515625
2021-01-22 00:00:00-05:00,363.71722412109375
2021-01-25 00:00:00-05:00,365.1651916503906
2021-01-26 00:00:00-05:00,364.62579345703125
2021-01-27 00:00:00-05:00,355.7294921875
2021-01-28 00:00:00-05:00,358.7390441894531
2021-01-29 00:00:00-05:00,351.612548828125
2021-02-01 00:00:00-05:00,357.3668212890625
2021-02-02 00:00:00-05:00,362.4395446777344
2021-02-03 00:00:00-05:00,362.7235107421875
2021-02-04 00:00:00-05:00,366.8309631347656
2021-02-05 00:00:00-05:00,368.26947021484375
2021-02-08 00:00:00-05:00,371.0425109863281
2021-02-09 00:00:00-05:00,370.7301940917969
2021-02-10 00:00:00-05:00,370.57879638671875
2021-02-11 00:00:00-05:00,371.20343017578125
2021-02-12 00:00:00-05:00,373.058349609375
2021-02-16 00:00:00-05:00,372.76495361328125
2021-02-17 00:00:00-05:00,372.812255859375
2021-02-18 00:00:00-05:00,371.2318115234375
2021-02-19 00:00:00-05:00,370.5314636230469
2021-02-22 00:00:00-05:00,367.711181640625
2021-02-23 00:00:00-05:00,368.09912109375
2021-02-24 00:00:00-05:00,372.14031982421875
2021-02-25 00:00:00-05:00,363.21563720703125
2021-02-26 00:00:00-05:00,361.3133239746094
2021-03-01 00:00:00-05:00,370.07708740234375
2021-03-02 00:00:00-05:00,367.2283935546875
2021-03-03 00:00:00-05:00,362.3260192871094
2021-03-04 00:00:00-05:00,357.8399963378906
2021-03-05 00:00:00-05:00,364.43646240234375
2021-03-08 00:00:00-05:00,362.6571960449219
2021-03-09 00:00:00-05:00,367.7679138183594
2021-03-10 00:00:00-05:00,370.02032470703125
2021-03-11 00:00:00-05:00,373.8249206542969
2021-03-12 00:00:00-05:00,374.41168212890625
2021-03-15 00:00:00-04:00,376.68310546875
2021-03-16 00:00:00-04:00,376.1531677246094
2021-03-17 00:00:00-04:00,377.38348388671875
2021-03-18 00:00:00-04:00,371.87530517578125
2021-03-19 00:00:00-04:00,371.1844787597656
2021-03-22 00:00:00-04:00,374.1182861328125
2021-03-23 00:00:00-04:00,371.20343017578125
2021-03-24 00:00:00-04:00,369.30108642578125
2021-03-25 00:00:00-04:00,371.4101257324219
2021-03-26 00:00:00-04:00,377.42120361328125
2021-03-29 00:00:00-04:00,377.23126220703125
2021-03-30 00:00:00-04:00,376.3006591796875
2021-03-31 00:00:00-04:00,377.7724914550781
2021-04-01 00:00:00-04:00,381.8178405761719
2021-04-05 00:00:00-04:00,387.29705810546875
2021-04-06 00:00:00-04:00,387.0596618652344
2021-04-07 00:00:00-04:00,387.5439758300781
2021-04-08 00:00:00-04:00,389.3482360839844
2021-04-09 00:00:00-04:00,392.1685791015625
2021-04-12 00:00:00-04:00,392.33001708984375
2021-04-13 00:00:00-04:00,393.4790344238281
2021-04-14 00:00:00-04:00,392.1685791015625
2021-04-15 00:00:00-04:00,396.3847961425781
2021-04-16 00:00:00-04:00,397.78076171875
2021-04-19 00:00:00-04:00,395.83404541015625
2021-04-20 00:00:00-04:00,392.95672607421875
2021-04-21 00:00:00-04:00,396.6317138671875
2021-04-22 00:00:00-04:00,393.1086730957031
2021-04-23 00:00:00-04:00,397.22998046875
2021-04-26 00:00:00-04:00,398.1225891113281
2021-04-27 00:00:00-04:00,397.9991149902344
2021-04-28 00:00:00-04:00,397.84716796875
2021-04-29 00:00:00-04:00,400.3636474609375
2021-04-30 00:00:00-04:00,397.77130126953125
2021-05-03 00:00:00-04:00,398.6258544921875
2021-05-04 00:00:00-04:00,396.2044677734375
2021-05-05 00:00:00-04:00,396.2613525390625
2021-05-06 00:00:00-04:00,399.48052978515625
2021-05-07 00:00:00-04:00,402.3768310546875
2021-05-10 00:00:00-04:00,398.46441650390625
2021-05-11 00:00:00-04:00,394.9129333496094
2021-05-12 00:00:00-04:00,386.4709167480469
2021-05-13 00:00:00-04:00,391.05755615234375
2021-05-14 00:00:00-04:00,397.0970153808594
2021-05-17 00:00:00-04:00,396.1474609375
2021-05-18 00:00:00-04:00,392.73828125
2021-05-19 00:00:00-04:00,391.6747131347656
2021-05-20 00:00:00-04:00,395.8150939941406
2021-05-21 00:00:00-04:00,395.587158203125
2021-05-24 00:00:00-04:00,399.5659484863281
2021-05-25 00:00:00-04:00,398.70184326171875
2021-05-26 00:00:00-04:00,399.43304443359375
2021-05-27 00:00:00-04:00,399.64202880859375
2021-05-28 00:00:00-04:00,400.40167236328125
2021-06-01 00:00:00-04:00,400.08831787109375
2021-06-02 00:00:00-04:00,400.75299072265625
2021-06-03 00:00:00-04:00,399.2241516113281
2021-06-04 00:00:00-04:00,402.8611145019531
2021-06-07 00:00:00-04:00,402.5192565917969
2021-06-08 00:00:00-04:00,402.5382385253906
2021-06-09 00:00:00-04:00,401.89251708984375
2021-06-10 00:00:00-04:00,403.84014892578125
2021-06-11 00:00:00-04:00,404.50677490234375
2021-06-14 00:00:00-04:00,405.4782409667969
2021-06-15 00:00:00-04:00,404.68768310546875
2021-06-16 00:00:00-04:00,402.44964599609375
2021-06-17 00:00:00-04:00,402.3258361816406
2021-06-18 00:00:00-04:00,396.9163818359375
2021-06-21 00:00:00-04:00,402.5163269042969
2021-06-22 00:00:00-04:00,404.4305725097656
2021-06-23 00:00:00-04:00,404.1925048828125
2021-06-24 00:00:00-04:00,406.5353088378906
2021-06-25 00:00:00-04:00,408.0305480957031
2021-06-28 00:00:00-04:00,408.89715576171875
2021-06-29 00:00:00-04:00,409.078125
2021-06-30 00:00:00-04:00,409.4400329589844
2021-07-01 00:00:00-04:00,411.7542419433594
2021-07-02 00:00:00-04:00,414.8875427246094
2021-07-06 00:00:00-04:00,413.8304443359375
2021-07-07 00:00:00-04:00,415.5256042480469
2021-07-08 00:00:00-04:00,412.19232177734375
2021-07-09 00:00:00-04:00,416.5732421875
2021-07-12 00:00:00-04:00,418.1160583496094
2021-07-13 00:00:00-04:00,416.6494445800781
2021-07-14 00:00:00-04:00,417.2017822265625
2021-07-15 00:00:00-04:00,415.773193359375
2021-07-16 00:00:00-04:00,412.6304016113281
2021-07-19 00:00:00-04:00,406.4686584472656
2021-07-20 00:00:00-04:00,412.36376953125
2021-07-21 00:00:00-04:00,415.7065734863281
2021-07-22 00:00:00-04:00,416.611328125
2021-07-23 00:00:00-04:00,420.71600341796875
2021-07-26 00:00:00-04:00,421.8397216796875
2021-07-27 00:00:00-04:00,419.9160461425781
2021-07-28 00:00:00-04:00,419.6874084472656
2021-07-29 00:00:00-04:00,421.5541076660156
2021-07-30 00:00:00-04:00,419.42083740234375
2021-08-02 00:00:00-04:00,418.5732421875
2021-08-03 00:00:00-04:00,421.91595458984375
2021-08-04 00:00:00-04:00,419.9064636230469
2021-08-05 00:00:00-04:00,422.5158996582031
2021-08-06 00:00:00-04:00,423.2493591308594
2021-08-09 00:00:00-04:00,422.95404052734375
2021-08-10 00:00:00-04:00,423.4493408203125
2021-08-11 00:00:00-04:00,424.4491882324219
2021-08-12 00:00:00-04:00,425.439697265625
2021-08-13 00:00:00-04:00,426.515869140625
2021-08-16 00:00:00-04:00,427.6111145019531
2021-08-17 00:00:00-04:00,424.7064514160156
2021-08-18 00:00:00-04:00,420.1255798339844
2021-08-19 00:00:00-04:00,420.74456787109375
2021-08-20 00:00:00-04:00,424.0968933105469
2021-08-23 00:00:00-04:00,427.79205322265625
2021-08-24 00:00:00-04:00,428.534912109375
2021-08-25 00:00:00-04:00,429.4301452636719
2021-08-26 00:00:00-04:00,426.8968505859375
2021-08-27 00:00:00-04:00,430.6491394042969
2021-08-30 00:00:00-04:00,432.5633850097656
2021-08-31 00:00:00-04:00,432.0967712402344
2021-09-01 00:00:00-04:00,432.2872619628906
2021-09-02 00:00:00-04:00,433.58233642578125
2021-09-03 00:00:00-04:00,433.3919982910156
2021-09-07 00:00:00-04:00,431.9919738769531
2021-09-08 00:00:00-04:00,431.4205627441406
2021-09-09 00:00:00-04:00,429.4967956542969
2021-09-10 00:00:00-04:00,426.22064208984375
2021-09-13 00:00:00-04:00,427.2110595703125
2021-09-14 00:00:00-04:00,424.9349365234375
2021-09-15 00:00:00-04:00,428.4681701660156
2021-09-16 00:00:00-04:00,427.6682434082031
2021-09-17 00:00:00-04:00,423.5445251464844
2021-09-20 00:00:00-04:00,416.4017639160156
2021-09-21 00:00:00-04:00,416.1637268066406
2021-09-22 00:00:00-04:00,420.2684020996094
2021-09-23 00:00:00-04:00,425.3064270019531
2021-09-24 00:00:00-04:00,426.121826171875
2021-09-27 00:00:00-04:00,424.7834777832031
2021-09-28 00:00:00-04:00,416.3038635253906
2021-09-29 00:00:00-04:00,417.0208435058594
2021-09-30 00:00:00-04:00,411.8585205078125
2021-10-01 00:00:00-04:00,416.7627868652344
2021-10-04 00:00:00-04:00,411.35186767578125
2021-10-05 00:00:00-04:00,415.6632995605469
2021-10-06 00:00:00-04:00,417.4319152832031
2021-10-07 00:00:00-04:00,420.8926086425781
2021-10-08 00:00:00-04:00,420.2712097167969
2021-10-11 00:00:00-04:00,417.13555908203125
2021-10-12 00:00:00-04:00,416.0840148925781
2021-10-13 00:00:00-04:00,417.5657653808594
2021-10-14 00:00:00-04:00,424.7165222167969
2021-10-15 00:00:00-04:00,427.9764404296875
2021-10-18 00:00:00-04:00,429.21923828125
2021-10-19 00:00:00-04:00,432.5938720703125
2021-10-20 00:00:00-04:00,434.25732421875
2021-10-21 00:00:00-04:00,435.3854064941406
2021-10-22 00:00:00-04:00,434.8595275878906
2021-10-25 00:00:00-04:00,437.1348876953125
2021-10-26 00:00:00-04:00,437.63189697265625
2021-10-27 00:00:00-04:00,435.6817321777344
2021-10-28 00:00:00-04:00,439.868896484375
2021-10-29 00:00:00-04:00,440.7005920410156
2021-11-01 00:00:00-04:00,441.60882568359375
2021-11-02 00:00:00-04:00,443.3487548828125
2021-11-03 00:00:00-04:00,446.0733337402344
2021-11-04 00:00:00-04:00,448.1191101074219
2021-11-05 00:00:00-04:00,449.69647216796875
2021-11-08 00:00:00-05:00,450.1649169921875
2021-11-09 00:00:00-05:00,448.5971374511719
2021-11-10 00:00:00-05:00,445.0504150390625
2021-11-11 00:00:00-05:00,445.2320556640625
2021-11-12 00:00:00-05:00,448.51104736328125
2021-11-15 00:00:00-05:00,448.6258239746094
2021-11-16 00:00:00-05:00,450.4134521484375
2021-11-17 00:00:00-05:00,449.35235595703125
2021-11-18 00:00:00-05:00,450.8341064453125
2021-11-19 00:00:00-05:00,450.0980529785156
2021-11-22 00:00:00-05:00,448.75006103515625
2021-11-23 00:00:00-05:00,449.37152099609375
2021-11-24 00:00:00-05:00,450.5378112792969
2021-11-26 00:00:00-05:00,440.3469543457031
2021-11-29 00:00:00-05:00,445.9681091308594
2021-11-30 00:00:00-05:00,437.4885559082031
2021-12-01 00:00:00-05:00,432.38360595703125
2021-12-02 00:00:00-05:00,439.04681396484375
2021-12-03 00:00:00-05:00,435.10821533203125
2021-12-06 00:00:00-05:00,440.3469543457031
2021-12-07 00:00:00-05:00,449.4957580566406
2021-12-08 00:00:00-05:00,450.6811218261719
2021-12-09 00:00:00-05:00,447.64111328125
2021-12-10 00:00:00-05:00,451.9335021972656
2021-12-13 00:00:00-05:00,447.93243408203125
2021-12-14 00:00:00-05:00,444.7676086425781
2021-12-15 00:00:00-05:00,451.7589111328125
2021-12-16 00:00:00-05:00,447.6159973144531
2021-12-17 00:00:00-05:00,443.1756286621094
2021-12-20 00:00:00-05:00,438.1983337402344
2021-12-21 00:00:00-05:00,446.0047912597656
2021-12-22 00:00:00-05:00,450.5025939941406
2021-12-23 00:00:00-05:00,453.2646484375
2021-12-27 00:00:00-05:00,459.7572021484375
2021-12-28 00:00:00-05:00,459.4023742675781
2021-12-29 00:00:00-05:00,459.88189697265625
2021-12-30 00:00:00-05:00,458.5872497558594
2021-12-31 00:00:00-05:00,457.4459533691406
2022-01-03 00:00:00-05:00,460.1791687011719
2022-01-04 00:00:00-05:00,460.0257568359375
2022-01-05 00:00:00-05:00,451.0588684082031
2022-01-06 00:00:00-05:00,450.7232360839844
2022-01-07 00:00:00-05:00,448.92022705078125
2022-01-10 00:00:00-05:00,448.0763244628906
2022-01-11 00:00:00-05:00,452.4973449707031
2022-01-12 00:00:00-05:00,453.6961669921875
2022-01-13 00:00:00-05:00,447.4720764160156
2022-01-14 00:00:00-05:00,447.62554931640625
2022-01-18 00:00:00-05:00,439.7135925292969
2022-01-19 00:00:00-05:00,435.1678161621094
2022-01-20 00:00:00-05:00,430.33428955078125
2022-01-21 00:00:00-05:00,421.9524230957031
2022-01-24 00:00:00-05:00,423.4293212890625
2022-01-25 00:00:00-05:00,418.5574645996094
2022-01-26 00:00:00-05:00,417.5888366699219
2022-01-27 00:00:00-05:00,415.4118957519531
2022-01-28 00:00:00-05:00,425.56793212890625
2022-01-31 00:00:00-05:00,433.25933837890625
2022-02-01 00:00:00-05:00,436.2514953613281
2022-02-02 00:00:00-05:00,440.44244384765625
2022-02-03 00:00:00-05:00,430.21923828125
2022-02-04 00:00:00-05:00,432.3770446777344
2022-02-07 00:00:00-05:00,430.8426208496094
2022-02-08 00:00:00-05:00,434.2663269042969
2022-02-09 00:00:00-05:00,440.6725769042969
2022-02-10 00:00:00-05:00,432.8853454589844
2022-02-11 00:00:00-05:00,424.2253112792969
2022-02-14 00:00:00-05:00,422.8443603515625
2022-02-15 00:00:00-05:00,429.6438293457031
2022-02-16 00:00:00-05:00,430.13287353515625
2022-02-17 00:00:00-05:00,421.10845947265625
2022-02-18 00:00:00-05:00,418.2026062011719
2022-02-22 00:00:00-05:00,413.66644287109375
2022-02-23 00:00:00-05:00,406.12847900390625
2022-02-24 00:00:00-05:00,412.515625
2022-02-25 00:00:00-05:00,421.5975341796875
2022-02-28 00:00:00-05:00,420.74407958984375
2022-03-01 00:00:00-05:00,414.22265625
2022-03-02 00:00:00-05:00,421.7797546386719
2022-03-03 00:00:00-05:00,419.75628662109375
2022-03-04 00:00:00-05:00,416.16949462890625
2022-03-07 00:00:00-05:00,403.94189453125
2022-03-08 00:00:00-05:00,400.9306335449219
2022-03-09 00:00:00-05:00,411.71966552734375
2022-03-10 00:00:00-05:00,409.830322265625
2022-03-11 00:00:00-05:00,404.71868896484375
2022-03-14 00:00:00-04:00,401.6594543457031
2022-03-15 00:00:00-04:00,410.5016784667969
2022-03-16 00:00:00-04:00,419.59320068359375
2022-03-17 00:00:00-04:00,424.8103332519531
2022-03-18 00:00:00-04:00,429.3561096191406
2022-03-21 00:00:00-04:00,429.269775390625
2022-03-22 00:00:00-04:00,434.5060729980469
2022-03-23 00:00:00-04:00,429.0588073730469
2022-03-24 00:00:00-04:00,435.2660827636719
2022-03-25 00:00:00-04:00,437.4598693847656
2022-03-28 00:00:00-04:00,440.529296875
2022-03-29 00:00:00-04:00,446.1486511230469
2022-03-30 00:00:00-04:00,443.37750244140625
2022-03-31 00:00:00-04:00,436.54583740234375
2022-04-01 00:00:00-04:00,437.604248046875
2022-04-04 00:00:00-04:00,441.462646484375
2022-04-05 00:00:00-04:00,435.7760314941406
2022-04-06 00:00:00-04:00,431.5422668457031
2022-04-07 00:00:00-04:00,433.67840576171875
2022-04-08 00:00:00-04:00,432.5237121582031
2022-04-11 00:00:00-04:00,425.04730224609375
2022-04-12 00:00:00-04:00,423.42120361328125
2022-04-13 00:00:00-04:00,428.37664794921875
2022-04-14 00:00:00-04:00,423.08441162109375
2022-04-18 00:00:00-04:00,423.2384338378906
2022-04-19 00:00:00-04:00,430.070068359375
2022-04-20 00:00:00-04:00,429.6851806640625
2022-04-21 00:00:00-04:00,423.459716796875
2022-04-22 00:00:00-04:00,411.6148986816406
2022-04-25 00:00:00-04:00,414.1551208496094
2022-04-26 00:00:00-04:00,402.0986022949219
2022-04-27 00:00:00-04:00,403.3110046386719
2022-04-28 00:00:00-04:00,413.44305419921875
2022-04-29 00:00:00-04:00,397.9322204589844
2022-05-02 00:00:00-04:00,400.49169921875
2022-05-03 00:00:00-04:00,402.34881591796875
2022-05-04 00:00:00-04:00,414.4630432128906
2022-05-05 00:00:00-04:00,399.7508239746094
2022-05-06 00:00:00-04:00,397.595458984375
2022-05-09 00:00:00-04:00,384.8076477050781
2022-05-10 00:00:00-04:00,385.5677795410156
2022-05-11 00:00:00-04:00,379.48663330078125
2022-05-12 00:00:00-04:00,378.92852783203125
2022-05-13 00:00:00-04:00,388.165771484375
2022-05-16 00:00:00-04:00,386.5300598144531
2022-05-17 00:00:00-04:00,394.5356750488281
2022-05-18 00:00:00-04:00,378.68798828125
2022-05-19 00:00:00-04:00,376.3209533691406
2022-05-20 00:00:00-04:00,376.5133972167969
2022-05-23 00:00:00-04:00,383.5471496582031
2022-05-24 00:00:00-04:00,380.79522705078125
2022-05-25 00:00:00-04:00,384.1629333496094
2022-05-26 00:00:00-04:00,391.6778259277344
2022-05-27 00:00:00-04:00,401.4827880859375
2022-05-31 00:00:00-04:00,399.1927490234375
2022-06-01 00:00:00-04:00,395.9597473144531
2022-06-02 00:00:00-04:00,403.4168395996094
2022-06-03 00:00:00-04:00,396.7968444824219
2022-06-06 00:00:00-04:00,397.9899597167969
2022-06-07 00:00:00-04:00,401.68487548828125
2022-06-08 00:00:00-04:00,397.3356628417969
2022-06-09 00:00:00-04:00,388.00494384765625
2022-06-10 00:00:00-04:00,376.5575866699219
2022-06-13 00:00:00-04:00,362.0794677734375
2022-06-14 00:00:00-04:00,361.11419677734375
2022-06-15 00:00:00-04:00,366.2587890625
2022-06-16 00:00:00-04:00,354.22265625
2022-06-17 00:00:00-04:00,354.8692932128906
2022-06-21 00:00:00-04:00,363.8940124511719
2022-06-22 00:00:00-04:00,363.26666259765625
2022-06-23 00:00:00-04:00,366.9054870605469
2022-06-24 00:00:00-04:00,378.3625183105469
2022-06-27 00:00:00-04:00,376.9919128417969
2022-06-28 00:00:00-04:00,369.29925537109375
2022-06-29 00:00:00-04:00,369.0386047363281
2022-06-30 00:00:00-04:00,365.9596252441406
2022-07-01 00:00:00-04:00,369.76251220703125
2022-07-05 00:00:00-04:00,370.55401611328125
2022-07-06 00:00:00-04:00,371.8762512207031
2022-07-07 00:00:00-04:00,377.38763427734375
2022-07-08 00:00:00-04:00,377.08843994140625
2022-07-11 00:00:00-04:00,372.79327392578125
2022-07-12 00:00:00-04:00,369.4439392089844
2022-07-13 00:00:00-04:00,367.5521240234375
2022-07-14 00:00:00-04:00,366.6641845703125
2022-07-15 00:00:00-04:00,373.6619567871094
2022-07-18 00:00:00-04:00,370.6408386230469
2022-07-19 00:00:00-04:00,380.6018371582031
2022-07-20 00:00:00-04:00,382.9569091796875
2022-07-21 00:00:00-04:00,386.8660583496094
2022-07-22 00:00:00-04:00,383.4202575683594
2022-07-25 00:00:00-04:00,383.81597900390625
2022-07-26 00:00:00-04:00,379.26019287109375
2022-07-27 00:00:00-04:00,389.06671142578125
2022-07-28 00:00:00-04:00,394.0085754394531
2022-07-29 00:00:00-04:00,399.867431640625
2022-08-01 00:00:00-04:00,398.5837097167969
2022-08-02 00:00:00-04:00,396.0451354980469
2022-08-03 00:00:00-04:00,402.2225341796875
2022-08-04 00:00:00-04:00,401.83642578125
2022-08-05 00:00:00-04:00,401.1318664550781
2022-08-08 00:00:00-04:00,400.7843933105469
2022-08-09 00:00:00-04:00,399.1048889160156
2022-08-10 00:00:00-04:00,407.463623046875
2022-08-11 00:00:00-04:00,407.6083984375
2022-08-12 00:00:00-04:00,414.3166198730469
2022-08-15 00:00:00-04:00,416.140869140625
2022-08-16 00:00:00-04:00,417.0096130371094
2022-08-17 00:00:00-04:00,413.87261962890625
2022-08-18 00:00:00-04:00,415.08880615234375
2022-08-19 00:00:00-04:00,409.5967102050781
2022-08-22 00:00:00-04:00,401.0063781738281
2022-08-23 00:00:00-04:00,400.1183776855469
2022-08-24 00:00:00-04:00,401.3634948730469
2022-08-25 00:00:00-04:00,407.01959228515625
2022-08-26 00:00:00-04:00,393.1109313964844
2022-08-29 00:00:00-04:00,390.7461242675781
2022-08-30 00:00:00-04:00,386.267578125
2022-08-31 00:00:00-04:00,383.3623352050781
2022-09-01 00:00:00-04:00,384.675048828125
2022-09-02 00:00:00-04:00,380.5632019042969
2022-09-06 00:00:00-04:00,379.0478210449219
2022-09-07 00:00:00-04:00,385.91046142578125
2022-09-08 00:00:00-04:00,388.3428039550781
2022-09-09 00:00:00-04:00,394.53948974609375
2022-09-12 00:00:00-04:00,398.7960510253906
2022-09-13 00:00:00-04:00,381.3933410644531
2022-09-14 00:00:00-04:00,382.8507385253906
2022-09-15 00:00:00-04:00,378.43011474609375
2022-09-16 00:00:00-04:00,375.5634460449219
2022-09-19 00:00:00-04:00,378.48797607421875
2022-09-20 00:00:00-04:00,374.038330078125
2022-09-21 00:00:00-04:00,367.6583557128906
2022-09-22 00:00:00-04:00,364.5503845214844
2022-09-23 00:00:00-04:00,358.49847412109375
2022-09-26 00:00:00-04:00,354.9631652832031
2022-09-27 00:00:00-04:00,354.05108642578125
2022-09-28 00:00:00-04:00,360.9297790527344
2022-09-29 00:00:00-04:00,353.5078430175781
2022-09-30 00:00:00-04:00,347.95831298828125
2022-10-03 00:00:00-04:00,357.16546630859375
2022-10-04 00:00:00-04:00,368.0994873046875
2022-10-05 00:00:00-04:00,367.2359924316406
2022-10-06 00:00:00-04:00,363.6075134277344
2022-10-07 00:00:00-04:00,353.4690246582031
2022-10-10 00:00:00-04:00,350.8398132324219
2022-10-11 00:00:00-04:00,348.43377685546875
2022-10-12 00:00:00-04:00,347.308349609375
2022-10-13 00:00:00-04:00,356.55419921875
2022-10-14 00:00:00-04:00,348.38519287109375
2022-10-17 00:00:00-04:00,357.34979248046875
2022-10-18 00:00:00-04:00,361.4440002441406
2022-10-19 00:00:00-04:00,359.0670471191406
2022-10-20 00:00:00-04:00,356.0109558105469
2022-10-21 00:00:00-04:00,364.6068115234375
2022-10-24 00:00:00-04:00,369.0890808105469
2022-10-25 00:00:00-04:00,375.0169372558594
2022-10-26 00:00:00-04:00,372.1839599609375
2022-10-27 00:00:00-04:00,370.2048034667969
2022-10-28 00:00:00-04:00,378.8879699707031
2022-10-31 00:00:00-04:00,376.22967529296875
2022-11-01 00:00:00-04:00,374.735595703125
2022-11-02 00:00:00-04:00,365.1307067871094
2022-11-03 00:00:00-04:00,361.4634094238281
2022-11-04 00:00:00-04:00,366.5762939453125
2022-11-07 00:00:00-05:00,370.15631103515625
2022-11-08 00:00:00-05:00,372.16461181640625
2022-11-09 00:00:00-05:00,364.5679931640625
2022-11-10 00:00:00-05:00,384.5345153808594
2022-11-11 00:00:00-05:00,388.2406005859375
2022-11-14 00:00:00-05:00,384.98077392578125
2022-11-15 00:00:00-05:00,388.25030517578125
2022-11-16 00:00:00-05:00,385.3979797363281
2022-11-17 00:00:00-05:00,384.0979309082031
2022-11-18 00:00:00-05:00,385.9218444824219
2022-11-21 00:00:00-05:00,384.4471435546875
2022-11-22 00:00:00-05:00,389.7444152832031
2022-11-23 00:00:00-05:00,392.0728759765625
2022-11-25 00:00:00-05:00,392.0437316894531
2022-11-28 00:00:00-05:00,385.8345947265625
2022-11-29 00:00:00-05:00,385.1748046875
2022-11-30 00:00:00-05:00,397.11785888671875
2022-12-01 00:00:00-05:00,396.952880859375
2022-12-02 00:00:00-05:00,396.5260009765625
2022-12-05 00:00:00-05:00,389.3854064941406
2022-12-06 00:00:00-05:00,383.8165588378906
2022-12-07 00:00:00-05:00,383.0792236328125
2022-12-08 00:00:00-05:00,386.0868225097656
2022-12-09 00:00:00-05:00,383.2344055175781
2022-12-12 00:00:00-05:00,388.6092834472656
2022-12-13 00:00:00-05:00,391.711669921875
2022-12-14 00:00:00-05:00,389.36346435546875
2022-12-15 00:00:00-05:00,379.71710205078125
2022-12-16 00:00:00-05:00,375.07904052734375
2022-12-19 00:00:00-05:00,371.9609375
2022-12-20 00:00:00-05:00,372.3896789550781
2022-12-21 00:00:00-05:00,377.9437255859375
2022-12-22 00:00:00-05:00,372.7989807128906
2022-12-23 00:00:00-05:00,374.73797607421875
2022-12-27 00:00:00-05:00,373.2958984375
2022-12-28 00:00:00-05:00,368.7649841308594
2022-12-29 00:00:00-05:00,375.1472473144531
2022-12-30 00:00:00-05:00,374.3677062988281
2023-01-03 00:00:00-05:00,372.730712890625
2023-01-04 00:00:00-05:00,375.6343994140625
2023-01-05 00:00:00-05:00,371.36663818359375
2023-01-06 00:00:00-05:00,379.8437194824219
2023-01-09 00:00:00-05:00,379.5806579589844
2023-01-10 00:00:00-05:00,382.3089599609375
2023-01-11 00:00:00-05:00,387.07366943359375
2023-01-12 00:00:00-05:00,388.5839538574219
2023-01-13 00:00:00-05:00,390.1137390136719
2023-01-17 00:00:00-05:00,389.3927001953125
2023-01-18 00:00:00-05:00,383.2540588378906
2023-01-19 00:00:00-05:00,380.5257873535156
2023-01-20 00:00:00-05:00,387.51214599609375
2023-01-23 00:00:00-05:00,392.11126708984375
2023-01-24 00:00:00-05:00,391.84814453125
2023-01-25 00:00:00-05:00,391.9163818359375
2023-01-26 00:00:00-05:00,396.22314453125
2023-01-27 00:00:00-05:00,397.2072448730469
2023-01-30 00:00:00-05:00,392.15997314453125
2023-01-31 00:00:00-05:00,397.8503112792969
2023-02-01 00:00:00-05:00,402.0986633300781
2023-02-02 00:00:00-05:00,407.93524169921875
2023-02-03 00:00:00-05:00,403.7356262207031
2023-02-06 00:00:00-05:00,401.25091552734375
2023-02-07 00:00:00-05:00,406.43463134765625
2023-02-08 00:00:00-05:00,402.0011901855469
2023-02-09 00:00:00-05:00,398.59088134765625
2023-02-10 00:00:00-05:00,399.4580993652344
2023-02-13 00:00:00-05:00,404.15460205078125
2023-02-14 00:00:00-05:00,403.9402160644531
2023-02-15 00:00:00-05:00,405.2264099121094
2023-02-16 00:00:00-05:00,399.76983642578125
2023-02-17 00:00:00-05:00,398.6590576171875
2023-02-21 00:00:00-05:00,390.7568359375
2023-02-22 00:00:00-05:00,390.0942687988281
2023-02-23 00:00:00-05:00,392.15020751953125
2023-02-24 00:00:00-05:00,387.9115905761719
2023-02-27 00:00:00-05:00,389.2660217285156
2023-02-28 00:00:00-05:00,387.7752380371094
2023-03-01 00:00:00-05:00,386.3915710449219
2023-03-02 00:00:00-05:00,389.4316711425781
2023-03-03 00:00:00-05:00,395.677490234375
2023-03-06 00:00:00-05:00,396.12567138671875
2023-03-07 00:00:00-05:00,389.8799133300781
2023-03-08 00:00:00-05:00,390.5619201660156
2023-03-09 00:00:00-05:00,383.3320617675781
2023-03-10 00:00:00-05:00,377.9437255859375
2023-03-13 00:00:00-04:00,377.1544494628906
2023-03-14 00:00:00-04:00,383.4976806640625
2023-03-15 00:00:00-04:00,381.1396789550781
2023-03-16 00:00:00-04:00,387.69732666015625
2023-03-17 00:00:00-04:00,383.0982360839844
2023-03-20 00:00:00-04:00,386.8982849121094
2023-03-21 00:00:00-04:00,391.9261169433594
2023-03-22 00:00:00-04:00,385.35870361328125
2023-03-23 00:00:00-04:00,386.33526611328125
2023-03-24 00:00:00-04:00,388.8890686035156
2023-03-27 00:00:00-04:00,389.564208984375
2023-03-28 00:00:00-04:00,388.840087890625
2023-03-29 00:00:00-04:00,394.4662170410156
2023-03-30 00:00:00-04:00,396.65802001953125
2023-03-31 00:00:00-04:00,402.2254333496094
2023-04-03 00:00:00-04:00,403.65399169921875
2023-04-04 00:00:00-04:00,401.5894470214844
2023-04-05 00:00:00-04:00,400.6402893066406
2023-04-06 00:00:00-04:00,402.156982421875
2023-04-10 00:00:00-04:00,402.6168518066406
2023-04-11 00:00:00-04:00,402.6070251464844
2023-04-12 00:00:00-04:00,401.1001892089844
2023-04-13 00:00:00-04:00,406.3251953125
2023-04-14 00:00:00-04:00,405.3271484375
2023-04-17 00:00:00-04:00,406.8242492675781
2023-04-18 00:00:00-04:00,407.0590515136719
2023-04-19 00:00:00-04:00,407.0296630859375
2023-04-20 00:00:00-04:00,404.7498779296875
2023-04-21 00:00:00-04:00,404.9749450683594
2023-04-24 00:00:00-04:00,405.4837341308594
2023-04-25 00:00:00-04:00,399.0454406738281
2023-04-26 00:00:00-04:00,397.4212341308594
2023-04-27 00:00:00-04:00,405.3075866699219
2023-04-28 00:00:00-04:00,408.6636962890625
2023-05-01 00:00:00-04:00,408.3701477050781
2023-05-02 00:00:00-04:00,403.8007507324219
2023-05-03 00:00:00-04:00,400.8947448730469
2023-05-04 00:00:00-04:00,398.0963439941406
2023-05-05 00:00:00-04:00,405.3760681152344
2023-05-08 00:00:00-04:00,405.5913391113281
2023-05-09 00:00:00-04:00,403.937744140625
2023-05-10 00:00:00-04:00,405.6402587890625
2023-05-11 00:00:00-04:00,405.0336608886719
2023-05-12 00:00:00-04:00,404.5052795410156
2023-05-15 00:00:00-04:00,405.8457946777344
2023-05-16 00:00:00-04:00,403.13543701171875
2023-05-17 00:00:00-04:00,408.0277099609375
2023-05-18 00:00:00-04:00,411.980712890625
2023-05-19 00:00:00-04:00,411.38385009765625
2023-05-22 00:00:00-04:00,411.5012512207031
2023-05-23 00:00:00-04:00,407.00030517578125
2023-05-24 00:00:00-04:00,403.9475402832031
2023-05-25 00:00:00-04:00,407.5091552734375
2023-05-26 00:00:00-04:00,412.861328125
2023-05-30 00:00:00-04:00,412.9396057128906
2023-05-31 00:00:00-04:00,410.39556884765625
2023-06-01 00:00:00-04:00,414.62255859375
2023-06-02 00:00:00-04:00,420.532470703125
2023-06-05 00:00:00-04:00,419.8083801269531
2023-06-06 00:00:00-04:00,420.6987609863281
2023-06-07 00:00:00-04:00,419.3138122558594
2023-06-08 00:00:00-04:00,421.7381591796875
2023-06-09 00:00:00-04:00,422.5823059082031
2023-06-12 00:00:00-04:00,426.4200439453125
2023-06-13 00:00:00-04:00,429.2075500488281
2023-06-14 00:00:00-04:00,429.7081298828125
2023-06-15 00:00:00-04:00,435.0180969238281
2023-06-16 00:00:00-04:00,433.46734619140625
2023-06-20 00:00:00-04:00,431.41595458984375
2023-06-21 00:00:00-04:00,429.1388244628906
2023-06-22 00:00:00-04:00,430.6896057128906
2023-06-23 00:00:00-04:00,427.4113464355469
2023-06-26 00:00:00-04:00,425.6053771972656
2023-06-27 00:00:00-04:00,430.316650390625
2023-06-28 00:00:00-04:00,430.4540710449219
2023-06-29 00:00:00-04:00,432.1717224121094
2023-06-30 00:00:00-04:00,437.4718933105469
2023-07-03 00:00:00-04:00,438.1001281738281
2023-07-05 00:00:00-04:00,437.34429931640625
2023-07-06 00:00:00-04:00,433.76177978515625
2023-07-07 00:00:00-04:00,432.65264892578125
2023-07-10 00:00:00-04:00,433.8010559082031
2023-07-11 00:00:00-04:00,436.71612548828125
2023-07-12 00:00:00-04:00,439.9944152832031
2023-07-13 00:00:00-04:00,443.74383544921875
2023-07-14 00:00:00-04:00,443.3021545410156
2023-07-17 00:00:00-04:00,444.9510192871094
2023-07-18 00:00:00-04:00,448.1802673339844
2023-07-19 00:00:00-04:00,449.0047302246094
2023-07-20 00:00:00-04:00,446.2074279785156
2023-07-21 00:00:00-04:00,446.1976013183594
2023-07-24 00:00:00-04:00,448.17047119140625
2023-07-25 00:00:00-04:00,449.377685546875
2023-07-26 00:00:00-04:00,449.4169921875
2023-07-27 00:00:00-04:00,446.5116882324219
2023-07-28 00:00:00-04:00,450.732177734375
2023-07-31 00:00:00-04:00,451.6744689941406
2023-08-01 00:00:00-04:00,450.4181213378906
2023-08-02 00:00:00-04:00,444.1265563964844
2023-08-03 00:00:00-04:00,442.8505859375
2023-08-04 00:00:00-04:00,440.7894592285156
2023-08-07 00:00:00-04:00,444.6860656738281
2023-08-08 00:00:00-04:00,442.8211669921875
2023-08-09 00:00:00-04:00,439.82757568359375
2023-08-10 00:00:00-04:00,440.0238342285156
2023-08-11 00:00:00-04:00,439.7588195800781
2023-08-14 00:00:00-04:00,442.1144714355469
2023-08-15 00:00:00-04:00,437.1087341308594
2023-08-16 00:00:00-04:00,433.84033203125
2023-08-17 00:00:00-04:00,430.50311279296875
2023-08-18 00:00:00-04:00,430.5816345214844
2023-08-21 00:00:00-04:00,433.4869384765625
2023-08-22 00:00:00-04:00,432.250244140625
2023-08-23 00:00:00-04:00,437.0204162597656
2023-08-24 00:00:00-04:00,431.15093994140625
2023-08-25 00:00:00-04:00,434.2328796386719
2023-08-28 00:00:00-04:00,436.8535461425781
2023-08-29 00:00:00-04:00,443.1647033691406
2023-08-30 00:00:00-04:00,445.1081237792969
2023-08-31 00:00:00-04:00,444.3229064941406
2023-09-01 00:00:00-04:00,445.2651672363281
2023-09-05 00:00:00-04:00,443.3511962890625
2023-09-06 00:00:00-04:00,440.2692565917969
2023-09-07 00:00:00-04:00,439.0521545410156
2023-09-08 00:00:00-04:00,439.59197998046875
2023-09-11 00:00:00-04:00,442.56597900390625
2023-09-12 00:00:00-04:00,440.1710510253906
2023-09-13 00:00:00-04:00,440.58331298828125
2023-09-14 00:00:00-04:00,444.51922607421875
2023-09-15 00:00:00-04:00,438.787109375
2023-09-18 00:00:00-04:00,439.5429382324219
2023-09-19 00:00:00-04:00,438.5614013671875
2023-09-20 00:00:00-04:00,434.4095764160156
2023-09-21 00:00:00-04:00,427.2935791015625
2023-09-22 00:00:00-04:00,426.2727966308594
2023-09-25 00:00:00-04:00,428.03955078125
2023-09-26 00:00:00-04:00,421.77545166015625
2023-09-27 00:00:00-04:00,421.88385009765625
2023-09-28 00:00:00-04:00,424.348876953125
2023-09-29 00:00:00-04:00,423.4220275878906
2023-10-02 00:00:00-04:00,423.274169921875
2023-10-03 00:00:00-04:00,417.6341552734375
2023-10-04 00:00:00-04:00,420.5921936035156
2023-10-05 00:00:00-04:00,420.3949890136719
2023-10-06 00:00:00-04:00,425.33489990234375
2023-10-09 00:00:00-04:00,428.1351623535156
2023-10-10 00:00:00-04:00,430.3734130859375
2023-10-11 00:00:00-04:00,432.1975402832031
2023-10-12 00:00:00-04:00,429.6043395996094
2023-10-13 00:00:00-04:00,427.3463439941406
2023-10-16 00:00:00-04:00,431.7933044433594
2023-10-17 00:00:00-04:00,431.92144775390625
2023-10-18 00:00:00-04:00,426.2617492675781
2023-10-19 00:00:00-04:00,422.3966064453125
2023-10-20 00:00:00-04:00,417.2003173828125
2023-10-23 00:00:00-04:00,416.4706726074219
2023-10-24 00:00:00-04:00,419.6062316894531
2023-10-25 00:00:00-04:00,413.6408386230469
2023-10-26 00:00:00-04:00,408.6516418457031
2023-10-27 00:00:00-04:00,406.7781982421875
2023-10-30 00:00:00-04:00,411.60968017578125
2023-10-31 00:00:00-04:00,414.0648193359375
2023-11-01 00:00:00-04:00,418.5906066894531
2023-11-02 00:00:00-04:00,426.6561584472656
2023-11-03 00:00:00-04:00,430.4819030761719
2023-11-06 00:00:00-05:00,431.5171813964844
2023-11-07 00:00:00-05:00,432.66094970703125
2023-11-08 00:00:00-05:00,433.0158996582031
2023-11-09 00:00:00-05:00,429.75225830078125
2023-11-10 00:00:00-05:00,436.4768371582031
2023-11-13 00:00:00-05:00,435.97393798828125
2023-11-14 00:00:00-05:00,444.52264404296875
2023-11-15 00:00:00-05:00,445.419921875
2023-11-16 00:00:00-05:00,445.9720764160156
2023-11-17 00:00:00-05:00,446.44537353515625
2023-11-20 00:00:00-05:00,450.03448486328125
2023-11-21 00:00:00-05:00,448.9991455078125
2023-11-22 00:00:00-05:00,450.7049560546875
2023-11-24 00:00:00-05:00,451.0401916503906
2023-11-27 00:00:00-05:00,450.2020568847656
2023-11-28 00:00:00-05:00,450.58660888671875
2023-11-29 00:00:00-05:00,450.3795471191406
2023-11-30 00:00:00-05:00,452.0065002441406
2023-12-01 00:00:00-05:00,454.6785583496094
2023-12-04 00:00:00-05:00,452.43048095703125
2023-12-05 00:00:00-05:00,452.33184814453125
2023-12-06 00:00:00-05:00,450.45843505859375
2023-12-07 00:00:00-05:00,453.9193115234375
2023-12-08 00:00:00-05:00,455.8815002441406
2023-12-11 00:00:00-05:00,457.6563415527344
2023-12-12 00:00:00-05:00,459.9241638183594
2023-12-13 00:00:00-05:00,466.2247009277344
2023-12-14 00:00:00-05:00,467.68402099609375
2023-12-15 00:00:00-05:00,466.89520263671875
2023-12-18 00:00:00-05:00,469.4884338378906
2023-12-19 00:00:00-05:00,472.1999206542969
2023-12-20 00:00:00-05:00,465.4333801269531
2023-12-21 00:00:00-05:00,470.1556091308594
2023-12-22 00:00:00-05:00,471.0564880371094
2023-12-26 00:00:00-05:00,473.08599853515625
2023-12-27 00:00:00-05:00,473.98687744140625
2023-12-28 00:00:00-05:00,474.2046813964844
2023-12-29 00:00:00-05:00,472.848388671875
2024-01-02 00:00:00-05:00,470.1358337402344
2024-01-03 00:00:00-05:00,466.2946472167969
2024-01-04 00:00:00-05:00,464.8591613769531
2024-01-05 00:00:00-05:00,465.4135437011719
2024-01-08 00:00:00-05:00,471.81878662109375
2024-01-09 00:00:00-05:00,471.3733215332031
2024-01-10 00:00:00-05:00,474.0165710449219
2024-01-11 00:00:00-05:00,473.7591552734375
2024-01-12 00:00:00-05:00,474.1650695800781
2024-01-16 00:00:00-05:00,472.52166748046875
2024-01-17 00:00:00-05:00,469.8684997558594
2024-01-18 00:00:00-05:00,473.89776611328125
2024-01-19 00:00:00-05:00,479.8277893066406
2024-01-22 00:00:00-05:00,480.8673095703125
2024-01-23 00:00:00-05:00,482.3621826171875
2024-01-24 00:00:00-05:00,482.7284240722656
2024-01-25 00:00:00-05:00,485.4212341308594
2024-01-26 00:00:00-05:00,484.91632080078125
2024-01-29 00:00:00-05:00,488.7278137207031
2024-01-30 00:00:00-05:00,488.36151123046875
2024-01-31 00:00:00-05:00,480.3426208496094
2024-02-01 00:00:00-05:00,486.7181396484375
2024-02-02 00:00:00-05:00,491.73736572265625
2024-02-05 00:00:00-05:00,490.093994140625
2024-02-06 00:00:00-05:00,491.4205627441406
2024-02-07 00:00:00-05:00,495.41021728515625
2024-02-08 00:00:00-05:00,495.7369384765625
2024-02-09 00:00:00-05:00,498.6078796386719
2024-02-12 00:00:00-05:00,498.340576171875
2024-02-13 00:00:00-05:00,491.64825439453125
2024-02-14 00:00:00-05:00,496.033935546875
2024-02-15 00:00:00-05:00,499.3008728027344
2024-02-16 00:00:00-05:00,496.9249267578125
2024-02-20 00:00:00-05:00,494.1628112792969
2024-02-21 00:00:00-05:00,494.6083068847656
2024-02-22 00:00:00-05:00,504.9438171386719
2024-02-23 00:00:00-05:00,505.2309265136719
2024-02-26 00:00:00-05:00,503.33013916015625
2024-02-27 00:00:00-05:00,504.22113037109375
2024-02-28 00:00:00-05:00,503.5875244140625
2024-02-29 00:00:00-05:00,505.3398132324219
2024-03-01 00:00:00-05:00,510.2303161621094
2024-03-04 00:00:00-05:00,509.6264953613281
2024-03-05 00:00:00-05:00,504.478515625
2024-03-06 00:00:00-05:00,507.2109375
2024-03-07 00:00:00-05:00,512.2499389648438
2024-03-08 00:00:00-05:00,509.14129638671875
2024-03-11 00:00:00-04:00,508.8938293457031
2024-03-12 00:00:00-04:00,514.2001953125
2024-03-13 00:00:00-04:00,513.3785400390625
2024-03-14 00:00:00-04:00,512.2598266601562
2024-03-15 00:00:00-04:00,508.0919494628906
2024-03-18 00:00:00-04:00,511.6756896972656
2024-03-19 00:00:00-04:00,514.6358642578125
2024-03-20 00:00:00-04:00,519.41748046875
2024-03-21 00:00:00-04:00,521.0213623046875
2024-03-22 00:00:00-04:00,520.326171875
2024-03-25 00:00:00-04:00,518.6974487304688
2024-03-26 00:00:00-04:00,517.6049194335938
2024-03-27 00:00:00-04:00,522.1138305664062
2024-03-28 00:00:00-04:00,522.1237182617188
2024-04-01 00:00:00-04:00,521.2796020507812
2024-04-02 00:00:00-04:00,517.8731079101562
2024-04-03 00:00:00-04:00,518.4491577148438
2024-04-04 00:00:00-04:00,512.0731811523438
2024-04-05 00:00:00-04:00,517.416259765625
2024-04-08 00:00:00-04:00,517.5552978515625
2024-04-09 00:00:00-04:00,518.2008666992188
2024-04-10 00:00:00-04:00,513.175537109375
2024-04-11 00:00:00-04:00,517.01904296875
2024-04-12 00:00:00-04:00,509.7889709472656
2024-04-15 00:00:00-04:00,503.47259521484375
2024-04-16 00:00:00-04:00,502.5092468261719
2024-04-17 00:00:00-04:00,499.58941650390625
2024-04-18 00:00:00-04:00,498.4373474121094
2024-04-19 00:00:00-04:00,494.1171875
2024-04-22 00:00:00-04:00,498.67572021484375
2024-04-23 00:00:00-04:00,504.6842346191406
2024-04-24 00:00:00-04:00,504.4855651855469
2024-04-25 00:00:00-04:00,502.350341796875
2024-04-26 00:00:00-04:00,507.2663879394531
2024-04-29 00:00:00-04:00,509.07391357421875
2024-04-30 00:00:00-04:00,500.97979736328125
2024-05-01 00:00:00-04:00,499.4106140136719
2024-05-02 00:00:00-04:00,503.97906494140625
2024-05-03 00:00:00-04:00,510.3153381347656
2024-05-06 00:00:00-04:00,515.6286010742188
2024-05-07 00:00:00-04:00,516.2940063476562
2024-05-08 00:00:00-04:00,516.244384765625
2024-05-09 00:00:00-04:00,519.0747680664062
2024-05-10 00:00:00-04:00,519.7998046875
2024-05-13 00:00:00-04:00,519.9785766601562
2024-05-14 00:00:00-04:00,522.3521728515625
2024-05-15 00:00:00-04:00,528.827392578125
2024-05-16 00:00:00-04:00,527.5860595703125
2024-05-17 00:00:00-04:00,528.4799194335938
2024-05-20 00:00:00-04:00,529.0955810546875
2024-05-21 00:00:00-04:00,530.3866577148438
2024-05-22 00:00:00-04:00,528.8771362304688
2024-05-23 00:00:00-04:00,525.0138549804688
2024-05-24 00:00:00-04:00,528.499755859375
2024-05-28 00:00:00-04:00,528.9068603515625
2024-05-29 00:00:00-04:00,525.123046875
2024-05-30 00:00:00-04:00,521.716552734375
2024-05-31 00:00:00-04:00,526.3247680664062
2024-06-03 00:00:00-04:00,526.6524658203125
2024-06-04 00:00:00-04:00,527.4271240234375
2024-06-05 00:00:00-04:00,533.7435302734375
2024-06-06 00:00:00-04:00,533.7236328125
2024-06-07 00:00:00-04:00,533.0482788085938
2024-06-10 00:00:00-04:00,534.6373901367188
2024-06-11 00:00:00-04:00,535.963134765625
2024-06-12 00:00:00-04:00,540.42578125
2024-06-13 00:00:00-04:00,541.5613403320312
2024-06-14 00:00:00-04:00,541.7506103515625
2024-06-17 00:00:00-04:00,546.183349609375
2024-06-18 00:00:00-04:00,547.5082397460938
2024-06-20 00:00:00-04:00,545.8148193359375
2024-06-21 00:00:00-04:00,544.888427734375
2024-06-24 00:00:00-04:00,543.4938354492188
2024-06-25 00:00:00-04:00,545.5557861328125
2024-06-26 00:00:00-04:00,546.392578125
2024-06-27 00:00:00-04:00,547.189453125
2024-06-28 00:00:00-04:00,545.1075439453125
2024-07-01 00:00:00-04:00,546.282958984375
2024-07-02 00:00:00-04:00,549.7693481445312
2024-07-03 00:00:00-04:00,552.1800537109375
2024-07-05 00:00:00-04:00,555.5967407226562
2024-07-08 00:00:00-04:00,556.244140625
2024-07-09 00:00:00-04:00,556.7621459960938
2024-07-10 00:00:00-04:00,562.0615234375
2024-07-11 00:00:00-04:00,557.2901611328125
2024-07-12 00:00:00-04:00,560.856201171875
2024-07-15 00:00:00-04:00,562.4201049804688
2024-07-16 00:00:00-04:00,565.7571411132812
2024-07-17 00:00:00-04:00,557.85791015625
2024-07-18 00:00:00-04:00,553.445068359375
2024-07-19 00:00:00-04:00,549.839111328125
2024-07-22 00:00:00-04:00,555.5469360351562
2024-07-23 00:00:00-04:00,554.6205444335938
2024-07-24 00:00:00-04:00,542.0993041992188
2024-07-25 00:00:00-04:00,539.2404174804688
2024-07-26 00:00:00-04:00,545.2669677734375
2024-07-29 00:00:00-04:00,545.6454467773438
2024-07-30 00:00:00-04:00,542.7069091796875
2024-07-31 00:00:00-04:00,551.1739501953125
2024-08-01 00:00:00-04:00,543.93212890625
2024-08-02 00:00:00-04:00,533.6920166015625
2024-08-05 00:00:00-04:00,518.1624755859375
2024-08-06 00:00:00-04:00,523.0833129882812
2024-08-07 00:00:00-04:00,519.4673461914062
2024-08-08 00:00:00-04:00,531.5005493164062
2024-08-09 00:00:00-04:00,533.7716674804688
2024-08-12 00:00:00-04:00,534.0306396484375
2024-08-13 00:00:00-04:00,542.9161376953125
2024-08-14 00:00:00-04:00,544.6891479492188
2024-08-15 00:00:00-04:00,554.0128784179688
2024-08-16 00:00:00-04:00,555.2680053710938
2024-08-19 00:00:00-04:00,560.4278564453125
2024-08-20 00:00:00-04:00,559.5911865234375
2024-08-21 00:00:00-04:00,561.772705078125
2024-08-22 00:00:00-04:00,557.0211791992188
2024-08-23 00:00:00-04:00,563.0377197265625
2024-08-26 00:00:00-04:00,561.4439697265625
2024-08-27 00:00:00-04:00,562.4699096679688
2024-08-28 00:00:00-04:00,559.1827392578125
2024-08-29 00:00:00-04:00,559.2723999023438
2024-08-30 00:00:00-04:00,564.5518188476562
2024-09-03 00:00:00-04:00,553.1064453125
2024-09-04 00:00:00-04:00,551.9508666992188
2024-09-05 00:00:00-04:00,550.4168701171875
2024-09-06 00:00:00-04:00,541.2625122070312
2024-09-09 00:00:00-04:00,547.3388061523438
2024-09-10 00:00:00-04:00,549.3609619140625
2024-09-11 00:00:00-04:00,555.2879028320312
2024-09-12 00:00:00-04:00,559.9895629882812
2024-09-13 00:00:00-04:00,562.8583984375
2024-09-16 00:00:00-04:00,563.7947998046875
2024-09-17 00:00:00-04:00,564.0039672851562
2024-09-18 00:00:00-04:00,562.320556640625
2024-09-19 00:00:00-04:00,571.9630126953125
2024-09-20 00:00:00-04:00,570.7676391601562
2024-09-23 00:00:00-04:00,572.3515014648438
2024-09-24 00:00:00-04:00,574.0150146484375
2024-09-25 00:00:00-04:00,572.6599731445312
2024-09-26 00:00:00-04:00,575.1099853515625
2024-09-27 00:00:00-04:00,574.0700073242188
2024-09-30 00:00:00-04:00,576.8200073242188
2024-10-01 00:00:00-04:00,571.3699951171875
2024-10-02 00:00:00-04:00,571.5999755859375
2024-10-03 00:00:00-04:00,570.510009765625
2024-10-04 00:00:00-04:00,575.6900024414062
2024-10-07 00:00:00-04:00,570.530029296875
2024-10-08 00:00:00-04:00,575.9400024414062
2024-10-09 00:00:00-04:00,579.8499755859375
2024-10-10 00:00:00-04:00,578.8300170898438
2024-10-11 00:00:00-04:00,582.3499755859375
2024-10-14 00:00:00-04:00,587.1500244140625
2024-10-15 00:00:00-04:00,582.489990234375
2024-10-16 00:00:00-04:00,585.0800170898438
2024-10-17 00:00:00-04:00,585.25
2024-10-18 00:00:00-04:00,587.4600219726562
2024-10-21 00:00:00-04:00,586.5900268554688
2024-10-22 00:00:00-04:00,586.1300048828125
2024-10-23 00:00:00-04:00,580.7899780273438
2024-10-24 00:00:00-04:00,582.030029296875
2024-10-25 00:00:00-04:00,581.9000244140625
2024-10-28 00:00:00-04:00,583.6500244140625
2024-10-29 00:00:00-04:00,584.5499877929688
2024-10-30 00:00:00-04:00,582.6699829101562
