Date,JPM
2017-11-09 00:00:00-05:00,80.09941864013672
2017-11-10 00:00:00-05:00,80.00098419189453
2017-11-13 00:00:00-05:00,80.28811645507812
2017-11-14 00:00:00-05:00,79.8040771484375
2017-11-15 00:00:00-05:00,80.5588607788086
2017-11-16 00:00:00-05:00,80.78858184814453
2017-11-17 00:00:00-05:00,80.51783752441406
2017-11-20 00:00:00-05:00,81.23162078857422
2017-11-21 00:00:00-05:00,81.16597747802734
2017-11-22 00:00:00-05:00,80.92805480957031
2017-11-24 00:00:00-05:00,80.66552734375
2017-11-27 00:00:00-05:00,80.3455581665039
2017-11-28 00:00:00-05:00,83.15965270996094
2017-11-29 00:00:00-05:00,85.10411071777344
2017-11-30 00:00:00-05:00,85.75225067138672
2017-12-01 00:00:00-05:00,85.97374725341797
2017-12-04 00:00:00-05:00,87.74590301513672
2017-12-05 00:00:00-05:00,86.73677825927734
2017-12-06 00:00:00-05:00,86.08861541748047
2017-12-07 00:00:00-05:00,85.83429718017578
2017-12-08 00:00:00-05:00,86.90906524658203
2017-12-11 00:00:00-05:00,86.65471649169922
2017-12-12 00:00:00-05:00,87.66385650634766
2017-12-13 00:00:00-05:00,86.56451416015625
2017-12-14 00:00:00-05:00,85.86711120605469
2017-12-15 00:00:00-05:00,87.08134460449219
2017-12-18 00:00:00-05:00,87.7541275024414
2017-12-19 00:00:00-05:00,87.38491821289062
2017-12-20 00:00:00-05:00,87.08134460449219
2017-12-21 00:00:00-05:00,88.46790313720703
2017-12-22 00:00:00-05:00,88.15612030029297
2017-12-26 00:00:00-05:00,87.80333709716797
2017-12-27 00:00:00-05:00,87.96743774414062
2017-12-28 00:00:00-05:00,88.43507385253906
2017-12-29 00:00:00-05:00,87.73770141601562
2018-01-02 00:00:00-05:00,88.56633758544922
2018-01-03 00:00:00-05:00,88.65657806396484
2018-01-04 00:00:00-05:00,89.9266586303711
2018-01-05 00:00:00-05:00,89.34934997558594
2018-01-08 00:00:00-05:00,89.48130798339844
2018-01-09 00:00:00-05:00,89.93489837646484
2018-01-10 00:00:00-05:00,90.92454528808594
2018-01-11 00:00:00-05:00,91.41114044189453
2018-01-12 00:00:00-05:00,92.92035675048828
2018-01-16 00:00:00-05:00,92.5904769897461
2018-01-17 00:00:00-05:00,93.18426513671875
2018-01-18 00:00:00-05:00,93.40693664550781
2018-01-19 00:00:00-05:00,93.20077514648438
2018-01-22 00:00:00-05:00,94.28937530517578
2018-01-23 00:00:00-05:00,94.19041442871094
2018-01-24 00:00:00-05:00,95.3945083618164
2018-01-25 00:00:00-05:00,95.41925811767578
2018-01-26 00:00:00-05:00,95.93055725097656
2018-01-29 00:00:00-05:00,95.83161163330078
2018-01-30 00:00:00-05:00,94.93266296386719
2018-01-31 00:00:00-05:00,95.3945083618164
2018-02-01 00:00:00-05:00,96.3841552734375
2018-02-02 00:00:00-05:00,94.24815368652344
2018-02-05 00:00:00-05:00,89.72872924804688
2018-02-06 00:00:00-05:00,92.4585189819336
2018-02-07 00:00:00-05:00,93.08529663085938
2018-02-08 00:00:00-05:00,88.96997833251953
2018-02-09 00:00:00-05:00,90.75137329101562
2018-02-12 00:00:00-05:00,92.15338134765625
2018-02-13 00:00:00-05:00,92.72242736816406
2018-02-14 00:00:00-05:00,94.86668395996094
2018-02-15 00:00:00-05:00,95.26254272460938
2018-02-16 00:00:00-05:00,94.57804107666016
2018-02-20 00:00:00-05:00,94.60276794433594
2018-02-21 00:00:00-05:00,94.99864196777344
2018-02-22 00:00:00-05:00,94.82544708251953
2018-02-23 00:00:00-05:00,96.74703216552734
2018-02-26 00:00:00-05:00,97.95111083984375
2018-02-27 00:00:00-05:00,96.78825378417969
2018-02-28 00:00:00-05:00,95.25428009033203
2018-03-01 00:00:00-05:00,93.54713439941406
2018-03-02 00:00:00-05:00,93.45640563964844
2018-03-05 00:00:00-05:00,94.89142608642578
2018-03-06 00:00:00-05:00,94.97388458251953
2018-03-07 00:00:00-05:00,94.61927795410156
2018-03-08 00:00:00-05:00,94.62751770019531
2018-03-09 00:00:00-05:00,97.34906768798828
2018-03-12 00:00:00-04:00,97.03569030761719
2018-03-13 00:00:00-04:00,95.87284088134766
2018-03-14 00:00:00-04:00,94.80070495605469
2018-03-15 00:00:00-04:00,95.03986358642578
2018-03-16 00:00:00-04:00,95.2048110961914
2018-03-19 00:00:00-04:00,94.454345703125
2018-03-20 00:00:00-04:00,94.5450439453125
2018-03-21 00:00:00-04:00,94.62751770019531
2018-03-22 00:00:00-04:00,90.67716217041016
2018-03-23 00:00:00-04:00,88.25247955322266
2018-03-26 00:00:00-04:00,90.97403717041016
2018-03-27 00:00:00-04:00,89.20913696289062
2018-03-28 00:00:00-04:00,89.06896209716797
2018-03-29 00:00:00-04:00,90.69364166259766
2018-04-02 00:00:00-04:00,88.94524383544922
2018-04-03 00:00:00-04:00,90.16583251953125
2018-04-04 00:00:00-04:00,91.53485870361328
2018-04-05 00:00:00-04:00,92.73673248291016
2018-04-06 00:00:00-04:00,90.42414855957031
2018-04-09 00:00:00-04:00,91.50999450683594
2018-04-10 00:00:00-04:00,93.25892639160156
2018-04-11 00:00:00-04:00,91.69234466552734
2018-04-12 00:00:00-04:00,93.9718017578125
2018-04-13 00:00:00-04:00,91.42708587646484
2018-04-16 00:00:00-04:00,91.35249328613281
2018-04-17 00:00:00-04:00,91.35249328613281
2018-04-18 00:00:00-04:00,90.61474609375
2018-04-19 00:00:00-04:00,92.6041030883789
2018-04-20 00:00:00-04:00,92.39688110351562
2018-04-23 00:00:00-04:00,91.94931030273438
2018-04-24 00:00:00-04:00,91.51826477050781
2018-04-25 00:00:00-04:00,91.17013549804688
2018-04-26 00:00:00-04:00,91.26131439208984
2018-04-27 00:00:00-04:00,90.68109893798828
2018-04-30 00:00:00-04:00,90.16716003417969
2018-05-01 00:00:00-04:00,90.16716003417969
2018-05-02 00:00:00-04:00,89.45429992675781
2018-05-03 00:00:00-04:00,88.8906478881836
2018-05-04 00:00:00-04:00,89.87704467773438
2018-05-07 00:00:00-04:00,90.65621185302734
2018-05-08 00:00:00-04:00,91.99900817871094
2018-05-09 00:00:00-04:00,94.00494384765625
2018-05-10 00:00:00-04:00,94.734375
2018-05-11 00:00:00-04:00,94.3779525756836
2018-05-14 00:00:00-04:00,94.41109466552734
2018-05-15 00:00:00-04:00,93.68997192382812
2018-05-16 00:00:00-04:00,93.9469223022461
2018-05-17 00:00:00-04:00,93.6319351196289
2018-05-18 00:00:00-04:00,92.11507415771484
2018-05-21 00:00:00-04:00,92.96054077148438
2018-05-22 00:00:00-04:00,93.67341613769531
2018-05-23 00:00:00-04:00,93.24238586425781
2018-05-24 00:00:00-04:00,92.19795989990234
2018-05-25 00:00:00-04:00,91.72547912597656
2018-05-29 00:00:00-04:00,87.80480194091797
2018-05-30 00:00:00-04:00,89.81073760986328
2018-05-31 00:00:00-04:00,88.70002746582031
2018-06-01 00:00:00-04:00,89.8521957397461
2018-06-04 00:00:00-04:00,89.89361572265625
2018-06-05 00:00:00-04:00,89.38800811767578
2018-06-06 00:00:00-04:00,91.47681427001953
2018-06-07 00:00:00-04:00,91.84153747558594
2018-06-08 00:00:00-04:00,92.0984878540039
2018-06-11 00:00:00-04:00,91.86638641357422
2018-06-12 00:00:00-04:00,91.3359146118164
2018-06-13 00:00:00-04:00,91.15355682373047
2018-06-14 00:00:00-04:00,89.54549407958984
2018-06-15 00:00:00-04:00,89.43773651123047
2018-06-18 00:00:00-04:00,89.6698226928711
2018-06-19 00:00:00-04:00,89.14762878417969
2018-06-20 00:00:00-04:00,89.13934326171875
2018-06-21 00:00:00-04:00,89.11446380615234
2018-06-22 00:00:00-04:00,87.65559387207031
2018-06-25 00:00:00-04:00,86.85987854003906
2018-06-26 00:00:00-04:00,86.91789245605469
2018-06-27 00:00:00-04:00,85.57508850097656
2018-06-28 00:00:00-04:00,86.97593688964844
2018-06-29 00:00:00-04:00,86.37083435058594
2018-07-02 00:00:00-04:00,87.10025787353516
2018-07-03 00:00:00-04:00,85.88178253173828
2018-07-05 00:00:00-04:00,86.44014739990234
2018-07-06 00:00:00-04:00,86.72352600097656
2018-07-09 00:00:00-04:00,89.40705871582031
2018-07-10 00:00:00-04:00,88.85700225830078
2018-07-11 00:00:00-04:00,88.66534423828125
2018-07-12 00:00:00-04:00,89.04871368408203
2018-07-13 00:00:00-04:00,88.6403579711914
2018-07-16 00:00:00-04:00,92.15727996826172
2018-07-17 00:00:00-04:00,92.09059143066406
2018-07-18 00:00:00-04:00,92.94898986816406
2018-07-19 00:00:00-04:00,91.58221435546875
2018-07-20 00:00:00-04:00,92.74065399169922
2018-07-23 00:00:00-04:00,94.4657974243164
2018-07-24 00:00:00-04:00,95.13252258300781
2018-07-25 00:00:00-04:00,95.99092102050781
2018-07-26 00:00:00-04:00,95.71588897705078
2018-07-27 00:00:00-04:00,96.69931030273438
2018-07-30 00:00:00-04:00,97.28266143798828
2018-07-31 00:00:00-04:00,95.79922485351562
2018-08-01 00:00:00-04:00,96.39094543457031
2018-08-02 00:00:00-04:00,96.79930114746094
2018-08-03 00:00:00-04:00,97.58269500732422
2018-08-06 00:00:00-04:00,97.60770416259766
2018-08-07 00:00:00-04:00,97.96607208251953
2018-08-08 00:00:00-04:00,98.16608428955078
2018-08-09 00:00:00-04:00,97.4076919555664
2018-08-10 00:00:00-04:00,96.44927978515625
2018-08-13 00:00:00-04:00,94.91582489013672
2018-08-14 00:00:00-04:00,95.54920196533203
2018-08-15 00:00:00-04:00,94.75748443603516
2018-08-16 00:00:00-04:00,95.64922332763672
2018-08-17 00:00:00-04:00,95.64922332763672
2018-08-20 00:00:00-04:00,95.52421569824219
2018-08-21 00:00:00-04:00,96.10757446289062
2018-08-22 00:00:00-04:00,95.81590270996094
2018-08-23 00:00:00-04:00,95.61589050292969
2018-08-24 00:00:00-04:00,95.57421875
2018-08-27 00:00:00-04:00,97.26602172851562
2018-08-28 00:00:00-04:00,96.79096221923828
2018-08-29 00:00:00-04:00,96.47428131103516
2018-08-30 00:00:00-04:00,95.9992446899414
2018-08-31 00:00:00-04:00,95.49085235595703
2018-09-04 00:00:00-04:00,95.96592712402344
2018-09-05 00:00:00-04:00,95.49921417236328
2018-09-06 00:00:00-04:00,95.09083557128906
2018-09-07 00:00:00-04:00,95.27417755126953
2018-09-10 00:00:00-04:00,94.76580810546875
2018-09-11 00:00:00-04:00,95.3658676147461
2018-09-12 00:00:00-04:00,94.24076843261719
2018-09-13 00:00:00-04:00,94.60746765136719
2018-09-14 00:00:00-04:00,94.5907974243164
2018-09-17 00:00:00-04:00,94.87415313720703
2018-09-18 00:00:00-04:00,95.25752258300781
2018-09-19 00:00:00-04:00,98.02440643310547
2018-09-20 00:00:00-04:00,98.86613464355469
2018-09-21 00:00:00-04:00,98.2160873413086
2018-09-24 00:00:00-04:00,97.27433013916016
2018-09-25 00:00:00-04:00,96.99932861328125
2018-09-26 00:00:00-04:00,95.8575668334961
2018-09-27 00:00:00-04:00,95.44086456298828
2018-09-28 00:00:00-04:00,94.04073333740234
2018-10-01 00:00:00-04:00,94.5907974243164
2018-10-02 00:00:00-04:00,94.98249816894531
2018-10-03 00:00:00-04:00,95.87423706054688
2018-10-04 00:00:00-04:00,96.7386245727539
2018-10-05 00:00:00-04:00,96.19315338134766
2018-10-08 00:00:00-04:00,96.78060150146484
2018-10-09 00:00:00-04:00,96.1092300415039
2018-10-10 00:00:00-04:00,93.54954528808594
2018-10-11 00:00:00-04:00,90.74649810791016
2018-10-12 00:00:00-04:00,89.75619506835938
2018-10-15 00:00:00-04:00,89.24427032470703
2018-10-16 00:00:00-04:00,91.1577377319336
2018-10-17 00:00:00-04:00,92.17318725585938
2018-10-18 00:00:00-04:00,90.71294403076172
2018-10-19 00:00:00-04:00,90.56188201904297
2018-10-22 00:00:00-04:00,89.26107025146484
2018-10-23 00:00:00-04:00,88.32949829101562
2018-10-24 00:00:00-04:00,86.68457794189453
2018-10-25 00:00:00-04:00,88.0022201538086
2018-10-26 00:00:00-04:00,86.79370880126953
2018-10-29 00:00:00-04:00,87.99381256103516
2018-10-30 00:00:00-04:00,89.54641723632812
2018-10-31 00:00:00-04:00,91.49342346191406
2018-11-01 00:00:00-04:00,91.45986938476562
2018-11-02 00:00:00-04:00,90.95631408691406
2018-11-05 00:00:00-05:00,91.55216979980469
2018-11-06 00:00:00-05:00,91.98019409179688
2018-11-07 00:00:00-05:00,93.55796813964844
2018-11-08 00:00:00-05:00,94.31324005126953
2018-11-09 00:00:00-05:00,93.39848327636719
2018-11-12 00:00:00-05:00,91.4346694946289
2018-11-13 00:00:00-05:00,91.9717788696289
2018-11-14 00:00:00-05:00,90.07511901855469
2018-11-15 00:00:00-05:00,92.3746109008789
2018-11-16 00:00:00-05:00,92.30748748779297
2018-11-19 00:00:00-05:00,93.01243591308594
2018-11-20 00:00:00-05:00,91.01504516601562
2018-11-21 00:00:00-05:00,90.33528900146484
2018-11-23 00:00:00-05:00,89.50445556640625
2018-11-26 00:00:00-05:00,91.69483947753906
2018-11-27 00:00:00-05:00,92.08088684082031
2018-11-28 00:00:00-05:00,93.1047592163086
2018-11-29 00:00:00-05:00,92.3662338256836
2018-11-30 00:00:00-05:00,93.31456756591797
2018-12-03 00:00:00-05:00,94.19574737548828
2018-12-04 00:00:00-05:00,89.99120330810547
2018-12-06 00:00:00-05:00,88.27916717529297
2018-12-07 00:00:00-05:00,86.68457794189453
2018-12-10 00:00:00-05:00,85.06488800048828
2018-12-11 00:00:00-05:00,84.2340316772461
2018-12-12 00:00:00-05:00,84.77953338623047
2018-12-13 00:00:00-05:00,84.86348724365234
2018-12-14 00:00:00-05:00,84.16690826416016
2018-12-17 00:00:00-05:00,83.09271240234375
2018-12-18 00:00:00-05:00,82.69823455810547
2018-12-19 00:00:00-05:00,81.6491928100586
2018-12-20 00:00:00-05:00,80.94422912597656
2018-12-21 00:00:00-05:00,79.03077697753906
2018-12-24 00:00:00-05:00,77.32714080810547
2018-12-26 00:00:00-05:00,80.53302001953125
2018-12-27 00:00:00-05:00,81.43939971923828
2018-12-28 00:00:00-05:00,81.2631607055664
2018-12-31 00:00:00-05:00,81.9261703491211
2019-01-02 00:00:00-05:00,83.34445190429688
2019-01-03 00:00:00-05:00,82.15999603271484
2019-01-04 00:00:00-05:00,85.18885040283203
2019-01-07 00:00:00-05:00,85.24805450439453
2019-01-08 00:00:00-05:00,85.0873031616211
2019-01-09 00:00:00-05:00,84.94347381591797
2019-01-10 00:00:00-05:00,84.93502807617188
2019-01-11 00:00:00-05:00,84.52892303466797
2019-01-14 00:00:00-05:00,85.40034484863281
2019-01-15 00:00:00-05:00,86.02641296386719
2019-01-16 00:00:00-05:00,86.72017669677734
2019-01-17 00:00:00-05:00,87.07554626464844
2019-01-18 00:00:00-05:00,88.48843383789062
2019-01-22 00:00:00-05:00,87.09246063232422
2019-01-23 00:00:00-05:00,86.87246704101562
2019-01-24 00:00:00-05:00,86.9232406616211
2019-01-25 00:00:00-05:00,87.47315979003906
2019-01-28 00:00:00-05:00,87.88774871826172
2019-01-29 00:00:00-05:00,88.13311004638672
2019-01-30 00:00:00-05:00,88.33614349365234
2019-01-31 00:00:00-05:00,87.56624603271484
2019-02-01 00:00:00-05:00,87.88774871826172
2019-02-04 00:00:00-05:00,88.20079040527344
2019-02-05 00:00:00-05:00,87.81158447265625
2019-02-06 00:00:00-05:00,87.76929473876953
2019-02-07 00:00:00-05:00,86.61865997314453
2019-02-08 00:00:00-05:00,85.75569915771484
2019-02-11 00:00:00-05:00,85.34960174560547
2019-02-12 00:00:00-05:00,86.80480194091797
2019-02-13 00:00:00-05:00,87.2193832397461
2019-02-14 00:00:00-05:00,86.6524887084961
2019-02-15 00:00:00-05:00,89.3006591796875
2019-02-19 00:00:00-05:00,88.98760986328125
2019-02-20 00:00:00-05:00,89.41909790039062
2019-02-21 00:00:00-05:00,89.23294067382812
2019-02-22 00:00:00-05:00,88.83533477783203
2019-02-25 00:00:00-05:00,89.76597595214844
2019-02-26 00:00:00-05:00,89.0806655883789
2019-02-27 00:00:00-05:00,88.97067260742188
2019-02-28 00:00:00-05:00,88.29385375976562
2019-03-01 00:00:00-05:00,88.35308074951172
2019-03-04 00:00:00-05:00,88.15001678466797
2019-03-05 00:00:00-05:00,88.08233642578125
2019-03-06 00:00:00-05:00,87.75238037109375
2019-03-07 00:00:00-05:00,87.11785125732422
2019-03-08 00:00:00-05:00,87.15167236328125
2019-03-11 00:00:00-04:00,88.28539276123047
2019-03-12 00:00:00-04:00,88.02311706542969
2019-03-13 00:00:00-04:00,88.31922912597656
2019-03-14 00:00:00-04:00,89.12298583984375
2019-03-15 00:00:00-04:00,90.14669799804688
2019-03-18 00:00:00-04:00,90.68818664550781
2019-03-19 00:00:00-04:00,90.35821533203125
2019-03-20 00:00:00-04:00,88.42919921875
2019-03-21 00:00:00-04:00,87.0332260131836
2019-03-22 00:00:00-04:00,84.4020004272461
2019-03-25 00:00:00-04:00,83.69979858398438
2019-03-26 00:00:00-04:00,84.5373764038086
2019-03-27 00:00:00-04:00,84.24971008300781
2019-03-28 00:00:00-04:00,85.20575714111328
2019-03-29 00:00:00-04:00,85.64572143554688
2019-04-01 00:00:00-04:00,88.53075408935547
2019-04-02 00:00:00-04:00,88.95378112792969
2019-04-03 00:00:00-04:00,89.13143920898438
2019-04-04 00:00:00-04:00,89.99248504638672
2019-04-05 00:00:00-04:00,89.77935791015625
2019-04-08 00:00:00-04:00,90.0692138671875
2019-04-09 00:00:00-04:00,89.40423583984375
2019-04-10 00:00:00-04:00,89.80493927001953
2019-04-11 00:00:00-04:00,90.56367492675781
2019-04-12 00:00:00-04:00,94.80924987792969
2019-04-15 00:00:00-04:00,93.7265396118164
2019-04-16 00:00:00-04:00,94.71548461914062
2019-04-17 00:00:00-04:00,97.44355773925781
2019-04-18 00:00:00-04:00,96.7274169921875
2019-04-22 00:00:00-04:00,96.8467788696289
2019-04-23 00:00:00-04:00,96.96613311767578
2019-04-24 00:00:00-04:00,96.8041763305664
2019-04-25 00:00:00-04:00,96.85529327392578
2019-04-26 00:00:00-04:00,97.58848571777344
2019-04-29 00:00:00-04:00,98.99514770507812
2019-04-30 00:00:00-04:00,98.93547821044922
2019-05-01 00:00:00-04:00,98.17671966552734
2019-05-02 00:00:00-04:00,98.38985443115234
2019-05-03 00:00:00-04:00,98.99514770507812
2019-05-06 00:00:00-04:00,98.11703491210938
2019-05-07 00:00:00-04:00,96.51429748535156
2019-05-08 00:00:00-04:00,96.00277709960938
2019-05-09 00:00:00-04:00,95.92605590820312
2019-05-10 00:00:00-04:00,95.91752624511719
2019-05-13 00:00:00-04:00,93.30879974365234
2019-05-14 00:00:00-04:00,94.05049896240234
2019-05-15 00:00:00-04:00,93.69245147705078
2019-05-16 00:00:00-04:00,94.8945083618164
2019-05-17 00:00:00-04:00,94.43412780761719
2019-05-20 00:00:00-04:00,94.9286117553711
2019-05-21 00:00:00-04:00,95.25257873535156
2019-05-22 00:00:00-04:00,94.47676849365234
2019-05-23 00:00:00-04:00,92.6182861328125
2019-05-24 00:00:00-04:00,93.53045654296875
2019-05-28 00:00:00-04:00,92.51594543457031
2019-05-29 00:00:00-04:00,92.26020050048828
2019-05-30 00:00:00-04:00,91.27125549316406
2019-05-31 00:00:00-04:00,90.33350372314453
2019-06-03 00:00:00-04:00,90.75975799560547
2019-06-04 00:00:00-04:00,93.55604553222656
2019-06-05 00:00:00-04:00,93.88851165771484
2019-06-06 00:00:00-04:00,94.09312438964844
2019-06-07 00:00:00-04:00,93.06159210205078
2019-06-10 00:00:00-04:00,94.06755065917969
2019-06-11 00:00:00-04:00,94.35741424560547
2019-06-12 00:00:00-04:00,93.15534973144531
2019-06-13 00:00:00-04:00,93.38553619384766
2019-06-14 00:00:00-04:00,93.62423706054688
2019-06-17 00:00:00-04:00,93.11271667480469
2019-06-18 00:00:00-04:00,94.38298034667969
2019-06-19 00:00:00-04:00,93.70096588134766
2019-06-20 00:00:00-04:00,93.9396743774414
2019-06-21 00:00:00-04:00,93.30027770996094
2019-06-24 00:00:00-04:00,92.63530731201172
2019-06-25 00:00:00-04:00,91.86805725097656
2019-06-26 00:00:00-04:00,92.48188018798828
2019-06-27 00:00:00-04:00,92.78875732421875
2019-06-28 00:00:00-04:00,95.31224060058594
2019-07-01 00:00:00-04:00,96.91498565673828
2019-07-02 00:00:00-04:00,97.01729583740234
2019-07-03 00:00:00-04:00,96.86273193359375
2019-07-05 00:00:00-04:00,97.43798828125
2019-07-08 00:00:00-04:00,96.90567016601562
2019-07-09 00:00:00-04:00,97.31779479980469
2019-07-10 00:00:00-04:00,97.0344467163086
2019-07-11 00:00:00-04:00,97.96170806884766
2019-07-12 00:00:00-04:00,98.9919662475586
2019-07-15 00:00:00-04:00,97.79000091552734
2019-07-16 00:00:00-04:00,98.8374252319336
2019-07-17 00:00:00-04:00,97.86724853515625
2019-07-18 00:00:00-04:00,98.4510726928711
2019-07-19 00:00:00-04:00,97.4809341430664
2019-07-22 00:00:00-04:00,98.10765838623047
2019-07-23 00:00:00-04:00,99.90205383300781
2019-07-24 00:00:00-04:00,100.30558776855469
2019-07-25 00:00:00-04:00,99.34398651123047
2019-07-26 00:00:00-04:00,99.7818603515625
2019-07-29 00:00:00-04:00,99.46419525146484
2019-07-30 00:00:00-04:00,99.24095916748047
2019-07-31 00:00:00-04:00,99.59297943115234
2019-08-01 00:00:00-04:00,96.96577453613281
2019-08-02 00:00:00-04:00,96.95718383789062
2019-08-05 00:00:00-04:00,94.07241821289062
2019-08-06 00:00:00-04:00,94.81079864501953
2019-08-07 00:00:00-04:00,92.75025939941406
2019-08-08 00:00:00-04:00,94.3214111328125
2019-08-09 00:00:00-04:00,94.2183837890625
2019-08-12 00:00:00-04:00,92.44974517822266
2019-08-13 00:00:00-04:00,93.87496185302734
2019-08-14 00:00:00-04:00,89.97711181640625
2019-08-15 00:00:00-04:00,90.32051849365234
2019-08-16 00:00:00-04:00,92.48408508300781
2019-08-19 00:00:00-04:00,93.31688690185547
2019-08-20 00:00:00-04:00,92.13208770751953
2019-08-21 00:00:00-04:00,92.38964080810547
2019-08-22 00:00:00-04:00,93.3426513671875
2019-08-23 00:00:00-04:00,91.0245361328125
2019-08-26 00:00:00-04:00,91.75431823730469
2019-08-27 00:00:00-04:00,90.78412628173828
2019-08-28 00:00:00-04:00,91.69424438476562
2019-08-29 00:00:00-04:00,93.7719497680664
2019-08-30 00:00:00-04:00,94.3214111328125
2019-09-03 00:00:00-04:00,93.20527648925781
2019-09-04 00:00:00-04:00,94.33000183105469
2019-09-05 00:00:00-04:00,96.47639465332031
2019-09-06 00:00:00-04:00,96.68244934082031
2019-09-09 00:00:00-04:00,99.07783508300781
2019-09-10 00:00:00-04:00,100.33992004394531
2019-09-11 00:00:00-04:00,100.61467742919922
2019-09-12 00:00:00-04:00,101.23283386230469
2019-09-13 00:00:00-04:00,103.22469329833984
2019-09-16 00:00:00-04:00,102.3060302734375
2019-09-17 00:00:00-04:00,101.79946899414062
2019-09-18 00:00:00-04:00,102.8211441040039
2019-09-19 00:00:00-04:00,102.49490356445312
2019-09-20 00:00:00-04:00,102.08280944824219
2019-09-23 00:00:00-04:00,102.06563568115234
2019-09-24 00:00:00-04:00,100.73487091064453
2019-09-25 00:00:00-04:00,101.31010437011719
2019-09-26 00:00:00-04:00,100.47727966308594
2019-09-27 00:00:00-04:00,101.06969451904297
2019-09-30 00:00:00-04:00,101.04393005371094
2019-10-01 00:00:00-04:00,99.20662689208984
2019-10-02 00:00:00-04:00,97.23193359375
2019-10-03 00:00:00-04:00,97.09346771240234
2019-10-04 00:00:00-04:00,99.19648742675781
2019-10-07 00:00:00-04:00,98.98013305664062
2019-10-08 00:00:00-04:00,96.77324676513672
2019-10-09 00:00:00-04:00,97.4742431640625
2019-10-10 00:00:00-04:00,98.84164428710938
2019-10-11 00:00:00-04:00,100.5119400024414
2019-10-14 00:00:00-04:00,100.78022003173828
2019-10-15 00:00:00-04:00,103.81792449951172
2019-10-16 00:00:00-04:00,103.57559967041016
2019-10-17 00:00:00-04:00,104.15543365478516
2019-10-18 00:00:00-04:00,104.33715057373047
2019-10-21 00:00:00-04:00,106.92483520507812
2019-10-22 00:00:00-04:00,107.99797058105469
2019-10-23 00:00:00-04:00,108.28357696533203
2019-10-24 00:00:00-04:00,108.2056655883789
2019-10-25 00:00:00-04:00,109.07112884521484
2019-10-28 00:00:00-04:00,109.48652648925781
2019-10-29 00:00:00-04:00,109.41728973388672
2019-10-30 00:00:00-04:00,108.81149291992188
2019-10-31 00:00:00-04:00,108.11048126220703
2019-11-01 00:00:00-04:00,110.6029281616211
2019-11-04 00:00:00-05:00,111.48570251464844
2019-11-05 00:00:00-05:00,111.72802734375
2019-11-06 00:00:00-05:00,111.90110778808594
2019-11-07 00:00:00-05:00,112.50691223144531
2019-11-08 00:00:00-05:00,112.83576965332031
2019-11-11 00:00:00-05:00,112.43766784667969
2019-11-12 00:00:00-05:00,111.77993774414062
2019-11-13 00:00:00-05:00,111.19143676757812
2019-11-14 00:00:00-05:00,111.29529571533203
2019-11-15 00:00:00-05:00,112.10015106201172
2019-11-18 00:00:00-05:00,113.04346466064453
2019-11-19 00:00:00-05:00,113.00886535644531
2019-11-20 00:00:00-05:00,112.18669891357422
2019-11-21 00:00:00-05:00,112.44631958007812
2019-11-22 00:00:00-05:00,113.19058990478516
2019-11-25 00:00:00-05:00,113.79640197753906
2019-11-26 00:00:00-05:00,113.95218658447266
2019-11-27 00:00:00-05:00,114.28968048095703
2019-11-29 00:00:00-05:00,114.03006744384766
2019-12-02 00:00:00-05:00,113.77910614013672
2019-12-03 00:00:00-05:00,112.3165054321289
2019-12-04 00:00:00-05:00,114.53201293945312
2019-12-05 00:00:00-05:00,115.15515899658203
2019-12-06 00:00:00-05:00,116.86871337890625
2019-12-09 00:00:00-05:00,116.323486328125
2019-12-10 00:00:00-05:00,116.4013900756836
2019-12-11 00:00:00-05:00,116.12443542480469
2019-12-12 00:00:00-05:00,119.44772338867188
2019-12-13 00:00:00-05:00,118.40055847167969
2019-12-16 00:00:00-05:00,118.85921478271484
2019-12-17 00:00:00-05:00,119.5862045288086
2019-12-18 00:00:00-05:00,119.46500396728516
2019-12-19 00:00:00-05:00,118.86790466308594
2019-12-20 00:00:00-05:00,118.77267456054688
2019-12-23 00:00:00-05:00,118.73804473876953
2019-12-24 00:00:00-05:00,119.06689453125
2019-12-26 00:00:00-05:00,120.3304672241211
2019-12-27 00:00:00-05:00,120.41699981689453
2019-12-30 00:00:00-05:00,119.97563171386719
2019-12-31 00:00:00-05:00,120.64202880859375
2020-01-02 00:00:00-05:00,122.1046142578125
2020-01-03 00:00:00-05:00,120.4932861328125
2020-01-06 00:00:00-05:00,120.39744567871094
2020-01-07 00:00:00-05:00,118.35063171386719
2020-01-08 00:00:00-05:00,119.2739028930664
2020-01-09 00:00:00-05:00,119.70939636230469
2020-01-10 00:00:00-05:00,118.51612091064453
2020-01-13 00:00:00-05:00,119.50032806396484
2020-01-14 00:00:00-05:00,120.89391326904297
2020-01-15 00:00:00-05:00,119.0822525024414
2020-01-16 00:00:00-05:00,119.54388427734375
2020-01-17 00:00:00-05:00,120.37132263183594
2020-01-21 00:00:00-05:00,119.18678283691406
2020-01-22 00:00:00-05:00,119.04740905761719
2020-01-23 00:00:00-05:00,118.92549133300781
2020-01-24 00:00:00-05:00,115.97280883789062
2020-01-27 00:00:00-05:00,114.99726867675781
2020-01-28 00:00:00-05:00,117.08767700195312
2020-01-29 00:00:00-05:00,116.91349029541016
2020-01-30 00:00:00-05:00,118.35931396484375
2020-01-31 00:00:00-05:00,115.28473663330078
2020-02-03 00:00:00-05:00,116.16442108154297
2020-02-04 00:00:00-05:00,117.83673095703125
2020-02-05 00:00:00-05:00,119.84003448486328
2020-02-06 00:00:00-05:00,119.85742950439453
2020-02-07 00:00:00-05:00,119.47419738769531
2020-02-10 00:00:00-05:00,119.97065734863281
2020-02-11 00:00:00-05:00,120.1971206665039
2020-02-12 00:00:00-05:00,120.1971206665039
2020-02-13 00:00:00-05:00,120.09261322021484
2020-02-14 00:00:00-05:00,119.726806640625
2020-02-18 00:00:00-05:00,118.14157104492188
2020-02-19 00:00:00-05:00,119.75294494628906
2020-02-20 00:00:00-05:00,119.75294494628906
2020-02-21 00:00:00-05:00,118.28964233398438
2020-02-24 00:00:00-05:00,115.11054992675781
2020-02-25 00:00:00-05:00,109.9716567993164
2020-02-26 00:00:00-05:00,110.30265808105469
2020-02-27 00:00:00-05:00,105.71250915527344
2020-02-28 00:00:00-05:00,101.13108825683594
2020-03-02 00:00:00-05:00,105.84315490722656
2020-03-03 00:00:00-05:00,101.87142181396484
2020-03-04 00:00:00-05:00,104.38862609863281
2020-03-05 00:00:00-05:00,99.26715087890625
2020-03-06 00:00:00-05:00,94.13700103759766
2020-03-09 00:00:00-04:00,81.38566589355469
2020-03-10 00:00:00-04:00,87.70906066894531
2020-03-11 00:00:00-04:00,83.58056640625
2020-03-12 00:00:00-04:00,76.69100189208984
2020-03-13 00:00:00-04:00,90.5049819946289
2020-03-16 00:00:00-04:00,76.96099090576172
2020-03-17 00:00:00-04:00,81.66436004638672
2020-03-18 00:00:00-04:00,73.06766510009766
2020-03-19 00:00:00-04:00,74.29576873779297
2020-03-20 00:00:00-04:00,72.72798919677734
2020-03-23 00:00:00-04:00,68.83462524414062
2020-03-24 00:00:00-04:00,77.02198028564453
2020-03-25 00:00:00-04:00,79.89624786376953
2020-03-26 00:00:00-04:00,85.4619140625
2020-03-27 00:00:00-04:00,79.37364959716797
2020-03-30 00:00:00-04:00,81.43791198730469
2020-03-31 00:00:00-04:00,78.4155502319336
2020-04-01 00:00:00-04:00,73.47703552246094
2020-04-02 00:00:00-04:00,76.22066497802734
2020-04-03 00:00:00-04:00,73.96775817871094
2020-04-06 00:00:00-04:00,78.72879028320312
2020-04-07 00:00:00-04:00,79.76725006103516
2020-04-08 00:00:00-04:00,82.98821258544922
2020-04-09 00:00:00-04:00,90.43336486816406
2020-04-13 00:00:00-04:00,86.41159057617188
2020-04-14 00:00:00-04:00,84.04425048828125
2020-04-15 00:00:00-04:00,79.89923858642578
2020-04-16 00:00:00-04:00,76.85430145263672
2020-04-17 00:00:00-04:00,83.76264190673828
2020-04-20 00:00:00-04:00,80.7088623046875
2020-04-21 00:00:00-04:00,78.36797332763672
2020-04-22 00:00:00-04:00,78.62317657470703
2020-04-23 00:00:00-04:00,78.66719055175781
2020-04-24 00:00:00-04:00,79.828857421875
2020-04-27 00:00:00-04:00,83.26982879638672
2020-04-28 00:00:00-04:00,83.85944366455078
2020-04-29 00:00:00-04:00,86.12116241455078
2020-04-30 00:00:00-04:00,84.27306365966797
2020-05-01 00:00:00-04:00,82.06414794921875
2020-05-04 00:00:00-04:00,81.08731079101562
2020-05-05 00:00:00-04:00,80.96410369873047
2020-05-06 00:00:00-04:00,79.4416275024414
2020-05-07 00:00:00-04:00,80.26885223388672
2020-05-08 00:00:00-04:00,81.58012390136719
2020-05-11 00:00:00-04:00,79.17760467529297
2020-05-12 00:00:00-04:00,76.59027099609375
2020-05-13 00:00:00-04:00,73.95014953613281
2020-05-14 00:00:00-04:00,77.021484375
2020-05-15 00:00:00-04:00,75.59583282470703
2020-05-18 00:00:00-04:00,79.60002136230469
2020-05-19 00:00:00-04:00,78.0335693359375
2020-05-20 00:00:00-04:00,80.37448120117188
2020-05-21 00:00:00-04:00,79.3536148071289
2020-05-22 00:00:00-04:00,78.73758697509766
2020-05-26 00:00:00-04:00,84.32588195800781
2020-05-27 00:00:00-04:00,89.21011352539062
2020-05-28 00:00:00-04:00,87.8812484741211
2020-05-29 00:00:00-04:00,85.63713836669922
2020-06-01 00:00:00-04:00,86.77239990234375
2020-06-02 00:00:00-04:00,87.06280517578125
2020-06-03 00:00:00-04:00,91.76225280761719
2020-06-04 00:00:00-04:00,93.67195129394531
2020-06-05 00:00:00-04:00,97.8873519897461
2020-06-08 00:00:00-04:00,99.84105682373047
2020-06-09 00:00:00-04:00,97.2801284790039
2020-06-10 00:00:00-04:00,93.3375244140625
2020-06-11 00:00:00-04:00,85.54914093017578
2020-06-12 00:00:00-04:00,87.89006042480469
2020-06-15 00:00:00-04:00,89.1044921875
2020-06-16 00:00:00-04:00,89.8173599243164
2020-06-17 00:00:00-04:00,87.54684448242188
2020-06-18 00:00:00-04:00,87.07162475585938
2020-06-19 00:00:00-04:00,86.0771484375
2020-06-22 00:00:00-04:00,85.1443099975586
2020-06-23 00:00:00-04:00,86.18277740478516
2020-06-24 00:00:00-04:00,83.30502319335938
2020-06-25 00:00:00-04:00,86.20917510986328
2020-06-26 00:00:00-04:00,81.48331451416016
2020-06-29 00:00:00-04:00,81.84414672851562
2020-06-30 00:00:00-04:00,82.77698516845703
2020-07-01 00:00:00-04:00,82.07296752929688
2020-07-02 00:00:00-04:00,82.33953857421875
2020-07-06 00:00:00-04:00,84.41891479492188
2020-07-07 00:00:00-04:00,82.03742218017578
2020-07-08 00:00:00-04:00,82.90826416015625
2020-07-09 00:00:00-04:00,81.11325073242188
2020-07-10 00:00:00-04:00,85.54745483398438
2020-07-13 00:00:00-04:00,86.77375793457031
2020-07-14 00:00:00-04:00,87.27139282226562
2020-07-15 00:00:00-04:00,88.62207794189453
2020-07-16 00:00:00-04:00,88.87089538574219
2020-07-17 00:00:00-04:00,87.22695922851562
2020-07-20 00:00:00-04:00,86.46275329589844
2020-07-21 00:00:00-04:00,88.33773803710938
2020-07-22 00:00:00-04:00,87.69793701171875
2020-07-23 00:00:00-04:00,87.95563507080078
2020-07-24 00:00:00-04:00,87.33358001708984
2020-07-27 00:00:00-04:00,86.10729217529297
2020-07-28 00:00:00-04:00,86.48051452636719
2020-07-29 00:00:00-04:00,88.57765197753906
2020-07-30 00:00:00-04:00,86.21394348144531
2020-07-31 00:00:00-04:00,85.8762435913086
2020-08-03 00:00:00-04:00,85.39640808105469
2020-08-04 00:00:00-04:00,84.90767669677734
2020-08-05 00:00:00-04:00,86.38276672363281
2020-08-06 00:00:00-04:00,86.40940856933594
2020-08-07 00:00:00-04:00,88.3110580444336
2020-08-10 00:00:00-04:00,89.43073272705078
2020-08-11 00:00:00-04:00,92.25653839111328
2020-08-12 00:00:00-04:00,91.47456359863281
2020-08-13 00:00:00-04:00,90.96804809570312
2020-08-14 00:00:00-04:00,91.00358581542969
2020-08-17 00:00:00-04:00,88.60430908203125
2020-08-18 00:00:00-04:00,87.3691177368164
2020-08-19 00:00:00-04:00,87.57352447509766
2020-08-20 00:00:00-04:00,86.52494049072266
2020-08-21 00:00:00-04:00,86.48051452636719
2020-08-24 00:00:00-04:00,88.91534423828125
2020-08-25 00:00:00-04:00,89.30633544921875
2020-08-26 00:00:00-04:00,88.05335998535156
2020-08-27 00:00:00-04:00,90.95027923583984
2020-08-28 00:00:00-04:00,91.32347869873047
2020-08-31 00:00:00-04:00,89.03085327148438
2020-09-01 00:00:00-04:00,88.98643493652344
2020-09-02 00:00:00-04:00,90.3282470703125
2020-09-03 00:00:00-04:00,90.04388427734375
2020-09-04 00:00:00-04:00,91.98997497558594
2020-09-08 00:00:00-04:00,88.79092407226562
2020-09-09 00:00:00-04:00,89.63511657714844
2020-09-10 00:00:00-04:00,88.71096801757812
2020-09-11 00:00:00-04:00,89.81283569335938
2020-09-14 00:00:00-04:00,91.0569076538086
2020-09-15 00:00:00-04:00,88.22222137451172
2020-09-16 00:00:00-04:00,88.59542846679688
2020-09-17 00:00:00-04:00,87.58240509033203
2020-09-18 00:00:00-04:00,87.39579772949219
2020-09-21 00:00:00-04:00,84.69437408447266
2020-09-22 00:00:00-04:00,83.7702407836914
2020-09-23 00:00:00-04:00,82.41064453125
2020-09-24 00:00:00-04:00,82.33953857421875
2020-09-25 00:00:00-04:00,83.05934143066406
2020-09-28 00:00:00-04:00,85.4497299194336
2020-09-29 00:00:00-04:00,84.72993469238281
2020-09-30 00:00:00-04:00,85.54745483398438
2020-10-01 00:00:00-04:00,86.16950225830078
2020-10-02 00:00:00-04:00,86.98703002929688
2020-10-05 00:00:00-04:00,88.82559967041016
2020-10-06 00:00:00-04:00,87.91082000732422
2020-10-07 00:00:00-04:00,89.44444274902344
2020-10-08 00:00:00-04:00,91.28301239013672
2020-10-09 00:00:00-04:00,90.76282501220703
2020-10-12 00:00:00-04:00,91.87492370605469
2020-10-13 00:00:00-04:00,90.38616180419922
2020-10-14 00:00:00-04:00,89.8839111328125
2020-10-15 00:00:00-04:00,91.22919464111328
2020-10-16 00:00:00-04:00,91.0408706665039
2020-10-19 00:00:00-04:00,89.50723266601562
2020-10-20 00:00:00-04:00,90.01844024658203
2020-10-21 00:00:00-04:00,89.12156677246094
2020-10-22 00:00:00-04:00,92.26957702636719
2020-10-23 00:00:00-04:00,93.1036376953125
2020-10-26 00:00:00-04:00,90.7987060546875
2020-10-27 00:00:00-04:00,89.08570861816406
2020-10-28 00:00:00-04:00,86.58344268798828
2020-10-29 00:00:00-04:00,87.14847564697266
2020-10-30 00:00:00-04:00,87.9287338256836
2020-11-02 00:00:00-05:00,89.91080474853516
2020-11-03 00:00:00-05:00,92.74491119384766
2020-11-04 00:00:00-05:00,89.91080474853516
2020-11-05 00:00:00-05:00,93.58795928955078
2020-11-06 00:00:00-05:00,92.34132385253906
2020-11-09 00:00:00-05:00,104.84363555908203
2020-11-10 00:00:00-05:00,104.50282287597656
2020-11-11 00:00:00-05:00,102.94229125976562
2020-11-12 00:00:00-05:00,101.67770385742188
2020-11-13 00:00:00-05:00,102.31446838378906
2020-11-16 00:00:00-05:00,105.202392578125
2020-11-17 00:00:00-05:00,104.1351089477539
2020-11-18 00:00:00-05:00,103.36380767822266
2020-11-19 00:00:00-05:00,103.64183807373047
2020-11-20 00:00:00-05:00,102.75393676757812
2020-11-23 00:00:00-05:00,105.71360778808594
2020-11-24 00:00:00-05:00,110.60151672363281
2020-11-25 00:00:00-05:00,109.44454956054688
2020-11-27 00:00:00-05:00,108.71808624267578
2020-11-30 00:00:00-05:00,105.72254943847656
2020-12-01 00:00:00-05:00,107.39073181152344
2020-12-02 00:00:00-05:00,109.4535140991211
2020-12-03 00:00:00-05:00,108.73600769042969
2020-12-04 00:00:00-05:00,109.72258758544922
2020-12-07 00:00:00-05:00,109.31002044677734
2020-12-08 00:00:00-05:00,109.41765594482422
2020-12-09 00:00:00-05:00,108.56562805175781
2020-12-10 00:00:00-05:00,107.86607360839844
2020-12-11 00:00:00-05:00,107.22929382324219
2020-12-14 00:00:00-05:00,106.09923553466797
2020-12-15 00:00:00-05:00,107.9109115600586
2020-12-16 00:00:00-05:00,108.22481536865234
2020-12-17 00:00:00-05:00,107.32794952392578
2020-12-18 00:00:00-05:00,106.79881286621094
2020-12-21 00:00:00-05:00,110.80778503417969
2020-12-22 00:00:00-05:00,109.12167358398438
2020-12-23 00:00:00-05:00,112.17102813720703
2020-12-24 00:00:00-05:00,111.67774200439453
2020-12-28 00:00:00-05:00,112.41319274902344
2020-12-29 00:00:00-05:00,112.1172103881836
2020-12-30 00:00:00-05:00,112.43110656738281
2020-12-31 00:00:00-05:00,113.96475982666016
2021-01-04 00:00:00-05:00,112.88854217529297
2021-01-05 00:00:00-05:00,113.5027847290039
2021-01-06 00:00:00-05:00,118.83238220214844
2021-01-07 00:00:00-05:00,122.73475646972656
2021-01-08 00:00:00-05:00,122.87026977539062
2021-01-11 00:00:00-05:00,124.70401000976562
2021-01-12 00:00:00-05:00,126.6642074584961
2021-01-13 00:00:00-05:00,126.78167724609375
2021-01-14 00:00:00-05:00,127.52238464355469
2021-01-15 00:00:00-05:00,125.23698425292969
2021-01-19 00:00:00-05:00,124.69497680664062
2021-01-20 00:00:00-05:00,122.82510375976562
2021-01-21 00:00:00-05:00,121.79531860351562
2021-01-22 00:00:00-05:00,120.85584259033203
2021-01-25 00:00:00-05:00,119.3472900390625
2021-01-26 00:00:00-05:00,118.8594970703125
2021-01-27 00:00:00-05:00,115.4991226196289
2021-01-28 00:00:00-05:00,117.5316162109375
2021-01-29 00:00:00-05:00,116.2308120727539
2021-02-01 00:00:00-05:00,117.08898162841797
2021-02-02 00:00:00-05:00,120.69325256347656
2021-02-03 00:00:00-05:00,122.0753402709961
2021-02-04 00:00:00-05:00,124.88468933105469
2021-02-05 00:00:00-05:00,124.64078521728516
2021-02-08 00:00:00-05:00,126.59197235107422
2021-02-09 00:00:00-05:00,126.08610534667969
2021-02-10 00:00:00-05:00,126.15836334228516
2021-02-11 00:00:00-05:00,125.80606842041016
2021-02-12 00:00:00-05:00,127.59466552734375
2021-02-16 00:00:00-05:00,130.66598510742188
2021-02-17 00:00:00-05:00,131.0724334716797
2021-02-18 00:00:00-05:00,131.5150909423828
2021-02-19 00:00:00-05:00,133.7101287841797
2021-02-22 00:00:00-05:00,134.96580505371094
2021-02-23 00:00:00-05:00,136.04977416992188
2021-02-24 00:00:00-05:00,138.44357299804688
2021-02-25 00:00:00-05:00,136.56466674804688
2021-02-26 00:00:00-05:00,132.94232177734375
2021-03-01 00:00:00-05:00,135.95037841796875
2021-03-02 00:00:00-05:00,135.5077667236328
2021-03-03 00:00:00-05:00,138.12744140625
2021-03-04 00:00:00-05:00,136.00457763671875
2021-03-05 00:00:00-05:00,136.3207550048828
2021-03-08 00:00:00-05:00,138.12744140625
2021-03-09 00:00:00-05:00,137.15179443359375
2021-03-10 00:00:00-05:00,140.1328125
2021-03-11 00:00:00-05:00,139.401123046875
2021-03-12 00:00:00-05:00,141.05416870117188
2021-03-15 00:00:00-04:00,140.3495635986328
2021-03-16 00:00:00-04:00,138.66941833496094
2021-03-17 00:00:00-04:00,140.0966796875
2021-03-18 00:00:00-04:00,142.4091796875
2021-03-19 00:00:00-04:00,140.14183044433594
2021-03-22 00:00:00-04:00,136.37498474121094
2021-03-23 00:00:00-04:00,135.010986328125
2021-03-24 00:00:00-04:00,136.05880737304688
2021-03-25 00:00:00-04:00,137.80224609375
2021-03-26 00:00:00-04:00,140.0966796875
2021-03-29 00:00:00-04:00,137.91964721679688
2021-03-30 00:00:00-04:00,139.54562377929688
2021-03-31 00:00:00-04:00,137.51315307617188
2021-04-01 00:00:00-04:00,138.85008239746094
2021-04-05 00:00:00-04:00,139.58609008789062
2021-04-06 00:00:00-04:00,138.604736328125
2021-04-07 00:00:00-04:00,140.7764434814453
2021-04-08 00:00:00-04:00,140.94903564453125
2021-04-09 00:00:00-04:00,142.00306701660156
2021-04-12 00:00:00-04:00,141.70321655273438
2021-04-13 00:00:00-04:00,140.0131378173828
2021-04-14 00:00:00-04:00,137.39627075195312
2021-04-15 00:00:00-04:00,138.2685546875
2021-04-16 00:00:00-04:00,139.2952880859375
2021-04-19 00:00:00-04:00,138.70469665527344
2021-04-20 00:00:00-04:00,135.6334686279297
2021-04-21 00:00:00-04:00,136.78746032714844
2021-04-22 00:00:00-04:00,133.90704345703125
2021-04-23 00:00:00-04:00,136.4694061279297
2021-04-26 00:00:00-04:00,136.80560302734375
2021-04-27 00:00:00-04:00,137.4325714111328
2021-04-28 00:00:00-04:00,138.3230438232422
2021-04-29 00:00:00-04:00,141.0126495361328
2021-04-30 00:00:00-04:00,139.75872802734375
2021-05-03 00:00:00-04:00,139.349853515625
2021-05-04 00:00:00-04:00,141.27618408203125
2021-05-05 00:00:00-04:00,143.1297607421875
2021-05-06 00:00:00-04:00,146.01022338867188
2021-05-07 00:00:00-04:00,146.5099639892578
2021-05-10 00:00:00-04:00,146.49179077148438
2021-05-11 00:00:00-04:00,144.05661010742188
2021-05-12 00:00:00-04:00,143.0662078857422
2021-05-13 00:00:00-04:00,146.7462158203125
2021-05-14 00:00:00-04:00,149.02691650390625
2021-05-17 00:00:00-04:00,149.62661743164062
2021-05-18 00:00:00-04:00,147.51856994628906
2021-05-19 00:00:00-04:00,146.391845703125
2021-05-20 00:00:00-04:00,146.13742065429688
2021-05-21 00:00:00-04:00,147.8002166748047
2021-05-24 00:00:00-04:00,148.59983825683594
2021-05-25 00:00:00-04:00,147.06423950195312
2021-05-26 00:00:00-04:00,147.04605102539062
2021-05-27 00:00:00-04:00,149.33584594726562
2021-05-28 00:00:00-04:00,149.2358856201172
2021-06-01 00:00:00-04:00,150.8805694580078
2021-06-02 00:00:00-04:00,150.88961791992188
2021-06-03 00:00:00-04:00,150.9895782470703
2021-06-04 00:00:00-04:00,151.2349090576172
2021-06-07 00:00:00-04:00,150.52618408203125
2021-06-08 00:00:00-04:00,149.9264678955078
2021-06-09 00:00:00-04:00,148.0546875
2021-06-10 00:00:00-04:00,145.74668884277344
2021-06-11 00:00:00-04:00,145.64674377441406
2021-06-14 00:00:00-04:00,143.1752471923828
2021-06-15 00:00:00-04:00,141.0035858154297
2021-06-16 00:00:00-04:00,141.9940185546875
2021-06-17 00:00:00-04:00,137.89599609375
2021-06-18 00:00:00-04:00,134.40682983398438
2021-06-21 00:00:00-04:00,136.68753051757812
2021-06-22 00:00:00-04:00,136.48760986328125
2021-06-23 00:00:00-04:00,137.31443786621094
2021-06-24 00:00:00-04:00,138.57749938964844
2021-06-25 00:00:00-04:00,139.976806640625
2021-06-28 00:00:00-04:00,140.23121643066406
2021-06-29 00:00:00-04:00,140.05856323242188
2021-06-30 00:00:00-04:00,141.33067321777344
2021-07-01 00:00:00-04:00,142.73001098632812
2021-07-02 00:00:00-04:00,142.59291076660156
2021-07-06 00:00:00-04:00,140.19854736328125
2021-07-07 00:00:00-04:00,140.36300659179688
2021-07-08 00:00:00-04:00,137.94126892089844
2021-07-09 00:00:00-04:00,142.3553009033203
2021-07-12 00:00:00-04:00,144.39328002929688
2021-07-13 00:00:00-04:00,142.24563598632812
2021-07-14 00:00:00-04:00,141.76126098632812
2021-07-15 00:00:00-04:00,142.07200622558594
2021-07-16 00:00:00-04:00,138.8277130126953
2021-07-19 00:00:00-04:00,134.3131561279297
2021-07-20 00:00:00-04:00,136.8172149658203
2021-07-21 00:00:00-04:00,139.6959228515625
2021-07-22 00:00:00-04:00,137.93211364746094
2021-07-23 00:00:00-04:00,137.66709899902344
2021-07-26 00:00:00-04:00,138.59011840820312
2021-07-27 00:00:00-04:00,138.40733337402344
2021-07-28 00:00:00-04:00,138.6357879638672
2021-07-29 00:00:00-04:00,139.82383728027344
2021-07-30 00:00:00-04:00,138.70892333984375
2021-08-02 00:00:00-04:00,138.1514434814453
2021-08-03 00:00:00-04:00,139.7233123779297
2021-08-04 00:00:00-04:00,138.21546936035156
2021-08-05 00:00:00-04:00,139.96092224121094
2021-08-06 00:00:00-04:00,143.93630981445312
2021-08-09 00:00:00-04:00,143.78094482421875
2021-08-10 00:00:00-04:00,145.54473876953125
2021-08-11 00:00:00-04:00,147.28111267089844
2021-08-12 00:00:00-04:00,147.85687255859375
2021-08-13 00:00:00-04:00,146.20274353027344
2021-08-16 00:00:00-04:00,145.24317932128906
2021-08-17 00:00:00-04:00,143.488525390625
2021-08-18 00:00:00-04:00,142.18167114257812
2021-08-19 00:00:00-04:00,140.99362182617188
2021-08-20 00:00:00-04:00,141.39573669433594
2021-08-23 00:00:00-04:00,143.20518493652344
2021-08-24 00:00:00-04:00,144.09170532226562
2021-08-25 00:00:00-04:00,147.0618133544922
2021-08-26 00:00:00-04:00,147.8203125
2021-08-27 00:00:00-04:00,149.00836181640625
2021-08-30 00:00:00-04:00,146.62313842773438
2021-08-31 00:00:00-04:00,146.17530822753906
2021-09-01 00:00:00-04:00,145.96511840820312
2021-09-02 00:00:00-04:00,146.6414031982422
2021-09-03 00:00:00-04:00,145.75494384765625
2021-09-07 00:00:00-04:00,145.49905395507812
2021-09-08 00:00:00-04:00,144.85020446777344
2021-09-09 00:00:00-04:00,145.48080444335938
2021-09-10 00:00:00-04:00,143.80841064453125
2021-09-13 00:00:00-04:00,146.0930633544922
2021-09-14 00:00:00-04:00,143.54335021972656
2021-09-15 00:00:00-04:00,144.5394744873047
2021-09-16 00:00:00-04:00,144.4755096435547
2021-09-17 00:00:00-04:00,144.100830078125
2021-09-20 00:00:00-04:00,139.7873077392578
2021-09-21 00:00:00-04:00,139.80557250976562
2021-09-22 00:00:00-04:00,142.4832763671875
2021-09-23 00:00:00-04:00,147.2993927001953
2021-09-24 00:00:00-04:00,148.9992218017578
2021-09-27 00:00:00-04:00,152.59991455078125
2021-09-28 00:00:00-04:00,151.77743530273438
2021-09-29 00:00:00-04:00,151.6586151123047
2021-09-30 00:00:00-04:00,149.59324645996094
2021-10-01 00:00:00-04:00,152.7370147705078
2021-10-04 00:00:00-04:00,152.57247924804688
2021-10-05 00:00:00-04:00,155.06407165527344
2021-10-06 00:00:00-04:00,155.39500427246094
2021-10-07 00:00:00-04:00,156.3787384033203
2021-10-08 00:00:00-04:00,156.49827575683594
2021-10-11 00:00:00-04:00,153.20684814453125
2021-10-12 00:00:00-04:00,152.03005981445312
2021-10-13 00:00:00-04:00,148.0215301513672
2021-10-14 00:00:00-04:00,150.2924041748047
2021-10-15 00:00:00-04:00,153.17929077148438
2021-10-18 00:00:00-04:00,153.12413024902344
2021-10-19 00:00:00-04:00,154.98129272460938
2021-10-20 00:00:00-04:00,157.06829833984375
2021-10-21 00:00:00-04:00,155.8363494873047
2021-10-22 00:00:00-04:00,157.9325408935547
2021-10-25 00:00:00-04:00,157.16024780273438
2021-10-26 00:00:00-04:00,157.58316040039062
2021-10-27 00:00:00-04:00,154.3009490966797
2021-10-28 00:00:00-04:00,156.6269989013672
2021-10-29 00:00:00-04:00,156.19488525390625
2021-11-01 00:00:00-04:00,156.1121368408203
2021-11-02 00:00:00-04:00,156.72813415527344
2021-11-03 00:00:00-04:00,156.7832794189453
2021-11-04 00:00:00-04:00,154.723876953125
2021-11-05 00:00:00-04:00,154.50323486328125
2021-11-08 00:00:00-05:00,155.43179321289062
2021-11-09 00:00:00-05:00,154.25497436523438
2021-11-10 00:00:00-05:00,154.1078643798828
2021-11-11 00:00:00-05:00,154.09866333007812
2021-11-12 00:00:00-05:00,153.4091339111328
2021-11-15 00:00:00-05:00,153.13331604003906
2021-11-16 00:00:00-05:00,152.03005981445312
2021-11-17 00:00:00-05:00,151.21180725097656
2021-11-18 00:00:00-05:00,149.90625
2021-11-19 00:00:00-05:00,147.947998046875
2021-11-22 00:00:00-05:00,151.10147094726562
2021-11-23 00:00:00-05:00,154.7146759033203
2021-11-24 00:00:00-05:00,153.5010986328125
2021-11-26 00:00:00-05:00,148.87652587890625
2021-11-29 00:00:00-05:00,148.2329559326172
2021-11-30 00:00:00-05:00,146.02642822265625
2021-12-01 00:00:00-05:00,145.16224670410156
2021-12-02 00:00:00-05:00,148.214599609375
2021-12-03 00:00:00-05:00,145.5299530029297
2021-12-06 00:00:00-05:00,147.24923706054688
2021-12-07 00:00:00-05:00,149.46499633789062
2021-12-08 00:00:00-05:00,147.7549285888672
2021-12-09 00:00:00-05:00,147.52505493164062
2021-12-10 00:00:00-05:00,146.9366455078125
2021-12-13 00:00:00-05:00,145.18978881835938
2021-12-14 00:00:00-05:00,146.3022918701172
2021-12-15 00:00:00-05:00,145.2082061767578
2021-12-16 00:00:00-05:00,147.4790802001953
2021-12-17 00:00:00-05:00,144.123291015625
2021-12-20 00:00:00-05:00,141.5306396484375
2021-12-21 00:00:00-05:00,143.50732421875
2021-12-22 00:00:00-05:00,144.06813049316406
2021-12-23 00:00:00-05:00,144.58302307128906
2021-12-27 00:00:00-05:00,145.4104461669922
2021-12-28 00:00:00-05:00,145.851806640625
2021-12-29 00:00:00-05:00,145.77822875976562
2021-12-30 00:00:00-05:00,145.70468139648438
2021-12-31 00:00:00-05:00,145.5851593017578
2022-01-03 00:00:00-05:00,148.6650848388672
2022-01-04 00:00:00-05:00,154.3009490966797
2022-01-05 00:00:00-05:00,151.4800262451172
2022-01-06 00:00:00-05:00,153.08932495117188
2022-01-07 00:00:00-05:00,154.60617065429688
2022-01-10 00:00:00-05:00,154.754150390625
2022-01-11 00:00:00-05:00,154.91139221191406
2022-01-12 00:00:00-05:00,155.79005432128906
2022-01-13 00:00:00-05:00,155.59580993652344
2022-01-14 00:00:00-05:00,146.03233337402344
2022-01-18 00:00:00-05:00,139.90953063964844
2022-01-19 00:00:00-05:00,137.74525451660156
2022-01-20 00:00:00-05:00,136.57064819335938
2022-01-21 00:00:00-05:00,134.1843719482422
2022-01-24 00:00:00-05:00,134.0641632080078
2022-01-25 00:00:00-05:00,135.52549743652344
2022-01-26 00:00:00-05:00,136.8111114501953
2022-01-27 00:00:00-05:00,134.39710998535156
2022-01-28 00:00:00-05:00,135.59947204589844
2022-01-31 00:00:00-05:00,137.44003295898438
2022-02-01 00:00:00-05:00,139.79852294921875
2022-02-02 00:00:00-05:00,138.67942810058594
2022-02-03 00:00:00-05:00,137.53250122070312
2022-02-04 00:00:00-05:00,141.1026153564453
2022-02-07 00:00:00-05:00,141.5743408203125
2022-02-08 00:00:00-05:00,144.238037109375
2022-02-09 00:00:00-05:00,144.8392333984375
2022-02-10 00:00:00-05:00,144.238037109375
2022-02-11 00:00:00-05:00,142.36053466796875
2022-02-14 00:00:00-05:00,141.03790283203125
2022-02-15 00:00:00-05:00,143.10044860839844
2022-02-16 00:00:00-05:00,143.35939025878906
2022-02-17 00:00:00-05:00,140.05747985839844
2022-02-18 00:00:00-05:00,140.7141571044922
2022-02-22 00:00:00-05:00,140.46446228027344
2022-02-23 00:00:00-05:00,137.5232696533203
2022-02-24 00:00:00-05:00,133.69419860839844
2022-02-25 00:00:00-05:00,136.85736083984375
2022-02-28 00:00:00-05:00,131.15072631835938
2022-03-01 00:00:00-05:00,126.20250701904297
2022-03-02 00:00:00-05:00,128.81997680664062
2022-03-03 00:00:00-05:00,127.9043197631836
2022-03-04 00:00:00-05:00,124.30646514892578
2022-03-07 00:00:00-05:00,119.50625610351562
2022-03-08 00:00:00-05:00,118.66458892822266
2022-03-09 00:00:00-05:00,123.41854858398438
2022-03-10 00:00:00-05:00,121.95722961425781
2022-03-11 00:00:00-05:00,119.21027374267578
2022-03-14 00:00:00-04:00,120.39413452148438
2022-03-15 00:00:00-04:00,122.53063201904297
2022-03-16 00:00:00-04:00,128.0060577392578
2022-03-17 00:00:00-04:00,129.62464904785156
2022-03-18 00:00:00-04:00,129.57839965820312
2022-03-21 00:00:00-04:00,129.16217041015625
2022-03-22 00:00:00-04:00,131.9091339111328
2022-03-23 00:00:00-04:00,129.28240966796875
2022-03-24 00:00:00-04:00,130.1240997314453
2022-03-25 00:00:00-04:00,131.26170349121094
2022-03-28 00:00:00-04:00,130.29058837890625
2022-03-29 00:00:00-04:00,130.57723999023438
2022-03-30 00:00:00-04:00,129.98533630371094
2022-03-31 00:00:00-04:00,126.08228302001953
2022-04-01 00:00:00-04:00,125.14813232421875
2022-04-04 00:00:00-04:00,125.70307922363281
2022-04-05 00:00:00-04:00,124.24021911621094
2022-04-06 00:00:00-04:00,122.5164794921875
2022-04-07 00:00:00-04:00,122.14376068115234
2022-04-08 00:00:00-04:00,124.37997436523438
2022-04-11 00:00:00-04:00,123.92338562011719
2022-04-12 00:00:00-04:00,122.56304168701172
2022-04-13 00:00:00-04:00,118.61241149902344
2022-04-14 00:00:00-04:00,117.51294708251953
2022-04-18 00:00:00-04:00,119.69325256347656
2022-04-19 00:00:00-04:00,122.17170715332031
2022-04-20 00:00:00-04:00,122.60030364990234
2022-04-21 00:00:00-04:00,121.64991760253906
2022-04-22 00:00:00-04:00,118.15585327148438
2022-04-25 00:00:00-04:00,118.11857604980469
2022-04-26 00:00:00-04:00,114.62449645996094
2022-04-27 00:00:00-04:00,113.13368225097656
2022-04-28 00:00:00-04:00,114.92265319824219
2022-04-29 00:00:00-04:00,111.21427917480469
2022-05-02 00:00:00-04:00,112.22989654541016
2022-05-03 00:00:00-04:00,114.63381958007812
2022-05-04 00:00:00-04:00,118.42605590820312
2022-05-05 00:00:00-04:00,115.46307373046875
2022-05-06 00:00:00-04:00,115.2767333984375
2022-05-09 00:00:00-04:00,113.54366302490234
2022-05-10 00:00:00-04:00,110.77635192871094
2022-05-11 00:00:00-04:00,110.0775375366211
2022-05-12 00:00:00-04:00,109.98435974121094
2022-05-13 00:00:00-04:00,110.96270751953125
2022-05-16 00:00:00-04:00,110.18934631347656
2022-05-17 00:00:00-04:00,113.84183502197266
2022-05-18 00:00:00-04:00,111.89446258544922
2022-05-19 00:00:00-04:00,110.23593139648438
2022-05-20 00:00:00-04:00,109.33212280273438
2022-05-23 00:00:00-04:00,116.0966796875
2022-05-24 00:00:00-04:00,117.73656463623047
2022-05-25 00:00:00-04:00,118.55650329589844
2022-05-26 00:00:00-04:00,120.60636901855469
2022-05-27 00:00:00-04:00,122.31149291992188
2022-05-31 00:00:00-04:00,123.20597839355469
2022-06-01 00:00:00-04:00,121.04429626464844
2022-06-02 00:00:00-04:00,122.99164581298828
2022-06-03 00:00:00-04:00,121.27723693847656
2022-06-06 00:00:00-04:00,120.87657928466797
2022-06-07 00:00:00-04:00,121.1933822631836
2022-06-08 00:00:00-04:00,119.26463317871094
2022-06-09 00:00:00-04:00,116.75822448730469
2022-06-10 00:00:00-04:00,111.39131164550781
2022-06-13 00:00:00-04:00,108.07425689697266
2022-06-14 00:00:00-04:00,106.27597045898438
2022-06-15 00:00:00-04:00,107.53385162353516
2022-06-16 00:00:00-04:00,105.68896484375
2022-06-17 00:00:00-04:00,105.31626892089844
2022-06-21 00:00:00-04:00,107.92518615722656
2022-06-22 00:00:00-04:00,107.3195571899414
2022-06-23 00:00:00-04:00,106.14552307128906
2022-06-24 00:00:00-04:00,109.31349182128906
2022-06-27 00:00:00-04:00,108.4376449584961
2022-06-28 00:00:00-04:00,107.9158706665039
2022-06-29 00:00:00-04:00,107.43135833740234
2022-06-30 00:00:00-04:00,104.92493438720703
2022-07-01 00:00:00-04:00,106.26666259765625
2022-07-05 00:00:00-04:00,105.86245727539062
2022-07-06 00:00:00-04:00,105.17625427246094
2022-07-07 00:00:00-04:00,107.8364486694336
2022-07-08 00:00:00-04:00,107.49805450439453
2022-07-11 00:00:00-04:00,106.08805847167969
2022-07-12 00:00:00-04:00,106.19145202636719
2022-07-13 00:00:00-04:00,105.195068359375
2022-07-14 00:00:00-04:00,101.5196762084961
2022-07-15 00:00:00-04:00,106.17266082763672
2022-07-18 00:00:00-04:00,105.08226013183594
2022-07-19 00:00:00-04:00,107.68603515625
2022-07-20 00:00:00-04:00,107.6672592163086
2022-07-21 00:00:00-04:00,108.40045166015625
2022-07-22 00:00:00-04:00,107.8740463256836
2022-07-25 00:00:00-04:00,108.30644989013672
2022-07-26 00:00:00-04:00,106.61445617675781
2022-07-27 00:00:00-04:00,108.32524871826172
2022-07-28 00:00:00-04:00,107.92105102539062
2022-07-29 00:00:00-04:00,108.43804931640625
2022-08-01 00:00:00-04:00,107.35704803466797
2022-08-02 00:00:00-04:00,105.68385314941406
2022-08-03 00:00:00-04:00,106.79304504394531
2022-08-04 00:00:00-04:00,105.6180648803711
2022-08-05 00:00:00-04:00,108.81405639648438
2022-08-08 00:00:00-04:00,107.48865509033203
2022-08-09 00:00:00-04:00,108.45684814453125
2022-08-10 00:00:00-04:00,111.28623962402344
2022-08-11 00:00:00-04:00,112.93122863769531
2022-08-12 00:00:00-04:00,114.80182647705078
2022-08-15 00:00:00-04:00,115.11202239990234
2022-08-16 00:00:00-04:00,116.2118148803711
2022-08-17 00:00:00-04:00,115.2342300415039
2022-08-18 00:00:00-04:00,114.34121704101562
2022-08-19 00:00:00-04:00,111.51183319091797
2022-08-22 00:00:00-04:00,109.66944885253906
2022-08-23 00:00:00-04:00,108.58844757080078
2022-08-24 00:00:00-04:00,108.85163116455078
2022-08-25 00:00:00-04:00,111.4366455078125
2022-08-26 00:00:00-04:00,107.78944396972656
2022-08-29 00:00:00-04:00,107.52625274658203
2022-08-30 00:00:00-04:00,107.54505920410156
2022-08-31 00:00:00-04:00,106.9058609008789
2022-09-01 00:00:00-04:00,107.63905334472656
2022-09-02 00:00:00-04:00,106.88705444335938
2022-09-06 00:00:00-04:00,106.91524505615234
2022-09-07 00:00:00-04:00,108.94564056396484
2022-09-08 00:00:00-04:00,111.483642578125
2022-09-09 00:00:00-04:00,112.01943969726562
2022-09-12 00:00:00-04:00,113.34483337402344
2022-09-13 00:00:00-04:00,109.40624237060547
2022-09-14 00:00:00-04:00,109.15245056152344
2022-09-15 00:00:00-04:00,110.79744720458984
2022-09-16 00:00:00-04:00,110.05484771728516
2022-09-19 00:00:00-04:00,111.07003784179688
2022-09-20 00:00:00-04:00,108.87985229492188
2022-09-21 00:00:00-04:00,105.74024200439453
2022-09-22 00:00:00-04:00,104.53705596923828
2022-09-23 00:00:00-04:00,102.59127044677734
2022-09-26 00:00:00-04:00,100.38227081298828
2022-09-27 00:00:00-04:00,99.49867248535156
2022-09-28 00:00:00-04:00,101.51028442382812
2022-09-29 00:00:00-04:00,99.79009246826172
2022-09-30 00:00:00-04:00,98.22969055175781
2022-10-03 00:00:00-04:00,101.26587677001953
2022-10-04 00:00:00-04:00,106.00345611572266
2022-10-05 00:00:00-04:00,104.69465637207031
2022-10-06 00:00:00-04:00,102.56074523925781
2022-10-07 00:00:00-04:00,100.51219177246094
2022-10-10 00:00:00-04:00,99.57324981689453
2022-10-11 00:00:00-04:00,96.6995849609375
2022-10-12 00:00:00-04:00,98.26445007324219
2022-10-13 00:00:00-04:00,103.727294921875
2022-10-14 00:00:00-04:00,105.45337677001953
2022-10-17 00:00:00-04:00,109.8824462890625
2022-10-18 00:00:00-04:00,112.70869445800781
2022-10-19 00:00:00-04:00,110.49891662597656
2022-10-20 00:00:00-04:00,110.13851165771484
2022-10-21 00:00:00-04:00,115.92379760742188
2022-10-24 00:00:00-04:00,116.06605529785156
2022-10-25 00:00:00-04:00,116.36953735351562
2022-10-26 00:00:00-04:00,117.70679473876953
2022-10-27 00:00:00-04:00,118.17151641845703
2022-10-28 00:00:00-04:00,119.57515716552734
2022-10-31 00:00:00-04:00,119.38548278808594
2022-11-01 00:00:00-04:00,121.53836059570312
2022-11-02 00:00:00-04:00,120.41925048828125
2022-11-03 00:00:00-04:00,120.63737487792969
2022-11-04 00:00:00-04:00,123.93783569335938
2022-11-07 00:00:00-05:00,124.59221649169922
2022-11-08 00:00:00-05:00,124.66809844970703
2022-11-09 00:00:00-05:00,123.04634857177734
2022-11-10 00:00:00-05:00,128.11082458496094
2022-11-11 00:00:00-05:00,128.31948852539062
2022-11-14 00:00:00-05:00,127.00118255615234
2022-11-15 00:00:00-05:00,126.08126068115234
2022-11-16 00:00:00-05:00,126.25194549560547
2022-11-17 00:00:00-05:00,125.70186614990234
2022-11-18 00:00:00-05:00,126.9347915649414
2022-11-21 00:00:00-05:00,126.1855697631836
2022-11-22 00:00:00-05:00,128.07290649414062
2022-11-23 00:00:00-05:00,129.4385986328125
2022-11-25 00:00:00-05:00,129.68521118164062
2022-11-28 00:00:00-05:00,127.41851806640625
2022-11-29 00:00:00-05:00,129.5144805908203
2022-11-30 00:00:00-05:00,131.05088806152344
2022-12-01 00:00:00-05:00,129.21099853515625
2022-12-02 00:00:00-05:00,128.18670654296875
2022-12-05 00:00:00-05:00,124.59221649169922
2022-12-06 00:00:00-05:00,124.80089569091797
2022-12-07 00:00:00-05:00,124.71551513671875
2022-12-08 00:00:00-05:00,126.02434539794922
2022-12-09 00:00:00-05:00,125.34148406982422
2022-12-12 00:00:00-05:00,127.2857437133789
2022-12-13 00:00:00-05:00,127.16242218017578
2022-12-14 00:00:00-05:00,126.5270004272461
2022-12-15 00:00:00-05:00,123.38776397705078
2022-12-16 00:00:00-05:00,122.61956024169922
2022-12-19 00:00:00-05:00,123.34980773925781
2022-12-20 00:00:00-05:00,123.94732666015625
2022-12-21 00:00:00-05:00,125.34148406982422
2022-12-22 00:00:00-05:00,123.91887664794922
2022-12-23 00:00:00-05:00,124.50687408447266
2022-12-27 00:00:00-05:00,124.94314575195312
2022-12-28 00:00:00-05:00,125.62599182128906
2022-12-29 00:00:00-05:00,126.34679412841797
2022-12-30 00:00:00-05:00,127.18140411376953
2023-01-03 00:00:00-05:00,128.14874267578125
2023-01-04 00:00:00-05:00,129.34376525878906
2023-01-05 00:00:00-05:00,129.3151092529297
2023-01-06 00:00:00-05:00,131.78964233398438
2023-01-09 00:00:00-05:00,131.24502563476562
2023-01-10 00:00:00-05:00,132.42019653320312
2023-01-11 00:00:00-05:00,133.40423583984375
2023-01-12 00:00:00-05:00,133.27049255371094
2023-01-13 00:00:00-05:00,136.63356018066406
2023-01-17 00:00:00-05:00,134.5220947265625
2023-01-18 00:00:00-05:00,130.480712890625
2023-01-19 00:00:00-05:00,128.74183654785156
2023-01-20 00:00:00-05:00,129.05712890625
2023-01-23 00:00:00-05:00,131.1494903564453
2023-01-24 00:00:00-05:00,132.27687072753906
2023-01-25 00:00:00-05:00,132.9169921875
2023-01-26 00:00:00-05:00,133.73866271972656
2023-01-27 00:00:00-05:00,134.06350708007812
2023-01-30 00:00:00-05:00,132.92654418945312
2023-01-31 00:00:00-05:00,133.71957397460938
2023-02-01 00:00:00-05:00,133.3660430908203
2023-02-02 00:00:00-05:00,132.74502563476562
2023-02-03 00:00:00-05:00,134.7991485595703
2023-02-06 00:00:00-05:00,135.5921630859375
2023-02-07 00:00:00-05:00,137.24501037597656
2023-02-08 00:00:00-05:00,136.28005981445312
2023-02-09 00:00:00-05:00,134.15904235839844
2023-02-10 00:00:00-05:00,134.75137329101562
2023-02-13 00:00:00-05:00,136.2131805419922
2023-02-14 00:00:00-05:00,136.81507873535156
2023-02-15 00:00:00-05:00,137.38832092285156
2023-02-16 00:00:00-05:00,135.49661254882812
2023-02-17 00:00:00-05:00,135.89788818359375
2023-02-21 00:00:00-05:00,133.40423583984375
2023-02-22 00:00:00-05:00,132.38194274902344
2023-02-23 00:00:00-05:00,133.44247436523438
2023-02-24 00:00:00-05:00,134.64627075195312
2023-02-27 00:00:00-05:00,135.82144165039062
2023-02-28 00:00:00-05:00,136.95840454101562
2023-03-01 00:00:00-05:00,136.19406127929688
2023-03-02 00:00:00-05:00,134.78004455566406
2023-03-03 00:00:00-05:00,137.25457763671875
2023-03-06 00:00:00-05:00,136.45201110839844
2023-03-07 00:00:00-05:00,132.43927001953125
2023-03-08 00:00:00-05:00,131.65586853027344
2023-03-09 00:00:00-05:00,124.5284652709961
2023-03-10 00:00:00-05:00,127.69088745117188
2023-03-13 00:00:00-04:00,125.39789581298828
2023-03-14 00:00:00-04:00,128.61764526367188
2023-03-15 00:00:00-04:00,122.54121398925781
2023-03-16 00:00:00-04:00,124.92020416259766
2023-03-17 00:00:00-04:00,120.20045471191406
2023-03-20 00:00:00-04:00,121.47116088867188
2023-03-21 00:00:00-04:00,124.72911834716797
2023-03-22 00:00:00-04:00,121.5093765258789
2023-03-23 00:00:00-04:00,121.18452453613281
2023-03-24 00:00:00-04:00,119.3405990600586
2023-03-27 00:00:00-04:00,122.76097869873047
2023-03-28 00:00:00-04:00,123.13357543945312
2023-03-29 00:00:00-04:00,123.38197326660156
2023-03-30 00:00:00-04:00,123.00936889648438
2023-03-31 00:00:00-04:00,124.49980926513672
2023-04-03 00:00:00-04:00,124.35651397705078
2023-04-04 00:00:00-04:00,122.69407653808594
2023-04-05 00:00:00-04:00,122.87704467773438
2023-04-06 00:00:00-04:00,122.74222564697266
2023-04-10 00:00:00-04:00,123.14665222167969
2023-04-11 00:00:00-04:00,123.75328826904297
2023-04-12 00:00:00-04:00,123.73402404785156
2023-04-13 00:00:00-04:00,124.20585632324219
2023-04-14 00:00:00-04:00,133.58460998535156
2023-04-17 00:00:00-04:00,134.64378356933594
2023-04-18 00:00:00-04:00,136.15557861328125
2023-04-19 00:00:00-04:00,135.9822540283203
2023-04-20 00:00:00-04:00,135.58746337890625
2023-04-21 00:00:00-04:00,135.3274688720703
2023-04-24 00:00:00-04:00,135.5104217529297
2023-04-25 00:00:00-04:00,132.56393432617188
2023-04-26 00:00:00-04:00,130.21441650390625
2023-04-27 00:00:00-04:00,131.96690368652344
2023-04-28 00:00:00-04:00,133.11277770996094
2023-05-01 00:00:00-04:00,135.96299743652344
2023-05-02 00:00:00-04:00,133.76756286621094
2023-05-03 00:00:00-04:00,130.93658447265625
2023-05-04 00:00:00-04:00,129.1455841064453
2023-05-05 00:00:00-04:00,131.66842651367188
2023-05-08 00:00:00-04:00,131.98619079589844
2023-05-09 00:00:00-04:00,131.3506622314453
2023-05-10 00:00:00-04:00,131.41807556152344
2023-05-11 00:00:00-04:00,131.00399780273438
2023-05-12 00:00:00-04:00,129.1263427734375
2023-05-15 00:00:00-04:00,130.21441650390625
2023-05-16 00:00:00-04:00,129.3381805419922
2023-05-17 00:00:00-04:00,133.3149871826172
2023-05-18 00:00:00-04:00,134.3260498046875
2023-05-19 00:00:00-04:00,134.01792907714844
2023-05-22 00:00:00-04:00,132.9105682373047
2023-05-23 00:00:00-04:00,131.5239715576172
2023-05-24 00:00:00-04:00,130.32034301757812
2023-05-25 00:00:00-04:00,130.63809204101562
2023-05-26 00:00:00-04:00,131.86099243164062
2023-05-30 00:00:00-04:00,132.36170959472656
2023-05-31 00:00:00-04:00,130.67662048339844
2023-06-01 00:00:00-04:00,132.47726440429688
2023-06-02 00:00:00-04:00,135.26007080078125
2023-06-05 00:00:00-04:00,133.93124389648438
2023-06-06 00:00:00-04:00,134.17198181152344
2023-06-07 00:00:00-04:00,135.47190856933594
2023-06-08 00:00:00-04:00,135.5104217529297
2023-06-09 00:00:00-04:00,135.780029296875
2023-06-12 00:00:00-04:00,135.77040100097656
2023-06-13 00:00:00-04:00,136.75257873535156
2023-06-14 00:00:00-04:00,136.2422332763672
2023-06-15 00:00:00-04:00,137.78289794921875
2023-06-16 00:00:00-04:00,137.94656372070312
2023-06-20 00:00:00-04:00,137.24366760253906
2023-06-21 00:00:00-04:00,137.04147338867188
2023-06-22 00:00:00-04:00,134.403076171875
2023-06-23 00:00:00-04:00,133.7001495361328
2023-06-26 00:00:00-04:00,134.0275421142578
2023-06-27 00:00:00-04:00,134.0371551513672
2023-06-28 00:00:00-04:00,133.44979858398438
2023-06-29 00:00:00-04:00,138.11026000976562
2023-06-30 00:00:00-04:00,140.0457305908203
2023-07-03 00:00:00-04:00,141.17234802246094
2023-07-05 00:00:00-04:00,140.23190307617188
2023-07-06 00:00:00-04:00,138.84547424316406
2023-07-07 00:00:00-04:00,139.94102478027344
2023-07-10 00:00:00-04:00,140.72634887695312
2023-07-11 00:00:00-04:00,142.92718505859375
2023-07-12 00:00:00-04:00,143.63491821289062
2023-07-13 00:00:00-04:00,144.33297729492188
2023-07-14 00:00:00-04:00,145.20556640625
2023-07-17 00:00:00-04:00,148.70555114746094
2023-07-18 00:00:00-04:00,148.9770050048828
2023-07-19 00:00:00-04:00,149.5490264892578
2023-07-20 00:00:00-04:00,151.39109802246094
2023-07-21 00:00:00-04:00,150.22767639160156
2023-07-24 00:00:00-04:00,153.1847381591797
2023-07-25 00:00:00-04:00,152.0407257080078
2023-07-26 00:00:00-04:00,152.9520263671875
2023-07-27 00:00:00-04:00,151.26507568359375
2023-07-28 00:00:00-04:00,152.12796020507812
2023-07-31 00:00:00-04:00,153.14596557617188
2023-08-01 00:00:00-04:00,152.3897247314453
2023-08-02 00:00:00-04:00,150.66397094726562
2023-08-03 00:00:00-04:00,151.5850372314453
2023-08-04 00:00:00-04:00,151.26507568359375
2023-08-07 00:00:00-04:00,151.98251342773438
2023-08-08 00:00:00-04:00,151.1293487548828
2023-08-09 00:00:00-04:00,149.10302734375
2023-08-10 00:00:00-04:00,148.8800506591797
2023-08-11 00:00:00-04:00,149.742919921875
2023-08-14 00:00:00-04:00,150.0531768798828
2023-08-15 00:00:00-04:00,146.23326110839844
2023-08-16 00:00:00-04:00,145.61276245117188
2023-08-17 00:00:00-04:00,144.10032653808594
2023-08-18 00:00:00-04:00,144.429931640625
2023-08-21 00:00:00-04:00,144.9243927001953
2023-08-22 00:00:00-04:00,141.9188690185547
2023-08-23 00:00:00-04:00,142.8787078857422
2023-08-24 00:00:00-04:00,142.7429656982422
2023-08-25 00:00:00-04:00,142.56845092773438
2023-08-28 00:00:00-04:00,143.0629119873047
2023-08-29 00:00:00-04:00,144.22633361816406
2023-08-30 00:00:00-04:00,143.64462280273438
2023-08-31 00:00:00-04:00,141.87039184570312
2023-09-01 00:00:00-04:00,142.34547424316406
2023-09-05 00:00:00-04:00,140.7748260498047
2023-09-06 00:00:00-04:00,140.54214477539062
2023-09-07 00:00:00-04:00,139.33993530273438
2023-09-08 00:00:00-04:00,139.44659423828125
2023-09-11 00:00:00-04:00,140.057373046875
2023-09-12 00:00:00-04:00,141.88009643554688
2023-09-13 00:00:00-04:00,141.9479522705078
2023-09-14 00:00:00-04:00,144.701416015625
2023-09-15 00:00:00-04:00,144.27481079101562
2023-09-18 00:00:00-04:00,144.5753631591797
2023-09-19 00:00:00-04:00,144.39114379882812
2023-09-20 00:00:00-04:00,143.78036499023438
2023-09-21 00:00:00-04:00,142.65570068359375
2023-09-22 00:00:00-04:00,141.28868103027344
2023-09-25 00:00:00-04:00,141.9867401123047
2023-09-26 00:00:00-04:00,140.5130615234375
2023-09-27 00:00:00-04:00,141.337158203125
2023-09-28 00:00:00-04:00,143.0919952392578
2023-09-29 00:00:00-04:00,140.60032653808594
2023-10-02 00:00:00-04:00,139.388427734375
2023-10-03 00:00:00-04:00,138.36073303222656
2023-10-04 00:00:00-04:00,138.98121643066406
2023-10-05 00:00:00-04:00,139.56719970703125
2023-10-06 00:00:00-04:00,141.71592712402344
2023-10-09 00:00:00-04:00,141.39361572265625
2023-10-10 00:00:00-04:00,142.25306701660156
2023-10-11 00:00:00-04:00,142.74142456054688
2023-10-12 00:00:00-04:00,142.4093475341797
2023-10-13 00:00:00-04:00,144.54827880859375
2023-10-16 00:00:00-04:00,144.40179443359375
2023-10-17 00:00:00-04:00,144.0892333984375
2023-10-18 00:00:00-04:00,142.5070343017578
2023-10-19 00:00:00-04:00,141.90145874023438
2023-10-20 00:00:00-04:00,139.61605834960938
2023-10-23 00:00:00-04:00,137.71151733398438
2023-10-24 00:00:00-04:00,137.8775634765625
2023-10-25 00:00:00-04:00,137.12551879882812
2023-10-26 00:00:00-04:00,137.47711181640625
2023-10-27 00:00:00-04:00,132.52537536621094
2023-10-30 00:00:00-04:00,134.2150115966797
2023-10-31 00:00:00-04:00,135.81678771972656
2023-11-01 00:00:00-04:00,135.6995849609375
2023-11-02 00:00:00-04:00,138.1217498779297
2023-11-03 00:00:00-04:00,139.66488647460938
2023-11-06 00:00:00-05:00,140.71971130371094
2023-11-07 00:00:00-05:00,140.6513214111328
2023-11-08 00:00:00-05:00,141.34478759765625
2023-11-09 00:00:00-05:00,140.92478942871094
2023-11-10 00:00:00-05:00,143.01487731933594
2023-11-13 00:00:00-05:00,142.3800506591797
2023-11-14 00:00:00-05:00,144.97802734375
2023-11-15 00:00:00-05:00,146.24771118164062
2023-11-16 00:00:00-05:00,147.9178009033203
2023-11-17 00:00:00-05:00,149.25587463378906
2023-11-20 00:00:00-05:00,149.71490478515625
2023-11-21 00:00:00-05:00,149.40235900878906
2023-11-22 00:00:00-05:00,149.7539825439453
2023-11-24 00:00:00-05:00,149.9590606689453
2023-11-27 00:00:00-05:00,149.61724853515625
2023-11-28 00:00:00-05:00,149.9590606689453
2023-11-29 00:00:00-05:00,150.72088623046875
2023-11-30 00:00:00-05:00,152.4398193359375
2023-12-01 00:00:00-05:00,153.18211364746094
2023-12-04 00:00:00-05:00,154.30531311035156
2023-12-05 00:00:00-05:00,154.28575134277344
2023-12-06 00:00:00-05:00,152.6644744873047
2023-12-07 00:00:00-05:00,153.13327026367188
2023-12-08 00:00:00-05:00,154.8229217529297
2023-12-11 00:00:00-05:00,155.389404296875
2023-12-12 00:00:00-05:00,156.7762908935547
2023-12-13 00:00:00-05:00,157.30368041992188
2023-12-14 00:00:00-05:00,160.1653594970703
2023-12-15 00:00:00-05:00,161.37643432617188
2023-12-18 00:00:00-05:00,162.3531036376953
2023-12-19 00:00:00-05:00,164.5213165283203
2023-12-20 00:00:00-05:00,162.6656494140625
2023-12-21 00:00:00-05:00,163.59349060058594
2023-12-22 00:00:00-05:00,163.49583435058594
2023-12-26 00:00:00-05:00,164.46273803710938
2023-12-27 00:00:00-05:00,165.44915771484375
2023-12-28 00:00:00-05:00,166.32818603515625
2023-12-29 00:00:00-05:00,166.1328582763672
2024-01-02 00:00:00-05:00,168.06666564941406
2024-01-03 00:00:00-05:00,167.33416748046875
2024-01-04 00:00:00-05:00,168.4446258544922
2024-01-05 00:00:00-05:00,169.2897491455078
2024-01-08 00:00:00-05:00,169.0440673828125
2024-01-09 00:00:00-05:00,167.7075958251953
2024-01-10 00:00:00-05:00,168.06138610839844
2024-01-11 00:00:00-05:00,167.35382080078125
2024-01-12 00:00:00-05:00,166.12545776367188
2024-01-16 00:00:00-05:00,165.0837860107422
2024-01-17 00:00:00-05:00,164.19935607910156
2024-01-18 00:00:00-05:00,164.52365112304688
2024-01-19 00:00:00-05:00,167.3636474609375
2024-01-22 00:00:00-05:00,167.1671142578125
2024-01-23 00:00:00-05:00,166.06649780273438
2024-01-24 00:00:00-05:00,167.5503692626953
2024-01-25 00:00:00-05:00,169.94815063476562
2024-01-26 00:00:00-05:00,169.29957580566406
2024-01-29 00:00:00-05:00,169.7417755126953
2024-01-30 00:00:00-05:00,173.2205352783203
2024-01-31 00:00:00-05:00,171.3435821533203
2024-02-01 00:00:00-05:00,170.7244873046875
2024-02-02 00:00:00-05:00,171.70718383789062
2024-02-05 00:00:00-05:00,171.48117065429688
2024-02-06 00:00:00-05:00,172.07078552246094
2024-02-07 00:00:00-05:00,172.3950653076172
2024-02-08 00:00:00-05:00,171.77598571777344
2024-02-09 00:00:00-05:00,171.9823455810547
2024-02-12 00:00:00-05:00,172.7488555908203
2024-02-13 00:00:00-05:00,171.24530029296875
2024-02-14 00:00:00-05:00,172.98471069335938
2024-02-15 00:00:00-05:00,176.7582550048828
2024-02-16 00:00:00-05:00,175.93280029296875
2024-02-20 00:00:00-05:00,176.62069702148438
2024-02-21 00:00:00-05:00,177.77044677734375
2024-02-22 00:00:00-05:00,179.90292358398438
2024-02-23 00:00:00-05:00,180.80699157714844
2024-02-26 00:00:00-05:00,180.18789672851562
2024-02-27 00:00:00-05:00,180.2763214111328
2024-02-28 00:00:00-05:00,181.19024658203125
2024-02-29 00:00:00-05:00,182.84117126464844
2024-03-01 00:00:00-05:00,182.08450317382812
2024-03-04 00:00:00-05:00,183.45045471191406
2024-03-05 00:00:00-05:00,185.28810119628906
2024-03-06 00:00:00-05:00,186.2511444091797
2024-03-07 00:00:00-05:00,184.619873046875
2024-03-08 00:00:00-05:00,184.96380615234375
2024-03-11 00:00:00-04:00,185.0325927734375
2024-03-12 00:00:00-04:00,186.5557861328125
2024-03-13 00:00:00-04:00,188.06915283203125
2024-03-14 00:00:00-04:00,184.7181396484375
2024-03-15 00:00:00-04:00,187.00784301757812
2024-03-18 00:00:00-04:00,189.32699584960938
2024-03-19 00:00:00-04:00,190.4374542236328
2024-03-20 00:00:00-04:00,192.93350219726562
2024-03-21 00:00:00-04:00,195.61627197265625
2024-03-22 00:00:00-04:00,193.21849060058594
2024-03-25 00:00:00-04:00,191.44964599609375
2024-03-26 00:00:00-04:00,192.3438720703125
2024-03-27 00:00:00-04:00,196.06832885742188
2024-03-28 00:00:00-04:00,196.83482360839844
2024-04-01 00:00:00-04:00,195.49835205078125
2024-04-02 00:00:00-04:00,195.41973876953125
2024-04-03 00:00:00-04:00,194.8694305419922
2024-04-04 00:00:00-04:00,193.3867645263672
2024-04-05 00:00:00-04:00,195.16595458984375
2024-04-08 00:00:00-04:00,196.1840362548828
2024-04-09 00:00:00-04:00,194.8694305419922
2024-04-10 00:00:00-04:00,193.2088623046875
2024-04-11 00:00:00-04:00,193.1693115234375
2024-04-12 00:00:00-04:00,180.675537109375
2024-04-15 00:00:00-04:00,180.77438354492188
2024-04-16 00:00:00-04:00,178.70855712890625
2024-04-17 00:00:00-04:00,177.99688720703125
2024-04-18 00:00:00-04:00,179.15335083007812
2024-04-19 00:00:00-04:00,183.65072631835938
2024-04-22 00:00:00-04:00,187.21896362304688
2024-04-23 00:00:00-04:00,189.91737365722656
2024-04-24 00:00:00-04:00,190.8465118408203
2024-04-25 00:00:00-04:00,191.13314819335938
2024-04-26 00:00:00-04:00,191.25177001953125
2024-04-29 00:00:00-04:00,191.044189453125
2024-04-30 00:00:00-04:00,189.5220184326172
2024-05-01 00:00:00-04:00,189.640625
2024-05-02 00:00:00-04:00,189.44293212890625
2024-05-03 00:00:00-04:00,188.3062286376953
2024-05-06 00:00:00-04:00,189.77899169921875
2024-05-07 00:00:00-04:00,189.53189086914062
2024-05-08 00:00:00-04:00,193.3867645263672
2024-05-09 00:00:00-04:00,195.2153778076172
2024-05-10 00:00:00-04:00,196.47068786621094
2024-05-13 00:00:00-04:00,196.43115234375
2024-05-14 00:00:00-04:00,199.17898559570312
2024-05-15 00:00:00-04:00,199.7720489501953
2024-05-16 00:00:00-04:00,200.1278839111328
2024-05-17 00:00:00-04:00,202.42103576660156
2024-05-20 00:00:00-04:00,193.3175811767578
2024-05-21 00:00:00-04:00,197.21202087402344
2024-05-22 00:00:00-04:00,196.01600646972656
2024-05-23 00:00:00-04:00,194.64207458496094
2024-05-24 00:00:00-04:00,198.3882598876953
2024-05-28 00:00:00-04:00,197.19224548339844
2024-05-29 00:00:00-04:00,195.8183135986328
2024-05-30 00:00:00-04:00,197.02420043945312
2024-05-31 00:00:00-04:00,200.28604125976562
2024-06-03 00:00:00-04:00,199.48541259765625
2024-06-04 00:00:00-04:00,196.85617065429688
2024-06-05 00:00:00-04:00,194.9781494140625
2024-06-06 00:00:00-04:00,194.6322021484375
2024-06-07 00:00:00-04:00,197.6370391845703
2024-06-10 00:00:00-04:00,197.3009796142578
2024-06-11 00:00:00-04:00,192.1116943359375
2024-06-12 00:00:00-04:00,189.31443786621094
2024-06-13 00:00:00-04:00,191.4197998046875
2024-06-14 00:00:00-04:00,191.5384063720703
2024-06-17 00:00:00-04:00,192.7245330810547
2024-06-18 00:00:00-04:00,194.72116088867188
2024-06-20 00:00:00-04:00,196.37184143066406
2024-06-21 00:00:00-04:00,194.02926635742188
2024-06-24 00:00:00-04:00,196.5794219970703
2024-06-25 00:00:00-04:00,195.77879333496094
2024-06-26 00:00:00-04:00,195.14617919921875
2024-06-27 00:00:00-04:00,196.86605834960938
2024-06-28 00:00:00-04:00,199.92031860351562
2024-07-01 00:00:00-04:00,203.07342529296875
2024-07-02 00:00:00-04:00,206.414306640625
2024-07-03 00:00:00-04:00,206.27593994140625
2024-07-05 00:00:00-04:00,203.5426788330078
2024-07-08 00:00:00-04:00,203.9203643798828
2024-07-09 00:00:00-04:00,206.36538696289062
2024-07-10 00:00:00-04:00,206.53436279296875
2024-07-11 00:00:00-04:00,206.1864776611328
2024-07-12 00:00:00-04:00,203.6917724609375
2024-07-15 00:00:00-04:00,208.77064514160156
2024-07-16 00:00:00-04:00,212.3188934326172
2024-07-17 00:00:00-04:00,215.54910278320312
2024-07-18 00:00:00-04:00,208.70106506347656
2024-07-19 00:00:00-04:00,208.50228881835938
2024-07-22 00:00:00-04:00,208.99925231933594
2024-07-23 00:00:00-04:00,209.0489501953125
2024-07-24 00:00:00-04:00,207.3195343017578
2024-07-25 00:00:00-04:00,207.3990478515625
2024-07-26 00:00:00-04:00,210.9473114013672
2024-07-29 00:00:00-04:00,209.56578063964844
2024-07-30 00:00:00-04:00,213.8793487548828
2024-07-31 00:00:00-04:00,211.50390625
2024-08-01 00:00:00-04:00,206.69338989257812
2024-08-02 00:00:00-04:00,197.92709350585938
2024-08-05 00:00:00-04:00,193.71292114257812
2024-08-06 00:00:00-04:00,199.11978149414062
2024-08-07 00:00:00-04:00,199.17941284179688
2024-08-08 00:00:00-04:00,202.81712341308594
2024-08-09 00:00:00-04:00,204.54653930664062
2024-08-12 00:00:00-04:00,204.9341583251953
2024-08-13 00:00:00-04:00,206.6735076904297
2024-08-14 00:00:00-04:00,208.95950317382812
2024-08-15 00:00:00-04:00,210.2615203857422
2024-08-16 00:00:00-04:00,212.66677856445312
2024-08-19 00:00:00-04:00,214.13775634765625
2024-08-20 00:00:00-04:00,213.2134246826172
2024-08-21 00:00:00-04:00,213.29293823242188
2024-08-22 00:00:00-04:00,215.31057739257812
2024-08-23 00:00:00-04:00,216.98033142089844
2024-08-26 00:00:00-04:00,217.83509826660156
2024-08-27 00:00:00-04:00,218.8389434814453
2024-08-28 00:00:00-04:00,219.9421844482422
2024-08-29 00:00:00-04:00,220.85659790039062
2024-08-30 00:00:00-04:00,223.43081665039062
2024-09-03 00:00:00-04:00,218.95822143554688
2024-09-04 00:00:00-04:00,217.99412536621094
2024-09-05 00:00:00-04:00,216.3044891357422
2024-09-06 00:00:00-04:00,211.1659698486328
2024-09-09 00:00:00-04:00,215.48947143554688
2024-09-10 00:00:00-04:00,204.30799865722656
2024-09-11 00:00:00-04:00,205.9678192138672
2024-09-12 00:00:00-04:00,205.3416748046875
2024-09-13 00:00:00-04:00,203.0755615234375
2024-09-16 00:00:00-04:00,206.593994140625
2024-09-17 00:00:00-04:00,207.97552490234375
2024-09-18 00:00:00-04:00,206.2659912109375
2024-09-19 00:00:00-04:00,209.19802856445312
2024-09-20 00:00:00-04:00,209.80430603027344
2024-09-23 00:00:00-04:00,210.15219116210938
2024-09-24 00:00:00-04:00,210.30126953125
2024-09-25 00:00:00-04:00,208.90980529785156
2024-09-26 00:00:00-04:00,208.50228881835938
2024-09-27 00:00:00-04:00,209.21791076660156
2024-09-30 00:00:00-04:00,209.57571411132812
2024-10-01 00:00:00-04:00,205.7789764404297
2024-10-02 00:00:00-04:00,206.02745056152344
2024-10-03 00:00:00-04:00,203.97999572753906
2024-10-04 00:00:00-04:00,211.22000122070312
2024-10-07 00:00:00-04:00,210.92999267578125
2024-10-08 00:00:00-04:00,210.75
2024-10-09 00:00:00-04:00,213.4199981689453
2024-10-10 00:00:00-04:00,212.83999633789062
2024-10-11 00:00:00-04:00,222.2899932861328
2024-10-14 00:00:00-04:00,221.47999572753906
2024-10-15 00:00:00-04:00,222.38999938964844
2024-10-16 00:00:00-04:00,223.63999938964844
2024-10-17 00:00:00-04:00,224.4199981689453
2024-10-18 00:00:00-04:00,225.3699951171875
2024-10-21 00:00:00-04:00,223.0
2024-10-22 00:00:00-04:00,224.1199951171875
2024-10-23 00:00:00-04:00,223.41000366210938
2024-10-24 00:00:00-04:00,224.97999572753906
2024-10-25 00:00:00-04:00,222.30999755859375
2024-10-28 00:00:00-04:00,225.5
2024-10-29 00:00:00-04:00,222.89999389648438
2024-10-30 00:00:00-04:00,224.41000366210938
