Date,MDT
2017-11-09 00:00:00-05:00,67.70417022705078
2017-11-10 00:00:00-05:00,66.46420288085938
2017-11-13 00:00:00-05:00,66.35527801513672
2017-11-14 00:00:00-05:00,66.32178497314453
2017-11-15 00:00:00-05:00,65.91963195800781
2017-11-16 00:00:00-05:00,66.40553283691406
2017-11-17 00:00:00-05:00,66.5982437133789
2017-11-20 00:00:00-05:00,66.10392761230469
2017-11-21 00:00:00-05:00,69.25411224365234
2017-11-22 00:00:00-05:00,68.98603057861328
2017-11-24 00:00:00-05:00,69.74845123291016
2017-11-27 00:00:00-05:00,68.20687103271484
2017-11-28 00:00:00-05:00,69.08657836914062
2017-11-29 00:00:00-05:00,68.79332733154297
2017-11-30 00:00:00-05:00,68.8100814819336
2017-12-01 00:00:00-05:00,68.08953857421875
2017-12-04 00:00:00-05:00,66.9166259765625
2017-12-05 00:00:00-05:00,67.79633331298828
2017-12-06 00:00:00-05:00,68.28227233886719
2017-12-07 00:00:00-05:00,67.50308990478516
2017-12-08 00:00:00-05:00,67.9219970703125
2017-12-11 00:00:00-05:00,68.08953857421875
2017-12-12 00:00:00-05:00,68.70115661621094
2017-12-13 00:00:00-05:00,68.63414764404297
2017-12-14 00:00:00-05:00,68.55876159667969
2017-12-15 00:00:00-05:00,69.95790100097656
2017-12-18 00:00:00-05:00,69.89925384521484
2017-12-19 00:00:00-05:00,68.73468017578125
2017-12-20 00:00:00-05:00,68.18171691894531
2017-12-21 00:00:00-05:00,68.2655029296875
2017-12-22 00:00:00-05:00,68.31576538085938
2017-12-26 00:00:00-05:00,68.25712585449219
2017-12-27 00:00:00-05:00,68.5000991821289
2017-12-28 00:00:00-05:00,68.5337905883789
2017-12-29 00:00:00-05:00,68.03668975830078
2018-01-02 00:00:00-05:00,69.2668228149414
2018-01-03 00:00:00-05:00,70.70759582519531
2018-01-04 00:00:00-05:00,70.87612915039062
2018-01-05 00:00:00-05:00,72.07254028320312
2018-01-08 00:00:00-05:00,72.0472640991211
2018-01-09 00:00:00-05:00,72.3590087890625
2018-01-10 00:00:00-05:00,72.03040313720703
2018-01-11 00:00:00-05:00,72.23265838623047
2018-01-12 00:00:00-05:00,71.9967041015625
2018-01-16 00:00:00-05:00,71.88717651367188
2018-01-17 00:00:00-05:00,72.55281066894531
2018-01-18 00:00:00-05:00,73.5217514038086
2018-01-19 00:00:00-05:00,73.03305053710938
2018-01-22 00:00:00-05:00,72.50225067138672
2018-01-23 00:00:00-05:00,71.81134796142578
2018-01-24 00:00:00-05:00,72.25791931152344
2018-01-25 00:00:00-05:00,73.15103149414062
2018-01-26 00:00:00-05:00,73.40379333496094
2018-01-29 00:00:00-05:00,73.06678009033203
2018-01-30 00:00:00-05:00,72.42642974853516
2018-01-31 00:00:00-05:00,72.36743927001953
2018-02-01 00:00:00-05:00,71.60071563720703
2018-02-02 00:00:00-05:00,71.15418243408203
2018-02-05 00:00:00-05:00,68.60121154785156
2018-02-06 00:00:00-05:00,68.81183624267578
2018-02-07 00:00:00-05:00,68.54222106933594
2018-02-08 00:00:00-05:00,66.03983306884766
2018-02-09 00:00:00-05:00,66.96662902832031
2018-02-12 00:00:00-05:00,67.60697174072266
2018-02-13 00:00:00-05:00,67.59012603759766
2018-02-14 00:00:00-05:00,68.97193145751953
2018-02-15 00:00:00-05:00,69.88188934326172
2018-02-16 00:00:00-05:00,70.19364166259766
2018-02-20 00:00:00-05:00,68.76129913330078
2018-02-21 00:00:00-05:00,68.01141357421875
2018-02-22 00:00:00-05:00,67.75022888183594
2018-02-23 00:00:00-05:00,67.7333755493164
2018-02-26 00:00:00-05:00,69.44377136230469
2018-02-27 00:00:00-05:00,68.44954681396484
2018-02-28 00:00:00-05:00,67.31210327148438
2018-03-01 00:00:00-05:00,65.97240447998047
2018-03-02 00:00:00-05:00,65.99769592285156
2018-03-05 00:00:00-05:00,67.18569946289062
2018-03-06 00:00:00-05:00,67.75022888183594
2018-03-07 00:00:00-05:00,68.35686492919922
2018-03-08 00:00:00-05:00,69.2668228149414
2018-03-09 00:00:00-05:00,70.058837890625
2018-03-12 00:00:00-04:00,70.18521881103516
2018-03-13 00:00:00-04:00,70.32846069335938
2018-03-14 00:00:00-04:00,69.34266662597656
2018-03-15 00:00:00-04:00,69.11515808105469
2018-03-16 00:00:00-04:00,68.49166870117188
2018-03-19 00:00:00-04:00,67.51429748535156
2018-03-20 00:00:00-04:00,67.32051086425781
2018-03-21 00:00:00-04:00,67.4384536743164
2018-03-22 00:00:00-04:00,66.2181625366211
2018-03-23 00:00:00-04:00,64.87075805664062
2018-03-26 00:00:00-04:00,66.4893569946289
2018-03-27 00:00:00-04:00,66.2351303100586
2018-03-28 00:00:00-04:00,66.4893569946289
2018-03-29 00:00:00-04:00,67.9808349609375
2018-04-02 00:00:00-04:00,65.65888214111328
2018-04-03 00:00:00-04:00,66.3961410522461
2018-04-04 00:00:00-04:00,66.7096939086914
2018-04-05 00:00:00-04:00,67.54016876220703
2018-04-06 00:00:00-04:00,65.79446411132812
2018-04-09 00:00:00-04:00,66.4893569946289
2018-04-10 00:00:00-04:00,67.1927261352539
2018-04-11 00:00:00-04:00,66.5995101928711
2018-04-12 00:00:00-04:00,67.65880584716797
2018-04-13 00:00:00-04:00,67.43000793457031
2018-04-16 00:00:00-04:00,68.3028564453125
2018-04-17 00:00:00-04:00,68.32829284667969
2018-04-18 00:00:00-04:00,67.9554214477539
2018-04-19 00:00:00-04:00,67.79439544677734
2018-04-20 00:00:00-04:00,67.70965576171875
2018-04-23 00:00:00-04:00,67.81133270263672
2018-04-24 00:00:00-04:00,67.2605209350586
2018-04-25 00:00:00-04:00,67.33677673339844
2018-04-26 00:00:00-04:00,68.29438018798828
2018-04-27 00:00:00-04:00,68.88758087158203
2018-04-30 00:00:00-04:00,67.90454864501953
2018-05-01 00:00:00-04:00,68.65029907226562
2018-05-02 00:00:00-04:00,67.72657012939453
2018-05-03 00:00:00-04:00,67.43846130371094
2018-05-04 00:00:00-04:00,68.70960998535156
2018-05-07 00:00:00-04:00,71.87899780273438
2018-05-08 00:00:00-04:00,70.50615692138672
2018-05-09 00:00:00-04:00,71.23493957519531
2018-05-10 00:00:00-04:00,72.6077880859375
2018-05-11 00:00:00-04:00,72.50609588623047
2018-05-14 00:00:00-04:00,73.03150177001953
2018-05-15 00:00:00-04:00,71.49766540527344
2018-05-16 00:00:00-04:00,72.49761962890625
2018-05-17 00:00:00-04:00,72.12474822998047
2018-05-18 00:00:00-04:00,71.7264633178711
2018-05-21 00:00:00-04:00,72.30271911621094
2018-05-22 00:00:00-04:00,72.00614166259766
2018-05-23 00:00:00-04:00,72.25186920166016
2018-05-24 00:00:00-04:00,73.7179183959961
2018-05-25 00:00:00-04:00,73.13320922851562
2018-05-29 00:00:00-04:00,72.36204528808594
2018-05-30 00:00:00-04:00,72.78575134277344
2018-05-31 00:00:00-04:00,73.150146484375
2018-06-01 00:00:00-04:00,74.42979431152344
2018-06-04 00:00:00-04:00,74.16706085205078
2018-06-05 00:00:00-04:00,73.43828582763672
2018-06-06 00:00:00-04:00,73.9297866821289
2018-06-07 00:00:00-04:00,73.41284942626953
2018-06-08 00:00:00-04:00,73.8789291381836
2018-06-11 00:00:00-04:00,73.37894439697266
2018-06-12 00:00:00-04:00,73.46369171142578
2018-06-13 00:00:00-04:00,72.7433853149414
2018-06-14 00:00:00-04:00,73.36201477050781
2018-06-15 00:00:00-04:00,73.53997039794922
2018-06-18 00:00:00-04:00,73.09081268310547
2018-06-19 00:00:00-04:00,73.39590454101562
2018-06-20 00:00:00-04:00,72.9891357421875
2018-06-21 00:00:00-04:00,73.13320922851562
2018-06-22 00:00:00-04:00,73.56539154052734
2018-06-25 00:00:00-04:00,73.5060806274414
2018-06-26 00:00:00-04:00,73.6077651977539
2018-06-27 00:00:00-04:00,72.44676971435547
2018-06-28 00:00:00-04:00,73.15861511230469
2018-06-29 00:00:00-04:00,72.54847717285156
2018-07-02 00:00:00-04:00,72.90438079833984
2018-07-03 00:00:00-04:00,72.86201477050781
2018-07-05 00:00:00-04:00,73.22855377197266
2018-07-06 00:00:00-04:00,73.8422622680664
2018-07-09 00:00:00-04:00,74.26847076416016
2018-07-10 00:00:00-04:00,74.49007415771484
2018-07-11 00:00:00-04:00,74.37928771972656
2018-07-12 00:00:00-04:00,74.89923858642578
2018-07-13 00:00:00-04:00,75.31690979003906
2018-07-16 00:00:00-04:00,74.77989196777344
2018-07-17 00:00:00-04:00,75.25724029541016
2018-07-18 00:00:00-04:00,75.0185546875
2018-07-19 00:00:00-04:00,75.36803436279297
2018-07-20 00:00:00-04:00,75.02709197998047
2018-07-23 00:00:00-04:00,75.54704284667969
2018-07-24 00:00:00-04:00,75.78572082519531
2018-07-25 00:00:00-04:00,76.48467254638672
2018-07-26 00:00:00-04:00,76.08405303955078
2018-07-27 00:00:00-04:00,75.5726318359375
2018-07-30 00:00:00-04:00,75.93063354492188
2018-07-31 00:00:00-04:00,76.9108657836914
2018-08-01 00:00:00-04:00,76.91938781738281
2018-08-02 00:00:00-04:00,76.62105560302734
2018-08-03 00:00:00-04:00,77.12397003173828
2018-08-06 00:00:00-04:00,77.21771240234375
2018-08-07 00:00:00-04:00,77.43934631347656
2018-08-08 00:00:00-04:00,77.4052505493164
2018-08-09 00:00:00-04:00,77.75473022460938
2018-08-10 00:00:00-04:00,77.22624969482422
2018-08-13 00:00:00-04:00,77.34557342529297
2018-08-14 00:00:00-04:00,77.60984802246094
2018-08-15 00:00:00-04:00,77.55867767333984
2018-08-16 00:00:00-04:00,77.6524429321289
2018-08-17 00:00:00-04:00,77.22624969482422
2018-08-20 00:00:00-04:00,76.74037170410156
2018-08-21 00:00:00-04:00,81.12164306640625
2018-08-22 00:00:00-04:00,81.47112274169922
2018-08-23 00:00:00-04:00,81.4967041015625
2018-08-24 00:00:00-04:00,81.44554901123047
2018-08-27 00:00:00-04:00,81.3517837524414
2018-08-28 00:00:00-04:00,81.63308715820312
2018-08-29 00:00:00-04:00,82.33203125
2018-08-30 00:00:00-04:00,82.51957702636719
2018-08-31 00:00:00-04:00,82.17861938476562
2018-09-04 00:00:00-04:00,81.45408630371094
2018-09-05 00:00:00-04:00,81.86322021484375
2018-09-06 00:00:00-04:00,82.2468032836914
2018-09-07 00:00:00-04:00,82.10189819335938
2018-09-10 00:00:00-04:00,82.14452362060547
2018-09-11 00:00:00-04:00,81.89733123779297
2018-09-12 00:00:00-04:00,82.04225158691406
2018-09-13 00:00:00-04:00,82.63890075683594
2018-09-14 00:00:00-04:00,82.69004821777344
2018-09-17 00:00:00-04:00,81.85472106933594
2018-09-18 00:00:00-04:00,82.57921600341797
2018-09-19 00:00:00-04:00,82.22120666503906
2018-09-20 00:00:00-04:00,83.0906753540039
2018-09-21 00:00:00-04:00,83.40605926513672
2018-09-24 00:00:00-04:00,84.26698303222656
2018-09-25 00:00:00-04:00,84.38628387451172
2018-09-26 00:00:00-04:00,84.53121185302734
2018-09-27 00:00:00-04:00,83.27818298339844
2018-09-28 00:00:00-04:00,83.84929656982422
2018-10-01 00:00:00-04:00,84.80396270751953
2018-10-02 00:00:00-04:00,84.40335083007812
2018-10-03 00:00:00-04:00,83.08213806152344
2018-10-04 00:00:00-04:00,82.66446685791016
2018-10-05 00:00:00-04:00,82.82642364501953
2018-10-08 00:00:00-04:00,81.80355834960938
2018-10-09 00:00:00-04:00,81.9910659790039
2018-10-10 00:00:00-04:00,81.03641510009766
2018-10-11 00:00:00-04:00,79.3657455444336
2018-10-12 00:00:00-04:00,80.71250915527344
2018-10-15 00:00:00-04:00,79.970947265625
2018-10-16 00:00:00-04:00,82.29794311523438
2018-10-17 00:00:00-04:00,82.92871856689453
2018-10-18 00:00:00-04:00,81.76094818115234
2018-10-19 00:00:00-04:00,80.07320404052734
2018-10-22 00:00:00-04:00,79.80044555664062
2018-10-23 00:00:00-04:00,79.34869384765625
2018-10-24 00:00:00-04:00,77.96781921386719
2018-10-25 00:00:00-04:00,78.21500396728516
2018-10-26 00:00:00-04:00,76.50172424316406
2018-10-29 00:00:00-04:00,76.24600219726562
2018-10-30 00:00:00-04:00,76.94493103027344
2018-10-31 00:00:00-04:00,76.5614013671875
2018-11-01 00:00:00-04:00,78.0360107421875
2018-11-02 00:00:00-04:00,77.92522430419922
2018-11-05 00:00:00-05:00,78.08717346191406
2018-11-06 00:00:00-05:00,78.85430908203125
2018-11-07 00:00:00-05:00,80.22665405273438
2018-11-08 00:00:00-05:00,80.75511169433594
2018-11-09 00:00:00-05:00,80.43122863769531
2018-11-12 00:00:00-05:00,78.96511840820312
2018-11-13 00:00:00-05:00,78.479248046875
2018-11-14 00:00:00-05:00,78.5133285522461
2018-11-15 00:00:00-05:00,79.075927734375
2018-11-16 00:00:00-05:00,79.86865997314453
2018-11-19 00:00:00-05:00,77.03020477294922
2018-11-20 00:00:00-05:00,78.55597686767578
2018-11-21 00:00:00-05:00,79.24639129638672
2018-11-23 00:00:00-05:00,78.42811584472656
2018-11-26 00:00:00-05:00,78.4707260131836
2018-11-27 00:00:00-05:00,79.38278198242188
2018-11-28 00:00:00-05:00,81.2921142578125
2018-11-29 00:00:00-05:00,82.34054565429688
2018-11-30 00:00:00-05:00,83.13329315185547
2018-12-03 00:00:00-05:00,84.17321014404297
2018-12-04 00:00:00-05:00,82.2468032836914
2018-12-06 00:00:00-05:00,82.03369903564453
2018-12-07 00:00:00-05:00,80.32891845703125
2018-12-10 00:00:00-05:00,81.3858871459961
2018-12-11 00:00:00-05:00,81.37736511230469
2018-12-12 00:00:00-05:00,81.58193969726562
2018-12-13 00:00:00-05:00,81.4029541015625
2018-12-14 00:00:00-05:00,79.88569641113281
2018-12-17 00:00:00-05:00,78.29171752929688
2018-12-18 00:00:00-05:00,78.41959381103516
2018-12-19 00:00:00-05:00,77.78882598876953
2018-12-20 00:00:00-05:00,76.62957763671875
2018-12-21 00:00:00-05:00,75.52146911621094
2018-12-24 00:00:00-05:00,73.13480377197266
2018-12-26 00:00:00-05:00,75.5726318359375
2018-12-27 00:00:00-05:00,76.84986877441406
2018-12-28 00:00:00-05:00,76.51554870605469
2018-12-31 00:00:00-05:00,77.97284698486328
2019-01-02 00:00:00-05:00,75.36688995361328
2019-01-03 00:00:00-05:00,73.2495346069336
2019-01-04 00:00:00-05:00,75.54689025878906
2019-01-07 00:00:00-05:00,70.67788696289062
2019-01-08 00:00:00-05:00,71.17508697509766
2019-01-09 00:00:00-05:00,72.26373291015625
2019-01-10 00:00:00-05:00,72.72663879394531
2019-01-11 00:00:00-05:00,72.72663879394531
2019-01-14 00:00:00-05:00,72.64948272705078
2019-01-15 00:00:00-05:00,73.74673461914062
2019-01-16 00:00:00-05:00,74.56965637207031
2019-01-17 00:00:00-05:00,75.09255981445312
2019-01-18 00:00:00-05:00,74.83543395996094
2019-01-22 00:00:00-05:00,74.57823944091797
2019-01-23 00:00:00-05:00,74.71540832519531
2019-01-24 00:00:00-05:00,74.775390625
2019-01-25 00:00:00-05:00,74.59536743164062
2019-01-28 00:00:00-05:00,74.0810546875
2019-01-29 00:00:00-05:00,74.12388610839844
2019-01-30 00:00:00-05:00,75.28974151611328
2019-01-31 00:00:00-05:00,75.76976013183594
2019-02-01 00:00:00-05:00,75.70117950439453
2019-02-04 00:00:00-05:00,75.2725830078125
2019-02-05 00:00:00-05:00,75.46116638183594
2019-02-06 00:00:00-05:00,76.17266845703125
2019-02-07 00:00:00-05:00,76.20695495605469
2019-02-08 00:00:00-05:00,76.30122375488281
2019-02-11 00:00:00-05:00,76.8070068359375
2019-02-12 00:00:00-05:00,77.36421203613281
2019-02-13 00:00:00-05:00,77.72425079345703
2019-02-14 00:00:00-05:00,78.20427703857422
2019-02-15 00:00:00-05:00,79.09577178955078
2019-02-19 00:00:00-05:00,79.14723205566406
2019-02-20 00:00:00-05:00,79.55011749267578
2019-02-21 00:00:00-05:00,79.38724517822266
2019-02-22 00:00:00-05:00,80.38162231445312
2019-02-25 00:00:00-05:00,79.05293273925781
2019-02-26 00:00:00-05:00,78.25572204589844
2019-02-27 00:00:00-05:00,77.9128189086914
2019-02-28 00:00:00-05:00,77.5785140991211
2019-03-01 00:00:00-05:00,78.94149017333984
2019-03-04 00:00:00-05:00,79.1129379272461
2019-03-05 00:00:00-05:00,79.48152923583984
2019-03-06 00:00:00-05:00,78.93291473388672
2019-03-07 00:00:00-05:00,78.07571411132812
2019-03-08 00:00:00-05:00,77.59564971923828
2019-03-11 00:00:00-04:00,78.86434173583984
2019-03-12 00:00:00-04:00,79.24152374267578
2019-03-13 00:00:00-04:00,79.73871612548828
2019-03-14 00:00:00-04:00,80.00445556640625
2019-03-15 00:00:00-04:00,80.39876556396484
2019-03-18 00:00:00-04:00,78.7700424194336
2019-03-19 00:00:00-04:00,79.43011474609375
2019-03-20 00:00:00-04:00,78.62432861328125
2019-03-21 00:00:00-04:00,79.38282012939453
2019-03-22 00:00:00-04:00,77.90892791748047
2019-03-25 00:00:00-04:00,78.10718536376953
2019-03-26 00:00:00-04:00,78.49502563476562
2019-03-27 00:00:00-04:00,77.79688262939453
2019-03-28 00:00:00-04:00,77.5383071899414
2019-03-29 00:00:00-04:00,78.503662109375
2019-04-01 00:00:00-04:00,78.1675033569336
2019-04-02 00:00:00-04:00,77.91755676269531
2019-04-03 00:00:00-04:00,76.2367935180664
2019-04-04 00:00:00-04:00,76.90908813476562
2019-04-05 00:00:00-04:00,76.65052032470703
2019-04-08 00:00:00-04:00,76.70223236083984
2019-04-09 00:00:00-04:00,76.4695053100586
2019-04-10 00:00:00-04:00,76.39195251464844
2019-04-11 00:00:00-04:00,75.50416564941406
2019-04-12 00:00:00-04:00,74.77152252197266
2019-04-15 00:00:00-04:00,74.87496948242188
2019-04-16 00:00:00-04:00,74.25437927246094
2019-04-17 00:00:00-04:00,73.03047180175781
2019-04-18 00:00:00-04:00,72.59088134765625
2019-04-22 00:00:00-04:00,72.53055572509766
2019-04-23 00:00:00-04:00,73.34937286376953
2019-04-24 00:00:00-04:00,73.8147964477539
2019-04-25 00:00:00-04:00,74.8663330078125
2019-04-26 00:00:00-04:00,75.28868865966797
2019-04-29 00:00:00-04:00,75.36627197265625
2019-04-30 00:00:00-04:00,76.5470962524414
2019-05-01 00:00:00-04:00,76.11612701416016
2019-05-02 00:00:00-04:00,76.83153533935547
2019-05-03 00:00:00-04:00,77.21076965332031
2019-05-06 00:00:00-04:00,77.70204162597656
2019-05-07 00:00:00-04:00,76.9435806274414
2019-05-08 00:00:00-04:00,76.71087646484375
2019-05-09 00:00:00-04:00,75.96961975097656
2019-05-10 00:00:00-04:00,76.13336944580078
2019-05-13 00:00:00-04:00,75.27143859863281
2019-05-14 00:00:00-04:00,75.55587768554688
2019-05-15 00:00:00-04:00,76.08165740966797
2019-05-16 00:00:00-04:00,75.94375610351562
2019-05-17 00:00:00-04:00,75.61622619628906
2019-05-20 00:00:00-04:00,75.47830200195312
2019-05-21 00:00:00-04:00,75.65070343017578
2019-05-22 00:00:00-04:00,76.50399780273438
2019-05-23 00:00:00-04:00,78.98632049560547
2019-05-24 00:00:00-04:00,80.18438720703125
2019-05-28 00:00:00-04:00,78.70188903808594
2019-05-29 00:00:00-04:00,78.88288879394531
2019-05-30 00:00:00-04:00,79.79655456542969
2019-05-31 00:00:00-04:00,79.79655456542969
2019-06-03 00:00:00-04:00,80.44298553466797
2019-06-04 00:00:00-04:00,81.37384796142578
2019-06-05 00:00:00-04:00,83.21835327148438
2019-06-06 00:00:00-04:00,83.17525482177734
2019-06-07 00:00:00-04:00,83.7010269165039
2019-06-10 00:00:00-04:00,84.25265502929688
2019-06-11 00:00:00-04:00,84.08888244628906
2019-06-12 00:00:00-04:00,84.06302642822266
2019-06-13 00:00:00-04:00,84.03717803955078
2019-06-14 00:00:00-04:00,84.03717803955078
2019-06-17 00:00:00-04:00,83.88202667236328
2019-06-18 00:00:00-04:00,84.43366241455078
2019-06-19 00:00:00-04:00,85.11458587646484
2019-06-20 00:00:00-04:00,85.55415344238281
2019-06-21 00:00:00-04:00,85.65757751464844
2019-06-24 00:00:00-04:00,85.46795654296875
2019-06-25 00:00:00-04:00,85.2438735961914
2019-06-26 00:00:00-04:00,83.79585266113281
2019-06-27 00:00:00-04:00,84.01993560791016
2019-06-28 00:00:00-04:00,83.94237518310547
2019-07-01 00:00:00-04:00,84.55432891845703
2019-07-02 00:00:00-04:00,84.51123809814453
2019-07-03 00:00:00-04:00,85.16627502441406
2019-07-05 00:00:00-04:00,85.02765655517578
2019-07-08 00:00:00-04:00,84.94963836669922
2019-07-09 00:00:00-04:00,85.31361389160156
2019-07-10 00:00:00-04:00,85.66895294189453
2019-07-11 00:00:00-04:00,86.66560363769531
2019-07-12 00:00:00-04:00,86.0156021118164
2019-07-15 00:00:00-04:00,86.50960540771484
2019-07-16 00:00:00-04:00,86.55293273925781
2019-07-17 00:00:00-04:00,87.46292114257812
2019-07-18 00:00:00-04:00,87.82691955566406
2019-07-19 00:00:00-04:00,87.35893249511719
2019-07-22 00:00:00-04:00,87.74026489257812
2019-07-23 00:00:00-04:00,88.06089782714844
2019-07-24 00:00:00-04:00,88.68490600585938
2019-07-25 00:00:00-04:00,88.47691345214844
2019-07-26 00:00:00-04:00,88.8755874633789
2019-07-29 00:00:00-04:00,89.49091339111328
2019-07-30 00:00:00-04:00,89.91556549072266
2019-07-31 00:00:00-04:00,88.34693145751953
2019-08-01 00:00:00-04:00,88.71959686279297
2019-08-02 00:00:00-04:00,88.68490600585938
2019-08-05 00:00:00-04:00,86.240966796875
2019-08-06 00:00:00-04:00,87.74026489257812
2019-08-07 00:00:00-04:00,87.8702621459961
2019-08-08 00:00:00-04:00,88.64157104492188
2019-08-09 00:00:00-04:00,88.11293029785156
2019-08-12 00:00:00-04:00,87.53226470947266
2019-08-13 00:00:00-04:00,88.7455825805664
2019-08-14 00:00:00-04:00,87.47159576416016
2019-08-15 00:00:00-04:00,88.18224334716797
2019-08-16 00:00:00-04:00,89.0575942993164
2019-08-19 00:00:00-04:00,90.28822326660156
2019-08-20 00:00:00-04:00,92.65419006347656
2019-08-21 00:00:00-04:00,93.41685485839844
2019-08-22 00:00:00-04:00,93.45153045654297
2019-08-23 00:00:00-04:00,91.90886688232422
2019-08-26 00:00:00-04:00,92.63687896728516
2019-08-27 00:00:00-04:00,93.2001953125
2019-08-28 00:00:00-04:00,93.59883880615234
2019-08-29 00:00:00-04:00,93.42552185058594
2019-08-30 00:00:00-04:00,93.50350952148438
2019-09-03 00:00:00-04:00,93.1395263671875
2019-09-04 00:00:00-04:00,93.30419921875
2019-09-05 00:00:00-04:00,93.35619354248047
2019-09-06 00:00:00-04:00,94.19684600830078
2019-09-09 00:00:00-04:00,93.5381851196289
2019-09-10 00:00:00-04:00,93.14817810058594
2019-09-11 00:00:00-04:00,94.14485931396484
2019-09-12 00:00:00-04:00,95.66149139404297
2019-09-13 00:00:00-04:00,95.04615783691406
2019-09-16 00:00:00-04:00,94.50883483886719
2019-09-17 00:00:00-04:00,94.76016235351562
2019-09-18 00:00:00-04:00,95.33216857910156
2019-09-19 00:00:00-04:00,96.20748138427734
2019-09-20 00:00:00-04:00,96.3548355102539
2019-09-23 00:00:00-04:00,96.06015014648438
2019-09-24 00:00:00-04:00,95.12417602539062
2019-09-25 00:00:00-04:00,93.26953887939453
2019-09-26 00:00:00-04:00,93.54827117919922
2019-09-27 00:00:00-04:00,93.47856140136719
2019-09-30 00:00:00-04:00,94.61090087890625
2019-10-01 00:00:00-04:00,94.26248168945312
2019-10-02 00:00:00-04:00,92.27655029296875
2019-10-03 00:00:00-04:00,93.13888549804688
2019-10-04 00:00:00-04:00,94.55866241455078
2019-10-07 00:00:00-04:00,93.42630767822266
2019-10-08 00:00:00-04:00,91.46651458740234
2019-10-09 00:00:00-04:00,92.9820785522461
2019-10-10 00:00:00-04:00,93.56566619873047
2019-10-11 00:00:00-04:00,93.70503234863281
2019-10-14 00:00:00-04:00,93.69633483886719
2019-10-15 00:00:00-04:00,94.23636627197266
2019-10-16 00:00:00-04:00,94.50638580322266
2019-10-17 00:00:00-04:00,94.51510620117188
2019-10-18 00:00:00-04:00,94.17539978027344
2019-10-21 00:00:00-04:00,92.86884307861328
2019-10-22 00:00:00-04:00,91.01356506347656
2019-10-23 00:00:00-04:00,91.64942169189453
2019-10-24 00:00:00-04:00,91.71038818359375
2019-10-25 00:00:00-04:00,91.8410415649414
2019-10-28 00:00:00-04:00,92.52044677734375
2019-10-29 00:00:00-04:00,93.67891693115234
2019-10-30 00:00:00-04:00,94.54994201660156
2019-10-31 00:00:00-04:00,94.85479736328125
2019-11-01 00:00:00-04:00,94.56733703613281
2019-11-04 00:00:00-05:00,93.33049011230469
2019-11-05 00:00:00-05:00,91.91942596435547
2019-11-06 00:00:00-05:00,93.08660888671875
2019-11-07 00:00:00-05:00,93.02565002441406
2019-11-08 00:00:00-05:00,93.22596740722656
2019-11-11 00:00:00-05:00,94.03601837158203
2019-11-12 00:00:00-05:00,94.61962127685547
2019-11-13 00:00:00-05:00,94.95060729980469
2019-11-14 00:00:00-05:00,95.12482452392578
2019-11-15 00:00:00-05:00,97.60724639892578
2019-11-18 00:00:00-05:00,96.90169525146484
2019-11-19 00:00:00-05:00,96.74492645263672
2019-11-20 00:00:00-05:00,97.37206268310547
2019-11-21 00:00:00-05:00,96.23973083496094
2019-11-22 00:00:00-05:00,96.52716827392578
2019-11-25 00:00:00-05:00,97.36334991455078
2019-11-26 00:00:00-05:00,96.97137451171875
2019-11-27 00:00:00-05:00,97.96436309814453
2019-11-29 00:00:00-05:00,97.02366638183594
2019-12-02 00:00:00-05:00,96.60556030273438
2019-12-03 00:00:00-05:00,96.67523956298828
2019-12-04 00:00:00-05:00,97.50270080566406
2019-12-05 00:00:00-05:00,97.72917938232422
2019-12-06 00:00:00-05:00,98.50439453125
2019-12-09 00:00:00-05:00,96.79716491699219
2019-12-10 00:00:00-05:00,96.71880340576172
2019-12-11 00:00:00-05:00,97.31110382080078
2019-12-12 00:00:00-05:00,97.88597869873047
2019-12-13 00:00:00-05:00,98.8789291381836
2019-12-16 00:00:00-05:00,99.76736450195312
2019-12-17 00:00:00-05:00,99.60189056396484
2019-12-18 00:00:00-05:00,99.1228256225586
2019-12-19 00:00:00-05:00,98.8528060913086
2019-12-20 00:00:00-05:00,99.07054901123047
2019-12-23 00:00:00-05:00,99.20121765136719
2019-12-24 00:00:00-05:00,99.0966796875
2019-12-26 00:00:00-05:00,98.52782440185547
2019-12-27 00:00:00-05:00,99.20170593261719
2019-12-30 00:00:00-05:00,98.8341293334961
2019-12-31 00:00:00-05:00,99.28921508789062
2020-01-02 00:00:00-05:00,100.26068115234375
2020-01-03 00:00:00-05:00,99.66555786132812
2020-01-06 00:00:00-05:00,100.54950714111328
2020-01-07 00:00:00-05:00,100.19943237304688
2020-01-08 00:00:00-05:00,101.95855712890625
2020-01-09 00:00:00-05:00,103.61263275146484
2020-01-10 00:00:00-05:00,103.83142852783203
2020-01-13 00:00:00-05:00,103.28005981445312
2020-01-14 00:00:00-05:00,102.4311294555664
2020-01-15 00:00:00-05:00,102.68495178222656
2020-01-16 00:00:00-05:00,104.02397155761719
2020-01-17 00:00:00-05:00,104.17274475097656
2020-01-21 00:00:00-05:00,105.30172729492188
2020-01-22 00:00:00-05:00,105.97561645507812
2020-01-23 00:00:00-05:00,105.87059020996094
2020-01-24 00:00:00-05:00,104.3740234375
2020-01-27 00:00:00-05:00,104.34777069091797
2020-01-28 00:00:00-05:00,104.30401611328125
2020-01-29 00:00:00-05:00,103.5951156616211
2020-01-30 00:00:00-05:00,103.40260314941406
2020-01-31 00:00:00-05:00,101.03083801269531
2020-02-03 00:00:00-05:00,103.26255798339844
2020-02-04 00:00:00-05:00,105.01290893554688
2020-02-05 00:00:00-05:00,105.56428527832031
2020-02-06 00:00:00-05:00,106.1594009399414
2020-02-07 00:00:00-05:00,104.10273742675781
2020-02-10 00:00:00-05:00,104.47905731201172
2020-02-11 00:00:00-05:00,104.10273742675781
2020-02-12 00:00:00-05:00,101.94979095458984
2020-02-13 00:00:00-05:00,102.2473373413086
2020-02-14 00:00:00-05:00,102.68495178222656
2020-02-18 00:00:00-05:00,98.59785461425781
2020-02-19 00:00:00-05:00,99.56928253173828
2020-02-20 00:00:00-05:00,99.64805603027344
2020-02-21 00:00:00-05:00,99.14044189453125
2020-02-24 00:00:00-05:00,97.45134735107422
2020-02-25 00:00:00-05:00,94.98334503173828
2020-02-26 00:00:00-05:00,92.90040588378906
2020-02-27 00:00:00-05:00,88.375732421875
2020-02-28 00:00:00-05:00,88.10443878173828
2020-03-02 00:00:00-05:00,89.81102752685547
2020-03-03 00:00:00-05:00,87.86813354492188
2020-03-04 00:00:00-05:00,90.65995025634766
2020-03-05 00:00:00-05:00,87.67559814453125
2020-03-06 00:00:00-05:00,86.69538879394531
2020-03-09 00:00:00-04:00,80.86669158935547
2020-03-10 00:00:00-04:00,84.33238983154297
2020-03-11 00:00:00-04:00,80.90169525146484
2020-03-12 00:00:00-04:00,73.86524200439453
2020-03-13 00:00:00-04:00,77.7335205078125
2020-03-16 00:00:00-04:00,67.76522827148438
2020-03-17 00:00:00-04:00,70.19822692871094
2020-03-18 00:00:00-04:00,65.23595428466797
2020-03-19 00:00:00-04:00,69.33180236816406
2020-03-20 00:00:00-04:00,67.79149627685547
2020-03-23 00:00:00-04:00,63.81814956665039
2020-03-24 00:00:00-04:00,70.32073974609375
2020-03-25 00:00:00-04:00,75.98316955566406
2020-03-26 00:00:00-04:00,80.96770477294922
2020-03-27 00:00:00-04:00,79.162353515625
2020-03-30 00:00:00-04:00,81.06459045410156
2020-03-31 00:00:00-04:00,79.41773986816406
2020-04-01 00:00:00-04:00,74.0721435546875
2020-04-02 00:00:00-04:00,75.86869049072266
2020-04-03 00:00:00-04:00,75.97437286376953
2020-04-06 00:00:00-04:00,82.8611068725586
2020-04-07 00:00:00-04:00,83.18694305419922
2020-04-08 00:00:00-04:00,87.43173217773438
2020-04-09 00:00:00-04:00,88.97288513183594
2020-04-13 00:00:00-04:00,87.6430892944336
2020-04-14 00:00:00-04:00,89.12260437011719
2020-04-15 00:00:00-04:00,85.70564270019531
2020-04-16 00:00:00-04:00,84.27896881103516
2020-04-17 00:00:00-04:00,90.99839782714844
2020-04-20 00:00:00-04:00,89.42200469970703
2020-04-21 00:00:00-04:00,85.9610366821289
2020-04-22 00:00:00-04:00,84.6136245727539
2020-04-23 00:00:00-04:00,84.39346313476562
2020-04-24 00:00:00-04:00,87.44934844970703
2020-04-27 00:00:00-04:00,88.7350845336914
2020-04-28 00:00:00-04:00,86.33970642089844
2020-04-29 00:00:00-04:00,87.30844116210938
2020-04-30 00:00:00-04:00,85.97862243652344
2020-05-01 00:00:00-04:00,83.78580474853516
2020-05-04 00:00:00-04:00,83.89149475097656
2020-05-05 00:00:00-04:00,86.21641540527344
2020-05-06 00:00:00-04:00,85.21247863769531
2020-05-07 00:00:00-04:00,87.1323013305664
2020-05-08 00:00:00-04:00,87.2115707397461
2020-05-11 00:00:00-04:00,86.95616912841797
2020-05-12 00:00:00-04:00,83.8386459350586
2020-05-13 00:00:00-04:00,82.14777374267578
2020-05-14 00:00:00-04:00,82.62332153320312
2020-05-15 00:00:00-04:00,82.68496704101562
2020-05-18 00:00:00-04:00,87.09706115722656
2020-05-19 00:00:00-04:00,85.45024108886719
2020-05-20 00:00:00-04:00,86.37494659423828
2020-05-21 00:00:00-04:00,84.02357482910156
2020-05-22 00:00:00-04:00,83.41593170166016
2020-05-26 00:00:00-04:00,85.55591583251953
2020-05-27 00:00:00-04:00,84.54316711425781
2020-05-28 00:00:00-04:00,86.42776489257812
2020-05-29 00:00:00-04:00,86.81524658203125
2020-06-01 00:00:00-04:00,85.52069091796875
2020-06-02 00:00:00-04:00,85.64399719238281
2020-06-03 00:00:00-04:00,85.51189422607422
2020-06-04 00:00:00-04:00,85.41500091552734
2020-06-05 00:00:00-04:00,89.86235046386719
2020-06-08 00:00:00-04:00,89.23709106445312
2020-06-09 00:00:00-04:00,87.28202056884766
2020-06-10 00:00:00-04:00,85.90818786621094
2020-06-11 00:00:00-04:00,80.025390625
2020-06-12 00:00:00-04:00,82.08612823486328
2020-06-15 00:00:00-04:00,82.44720458984375
2020-06-16 00:00:00-04:00,84.14686584472656
2020-06-17 00:00:00-04:00,84.0852279663086
2020-06-18 00:00:00-04:00,83.16055297851562
2020-06-19 00:00:00-04:00,82.70259857177734
2020-06-22 00:00:00-04:00,82.19181060791016
2020-06-23 00:00:00-04:00,82.24465942382812
2020-06-24 00:00:00-04:00,78.3169174194336
2020-06-25 00:00:00-04:00,78.76899719238281
2020-06-26 00:00:00-04:00,78.68922424316406
2020-06-29 00:00:00-04:00,80.01004028320312
2020-06-30 00:00:00-04:00,81.28649139404297
2020-07-01 00:00:00-04:00,81.8360824584961
2020-07-02 00:00:00-04:00,82.5806884765625
2020-07-06 00:00:00-04:00,82.62500762939453
2020-07-07 00:00:00-04:00,81.25989532470703
2020-07-08 00:00:00-04:00,81.20670318603516
2020-07-09 00:00:00-04:00,79.89476776123047
2020-07-10 00:00:00-04:00,80.49756622314453
2020-07-13 00:00:00-04:00,82.2349853515625
2020-07-14 00:00:00-04:00,83.90149688720703
2020-07-15 00:00:00-04:00,86.12644958496094
2020-07-16 00:00:00-04:00,84.87657165527344
2020-07-17 00:00:00-04:00,87.38517761230469
2020-07-20 00:00:00-04:00,84.85884857177734
2020-07-21 00:00:00-04:00,85.81620025634766
2020-07-22 00:00:00-04:00,86.41897583007812
2020-07-23 00:00:00-04:00,85.60344696044922
2020-07-24 00:00:00-04:00,85.408447265625
2020-07-27 00:00:00-04:00,85.47935485839844
2020-07-28 00:00:00-04:00,85.408447265625
2020-07-29 00:00:00-04:00,87.50929260253906
2020-07-30 00:00:00-04:00,85.51480865478516
2020-07-31 00:00:00-04:00,85.523681640625
2020-08-03 00:00:00-04:00,86.27715301513672
2020-08-04 00:00:00-04:00,85.35523986816406
2020-08-05 00:00:00-04:00,86.0023422241211
2020-08-06 00:00:00-04:00,85.74530792236328
2020-08-07 00:00:00-04:00,88.68827056884766
2020-08-10 00:00:00-04:00,88.98078918457031
2020-08-11 00:00:00-04:00,89.28218078613281
2020-08-12 00:00:00-04:00,90.49659729003906
2020-08-13 00:00:00-04:00,89.78746032714844
2020-08-14 00:00:00-04:00,89.2733154296875
2020-08-17 00:00:00-04:00,90.29271697998047
2020-08-18 00:00:00-04:00,90.02678680419922
2020-08-19 00:00:00-04:00,89.3708267211914
2020-08-20 00:00:00-04:00,88.89212799072266
2020-08-21 00:00:00-04:00,87.51815795898438
2020-08-24 00:00:00-04:00,88.75918579101562
2020-08-25 00:00:00-04:00,90.93980407714844
2020-08-26 00:00:00-04:00,92.26060485839844
2020-08-27 00:00:00-04:00,94.72491455078125
2020-08-28 00:00:00-04:00,95.6113510131836
2020-08-31 00:00:00-04:00,95.26563262939453
2020-09-01 00:00:00-04:00,95.30996704101562
2020-09-02 00:00:00-04:00,96.42687225341797
2020-09-03 00:00:00-04:00,94.09553527832031
2020-09-04 00:00:00-04:00,93.73209381103516
2020-09-08 00:00:00-04:00,92.70384216308594
2020-09-09 00:00:00-04:00,94.54761505126953
2020-09-10 00:00:00-04:00,92.88113403320312
2020-09-11 00:00:00-04:00,92.87226104736328
2020-09-14 00:00:00-04:00,94.82242584228516
2020-09-15 00:00:00-04:00,95.35430145263672
2020-09-16 00:00:00-04:00,95.28337097167969
2020-09-17 00:00:00-04:00,95.56704711914062
2020-09-18 00:00:00-04:00,95.38087463378906
2020-09-21 00:00:00-04:00,92.89886474609375
2020-09-22 00:00:00-04:00,92.49993896484375
2020-09-23 00:00:00-04:00,91.2855453491211
2020-09-24 00:00:00-04:00,90.27816009521484
2020-09-25 00:00:00-04:00,91.9630355834961
2020-09-28 00:00:00-04:00,92.38201904296875
2020-09-29 00:00:00-04:00,91.54405975341797
2020-09-30 00:00:00-04:00,92.64054870605469
2020-10-01 00:00:00-04:00,91.1963882446289
2020-10-02 00:00:00-04:00,90.89328002929688
2020-10-05 00:00:00-04:00,92.45333099365234
2020-10-06 00:00:00-04:00,92.15916442871094
2020-10-07 00:00:00-04:00,94.19169616699219
2020-10-08 00:00:00-04:00,96.09942626953125
2020-10-09 00:00:00-04:00,96.88389587402344
2020-10-12 00:00:00-04:00,97.22266387939453
2020-10-13 00:00:00-04:00,95.33277130126953
2020-10-14 00:00:00-04:00,95.88545227050781
2020-10-15 00:00:00-04:00,95.84979248046875
2020-10-16 00:00:00-04:00,98.17650604248047
2020-10-19 00:00:00-04:00,96.70561218261719
2020-10-20 00:00:00-04:00,97.30290222167969
2020-10-21 00:00:00-04:00,97.37419128417969
2020-10-22 00:00:00-04:00,99.70089721679688
2020-10-23 00:00:00-04:00,99.32649993896484
2020-10-26 00:00:00-04:00,96.2153091430664
2020-10-27 00:00:00-04:00,93.79052734375
2020-10-28 00:00:00-04:00,91.45491027832031
2020-10-29 00:00:00-04:00,90.36732482910156
2020-10-30 00:00:00-04:00,89.6541519165039
2020-11-02 00:00:00-05:00,91.3122787475586
2020-11-03 00:00:00-05:00,91.9363021850586
2020-11-04 00:00:00-05:00,91.3390121459961
2020-11-05 00:00:00-05:00,92.72077941894531
2020-11-06 00:00:00-05:00,92.31961822509766
2020-11-09 00:00:00-05:00,100.9311294555664
2020-11-10 00:00:00-05:00,102.12567901611328
2020-11-11 00:00:00-05:00,98.27458190917969
2020-11-12 00:00:00-05:00,97.70404052734375
2020-11-13 00:00:00-05:00,100.28927612304688
2020-11-16 00:00:00-05:00,99.50479888916016
2020-11-17 00:00:00-05:00,98.18540954589844
2020-11-18 00:00:00-05:00,97.58816528320312
2020-11-19 00:00:00-05:00,98.95207977294922
2020-11-20 00:00:00-05:00,98.20326232910156
2020-11-23 00:00:00-05:00,98.92535400390625
2020-11-24 00:00:00-05:00,101.67993927001953
2020-11-25 00:00:00-05:00,101.01134490966797
2020-11-27 00:00:00-05:00,102.15241241455078
2020-11-30 00:00:00-05:00,101.3590316772461
2020-12-01 00:00:00-05:00,99.96833038330078
2020-12-02 00:00:00-05:00,101.26988983154297
2020-12-03 00:00:00-05:00,100.26253509521484
2020-12-04 00:00:00-05:00,101.49275970458984
2020-12-07 00:00:00-05:00,100.38732147216797
2020-12-08 00:00:00-05:00,99.11256408691406
2020-12-09 00:00:00-05:00,100.69041442871094
2020-12-10 00:00:00-05:00,100.44974517822266
2020-12-11 00:00:00-05:00,100.18230438232422
2020-12-14 00:00:00-05:00,99.81680297851562
2020-12-15 00:00:00-05:00,102.41986083984375
2020-12-16 00:00:00-05:00,102.49118041992188
2020-12-17 00:00:00-05:00,102.8210220336914
2020-12-18 00:00:00-05:00,104.04235076904297
2020-12-21 00:00:00-05:00,102.53718566894531
2020-12-22 00:00:00-05:00,102.69845581054688
2020-12-23 00:00:00-05:00,102.08027648925781
2020-12-24 00:00:00-05:00,102.1609115600586
2020-12-28 00:00:00-05:00,103.14641571044922
2020-12-29 00:00:00-05:00,103.54061126708984
2020-12-30 00:00:00-05:00,103.60331726074219
2020-12-31 00:00:00-05:00,104.94720458984375
2021-01-04 00:00:00-05:00,103.94377136230469
2021-01-05 00:00:00-05:00,104.77696990966797
2021-01-06 00:00:00-05:00,106.48816680908203
2021-01-07 00:00:00-05:00,106.34481811523438
2021-01-08 00:00:00-05:00,107.24969482421875
2021-01-11 00:00:00-05:00,106.16564178466797
2021-01-12 00:00:00-05:00,105.08158874511719
2021-01-13 00:00:00-05:00,106.36273193359375
2021-01-14 00:00:00-05:00,105.5116195678711
2021-01-15 00:00:00-05:00,104.65154266357422
2021-01-19 00:00:00-05:00,105.99540710449219
2021-01-20 00:00:00-05:00,106.87340545654297
2021-01-21 00:00:00-05:00,105.63705444335938
2021-01-22 00:00:00-05:00,104.44547271728516
2021-01-25 00:00:00-05:00,104.73217010498047
2021-01-26 00:00:00-05:00,104.5977783203125
2021-01-27 00:00:00-05:00,99.89424133300781
2021-01-28 00:00:00-05:00,102.82388305664062
2021-01-29 00:00:00-05:00,99.741943359375
2021-02-01 00:00:00-05:00,99.6075668334961
2021-02-02 00:00:00-05:00,102.0892333984375
2021-02-03 00:00:00-05:00,100.90663146972656
2021-02-04 00:00:00-05:00,104.82178497314453
2021-02-05 00:00:00-05:00,106.07604217529297
2021-02-08 00:00:00-05:00,105.7803955078125
2021-02-09 00:00:00-05:00,105.61016845703125
2021-02-10 00:00:00-05:00,105.2159652709961
2021-02-11 00:00:00-05:00,106.36273193359375
2021-02-12 00:00:00-05:00,107.27656555175781
2021-02-16 00:00:00-05:00,107.22280883789062
2021-02-17 00:00:00-05:00,105.86103057861328
2021-02-18 00:00:00-05:00,103.37934875488281
2021-02-19 00:00:00-05:00,101.53376007080078
2021-02-22 00:00:00-05:00,103.7018814086914
2021-02-23 00:00:00-05:00,105.71769714355469
2021-02-24 00:00:00-05:00,106.38065338134766
2021-02-25 00:00:00-05:00,105.61016845703125
2021-02-26 00:00:00-05:00,104.79488372802734
2021-03-01 00:00:00-05:00,105.5922622680664
2021-03-02 00:00:00-05:00,105.6012191772461
2021-03-03 00:00:00-05:00,105.67286682128906
2021-03-04 00:00:00-05:00,103.27183532714844
2021-03-05 00:00:00-05:00,105.95061492919922
2021-03-08 00:00:00-05:00,104.52613067626953
2021-03-09 00:00:00-05:00,104.86656951904297
2021-03-10 00:00:00-05:00,106.3089828491211
2021-03-11 00:00:00-05:00,105.8072738647461
2021-03-12 00:00:00-05:00,106.44337463378906
2021-03-15 00:00:00-04:00,106.74797821044922
2021-03-16 00:00:00-04:00,106.55982971191406
2021-03-17 00:00:00-04:00,106.21939086914062
2021-03-18 00:00:00-04:00,106.46128845214844
2021-03-19 00:00:00-04:00,104.4813232421875
2021-03-22 00:00:00-04:00,104.67843627929688
2021-03-23 00:00:00-04:00,103.05680847167969
2021-03-24 00:00:00-04:00,103.89002227783203
2021-03-25 00:00:00-04:00,104.97051239013672
2021-03-26 00:00:00-04:00,106.75334167480469
2021-03-29 00:00:00-04:00,107.29358673095703
2021-03-30 00:00:00-04:00,106.99645233154297
2021-03-31 00:00:00-04:00,106.36615753173828
2021-04-01 00:00:00-04:00,106.42019653320312
2021-04-05 00:00:00-04:00,108.2750473022461
2021-04-06 00:00:00-04:00,109.08541870117188
2021-04-07 00:00:00-04:00,108.61720275878906
2021-04-08 00:00:00-04:00,108.63522338867188
2021-04-09 00:00:00-04:00,109.85077667236328
2021-04-12 00:00:00-04:00,109.66169738769531
2021-04-13 00:00:00-04:00,111.31845092773438
2021-04-14 00:00:00-04:00,111.56156921386719
2021-04-15 00:00:00-04:00,113.3173828125
2021-04-16 00:00:00-04:00,113.37141418457031
2021-04-19 00:00:00-04:00,113.56948852539062
2021-04-20 00:00:00-04:00,115.5053939819336
2021-04-21 00:00:00-04:00,117.27919006347656
2021-04-22 00:00:00-04:00,116.9190444946289
2021-04-23 00:00:00-04:00,118.13459777832031
2021-04-26 00:00:00-04:00,117.16214752197266
2021-04-27 00:00:00-04:00,117.02709197998047
2021-04-28 00:00:00-04:00,118.13459777832031
2021-04-29 00:00:00-04:00,118.40473175048828
2021-04-30 00:00:00-04:00,117.88249206542969
2021-05-03 00:00:00-04:00,118.13459777832031
2021-05-04 00:00:00-04:00,115.70347595214844
2021-05-05 00:00:00-04:00,114.35286712646484
2021-05-06 00:00:00-04:00,114.62299346923828
2021-05-07 00:00:00-04:00,114.08271789550781
2021-05-10 00:00:00-04:00,114.26280975341797
2021-05-11 00:00:00-04:00,112.75010681152344
2021-05-12 00:00:00-04:00,110.85924530029297
2021-05-13 00:00:00-04:00,111.82269287109375
2021-05-14 00:00:00-04:00,112.7951431274414
2021-05-17 00:00:00-04:00,113.02924346923828
2021-05-18 00:00:00-04:00,113.3173828125
2021-05-19 00:00:00-04:00,113.15531158447266
2021-05-20 00:00:00-04:00,114.08271789550781
2021-05-21 00:00:00-04:00,114.61397552490234
2021-05-24 00:00:00-04:00,115.34333038330078
2021-05-25 00:00:00-04:00,115.61344909667969
2021-05-26 00:00:00-04:00,113.69554138183594
2021-05-27 00:00:00-04:00,112.68708038330078
2021-05-28 00:00:00-04:00,113.98368072509766
2021-06-01 00:00:00-04:00,112.36294555664062
2021-06-02 00:00:00-04:00,111.47152709960938
2021-06-03 00:00:00-04:00,110.81423950195312
2021-06-04 00:00:00-04:00,111.51655578613281
2021-06-07 00:00:00-04:00,111.6156005859375
2021-06-08 00:00:00-04:00,109.67068481445312
2021-06-09 00:00:00-04:00,110.85025024414062
2021-06-10 00:00:00-04:00,112.31791687011719
2021-06-11 00:00:00-04:00,111.45352172851562
2021-06-14 00:00:00-04:00,111.78667449951172
2021-06-15 00:00:00-04:00,112.70508575439453
2021-06-16 00:00:00-04:00,112.5700454711914
2021-06-17 00:00:00-04:00,112.7411117553711
2021-06-18 00:00:00-04:00,110.95828247070312
2021-06-21 00:00:00-04:00,113.03824615478516
2021-06-22 00:00:00-04:00,114.1097412109375
2021-06-23 00:00:00-04:00,112.99322509765625
2021-06-24 00:00:00-04:00,113.20137786865234
2021-06-25 00:00:00-04:00,113.05658721923828
2021-06-28 00:00:00-04:00,111.97966766357422
2021-06-29 00:00:00-04:00,112.70364379882812
2021-06-30 00:00:00-04:00,112.33260345458984
2021-07-01 00:00:00-04:00,114.14253234863281
2021-07-02 00:00:00-04:00,114.77599334716797
2021-07-06 00:00:00-04:00,114.90270233154297
2021-07-07 00:00:00-04:00,115.59951782226562
2021-07-08 00:00:00-04:00,115.3280258178711
2021-07-09 00:00:00-04:00,115.98863983154297
2021-07-12 00:00:00-04:00,116.01579284667969
2021-07-13 00:00:00-04:00,115.29183959960938
2021-07-14 00:00:00-04:00,115.59951782226562
2021-07-15 00:00:00-04:00,113.4457015991211
2021-07-16 00:00:00-04:00,113.84388732910156
2021-07-19 00:00:00-04:00,111.08377075195312
2021-07-20 00:00:00-04:00,113.58145141601562
2021-07-21 00:00:00-04:00,114.97511291503906
2021-07-22 00:00:00-04:00,115.02938079833984
2021-07-23 00:00:00-04:00,116.32347869873047
2021-07-26 00:00:00-04:00,115.89815521240234
2021-07-27 00:00:00-04:00,117.84381866455078
2021-07-28 00:00:00-04:00,118.11531066894531
2021-07-29 00:00:00-04:00,118.2601089477539
2021-07-30 00:00:00-04:00,118.83021545410156
2021-08-02 00:00:00-04:00,118.78497314453125
2021-08-03 00:00:00-04:00,118.96597290039062
2021-08-04 00:00:00-04:00,116.17869567871094
2021-08-05 00:00:00-04:00,115.85289764404297
2021-08-06 00:00:00-04:00,116.41397094726562
2021-08-09 00:00:00-04:00,114.8574447631836
2021-08-10 00:00:00-04:00,113.39142608642578
2021-08-11 00:00:00-04:00,114.06108856201172
2021-08-12 00:00:00-04:00,115.4004135131836
2021-08-13 00:00:00-04:00,116.1424789428711
2021-08-16 00:00:00-04:00,117.27368927001953
2021-08-17 00:00:00-04:00,118.33247375488281
2021-08-18 00:00:00-04:00,117.03841400146484
2021-08-19 00:00:00-04:00,116.67640686035156
2021-08-20 00:00:00-04:00,117.55421447753906
2021-08-23 00:00:00-04:00,116.26917266845703
2021-08-24 00:00:00-04:00,119.97047424316406
2021-08-25 00:00:00-04:00,121.76228332519531
2021-08-26 00:00:00-04:00,120.6944351196289
2021-08-27 00:00:00-04:00,121.0926284790039
2021-08-30 00:00:00-04:00,121.11975860595703
2021-08-31 00:00:00-04:00,120.79396057128906
2021-09-01 00:00:00-04:00,121.41838836669922
2021-09-02 00:00:00-04:00,121.92518615722656
2021-09-03 00:00:00-04:00,121.83470153808594
2021-09-07 00:00:00-04:00,121.7803955078125
2021-09-08 00:00:00-04:00,122.3233413696289
2021-09-09 00:00:00-04:00,120.74871063232422
2021-09-10 00:00:00-04:00,118.6763687133789
2021-09-13 00:00:00-04:00,117.68091583251953
2021-09-14 00:00:00-04:00,118.16960144042969
2021-09-15 00:00:00-04:00,119.13789367675781
2021-09-16 00:00:00-04:00,118.47727966308594
2021-09-17 00:00:00-04:00,117.37322998046875
2021-09-20 00:00:00-04:00,116.49541473388672
2021-09-21 00:00:00-04:00,115.68999481201172
2021-09-22 00:00:00-04:00,116.65831756591797
2021-09-23 00:00:00-04:00,118.80448913574219
2021-09-24 00:00:00-04:00,118.24066162109375
2021-09-27 00:00:00-04:00,117.08573150634766
2021-09-28 00:00:00-04:00,114.58486938476562
2021-09-29 00:00:00-04:00,115.1123275756836
2021-09-30 00:00:00-04:00,113.99375915527344
2021-10-01 00:00:00-04:00,115.77619934082031
2021-10-04 00:00:00-04:00,113.72093200683594
2021-10-05 00:00:00-04:00,114.40298461914062
2021-10-06 00:00:00-04:00,114.66671752929688
2021-10-07 00:00:00-04:00,115.33967590332031
2021-10-08 00:00:00-04:00,113.9209976196289
2021-10-11 00:00:00-04:00,112.34773254394531
2021-10-12 00:00:00-04:00,111.79299926757812
2021-10-13 00:00:00-04:00,111.46561431884766
2021-10-14 00:00:00-04:00,113.49359130859375
2021-10-15 00:00:00-04:00,116.17632293701172
2021-10-18 00:00:00-04:00,109.78321838378906
2021-10-19 00:00:00-04:00,111.1291275024414
2021-10-20 00:00:00-04:00,110.75627899169922
2021-10-21 00:00:00-04:00,110.62895965576172
2021-10-22 00:00:00-04:00,111.93849182128906
2021-10-25 00:00:00-04:00,112.36592102050781
2021-10-26 00:00:00-04:00,112.81153106689453
2021-10-27 00:00:00-04:00,111.4019546508789
2021-10-28 00:00:00-04:00,110.28339385986328
2021-10-29 00:00:00-04:00,109.00111389160156
2021-11-01 00:00:00-04:00,109.33761596679688
2021-11-02 00:00:00-04:00,110.31067657470703
2021-11-03 00:00:00-04:00,110.20155334472656
2021-11-04 00:00:00-04:00,109.75594329833984
2021-11-05 00:00:00-04:00,111.83845520019531
2021-11-08 00:00:00-05:00,111.8748550415039
2021-11-09 00:00:00-05:00,111.21097564697266
2021-11-10 00:00:00-05:00,111.32011413574219
2021-11-11 00:00:00-05:00,108.74650573730469
2021-11-12 00:00:00-05:00,108.5009536743164
2021-11-15 00:00:00-05:00,106.92769622802734
2021-11-16 00:00:00-05:00,107.30055236816406
2021-11-17 00:00:00-05:00,107.15504455566406
2021-11-18 00:00:00-05:00,107.00952911376953
2021-11-19 00:00:00-05:00,106.60031127929688
2021-11-22 00:00:00-05:00,106.30021667480469
2021-11-23 00:00:00-05:00,103.10820007324219
2021-11-24 00:00:00-05:00,104.07215881347656
2021-11-26 00:00:00-05:00,100.98928833007812
2021-11-29 00:00:00-05:00,100.2890396118164
2021-11-30 00:00:00-05:00,97.03337097167969
2021-12-01 00:00:00-05:00,95.91481018066406
2021-12-02 00:00:00-05:00,97.56083679199219
2021-12-03 00:00:00-05:00,97.18797302246094
2021-12-06 00:00:00-05:00,100.2526626586914
2021-12-07 00:00:00-05:00,102.09876251220703
2021-12-08 00:00:00-05:00,102.23516082763672
2021-12-09 00:00:00-05:00,102.58983612060547
2021-12-10 00:00:00-05:00,102.24424743652344
2021-12-13 00:00:00-05:00,102.63530731201172
2021-12-14 00:00:00-05:00,101.57130432128906
2021-12-15 00:00:00-05:00,95.4328384399414
2021-12-16 00:00:00-05:00,92.95014953613281
2021-12-17 00:00:00-05:00,91.51329803466797
2021-12-20 00:00:00-05:00,90.51295471191406
2021-12-21 00:00:00-05:00,93.02973175048828
2021-12-22 00:00:00-05:00,92.74604034423828
2021-12-23 00:00:00-05:00,94.17374420166016
2021-12-27 00:00:00-05:00,95.57401275634766
2021-12-28 00:00:00-05:00,95.6655044555664
2021-12-29 00:00:00-05:00,95.13469696044922
2021-12-30 00:00:00-05:00,95.610595703125
2021-12-31 00:00:00-05:00,94.67710876464844
2022-01-03 00:00:00-05:00,97.10236358642578
2022-01-04 00:00:00-05:00,97.3677749633789
2022-01-05 00:00:00-05:00,97.02001190185547
2022-01-06 00:00:00-05:00,96.06820678710938
2022-01-07 00:00:00-05:00,96.24209594726562
2022-01-10 00:00:00-05:00,96.6630859375
2022-01-11 00:00:00-05:00,98.7405776977539
2022-01-12 00:00:00-05:00,99.71067810058594
2022-01-13 00:00:00-05:00,99.55509948730469
2022-01-14 00:00:00-05:00,99.3446044921875
2022-01-18 00:00:00-05:00,98.3744888305664
2022-01-19 00:00:00-05:00,98.62158966064453
2022-01-20 00:00:00-05:00,97.11154174804688
2022-01-21 00:00:00-05:00,96.644775390625
2022-01-24 00:00:00-05:00,95.37264251708984
2022-01-25 00:00:00-05:00,95.3360366821289
2022-01-26 00:00:00-05:00,95.26280975341797
2022-01-27 00:00:00-05:00,94.42999267578125
2022-01-28 00:00:00-05:00,94.38423919677734
2022-01-31 00:00:00-05:00,94.71369934082031
2022-02-01 00:00:00-05:00,94.80523681640625
2022-02-02 00:00:00-05:00,94.60388946533203
2022-02-03 00:00:00-05:00,93.5056381225586
2022-02-04 00:00:00-05:00,94.01815795898438
2022-02-07 00:00:00-05:00,93.34090423583984
2022-02-08 00:00:00-05:00,95.37264251708984
2022-02-09 00:00:00-05:00,97.09320831298828
2022-02-10 00:00:00-05:00,95.9858169555664
2022-02-11 00:00:00-05:00,94.25611877441406
2022-02-14 00:00:00-05:00,93.63377380371094
2022-02-15 00:00:00-05:00,95.09809112548828
2022-02-16 00:00:00-05:00,94.40254974365234
2022-02-17 00:00:00-05:00,93.07550048828125
2022-02-18 00:00:00-05:00,92.05048370361328
2022-02-22 00:00:00-05:00,94.92420959472656
2022-02-23 00:00:00-05:00,94.29270935058594
2022-02-24 00:00:00-05:00,94.5672836303711
2022-02-25 00:00:00-05:00,96.86441802978516
2022-02-28 00:00:00-05:00,96.08648681640625
2022-03-01 00:00:00-05:00,94.86929321289062
2022-03-02 00:00:00-05:00,97.35862731933594
2022-03-03 00:00:00-05:00,98.52091979980469
2022-03-04 00:00:00-05:00,99.12495422363281
2022-03-07 00:00:00-05:00,97.59656524658203
2022-03-08 00:00:00-05:00,95.26280975341797
2022-03-09 00:00:00-05:00,94.79607391357422
2022-03-10 00:00:00-05:00,95.60145568847656
2022-03-11 00:00:00-05:00,95.01571655273438
2022-03-14 00:00:00-04:00,94.46661376953125
2022-03-15 00:00:00-04:00,96.46172332763672
2022-03-16 00:00:00-04:00,98.20061492919922
2022-03-17 00:00:00-04:00,100.4336929321289
2022-03-18 00:00:00-04:00,100.83638000488281
2022-03-21 00:00:00-04:00,99.52764892578125
2022-03-22 00:00:00-04:00,99.72898864746094
2022-03-23 00:00:00-04:00,97.15731048583984
2022-03-24 00:00:00-04:00,97.9122314453125
2022-03-25 00:00:00-04:00,99.85482025146484
2022-03-28 00:00:00-04:00,101.20819854736328
2022-03-29 00:00:00-04:00,103.46380615234375
2022-03-30 00:00:00-04:00,102.7088623046875
2022-03-31 00:00:00-04:00,102.14727020263672
2022-04-01 00:00:00-04:00,103.59269714355469
2022-04-04 00:00:00-04:00,102.08281707763672
2022-04-05 00:00:00-04:00,101.73295593261719
2022-04-06 00:00:00-04:00,102.85617065429688
2022-04-07 00:00:00-04:00,103.41777038574219
2022-04-08 00:00:00-04:00,103.54666900634766
2022-04-11 00:00:00-04:00,102.67204284667969
2022-04-12 00:00:00-04:00,101.8066177368164
2022-04-13 00:00:00-04:00,101.6961441040039
2022-04-14 00:00:00-04:00,100.3703842163086
2022-04-18 00:00:00-04:00,99.50497436523438
2022-04-19 00:00:00-04:00,101.47518157958984
2022-04-20 00:00:00-04:00,104.03461456298828
2022-04-21 00:00:00-04:00,104.11747741699219
2022-04-22 00:00:00-04:00,99.24720001220703
2022-04-25 00:00:00-04:00,100.79388427734375
2022-04-26 00:00:00-04:00,98.30811309814453
2022-04-27 00:00:00-04:00,98.17001342773438
2022-04-28 00:00:00-04:00,98.64875793457031
2022-04-29 00:00:00-04:00,96.0801010131836
2022-05-02 00:00:00-04:00,94.9569091796875
2022-05-03 00:00:00-04:00,94.9292984008789
2022-05-04 00:00:00-04:00,97.4334945678711
2022-05-05 00:00:00-04:00,96.25503540039062
2022-05-06 00:00:00-04:00,95.24231719970703
2022-05-09 00:00:00-04:00,91.67935943603516
2022-05-10 00:00:00-04:00,92.35143280029297
2022-05-11 00:00:00-04:00,92.66445922851562
2022-05-12 00:00:00-04:00,93.08796691894531
2022-05-13 00:00:00-04:00,94.52418518066406
2022-05-16 00:00:00-04:00,95.5737533569336
2022-05-17 00:00:00-04:00,97.8293685913086
2022-05-18 00:00:00-04:00,95.352783203125
2022-05-19 00:00:00-04:00,94.59786224365234
2022-05-20 00:00:00-04:00,94.39530944824219
2022-05-23 00:00:00-04:00,95.98804473876953
2022-05-24 00:00:00-04:00,97.2125244140625
2022-05-25 00:00:00-04:00,97.16649627685547
2022-05-26 00:00:00-04:00,91.55046081542969
2022-05-27 00:00:00-04:00,91.2190170288086
2022-05-31 00:00:00-04:00,92.20413208007812
2022-06-01 00:00:00-04:00,90.02215576171875
2022-06-02 00:00:00-04:00,90.68502807617188
2022-06-03 00:00:00-04:00,87.90464782714844
2022-06-06 00:00:00-04:00,87.91385650634766
2022-06-07 00:00:00-04:00,88.81610107421875
2022-06-08 00:00:00-04:00,88.42021179199219
2022-06-09 00:00:00-04:00,85.80553436279297
2022-06-10 00:00:00-04:00,85.38202667236328
2022-06-13 00:00:00-04:00,83.01593780517578
2022-06-14 00:00:00-04:00,81.46002960205078
2022-06-15 00:00:00-04:00,82.26099395751953
2022-06-16 00:00:00-04:00,80.46570587158203
2022-06-17 00:00:00-04:00,81.22065734863281
2022-06-21 00:00:00-04:00,81.6717758178711
2022-06-22 00:00:00-04:00,82.1689224243164
2022-06-23 00:00:00-04:00,82.26170349121094
2022-06-24 00:00:00-04:00,83.6996841430664
2022-06-27 00:00:00-04:00,83.9316177368164
2022-06-28 00:00:00-04:00,82.75337982177734
2022-06-29 00:00:00-04:00,83.8852310180664
2022-06-30 00:00:00-04:00,83.26366424560547
2022-07-01 00:00:00-04:00,84.7758560180664
2022-07-05 00:00:00-04:00,83.95016479492188
2022-07-06 00:00:00-04:00,83.14305114746094
2022-07-07 00:00:00-04:00,83.03170776367188
2022-07-08 00:00:00-04:00,83.01316833496094
2022-07-11 00:00:00-04:00,82.5214614868164
2022-07-12 00:00:00-04:00,82.28028106689453
2022-07-13 00:00:00-04:00,81.55663299560547
2022-07-14 00:00:00-04:00,81.18553924560547
2022-07-15 00:00:00-04:00,82.67918395996094
2022-07-18 00:00:00-04:00,81.54734802246094
2022-07-19 00:00:00-04:00,83.80174255371094
2022-07-20 00:00:00-04:00,82.78123474121094
2022-07-21 00:00:00-04:00,83.73677825927734
2022-07-22 00:00:00-04:00,84.16354370117188
2022-07-25 00:00:00-04:00,84.19137573242188
2022-07-26 00:00:00-04:00,85.25826263427734
2022-07-27 00:00:00-04:00,86.48286437988281
2022-07-28 00:00:00-04:00,86.71479797363281
2022-07-29 00:00:00-04:00,85.83345031738281
2022-08-01 00:00:00-04:00,86.35298156738281
2022-08-02 00:00:00-04:00,86.4736099243164
2022-08-03 00:00:00-04:00,86.99311828613281
2022-08-04 00:00:00-04:00,86.4736099243164
2022-08-05 00:00:00-04:00,86.53852844238281
2022-08-08 00:00:00-04:00,86.81685638427734
2022-08-09 00:00:00-04:00,86.37153625488281
2022-08-10 00:00:00-04:00,87.36421203613281
2022-08-11 00:00:00-04:00,87.24359893798828
2022-08-12 00:00:00-04:00,87.96724700927734
2022-08-15 00:00:00-04:00,88.31977844238281
2022-08-16 00:00:00-04:00,88.42182159423828
2022-08-17 00:00:00-04:00,88.05074310302734
2022-08-18 00:00:00-04:00,88.35688018798828
2022-08-19 00:00:00-04:00,88.13423156738281
2022-08-22 00:00:00-04:00,86.36225891113281
2022-08-23 00:00:00-04:00,83.6996841430664
2022-08-24 00:00:00-04:00,82.82762145996094
2022-08-25 00:00:00-04:00,85.48091125488281
2022-08-26 00:00:00-04:00,82.96676635742188
2022-08-29 00:00:00-04:00,82.48435974121094
2022-08-30 00:00:00-04:00,80.94432830810547
2022-08-31 00:00:00-04:00,81.56590270996094
2022-09-01 00:00:00-04:00,82.13182067871094
2022-09-02 00:00:00-04:00,80.89794158935547
2022-09-06 00:00:00-04:00,79.97021484375
2022-09-07 00:00:00-04:00,80.81444549560547
2022-09-08 00:00:00-04:00,81.53807067871094
2022-09-09 00:00:00-04:00,83.2450942993164
2022-09-12 00:00:00-04:00,85.40670013427734
2022-09-13 00:00:00-04:00,83.79244232177734
2022-09-14 00:00:00-04:00,84.07076263427734
2022-09-15 00:00:00-04:00,84.07076263427734
2022-09-16 00:00:00-04:00,83.7275161743164
2022-09-19 00:00:00-04:00,83.1987075805664
2022-09-20 00:00:00-04:00,82.06688690185547
2022-09-21 00:00:00-04:00,79.53418731689453
2022-09-22 00:00:00-04:00,78.14081573486328
2022-09-23 00:00:00-04:00,77.29918670654297
2022-09-26 00:00:00-04:00,76.0554428100586
2022-09-27 00:00:00-04:00,75.64397430419922
2022-09-28 00:00:00-04:00,77.23371887207031
2022-09-29 00:00:00-04:00,76.9344711303711
2022-09-30 00:00:00-04:00,75.5130615234375
2022-10-03 00:00:00-04:00,77.33658599853516
2022-10-04 00:00:00-04:00,79.01985931396484
2022-10-05 00:00:00-04:00,79.53418731689453
2022-10-06 00:00:00-04:00,78.9450454711914
2022-10-07 00:00:00-04:00,77.07474517822266
2022-10-10 00:00:00-04:00,76.53235626220703
2022-10-11 00:00:00-04:00,76.57911682128906
2022-10-12 00:00:00-04:00,75.10157775878906
2022-10-13 00:00:00-04:00,78.08470153808594
2022-10-14 00:00:00-04:00,76.31726837158203
2022-10-17 00:00:00-04:00,77.3927001953125
2022-10-18 00:00:00-04:00,78.64578247070312
2022-10-19 00:00:00-04:00,78.23432922363281
2022-10-20 00:00:00-04:00,77.10279846191406
2022-10-21 00:00:00-04:00,77.86027526855469
2022-10-24 00:00:00-04:00,78.44004821777344
2022-10-25 00:00:00-04:00,79.01985931396484
2022-10-26 00:00:00-04:00,79.83343505859375
2022-10-27 00:00:00-04:00,80.02046966552734
2022-10-28 00:00:00-04:00,81.18937683105469
2022-10-31 00:00:00-04:00,81.67566680908203
2022-11-01 00:00:00-04:00,82.04972076416016
2022-11-02 00:00:00-04:00,80.21683502197266
2022-11-03 00:00:00-04:00,78.57097625732422
2022-11-04 00:00:00-04:00,79.16011810302734
2022-11-07 00:00:00-05:00,79.9924087524414
2022-11-08 00:00:00-05:00,74.98936462402344
2022-11-09 00:00:00-05:00,74.14774322509766
2022-11-10 00:00:00-05:00,76.53235626220703
2022-11-11 00:00:00-05:00,78.13146209716797
2022-11-14 00:00:00-05:00,77.52362060546875
2022-11-15 00:00:00-05:00,77.99118041992188
2022-11-16 00:00:00-05:00,76.47624969482422
2022-11-17 00:00:00-05:00,74.75558471679688
2022-11-18 00:00:00-05:00,76.02738189697266
2022-11-21 00:00:00-05:00,76.95317840576172
2022-11-22 00:00:00-05:00,72.87594604492188
2022-11-23 00:00:00-05:00,73.89524841308594
2022-11-25 00:00:00-05:00,73.98876190185547
2022-11-28 00:00:00-05:00,71.19268035888672
2022-11-29 00:00:00-05:00,71.51998138427734
2022-11-30 00:00:00-05:00,73.91394805908203
2022-12-01 00:00:00-05:00,74.11033630371094
2022-12-02 00:00:00-05:00,74.45633697509766
2022-12-05 00:00:00-05:00,73.68016052246094
2022-12-06 00:00:00-05:00,72.08106994628906
2022-12-07 00:00:00-05:00,71.9220962524414
2022-12-08 00:00:00-05:00,72.7450180053711
2022-12-09 00:00:00-05:00,73.49313354492188
2022-12-12 00:00:00-05:00,74.5405044555664
2022-12-13 00:00:00-05:00,74.94261932373047
2022-12-14 00:00:00-05:00,73.68016052246094
2022-12-15 00:00:00-05:00,72.67955780029297
2022-12-16 00:00:00-05:00,71.74441528320312
2022-12-19 00:00:00-05:00,72.11846160888672
2022-12-20 00:00:00-05:00,72.36377716064453
2022-12-21 00:00:00-05:00,72.79776000976562
2022-12-22 00:00:00-05:00,72.7789077758789
2022-12-23 00:00:00-05:00,73.11854553222656
2022-12-27 00:00:00-05:00,73.2506332397461
2022-12-28 00:00:00-05:00,71.98639678955078
2022-12-29 00:00:00-05:00,73.4110107421875
2022-12-30 00:00:00-05:00,73.32611846923828
2023-01-03 00:00:00-05:00,73.8355712890625
2023-01-04 00:00:00-05:00,76.39236450195312
2023-01-05 00:00:00-05:00,75.5055160522461
2023-01-06 00:00:00-05:00,76.28858184814453
2023-01-09 00:00:00-05:00,73.15628051757812
2023-01-10 00:00:00-05:00,74.42996215820312
2023-01-11 00:00:00-05:00,75.77912139892578
2023-01-12 00:00:00-05:00,75.335693359375
2023-01-13 00:00:00-05:00,76.03385162353516
2023-01-17 00:00:00-05:00,75.80743408203125
2023-01-18 00:00:00-05:00,74.27899932861328
2023-01-19 00:00:00-05:00,75.02433013916016
2023-01-20 00:00:00-05:00,76.33576965332031
2023-01-23 00:00:00-05:00,77.7132339477539
2023-01-24 00:00:00-05:00,76.23199462890625
2023-01-25 00:00:00-05:00,76.60935974121094
2023-01-26 00:00:00-05:00,77.21318054199219
2023-01-27 00:00:00-05:00,77.91134643554688
2023-01-30 00:00:00-05:00,77.91134643554688
2023-01-31 00:00:00-05:00,78.9585952758789
2023-02-01 00:00:00-05:00,80.9209976196289
2023-02-02 00:00:00-05:00,82.62867736816406
2023-02-03 00:00:00-05:00,82.1758041381836
2023-02-06 00:00:00-05:00,80.42095947265625
2023-02-07 00:00:00-05:00,81.68521881103516
2023-02-08 00:00:00-05:00,81.28895568847656
2023-02-09 00:00:00-05:00,78.88311767578125
2023-02-10 00:00:00-05:00,78.9585952758789
2023-02-13 00:00:00-05:00,79.6190185546875
2023-02-14 00:00:00-05:00,78.68498992919922
2023-02-15 00:00:00-05:00,79.71336364746094
2023-02-16 00:00:00-05:00,79.43975830078125
2023-02-17 00:00:00-05:00,80.0058364868164
2023-02-21 00:00:00-05:00,80.65682983398438
2023-02-22 00:00:00-05:00,80.28887176513672
2023-02-23 00:00:00-05:00,79.24163055419922
2023-02-24 00:00:00-05:00,78.7698974609375
2023-02-27 00:00:00-05:00,78.67554473876953
2023-02-28 00:00:00-05:00,78.11890411376953
2023-03-01 00:00:00-05:00,77.43961334228516
2023-03-02 00:00:00-05:00,77.60944366455078
2023-03-03 00:00:00-05:00,78.69442749023438
2023-03-06 00:00:00-05:00,77.298095703125
2023-03-07 00:00:00-05:00,75.2319107055664
2023-03-08 00:00:00-05:00,73.9676513671875
2023-03-09 00:00:00-05:00,73.59027862548828
2023-03-10 00:00:00-05:00,72.38264465332031
2023-03-13 00:00:00-04:00,73.5714111328125
2023-03-14 00:00:00-04:00,73.45819091796875
2023-03-15 00:00:00-04:00,73.97710418701172
2023-03-16 00:00:00-04:00,74.7884750366211
2023-03-17 00:00:00-04:00,73.86388397216797
2023-03-20 00:00:00-04:00,75.10926055908203
2023-03-21 00:00:00-04:00,76.6376724243164
2023-03-22 00:00:00-04:00,75.42060852050781
2023-03-23 00:00:00-04:00,73.81245422363281
2023-03-24 00:00:00-04:00,75.5252685546875
2023-03-27 00:00:00-04:00,75.78219604492188
2023-03-28 00:00:00-04:00,75.65849304199219
2023-03-29 00:00:00-04:00,75.23980712890625
2023-03-30 00:00:00-04:00,75.34447479248047
2023-03-31 00:00:00-04:00,76.7147216796875
2023-04-03 00:00:00-04:00,75.81073760986328
2023-04-04 00:00:00-04:00,75.62042236328125
2023-04-05 00:00:00-04:00,76.38166046142578
2023-04-06 00:00:00-04:00,76.41021728515625
2023-04-10 00:00:00-04:00,76.3531265258789
2023-04-11 00:00:00-04:00,77.07630920410156
2023-04-12 00:00:00-04:00,76.89551544189453
2023-04-13 00:00:00-04:00,77.63772583007812
2023-04-14 00:00:00-04:00,76.80036163330078
2023-04-17 00:00:00-04:00,78.14205169677734
2023-04-18 00:00:00-04:00,77.69483947753906
2023-04-19 00:00:00-04:00,80.75885772705078
2023-04-20 00:00:00-04:00,79.44568634033203
2023-04-21 00:00:00-04:00,81.57719421386719
2023-04-24 00:00:00-04:00,85.34536743164062
2023-04-25 00:00:00-04:00,85.34536743164062
2023-04-26 00:00:00-04:00,85.61180114746094
2023-04-27 00:00:00-04:00,86.95349884033203
2023-04-28 00:00:00-04:00,86.54431915283203
2023-05-01 00:00:00-04:00,86.28741455078125
2023-05-02 00:00:00-04:00,85.85919952392578
2023-05-03 00:00:00-04:00,86.29692840576172
2023-05-04 00:00:00-04:00,84.94570922851562
2023-05-05 00:00:00-04:00,85.69744110107422
2023-05-08 00:00:00-04:00,85.8211441040039
2023-05-09 00:00:00-04:00,85.25973510742188
2023-05-10 00:00:00-04:00,85.07891845703125
2023-05-11 00:00:00-04:00,84.70781707763672
2023-05-12 00:00:00-04:00,84.5746078491211
2023-05-15 00:00:00-04:00,84.9837646484375
2023-05-16 00:00:00-04:00,84.59363555908203
2023-05-17 00:00:00-04:00,84.28913116455078
2023-05-18 00:00:00-04:00,84.70781707763672
2023-05-19 00:00:00-04:00,85.00279998779297
2023-05-22 00:00:00-04:00,85.16456604003906
2023-05-23 00:00:00-04:00,82.90937042236328
2023-05-24 00:00:00-04:00,83.25193786621094
2023-05-25 00:00:00-04:00,79.49327850341797
2023-05-26 00:00:00-04:00,77.51403045654297
2023-05-30 00:00:00-04:00,78.50364685058594
2023-05-31 00:00:00-04:00,78.75106048583984
2023-06-01 00:00:00-04:00,78.74154663085938
2023-06-02 00:00:00-04:00,79.70262145996094
2023-06-05 00:00:00-04:00,79.674072265625
2023-06-06 00:00:00-04:00,79.55036926269531
2023-06-07 00:00:00-04:00,78.874755859375
2023-06-08 00:00:00-04:00,79.07457733154297
2023-06-09 00:00:00-04:00,79.674072265625
2023-06-12 00:00:00-04:00,80.1974105834961
2023-06-13 00:00:00-04:00,81.59622192382812
2023-06-14 00:00:00-04:00,83.6515884399414
2023-06-15 00:00:00-04:00,83.97511291503906
2023-06-16 00:00:00-04:00,84.83152770996094
2023-06-20 00:00:00-04:00,84.63169860839844
2023-06-21 00:00:00-04:00,84.0417251586914
2023-06-22 00:00:00-04:00,83.83073425292969
2023-06-23 00:00:00-04:00,83.89788055419922
2023-06-26 00:00:00-04:00,83.4375228881836
2023-06-27 00:00:00-04:00,83.58138275146484
2023-06-28 00:00:00-04:00,82.82373046875
2023-06-29 00:00:00-04:00,83.2169418334961
2023-06-30 00:00:00-04:00,84.49247741699219
2023-07-03 00:00:00-04:00,83.57179260253906
2023-07-05 00:00:00-04:00,83.31285095214844
2023-07-06 00:00:00-04:00,82.54560852050781
2023-07-07 00:00:00-04:00,82.37297058105469
2023-07-10 00:00:00-04:00,82.91004943847656
2023-07-11 00:00:00-04:00,83.71564483642578
2023-07-12 00:00:00-04:00,83.98418426513672
2023-07-13 00:00:00-04:00,84.44453430175781
2023-07-14 00:00:00-04:00,84.06090545654297
2023-07-17 00:00:00-04:00,83.15938568115234
2023-07-18 00:00:00-04:00,83.05389404296875
2023-07-19 00:00:00-04:00,82.59355926513672
2023-07-20 00:00:00-04:00,85.69129943847656
2023-07-21 00:00:00-04:00,85.31726837158203
2023-07-24 00:00:00-04:00,85.12545776367188
2023-07-25 00:00:00-04:00,85.31726837158203
2023-07-26 00:00:00-04:00,86.69830322265625
2023-07-27 00:00:00-04:00,84.88568878173828
2023-07-28 00:00:00-04:00,84.63633728027344
2023-07-31 00:00:00-04:00,84.1664047241211
2023-08-01 00:00:00-04:00,84.08967590332031
2023-08-02 00:00:00-04:00,81.96057891845703
2023-08-03 00:00:00-04:00,81.0302963256836
2023-08-04 00:00:00-04:00,80.59872436523438
2023-08-07 00:00:00-04:00,81.25088500976562
2023-08-08 00:00:00-04:00,78.8724365234375
2023-08-09 00:00:00-04:00,79.54377746582031
2023-08-10 00:00:00-04:00,79.7164077758789
2023-08-11 00:00:00-04:00,80.03288269042969
2023-08-14 00:00:00-04:00,79.75476837158203
2023-08-15 00:00:00-04:00,79.44786071777344
2023-08-16 00:00:00-04:00,78.22986602783203
2023-08-17 00:00:00-04:00,78.22028350830078
2023-08-18 00:00:00-04:00,78.18191528320312
2023-08-21 00:00:00-04:00,78.26823425292969
2023-08-22 00:00:00-04:00,80.29183959960938
2023-08-23 00:00:00-04:00,80.25346374511719
2023-08-24 00:00:00-04:00,77.74075317382812
2023-08-25 00:00:00-04:00,78.8244857788086
2023-08-28 00:00:00-04:00,78.05724334716797
2023-08-29 00:00:00-04:00,78.718994140625
2023-08-30 00:00:00-04:00,78.93956756591797
2023-08-31 00:00:00-04:00,78.1627426147461
2023-09-01 00:00:00-04:00,78.76693725585938
2023-09-05 00:00:00-04:00,76.91596984863281
2023-09-06 00:00:00-04:00,77.40509033203125
2023-09-07 00:00:00-04:00,76.65702819824219
2023-09-08 00:00:00-04:00,76.68580627441406
2023-09-11 00:00:00-04:00,78.06683349609375
2023-09-12 00:00:00-04:00,77.66402435302734
2023-09-13 00:00:00-04:00,77.9901123046875
2023-09-14 00:00:00-04:00,78.60391235351562
2023-09-15 00:00:00-04:00,78.42167663574219
2023-09-18 00:00:00-04:00,79.40950012207031
2023-09-19 00:00:00-04:00,79.2464599609375
2023-09-20 00:00:00-04:00,78.1435546875
2023-09-21 00:00:00-04:00,77.8243637084961
2023-09-22 00:00:00-04:00,77.64058685302734
2023-09-25 00:00:00-04:00,77.35041046142578
2023-09-26 00:00:00-04:00,76.36382293701172
2023-09-27 00:00:00-04:00,75.65774536132812
2023-09-28 00:00:00-04:00,76.11234283447266
2023-09-29 00:00:00-04:00,75.79315948486328
2023-10-02 00:00:00-04:00,75.22248077392578
2023-10-03 00:00:00-04:00,74.03277587890625
2023-10-04 00:00:00-04:00,73.77161407470703
2023-10-05 00:00:00-04:00,73.65554809570312
2023-10-06 00:00:00-04:00,73.62654113769531
2023-10-09 00:00:00-04:00,72.66896057128906
2023-10-10 00:00:00-04:00,73.68456268310547
2023-10-11 00:00:00-04:00,70.5023422241211
2023-10-12 00:00:00-04:00,68.95475006103516
2023-10-13 00:00:00-04:00,69.60279846191406
2023-10-16 00:00:00-04:00,69.3996810913086
2023-10-17 00:00:00-04:00,70.42495727539062
2023-10-18 00:00:00-04:00,70.31855773925781
2023-10-19 00:00:00-04:00,69.98002624511719
2023-10-20 00:00:00-04:00,70.31855773925781
2023-10-23 00:00:00-04:00,70.01872253417969
2023-10-24 00:00:00-04:00,69.60279846191406
2023-10-25 00:00:00-04:00,69.06114959716797
2023-10-26 00:00:00-04:00,68.06488037109375
2023-10-27 00:00:00-04:00,67.15567779541016
2023-10-30 00:00:00-04:00,67.67798614501953
2023-10-31 00:00:00-04:00,68.2486572265625
2023-11-01 00:00:00-04:00,68.52915954589844
2023-11-02 00:00:00-04:00,69.7285385131836
2023-11-03 00:00:00-04:00,70.18314361572266
2023-11-06 00:00:00-05:00,71.01496887207031
2023-11-07 00:00:00-05:00,70.10577392578125
2023-11-08 00:00:00-05:00,69.3609848022461
2023-11-09 00:00:00-05:00,67.79405975341797
2023-11-10 00:00:00-05:00,68.36473083496094
2023-11-13 00:00:00-05:00,69.7188720703125
2023-11-14 00:00:00-05:00,70.212158203125
2023-11-15 00:00:00-05:00,71.5953140258789
2023-11-16 00:00:00-05:00,72.4271469116211
2023-11-17 00:00:00-05:00,72.31108093261719
2023-11-20 00:00:00-05:00,72.69798278808594
2023-11-21 00:00:00-05:00,76.04463958740234
2023-11-22 00:00:00-05:00,75.80282592773438
2023-11-24 00:00:00-05:00,76.3831787109375
2023-11-27 00:00:00-05:00,76.41219329833984
2023-11-28 00:00:00-05:00,76.0542984008789
2023-11-29 00:00:00-05:00,76.27677917480469
2023-11-30 00:00:00-05:00,76.67333984375
2023-12-01 00:00:00-05:00,77.3697509765625
2023-12-04 00:00:00-05:00,77.14729309082031
2023-12-05 00:00:00-05:00,76.23808288574219
2023-12-06 00:00:00-05:00,76.45087432861328
2023-12-07 00:00:00-05:00,76.94417572021484
2023-12-08 00:00:00-05:00,76.75072479248047
2023-12-11 00:00:00-05:00,77.10859680175781
2023-12-12 00:00:00-05:00,77.4568099975586
2023-12-13 00:00:00-05:00,79.21720123291016
2023-12-14 00:00:00-05:00,80.69708251953125
2023-12-15 00:00:00-05:00,79.90393829345703
2023-12-18 00:00:00-05:00,80.33919525146484
2023-12-19 00:00:00-05:00,80.04658508300781
2023-12-20 00:00:00-05:00,78.62258911132812
2023-12-21 00:00:00-05:00,79.93930053710938
2023-12-22 00:00:00-05:00,79.90028381347656
2023-12-26 00:00:00-05:00,80.27091979980469
2023-12-27 00:00:00-05:00,80.3879623413086
2023-12-28 00:00:00-05:00,80.69032287597656
2023-12-29 00:00:00-05:00,80.34895324707031
2024-01-02 00:00:00-05:00,80.797607421875
2024-01-03 00:00:00-05:00,81.14872741699219
2024-01-04 00:00:00-05:00,81.8607406616211
2024-01-05 00:00:00-05:00,82.48495483398438
2024-01-08 00:00:00-05:00,84.4356460571289
2024-01-09 00:00:00-05:00,84.52342987060547
2024-01-10 00:00:00-05:00,84.93306732177734
2024-01-11 00:00:00-05:00,84.94281768798828
2024-01-12 00:00:00-05:00,85.26468658447266
2024-01-16 00:00:00-05:00,84.40638732910156
2024-01-17 00:00:00-05:00,83.928466796875
2024-01-18 00:00:00-05:00,84.16255187988281
2024-01-19 00:00:00-05:00,84.35761260986328
2024-01-22 00:00:00-05:00,84.3381118774414
2024-01-23 00:00:00-05:00,84.21131134033203
2024-01-24 00:00:00-05:00,82.63126373291016
2024-01-25 00:00:00-05:00,83.67487335205078
2024-01-26 00:00:00-05:00,84.40638732910156
2024-01-29 00:00:00-05:00,85.28419494628906
2024-01-30 00:00:00-05:00,84.8257827758789
2024-01-31 00:00:00-05:00,85.3817367553711
2024-02-01 00:00:00-05:00,85.91816711425781
2024-02-02 00:00:00-05:00,85.46951293945312
2024-02-05 00:00:00-05:00,84.6112060546875
2024-02-06 00:00:00-05:00,85.57679748535156
2024-02-07 00:00:00-05:00,85.0111083984375
2024-02-08 00:00:00-05:00,84.05526733398438
2024-02-09 00:00:00-05:00,82.89459991455078
2024-02-12 00:00:00-05:00,82.97262573242188
2024-02-13 00:00:00-05:00,81.52911376953125
2024-02-14 00:00:00-05:00,81.61689758300781
2024-02-15 00:00:00-05:00,82.63126373291016
2024-02-16 00:00:00-05:00,82.33866119384766
2024-02-20 00:00:00-05:00,83.7333984375
2024-02-21 00:00:00-05:00,83.78216552734375
2024-02-22 00:00:00-05:00,82.96287536621094
2024-02-23 00:00:00-05:00,83.55783081054688
2024-02-26 00:00:00-05:00,81.60714721679688
2024-02-27 00:00:00-05:00,81.77294921875
2024-02-28 00:00:00-05:00,81.3047866821289
2024-02-29 00:00:00-05:00,81.3047866821289
2024-03-01 00:00:00-05:00,81.53886413574219
2024-03-04 00:00:00-05:00,82.96287536621094
2024-03-05 00:00:00-05:00,82.51421356201172
2024-03-06 00:00:00-05:00,83.44078826904297
2024-03-07 00:00:00-05:00,83.05065155029297
2024-03-08 00:00:00-05:00,83.03114318847656
2024-03-11 00:00:00-04:00,83.39202880859375
2024-03-12 00:00:00-04:00,83.62611389160156
2024-03-13 00:00:00-04:00,82.98238372802734
2024-03-14 00:00:00-04:00,82.30939483642578
2024-03-15 00:00:00-04:00,81.50961303710938
2024-03-18 00:00:00-04:00,81.5973892211914
2024-03-19 00:00:00-04:00,82.03629302978516
2024-03-20 00:00:00-04:00,81.96802520751953
2024-03-21 00:00:00-04:00,82.02703094482422
2024-03-22 00:00:00-04:00,81.70249938964844
2024-03-25 00:00:00-04:00,81.85984802246094
2024-03-26 00:00:00-04:00,82.31221771240234
2024-03-27 00:00:00-04:00,85.47882843017578
2024-03-28 00:00:00-04:00,85.70501708984375
2024-04-01 00:00:00-04:00,85.5771713256836
2024-04-02 00:00:00-04:00,83.78734588623047
2024-04-03 00:00:00-04:00,83.59066009521484
2024-04-04 00:00:00-04:00,82.528564453125
2024-04-05 00:00:00-04:00,83.157958984375
2024-04-08 00:00:00-04:00,81.53531646728516
2024-04-09 00:00:00-04:00,82.41056060791016
2024-04-10 00:00:00-04:00,80.96493530273438
2024-04-11 00:00:00-04:00,80.80757904052734
2024-04-12 00:00:00-04:00,78.80140686035156
2024-04-15 00:00:00-04:00,78.8997573852539
2024-04-16 00:00:00-04:00,77.93599700927734
2024-04-17 00:00:00-04:00,77.7688217163086
2024-04-18 00:00:00-04:00,77.87699890136719
2024-04-19 00:00:00-04:00,78.16218566894531
2024-04-22 00:00:00-04:00,79.23411560058594
2024-04-23 00:00:00-04:00,79.94217681884766
2024-04-24 00:00:00-04:00,79.0472640991211
2024-04-25 00:00:00-04:00,77.93599700927734
2024-04-26 00:00:00-04:00,78.41787719726562
2024-04-29 00:00:00-04:00,79.51930236816406
2024-04-30 00:00:00-04:00,78.90958404541016
2024-05-01 00:00:00-04:00,79.54881286621094
2024-05-02 00:00:00-04:00,79.57830810546875
2024-05-03 00:00:00-04:00,80.33554077148438
2024-05-06 00:00:00-04:00,80.40438079833984
2024-05-07 00:00:00-04:00,80.54206848144531
2024-05-08 00:00:00-04:00,80.19786834716797
2024-05-09 00:00:00-04:00,81.38780975341797
2024-05-10 00:00:00-04:00,81.46646881103516
2024-05-13 00:00:00-04:00,82.13520050048828
2024-05-14 00:00:00-04:00,82.90227508544922
2024-05-15 00:00:00-04:00,83.3153076171875
2024-05-16 00:00:00-04:00,84.22005462646484
2024-05-17 00:00:00-04:00,84.49540710449219
2024-05-20 00:00:00-04:00,83.1087875366211
2024-05-21 00:00:00-04:00,83.75784301757812
2024-05-22 00:00:00-04:00,84.33806610107422
2024-05-23 00:00:00-04:00,80.03068542480469
2024-05-24 00:00:00-04:00,80.92559051513672
2024-05-28 00:00:00-04:00,80.6404037475586
2024-05-29 00:00:00-04:00,80.13886260986328
2024-05-30 00:00:00-04:00,79.26361846923828
2024-05-31 00:00:00-04:00,80.02085876464844
2024-06-03 00:00:00-04:00,80.75841522216797
2024-06-04 00:00:00-04:00,81.88934326171875
2024-06-05 00:00:00-04:00,80.94525909423828
2024-06-06 00:00:00-04:00,80.97476959228516
2024-06-07 00:00:00-04:00,82.67608642578125
2024-06-10 00:00:00-04:00,81.7614974975586
2024-06-11 00:00:00-04:00,80.59123229980469
2024-06-12 00:00:00-04:00,80.86659240722656
2024-06-13 00:00:00-04:00,80.30604553222656
2024-06-14 00:00:00-04:00,79.69631958007812
2024-06-17 00:00:00-04:00,78.6243896484375
2024-06-18 00:00:00-04:00,78.4277114868164
2024-06-20 00:00:00-04:00,78.84074401855469
2024-06-21 00:00:00-04:00,80.28636932373047
2024-06-24 00:00:00-04:00,79.69631958007812
2024-06-25 00:00:00-04:00,79.07677459716797
2024-06-26 00:00:00-04:00,78.72274017333984
2024-06-27 00:00:00-04:00,78.01467895507812
2024-06-28 00:00:00-04:00,78.09404754638672
2024-07-01 00:00:00-04:00,76.51649475097656
2024-07-02 00:00:00-04:00,76.76453399658203
2024-07-03 00:00:00-04:00,76.56609344482422
2024-07-05 00:00:00-04:00,77.00265502929688
2024-07-08 00:00:00-04:00,76.23867797851562
2024-07-09 00:00:00-04:00,76.27836608886719
2024-07-10 00:00:00-04:00,76.45695495605469
2024-07-11 00:00:00-04:00,77.45905303955078
2024-07-12 00:00:00-04:00,77.3399887084961
2024-07-15 00:00:00-04:00,76.476806640625
2024-07-16 00:00:00-04:00,77.48881530761719
2024-07-17 00:00:00-04:00,80.62409210205078
2024-07-18 00:00:00-04:00,80.57447814941406
2024-07-19 00:00:00-04:00,78.85802459716797
2024-07-22 00:00:00-04:00,78.67942810058594
2024-07-23 00:00:00-04:00,78.77864837646484
2024-07-24 00:00:00-04:00,79.34418487548828
2024-07-25 00:00:00-04:00,77.84600067138672
2024-07-26 00:00:00-04:00,78.08412170410156
2024-07-29 00:00:00-04:00,79.37394714355469
2024-07-30 00:00:00-04:00,80.1776123046875
2024-07-31 00:00:00-04:00,79.69144439697266
2024-08-01 00:00:00-04:00,79.86011505126953
2024-08-02 00:00:00-04:00,80.87213897705078
2024-08-05 00:00:00-04:00,79.70137023925781
2024-08-06 00:00:00-04:00,80.14784240722656
2024-08-07 00:00:00-04:00,80.45541381835938
2024-08-08 00:00:00-04:00,81.56665802001953
2024-08-09 00:00:00-04:00,81.39798736572266
2024-08-12 00:00:00-04:00,80.55464172363281
2024-08-13 00:00:00-04:00,81.62618255615234
2024-08-14 00:00:00-04:00,81.10033416748047
2024-08-15 00:00:00-04:00,82.99539184570312
2024-08-16 00:00:00-04:00,83.93795013427734
2024-08-19 00:00:00-04:00,84.15623474121094
2024-08-20 00:00:00-04:00,84.71184539794922
2024-08-21 00:00:00-04:00,86.85494995117188
2024-08-22 00:00:00-04:00,87.1426773071289
2024-08-23 00:00:00-04:00,87.65860748291016
2024-08-26 00:00:00-04:00,88.64085388183594
2024-08-27 00:00:00-04:00,88.10508728027344
2024-08-28 00:00:00-04:00,87.63876342773438
2024-08-29 00:00:00-04:00,87.49986267089844
2024-08-30 00:00:00-04:00,87.88681030273438
2024-09-03 00:00:00-04:00,88.26383209228516
2024-09-04 00:00:00-04:00,90.31763458251953
2024-09-05 00:00:00-04:00,88.69046783447266
2024-09-06 00:00:00-04:00,89.18655395507812
2024-09-09 00:00:00-04:00,89.91084289550781
2024-09-10 00:00:00-04:00,90.27794647216797
2024-09-11 00:00:00-04:00,89.64295196533203
2024-09-12 00:00:00-04:00,89.29569244384766
2024-09-13 00:00:00-04:00,89.29569244384766
2024-09-16 00:00:00-04:00,89.40483093261719
2024-09-17 00:00:00-04:00,87.93641662597656
2024-09-18 00:00:00-04:00,87.44032287597656
2024-09-19 00:00:00-04:00,88.76984405517578
2024-09-20 00:00:00-04:00,88.64085388183594
2024-09-23 00:00:00-04:00,89.15679168701172
2024-09-24 00:00:00-04:00,89.05757141113281
2024-09-25 00:00:00-04:00,88.69046783447266
2024-09-26 00:00:00-04:00,88.74999237060547
2024-09-27 00:00:00-04:00,89.31999969482422
2024-09-30 00:00:00-04:00,90.02999877929688
2024-10-01 00:00:00-04:00,90.0
2024-10-02 00:00:00-04:00,89.12000274658203
2024-10-03 00:00:00-04:00,87.7699966430664
2024-10-04 00:00:00-04:00,88.26000213623047
2024-10-07 00:00:00-04:00,87.04000091552734
2024-10-08 00:00:00-04:00,88.13999938964844
2024-10-09 00:00:00-04:00,88.3499984741211
2024-10-10 00:00:00-04:00,88.8499984741211
2024-10-11 00:00:00-04:00,89.36000061035156
2024-10-14 00:00:00-04:00,90.01000213623047
2024-10-15 00:00:00-04:00,89.83999633789062
2024-10-16 00:00:00-04:00,89.98999786376953
2024-10-17 00:00:00-04:00,89.79000091552734
2024-10-18 00:00:00-04:00,92.23999786376953
2024-10-21 00:00:00-04:00,91.02999877929688
2024-10-22 00:00:00-04:00,91.12000274658203
2024-10-23 00:00:00-04:00,92.2699966430664
2024-10-24 00:00:00-04:00,90.98999786376953
2024-10-25 00:00:00-04:00,90.58999633789062
2024-10-28 00:00:00-04:00,90.5999984741211
2024-10-29 00:00:00-04:00,90.31999969482422
2024-10-30 00:00:00-04:00,90.5
