Date,MSFT
2017-11-09 00:00:00-05:00,77.52088165283203
2017-11-10 00:00:00-05:00,77.31807708740234
2017-11-13 00:00:00-05:00,77.37339782714844
2017-11-14 00:00:00-05:00,77.4840087890625
2017-11-15 00:00:00-05:00,76.88178253173828
2017-11-16 00:00:00-05:00,77.08560180664062
2017-11-17 00:00:00-05:00,76.34440612792969
2017-11-20 00:00:00-05:00,76.46484375
2017-11-21 00:00:00-05:00,77.56741333007812
2017-11-22 00:00:00-05:00,77.00223541259766
2017-11-24 00:00:00-05:00,77.1412124633789
2017-11-27 00:00:00-05:00,77.70636749267578
2017-11-28 00:00:00-05:00,78.64215850830078
2017-11-29 00:00:00-05:00,77.21533966064453
2017-11-30 00:00:00-05:00,77.98432159423828
2017-12-01 00:00:00-05:00,78.06771850585938
2017-12-04 00:00:00-05:00,75.12142181396484
2017-12-05 00:00:00-05:00,75.59393310546875
2017-12-06 00:00:00-05:00,76.69648742675781
2017-12-07 00:00:00-05:00,76.42780303955078
2017-12-08 00:00:00-05:00,77.97505950927734
2017-12-11 00:00:00-05:00,78.96642303466797
2017-12-12 00:00:00-05:00,79.29071044921875
2017-12-13 00:00:00-05:00,79.07759094238281
2017-12-14 00:00:00-05:00,78.46609497070312
2017-12-15 00:00:00-05:00,80.4673843383789
2017-12-18 00:00:00-05:00,80.03192901611328
2017-12-19 00:00:00-05:00,79.52234649658203
2017-12-20 00:00:00-05:00,79.23509979248047
2017-12-21 00:00:00-05:00,79.21658325195312
2017-12-22 00:00:00-05:00,79.22586059570312
2017-12-26 00:00:00-05:00,79.12394714355469
2017-12-27 00:00:00-05:00,79.41114807128906
2017-12-28 00:00:00-05:00,79.42041778564453
2017-12-29 00:00:00-05:00,79.253662109375
2018-01-02 00:00:00-05:00,79.63351440429688
2018-01-03 00:00:00-05:00,80.0041275024414
2018-01-04 00:00:00-05:00,80.70828247070312
2018-01-05 00:00:00-05:00,81.70891571044922
2018-01-08 00:00:00-05:00,81.79229736328125
2018-01-09 00:00:00-05:00,81.73670196533203
2018-01-10 00:00:00-05:00,81.36610412597656
2018-01-11 00:00:00-05:00,81.60699462890625
2018-01-12 00:00:00-05:00,83.0152816772461
2018-01-16 00:00:00-05:00,81.85713958740234
2018-01-17 00:00:00-05:00,83.51559448242188
2018-01-18 00:00:00-05:00,83.4785385131836
2018-01-19 00:00:00-05:00,83.38587951660156
2018-01-22 00:00:00-05:00,84.8775634765625
2018-01-23 00:00:00-05:00,85.14624786376953
2018-01-24 00:00:00-05:00,85.0721206665039
2018-01-25 00:00:00-05:00,85.54466247558594
2018-01-26 00:00:00-05:00,87.14752960205078
2018-01-29 00:00:00-05:00,87.01778411865234
2018-01-30 00:00:00-05:00,85.92451477050781
2018-01-31 00:00:00-05:00,88.02770233154297
2018-02-01 00:00:00-05:00,87.33282470703125
2018-02-02 00:00:00-05:00,85.03504943847656
2018-02-05 00:00:00-05:00,81.53286743164062
2018-02-06 00:00:00-05:00,84.61814880371094
2018-02-07 00:00:00-05:00,83.0245361328125
2018-02-08 00:00:00-05:00,78.76261138916016
2018-02-09 00:00:00-05:00,81.69962310791016
2018-02-12 00:00:00-05:00,82.57979583740234
2018-02-13 00:00:00-05:00,83.22838592529297
2018-02-14 00:00:00-05:00,84.53157043457031
2018-02-15 00:00:00-05:00,86.25367736816406
2018-02-16 00:00:00-05:00,85.63931274414062
2018-02-20 00:00:00-05:00,86.3095474243164
2018-02-21 00:00:00-05:00,85.16459655761719
2018-02-22 00:00:00-05:00,85.38795471191406
2018-02-23 00:00:00-05:00,87.55687713623047
2018-02-26 00:00:00-05:00,88.8228530883789
2018-02-27 00:00:00-05:00,87.68721771240234
2018-02-28 00:00:00-05:00,87.28692626953125
2018-03-01 00:00:00-05:00,86.4305419921875
2018-03-02 00:00:00-05:00,86.61672973632812
2018-03-05 00:00:00-05:00,87.16590118408203
2018-03-06 00:00:00-05:00,86.86803436279297
2018-03-07 00:00:00-05:00,87.37069702148438
2018-03-08 00:00:00-05:00,87.90129852294922
2018-03-09 00:00:00-05:00,89.86542510986328
2018-03-12 00:00:00-04:00,90.07952117919922
2018-03-13 00:00:00-04:00,87.88267517089844
2018-03-14 00:00:00-04:00,87.36139678955078
2018-03-15 00:00:00-04:00,87.66858673095703
2018-03-16 00:00:00-04:00,88.0595474243164
2018-03-19 00:00:00-04:00,86.4677505493164
2018-03-20 00:00:00-04:00,86.69117736816406
2018-03-21 00:00:00-04:00,86.08613586425781
2018-03-22 00:00:00-04:00,83.58210754394531
2018-03-23 00:00:00-04:00,81.15255737304688
2018-03-26 00:00:00-04:00,87.29627227783203
2018-03-27 00:00:00-04:00,83.28421783447266
2018-03-28 00:00:00-04:00,83.20976257324219
2018-03-29 00:00:00-04:00,84.95979309082031
2018-04-02 00:00:00-04:00,82.39990234375
2018-04-03 00:00:00-04:00,83.5076675415039
2018-04-04 00:00:00-04:00,85.94649505615234
2018-04-05 00:00:00-04:00,85.9930419921875
2018-04-06 00:00:00-04:00,83.99169158935547
2018-04-09 00:00:00-04:00,84.49433135986328
2018-04-10 00:00:00-04:00,86.45846557617188
2018-04-11 00:00:00-04:00,85.50897979736328
2018-04-12 00:00:00-04:00,87.11006927490234
2018-04-13 00:00:00-04:00,86.64466094970703
2018-04-16 00:00:00-04:00,87.6592788696289
2018-04-17 00:00:00-04:00,89.42790985107422
2018-04-18 00:00:00-04:00,89.77233123779297
2018-04-19 00:00:00-04:00,89.46515655517578
2018-04-20 00:00:00-04:00,88.43190002441406
2018-04-23 00:00:00-04:00,88.7576904296875
2018-04-24 00:00:00-04:00,86.681884765625
2018-04-25 00:00:00-04:00,85.92787170410156
2018-04-26 00:00:00-04:00,87.74305725097656
2018-04-27 00:00:00-04:00,89.19519805908203
2018-04-30 00:00:00-04:00,87.05421447753906
2018-05-01 00:00:00-04:00,88.43190002441406
2018-05-02 00:00:00-04:00,87.04492950439453
2018-05-03 00:00:00-04:00,87.5661849975586
2018-05-04 00:00:00-04:00,88.58084869384766
2018-05-07 00:00:00-04:00,89.56754302978516
2018-05-08 00:00:00-04:00,89.18588256835938
2018-05-09 00:00:00-04:00,90.23777770996094
2018-05-10 00:00:00-04:00,91.14069366455078
2018-05-11 00:00:00-04:00,90.9452133178711
2018-05-14 00:00:00-04:00,91.25242614746094
2018-05-15 00:00:00-04:00,90.59150695800781
2018-05-16 00:00:00-04:00,90.8252182006836
2018-05-17 00:00:00-04:00,89.91835021972656
2018-05-18 00:00:00-04:00,90.08665466308594
2018-05-21 00:00:00-04:00,91.24592590332031
2018-05-22 00:00:00-04:00,91.15243530273438
2018-05-23 00:00:00-04:00,92.23690032958984
2018-05-24 00:00:00-04:00,91.90968322753906
2018-05-25 00:00:00-04:00,91.95643615722656
2018-05-29 00:00:00-04:00,91.62923431396484
2018-05-30 00:00:00-04:00,92.50801849365234
2018-05-31 00:00:00-04:00,92.40519714355469
2018-06-01 00:00:00-04:00,94.2282485961914
2018-06-04 00:00:00-04:00,95.05095672607422
2018-06-05 00:00:00-04:00,95.53712463378906
2018-06-06 00:00:00-04:00,95.81757354736328
2018-06-07 00:00:00-04:00,94.3123779296875
2018-06-08 00:00:00-04:00,95.01356506347656
2018-06-11 00:00:00-04:00,94.47132873535156
2018-06-12 00:00:00-04:00,94.71438598632812
2018-06-13 00:00:00-04:00,94.28433227539062
2018-06-14 00:00:00-04:00,94.81724548339844
2018-06-15 00:00:00-04:00,93.61119079589844
2018-06-18 00:00:00-04:00,94.293701171875
2018-06-19 00:00:00-04:00,94.293701171875
2018-06-20 00:00:00-04:00,95.23792266845703
2018-06-21 00:00:00-04:00,94.55547332763672
2018-06-22 00:00:00-04:00,93.87300872802734
2018-06-25 00:00:00-04:00,91.98448944091797
2018-06-26 00:00:00-04:00,92.62957763671875
2018-06-27 00:00:00-04:00,91.18983459472656
2018-06-28 00:00:00-04:00,92.20886993408203
2018-06-29 00:00:00-04:00,92.19017791748047
2018-07-02 00:00:00-04:00,93.49903869628906
2018-07-03 00:00:00-04:00,92.60150146484375
2018-07-05 00:00:00-04:00,93.26531219482422
2018-07-06 00:00:00-04:00,94.57416534423828
2018-07-09 00:00:00-04:00,95.21923065185547
2018-07-10 00:00:00-04:00,95.47164154052734
2018-07-11 00:00:00-04:00,95.34076690673828
2018-07-12 00:00:00-04:00,97.4068832397461
2018-07-13 00:00:00-04:00,98.56616973876953
2018-07-16 00:00:00-04:00,98.08002471923828
2018-07-17 00:00:00-04:00,99.05230712890625
2018-07-18 00:00:00-04:00,98.27635192871094
2018-07-19 00:00:00-04:00,97.60323333740234
2018-07-20 00:00:00-04:00,99.35147094726562
2018-07-23 00:00:00-04:00,100.94080352783203
2018-07-24 00:00:00-04:00,100.6510009765625
2018-07-25 00:00:00-04:00,103.61461639404297
2018-07-26 00:00:00-04:00,102.48339080810547
2018-07-27 00:00:00-04:00,100.66968536376953
2018-07-30 00:00:00-04:00,98.51006317138672
2018-07-31 00:00:00-04:00,99.1738510131836
2018-08-01 00:00:00-04:00,99.36083984375
2018-08-02 00:00:00-04:00,100.56683349609375
2018-08-03 00:00:00-04:00,101.0062484741211
2018-08-06 00:00:00-04:00,101.09037780761719
2018-08-07 00:00:00-04:00,101.79156494140625
2018-08-08 00:00:00-04:00,102.36186218261719
2018-08-09 00:00:00-04:00,102.53013610839844
2018-08-10 00:00:00-04:00,101.90376281738281
2018-08-13 00:00:00-04:00,101.16519927978516
2018-08-14 00:00:00-04:00,102.42729949951172
2018-08-15 00:00:00-04:00,101.03833770751953
2018-08-16 00:00:00-04:00,101.0195541381836
2018-08-17 00:00:00-04:00,100.96324157714844
2018-08-20 00:00:00-04:00,100.29690551757812
2018-08-21 00:00:00-04:00,99.46166229248047
2018-08-22 00:00:00-04:00,100.47520446777344
2018-08-23 00:00:00-04:00,100.94446563720703
2018-08-24 00:00:00-04:00,101.73279571533203
2018-08-27 00:00:00-04:00,102.8590087890625
2018-08-28 00:00:00-04:00,103.47840118408203
2018-08-29 00:00:00-04:00,105.13016510009766
2018-08-30 00:00:00-04:00,105.06444549560547
2018-08-31 00:00:00-04:00,105.42108154296875
2018-09-04 00:00:00-04:00,104.83921813964844
2018-09-05 00:00:00-04:00,101.81729125976562
2018-09-06 00:00:00-04:00,102.0519027709961
2018-09-07 00:00:00-04:00,101.55450439453125
2018-09-10 00:00:00-04:00,102.65251922607422
2018-09-11 00:00:00-04:00,104.39811706542969
2018-09-12 00:00:00-04:00,104.83921813964844
2018-09-13 00:00:00-04:00,105.96542358398438
2018-09-14 00:00:00-04:00,106.3971176147461
2018-09-17 00:00:00-04:00,105.24279022216797
2018-09-18 00:00:00-04:00,106.2469711303711
2018-09-19 00:00:00-04:00,104.82984924316406
2018-09-20 00:00:00-04:00,106.58482360839844
2018-09-21 00:00:00-04:00,107.23239135742188
2018-09-24 00:00:00-04:00,107.61717224121094
2018-09-25 00:00:00-04:00,107.41070556640625
2018-09-26 00:00:00-04:00,106.96959686279297
2018-09-27 00:00:00-04:00,107.3731918334961
2018-09-28 00:00:00-04:00,107.33560943603516
2018-10-01 00:00:00-04:00,108.49935913085938
2018-10-02 00:00:00-04:00,108.06764221191406
2018-10-03 00:00:00-04:00,108.08642578125
2018-10-04 00:00:00-04:00,105.85281372070312
2018-10-05 00:00:00-04:00,105.23340606689453
2018-10-08 00:00:00-04:00,104.0321044921875
2018-10-09 00:00:00-04:00,105.35539245605469
2018-10-10 00:00:00-04:00,99.63056182861328
2018-10-11 00:00:00-04:00,99.39596557617188
2018-10-12 00:00:00-04:00,102.83084869384766
2018-10-15 00:00:00-04:00,100.98201751708984
2018-10-16 00:00:00-04:00,104.17291259765625
2018-10-17 00:00:00-04:00,103.9007339477539
2018-10-18 00:00:00-04:00,101.8266372680664
2018-10-19 00:00:00-04:00,101.97681427001953
2018-10-22 00:00:00-04:00,102.88716888427734
2018-10-23 00:00:00-04:00,101.45126342773438
2018-10-24 00:00:00-04:00,96.02677917480469
2018-10-25 00:00:00-04:00,101.63896942138672
2018-10-26 00:00:00-04:00,100.38139343261719
2018-10-29 00:00:00-04:00,97.46266174316406
2018-10-30 00:00:00-04:00,97.35005187988281
2018-10-31 00:00:00-04:00,100.2406005859375
2018-11-01 00:00:00-04:00,99.40533447265625
2018-11-02 00:00:00-04:00,99.63056182861328
2018-11-05 00:00:00-05:00,100.8975601196289
2018-11-06 00:00:00-05:00,101.09465026855469
2018-11-07 00:00:00-05:00,105.07383728027344
2018-11-08 00:00:00-05:00,104.87676239013672
2018-11-09 00:00:00-05:00,102.83084869384766
2018-11-12 00:00:00-05:00,100.29690551757812
2018-11-13 00:00:00-05:00,100.36260986328125
2018-11-14 00:00:00-05:00,98.93934631347656
2018-11-15 00:00:00-05:00,101.11664581298828
2018-11-16 00:00:00-05:00,102.06861877441406
2018-11-19 00:00:00-05:00,98.6094741821289
2018-11-20 00:00:00-05:00,95.86664581298828
2018-11-21 00:00:00-05:00,97.18621826171875
2018-11-23 00:00:00-05:00,97.14851379394531
2018-11-26 00:00:00-05:00,100.35318756103516
2018-11-27 00:00:00-05:00,100.98470306396484
2018-11-28 00:00:00-05:00,104.73602294921875
2018-11-29 00:00:00-05:00,103.85945129394531
2018-11-30 00:00:00-05:00,104.51924133300781
2018-12-03 00:00:00-05:00,105.65029907226562
2018-12-04 00:00:00-05:00,102.28541564941406
2018-12-06 00:00:00-05:00,102.91693115234375
2018-12-07 00:00:00-05:00,98.79798889160156
2018-12-10 00:00:00-05:00,101.4088363647461
2018-12-11 00:00:00-05:00,102.35139465332031
2018-12-12 00:00:00-05:00,102.81324005126953
2018-12-13 00:00:00-05:00,103.1619873046875
2018-12-14 00:00:00-05:00,99.93846893310547
2018-12-17 00:00:00-05:00,96.9788818359375
2018-12-18 00:00:00-05:00,97.99681854248047
2018-12-19 00:00:00-05:00,97.73289489746094
2018-12-20 00:00:00-05:00,95.67813873291016
2018-12-21 00:00:00-05:00,92.5865707397461
2018-12-24 00:00:00-05:00,88.72212982177734
2018-12-26 00:00:00-05:00,94.7826919555664
2018-12-27 00:00:00-05:00,95.36711120605469
2018-12-28 00:00:00-05:00,94.62247467041016
2018-12-31 00:00:00-05:00,95.73468780517578
2019-01-02 00:00:00-05:00,95.31053924560547
2019-01-03 00:00:00-05:00,91.80427551269531
2019-01-04 00:00:00-05:00,96.07401275634766
2019-01-07 00:00:00-05:00,96.196533203125
2019-01-08 00:00:00-05:00,96.89403533935547
2019-01-09 00:00:00-05:00,98.27957153320312
2019-01-10 00:00:00-05:00,97.6480712890625
2019-01-11 00:00:00-05:00,96.89403533935547
2019-01-14 00:00:00-05:00,96.1871109008789
2019-01-15 00:00:00-05:00,98.97705078125
2019-01-16 00:00:00-05:00,99.32579040527344
2019-01-17 00:00:00-05:00,100.0232925415039
2019-01-18 00:00:00-05:00,101.5219497680664
2019-01-22 00:00:00-05:00,99.60857391357422
2019-01-23 00:00:00-05:00,100.57939910888672
2019-01-24 00:00:00-05:00,100.09867858886719
2019-01-25 00:00:00-05:00,101.01297760009766
2019-01-28 00:00:00-05:00,99.04303741455078
2019-01-29 00:00:00-05:00,97.02597045898438
2019-01-30 00:00:00-05:00,100.26834106445312
2019-01-31 00:00:00-05:00,98.43037414550781
2019-02-01 00:00:00-05:00,96.87516784667969
2019-02-04 00:00:00-05:00,99.66511535644531
2019-02-05 00:00:00-05:00,101.06010437011719
2019-02-06 00:00:00-05:00,99.93846893310547
2019-02-07 00:00:00-05:00,99.22212219238281
2019-02-08 00:00:00-05:00,99.59913635253906
2019-02-11 00:00:00-05:00,99.20327758789062
2019-02-12 00:00:00-05:00,100.74906158447266
2019-02-13 00:00:00-05:00,100.67364501953125
2019-02-14 00:00:00-05:00,100.75849914550781
2019-02-15 00:00:00-05:00,102.00262451171875
2019-02-19 00:00:00-05:00,101.95551300048828
2019-02-20 00:00:00-05:00,101.4254379272461
2019-02-21 00:00:00-05:00,103.56468963623047
2019-02-22 00:00:00-05:00,105.04132843017578
2019-02-25 00:00:00-05:00,105.62822723388672
2019-02-26 00:00:00-05:00,106.35706329345703
2019-02-27 00:00:00-05:00,106.17723083496094
2019-02-28 00:00:00-05:00,106.04470825195312
2019-03-01 00:00:00-05:00,106.51797485351562
2019-03-04 00:00:00-05:00,106.26242065429688
2019-03-05 00:00:00-05:00,105.73233032226562
2019-03-06 00:00:00-05:00,105.77967834472656
2019-03-07 00:00:00-05:00,104.49234008789062
2019-03-08 00:00:00-05:00,104.60591888427734
2019-03-11 00:00:00-04:00,106.80197143554688
2019-03-12 00:00:00-04:00,107.5497817993164
2019-03-13 00:00:00-04:00,108.38276672363281
2019-03-14 00:00:00-04:00,108.46794128417969
2019-03-15 00:00:00-04:00,109.7174072265625
2019-03-18 00:00:00-04:00,111.28874206542969
2019-03-19 00:00:00-04:00,111.36447143554688
2019-03-20 00:00:00-04:00,111.24140167236328
2019-03-21 00:00:00-04:00,113.7971420288086
2019-03-22 00:00:00-04:00,110.79649353027344
2019-03-25 00:00:00-04:00,111.37391662597656
2019-03-26 00:00:00-04:00,111.6105728149414
2019-03-27 00:00:00-04:00,110.53146362304688
2019-03-28 00:00:00-04:00,110.68292999267578
2019-03-29 00:00:00-04:00,111.63899230957031
2019-04-01 00:00:00-04:00,112.66127014160156
2019-04-02 00:00:00-04:00,112.82218933105469
2019-04-03 00:00:00-04:00,113.56050872802734
2019-04-04 00:00:00-04:00,112.98310852050781
2019-04-05 00:00:00-04:00,113.48478698730469
2019-04-08 00:00:00-04:00,113.52265167236328
2019-04-09 00:00:00-04:00,112.90736389160156
2019-04-10 00:00:00-04:00,113.76874542236328
2019-04-11 00:00:00-04:00,113.90128326416016
2019-04-12 00:00:00-04:00,114.48815155029297
2019-04-15 00:00:00-04:00,114.58283233642578
2019-04-16 00:00:00-04:00,114.31776428222656
2019-04-17 00:00:00-04:00,115.26435089111328
2019-04-18 00:00:00-04:00,116.77886199951172
2019-04-22 00:00:00-04:00,117.14802551269531
2019-04-23 00:00:00-04:00,118.73828125
2019-04-24 00:00:00-04:00,118.33123779296875
2019-04-25 00:00:00-04:00,122.25005340576172
2019-04-26 00:00:00-04:00,122.95052337646484
2019-04-29 00:00:00-04:00,122.83694458007812
2019-04-30 00:00:00-04:00,123.62260437011719
2019-05-01 00:00:00-04:00,121.04792022705078
2019-05-02 00:00:00-04:00,119.46713256835938
2019-05-03 00:00:00-04:00,122.01339721679688
2019-05-06 00:00:00-04:00,121.3034896850586
2019-05-07 00:00:00-04:00,118.81399536132812
2019-05-08 00:00:00-04:00,118.80451965332031
2019-05-09 00:00:00-04:00,118.79505920410156
2019-05-10 00:00:00-04:00,120.33796691894531
2019-05-13 00:00:00-04:00,116.75994110107422
2019-05-14 00:00:00-04:00,118.06620788574219
2019-05-15 00:00:00-04:00,119.72884368896484
2019-05-16 00:00:00-04:00,122.49356079101562
2019-05-17 00:00:00-04:00,121.676513671875
2019-05-20 00:00:00-04:00,119.9188461303711
2019-05-21 00:00:00-04:00,120.5649185180664
2019-05-22 00:00:00-04:00,121.29647064208984
2019-05-23 00:00:00-04:00,119.880859375
2019-05-24 00:00:00-04:00,119.9378662109375
2019-05-28 00:00:00-04:00,119.86184692382812
2019-05-29 00:00:00-04:00,118.7027587890625
2019-05-30 00:00:00-04:00,119.45333099365234
2019-05-31 00:00:00-04:00,117.50566101074219
2019-06-03 00:00:00-04:00,113.85737609863281
2019-06-04 00:00:00-04:00,117.01161193847656
2019-06-05 00:00:00-04:00,119.5483169555664
2019-06-06 00:00:00-04:00,121.43899536132812
2019-06-07 00:00:00-04:00,124.84027099609375
2019-06-10 00:00:00-04:00,125.9803466796875
2019-06-11 00:00:00-04:00,125.50533294677734
2019-06-12 00:00:00-04:00,124.92578887939453
2019-06-13 00:00:00-04:00,125.7143325805664
2019-06-14 00:00:00-04:00,125.83785247802734
2019-06-17 00:00:00-04:00,126.21788787841797
2019-06-18 00:00:00-04:00,128.41256713867188
2019-06-19 00:00:00-04:00,128.9161376953125
2019-06-20 00:00:00-04:00,130.11318969726562
2019-06-21 00:00:00-04:00,130.13217163085938
2019-06-24 00:00:00-04:00,130.90174865722656
2019-06-25 00:00:00-04:00,126.76890563964844
2019-06-26 00:00:00-04:00,127.24394989013672
2019-06-27 00:00:00-04:00,127.45294189453125
2019-06-28 00:00:00-04:00,127.27247619628906
2019-07-01 00:00:00-04:00,128.9065704345703
2019-07-02 00:00:00-04:00,129.76165771484375
2019-07-03 00:00:00-04:00,130.5977325439453
2019-07-05 00:00:00-04:00,130.21771240234375
2019-07-08 00:00:00-04:00,130.12269592285156
2019-07-09 00:00:00-04:00,129.6476287841797
2019-07-10 00:00:00-04:00,130.96829223632812
2019-07-11 00:00:00-04:00,131.4907684326172
2019-07-12 00:00:00-04:00,131.9658203125
2019-07-15 00:00:00-04:00,131.9658203125
2019-07-16 00:00:00-04:00,130.23670959472656
2019-07-17 00:00:00-04:00,129.46713256835938
2019-07-18 00:00:00-04:00,129.6096649169922
2019-07-19 00:00:00-04:00,129.79965209960938
2019-07-22 00:00:00-04:00,131.51934814453125
2019-07-23 00:00:00-04:00,132.3363494873047
2019-07-24 00:00:00-04:00,133.69497680664062
2019-07-25 00:00:00-04:00,133.19140625
2019-07-26 00:00:00-04:00,134.2840118408203
2019-07-29 00:00:00-04:00,133.98953247070312
2019-07-30 00:00:00-04:00,133.3434295654297
2019-07-31 00:00:00-04:00,129.46713256835938
2019-08-01 00:00:00-04:00,131.16775512695312
2019-08-02 00:00:00-04:00,130.06568908691406
2019-08-05 00:00:00-04:00,125.6098403930664
2019-08-06 00:00:00-04:00,127.96599578857422
2019-08-07 00:00:00-04:00,128.52655029296875
2019-08-08 00:00:00-04:00,131.95632934570312
2019-08-09 00:00:00-04:00,130.83526611328125
2019-08-12 00:00:00-04:00,129.01109313964844
2019-08-13 00:00:00-04:00,131.68084716796875
2019-08-14 00:00:00-04:00,127.7153549194336
2019-08-15 00:00:00-04:00,127.42938232421875
2019-08-16 00:00:00-04:00,129.76480102539062
2019-08-19 00:00:00-04:00,131.93821716308594
2019-08-20 00:00:00-04:00,130.84197998046875
2019-08-21 00:00:00-04:00,132.30043029785156
2019-08-22 00:00:00-04:00,131.337646484375
2019-08-23 00:00:00-04:00,127.15290069580078
2019-08-26 00:00:00-04:00,129.11659240722656
2019-08-27 00:00:00-04:00,129.39306640625
2019-08-28 00:00:00-04:00,129.221435546875
2019-08-29 00:00:00-04:00,131.66177368164062
2019-08-30 00:00:00-04:00,131.41390991210938
2019-09-03 00:00:00-04:00,129.67901611328125
2019-09-04 00:00:00-04:00,131.19467163085938
2019-09-05 00:00:00-04:00,133.5015106201172
2019-09-06 00:00:00-04:00,132.59593200683594
2019-09-09 00:00:00-04:00,131.08982849121094
2019-09-10 00:00:00-04:00,129.71714782714844
2019-09-11 00:00:00-04:00,129.75527954101562
2019-09-12 00:00:00-04:00,131.08982849121094
2019-09-13 00:00:00-04:00,130.89918518066406
2019-09-16 00:00:00-04:00,129.95547485351562
2019-09-17 00:00:00-04:00,130.9658966064453
2019-09-18 00:00:00-04:00,132.0430450439453
2019-09-19 00:00:00-04:00,134.4738311767578
2019-09-20 00:00:00-04:00,132.92005920410156
2019-09-23 00:00:00-04:00,132.63406372070312
2019-09-24 00:00:00-04:00,130.9563751220703
2019-09-25 00:00:00-04:00,132.84376525878906
2019-09-26 00:00:00-04:00,133.01536560058594
2019-09-27 00:00:00-04:00,131.29000854492188
2019-09-30 00:00:00-04:00,132.5292205810547
2019-10-01 00:00:00-04:00,130.66085815429688
2019-10-02 00:00:00-04:00,128.35401916503906
2019-10-03 00:00:00-04:00,129.90780639648438
2019-10-04 00:00:00-04:00,131.66177368164062
2019-10-07 00:00:00-04:00,130.70851135253906
2019-10-08 00:00:00-04:00,129.32630920410156
2019-10-09 00:00:00-04:00,131.77615356445312
2019-10-10 00:00:00-04:00,132.59593200683594
2019-10-11 00:00:00-04:00,133.1488494873047
2019-10-14 00:00:00-04:00,133.02488708496094
2019-10-15 00:00:00-04:00,134.95042419433594
2019-10-16 00:00:00-04:00,133.84466552734375
2019-10-17 00:00:00-04:00,133.15834045410156
2019-10-18 00:00:00-04:00,130.98497009277344
2019-10-21 00:00:00-04:00,131.95729064941406
2019-10-22 00:00:00-04:00,129.9935760498047
2019-10-23 00:00:00-04:00,130.82290649414062
2019-10-24 00:00:00-04:00,133.39663696289062
2019-10-25 00:00:00-04:00,134.1497039794922
2019-10-28 00:00:00-04:00,137.4479217529297
2019-10-29 00:00:00-04:00,136.15155029296875
2019-10-30 00:00:00-04:00,137.8482666015625
2019-10-31 00:00:00-04:00,136.66629028320312
2019-11-01 00:00:00-04:00,136.9998779296875
2019-11-04 00:00:00-05:00,137.79110717773438
2019-11-05 00:00:00-05:00,137.705322265625
2019-11-06 00:00:00-05:00,137.32398986816406
2019-11-07 00:00:00-05:00,137.51461791992188
2019-11-08 00:00:00-05:00,139.1351776123047
2019-11-11 00:00:00-05:00,139.2781982421875
2019-11-12 00:00:00-05:00,140.19326782226562
2019-11-13 00:00:00-05:00,140.42202758789062
2019-11-14 00:00:00-05:00,141.13699340820312
2019-11-15 00:00:00-05:00,142.9576873779297
2019-11-18 00:00:00-05:00,143.3103485107422
2019-11-19 00:00:00-05:00,143.35806274414062
2019-11-20 00:00:00-05:00,143.10934448242188
2019-11-21 00:00:00-05:00,142.97543334960938
2019-11-22 00:00:00-05:00,143.08065795898438
2019-11-25 00:00:00-05:00,144.64927673339844
2019-11-26 00:00:00-05:00,145.4144744873047
2019-11-27 00:00:00-05:00,145.69186401367188
2019-11-29 00:00:00-05:00,144.7927703857422
2019-12-02 00:00:00-05:00,143.0424041748047
2019-12-03 00:00:00-05:00,142.8128204345703
2019-12-04 00:00:00-05:00,143.32936096191406
2019-12-05 00:00:00-05:00,143.40585327148438
2019-12-06 00:00:00-05:00,145.1466827392578
2019-12-09 00:00:00-05:00,144.7736358642578
2019-12-10 00:00:00-05:00,144.5536346435547
2019-12-11 00:00:00-05:00,145.09884643554688
2019-12-12 00:00:00-05:00,146.57183837890625
2019-12-13 00:00:00-05:00,147.80569458007812
2019-12-16 00:00:00-05:00,148.76217651367188
2019-12-17 00:00:00-05:00,147.95872497558594
2019-12-18 00:00:00-05:00,147.6527099609375
2019-12-19 00:00:00-05:00,148.9343719482422
2019-12-20 00:00:00-05:00,150.56039428710938
2019-12-23 00:00:00-05:00,150.56039428710938
2019-12-24 00:00:00-05:00,150.5316619873047
2019-12-26 00:00:00-05:00,151.7655487060547
2019-12-27 00:00:00-05:00,152.0429229736328
2019-12-30 00:00:00-05:00,150.73255920410156
2019-12-31 00:00:00-05:00,150.8377685546875
2020-01-02 00:00:00-05:00,153.63070678710938
2020-01-03 00:00:00-05:00,151.71771240234375
2020-01-06 00:00:00-05:00,152.1099090576172
2020-01-07 00:00:00-05:00,150.72299194335938
2020-01-08 00:00:00-05:00,153.123779296875
2020-01-09 00:00:00-05:00,155.03672790527344
2020-01-10 00:00:00-05:00,154.3193817138672
2020-01-13 00:00:00-05:00,156.17494201660156
2020-01-14 00:00:00-05:00,155.0749969482422
2020-01-15 00:00:00-05:00,156.07928466796875
2020-01-16 00:00:00-05:00,158.939208984375
2020-01-17 00:00:00-05:00,159.82875061035156
2020-01-21 00:00:00-05:00,159.25482177734375
2020-01-22 00:00:00-05:00,158.4896697998047
2020-01-23 00:00:00-05:00,159.4652557373047
2020-01-24 00:00:00-05:00,157.85838317871094
2020-01-27 00:00:00-05:00,155.21844482421875
2020-01-28 00:00:00-05:00,158.26010131835938
2020-01-29 00:00:00-05:00,160.7278289794922
2020-01-30 00:00:00-05:00,165.2615509033203
2020-01-31 00:00:00-05:00,162.82247924804688
2020-02-03 00:00:00-05:00,166.7919464111328
2020-02-04 00:00:00-05:00,172.28216552734375
2020-02-05 00:00:00-05:00,172.07177734375
2020-02-06 00:00:00-05:00,175.63943481445312
2020-02-07 00:00:00-05:00,175.88809204101562
2020-02-10 00:00:00-05:00,180.48878479003906
2020-02-11 00:00:00-05:00,176.41419982910156
2020-02-12 00:00:00-05:00,176.67242431640625
2020-02-13 00:00:00-05:00,175.71597290039062
2020-02-14 00:00:00-05:00,177.28456115722656
2020-02-18 00:00:00-05:00,179.082763671875
2020-02-19 00:00:00-05:00,179.619873046875
2020-02-20 00:00:00-05:00,176.8768310546875
2020-02-21 00:00:00-05:00,171.28530883789062
2020-02-24 00:00:00-05:00,163.9002685546875
2020-02-25 00:00:00-05:00,161.19561767578125
2020-02-26 00:00:00-05:00,163.20968627929688
2020-02-27 00:00:00-05:00,151.71009826660156
2020-02-28 00:00:00-05:00,155.38343811035156
2020-03-02 00:00:00-05:00,165.7225341796875
2020-03-03 00:00:00-05:00,157.78121948242188
2020-03-04 00:00:00-05:00,163.5741424560547
2020-03-05 00:00:00-05:00,159.46922302246094
2020-03-06 00:00:00-05:00,154.96145629882812
2020-03-09 00:00:00-04:00,144.45933532714844
2020-03-10 00:00:00-04:00,154.3380584716797
2020-03-11 00:00:00-04:00,147.34620666503906
2020-03-12 00:00:00-04:00,133.37216186523438
2020-03-13 00:00:00-04:00,152.33349609375
2020-03-16 00:00:00-04:00,129.8810577392578
2020-03-17 00:00:00-04:00,140.5749969482422
2020-03-18 00:00:00-04:00,134.6573486328125
2020-03-19 00:00:00-04:00,136.87289428710938
2020-03-20 00:00:00-04:00,131.7321319580078
2020-03-23 00:00:00-04:00,130.4181365966797
2020-03-24 00:00:00-04:00,142.27261352539062
2020-03-25 00:00:00-04:00,140.9106903076172
2020-03-26 00:00:00-04:00,149.7248077392578
2020-03-27 00:00:00-04:00,143.57696533203125
2020-03-30 00:00:00-04:00,153.67626953125
2020-03-31 00:00:00-04:00,151.2593536376953
2020-04-01 00:00:00-04:00,145.88839721679688
2020-04-02 00:00:00-04:00,148.9095458984375
2020-04-03 00:00:00-04:00,147.5380401611328
2020-04-06 00:00:00-04:00,158.51014709472656
2020-04-07 00:00:00-04:00,156.80291748046875
2020-04-08 00:00:00-04:00,158.37586975097656
2020-04-09 00:00:00-04:00,158.38540649414062
2020-04-13 00:00:00-04:00,158.7403106689453
2020-04-14 00:00:00-04:00,166.59535217285156
2020-04-15 00:00:00-04:00,164.84974670410156
2020-04-16 00:00:00-04:00,169.79872131347656
2020-04-17 00:00:00-04:00,171.294921875
2020-04-20 00:00:00-04:00,167.8997039794922
2020-04-21 00:00:00-04:00,160.95584106445312
2020-04-22 00:00:00-04:00,166.42263793945312
2020-04-23 00:00:00-04:00,164.4085693359375
2020-04-24 00:00:00-04:00,167.4105224609375
2020-04-27 00:00:00-04:00,166.93099975585938
2020-04-28 00:00:00-04:00,162.86441040039062
2020-04-29 00:00:00-04:00,170.1727294921875
2020-04-30 00:00:00-04:00,171.87997436523438
2020-05-01 00:00:00-04:00,167.4297637939453
2020-05-04 00:00:00-04:00,171.52505493164062
2020-05-05 00:00:00-04:00,173.3665313720703
2020-05-06 00:00:00-04:00,175.07379150390625
2020-05-07 00:00:00-04:00,176.09039306640625
2020-05-08 00:00:00-04:00,177.12619018554688
2020-05-11 00:00:00-04:00,179.10198974609375
2020-05-12 00:00:00-04:00,175.04498291015625
2020-05-13 00:00:00-04:00,172.39784240722656
2020-05-14 00:00:00-04:00,173.1459503173828
2020-05-15 00:00:00-04:00,175.6683807373047
2020-05-18 00:00:00-04:00,177.34681701660156
2020-05-19 00:00:00-04:00,176.11917114257812
2020-05-20 00:00:00-04:00,178.56207275390625
2020-05-21 00:00:00-04:00,176.4173126220703
2020-05-22 00:00:00-04:00,176.49424743652344
2020-05-26 00:00:00-04:00,174.62844848632812
2020-05-27 00:00:00-04:00,174.85923767089844
2020-05-28 00:00:00-04:00,174.46493530273438
2020-05-29 00:00:00-04:00,176.2441864013672
2020-06-01 00:00:00-04:00,175.8402557373047
2020-06-02 00:00:00-04:00,177.84072875976562
2020-06-03 00:00:00-04:00,178.27354431152344
2020-06-04 00:00:00-04:00,175.9268035888672
2020-06-05 00:00:00-04:00,180.04318237304688
2020-06-08 00:00:00-04:00,181.1588592529297
2020-06-09 00:00:00-04:00,182.5437469482422
2020-06-10 00:00:00-04:00,189.3146514892578
2020-06-11 00:00:00-04:00,179.14874267578125
2020-06-12 00:00:00-04:00,180.5625457763672
2020-06-15 00:00:00-04:00,181.71665954589844
2020-06-16 00:00:00-04:00,186.16964721679688
2020-06-17 00:00:00-04:00,186.81402587890625
2020-06-18 00:00:00-04:00,188.81454467773438
2020-06-19 00:00:00-04:00,187.68923950195312
2020-06-22 00:00:00-04:00,192.9020233154297
2020-06-23 00:00:00-04:00,194.19082641601562
2020-06-24 00:00:00-04:00,190.2764129638672
2020-06-25 00:00:00-04:00,192.68081665039062
2020-06-26 00:00:00-04:00,188.82412719726562
2020-06-29 00:00:00-04:00,190.85345458984375
2020-06-30 00:00:00-04:00,195.72964477539062
2020-07-01 00:00:00-04:00,196.87416076660156
2020-07-02 00:00:00-04:00,198.37448120117188
2020-07-06 00:00:00-04:00,202.64474487304688
2020-07-07 00:00:00-04:00,200.2884063720703
2020-07-08 00:00:00-04:00,204.69334411621094
2020-07-09 00:00:00-04:00,206.12635803222656
2020-07-10 00:00:00-04:00,205.50123596191406
2020-07-13 00:00:00-04:00,199.15354919433594
2020-07-14 00:00:00-04:00,200.38462829589844
2020-07-15 00:00:00-04:00,200.08645629882812
2020-07-16 00:00:00-04:00,196.12396240234375
2020-07-17 00:00:00-04:00,195.1237335205078
2020-07-20 00:00:00-04:00,203.51036071777344
2020-07-21 00:00:00-04:00,200.76931762695312
2020-07-22 00:00:00-04:00,203.65460205078125
2020-07-23 00:00:00-04:00,194.79672241210938
2020-07-24 00:00:00-04:00,193.60415649414062
2020-07-27 00:00:00-04:00,196.05661010742188
2020-07-28 00:00:00-04:00,194.29661560058594
2020-07-29 00:00:00-04:00,196.25863647460938
2020-07-30 00:00:00-04:00,196.10472106933594
2020-07-31 00:00:00-04:00,197.17233276367188
2020-08-03 00:00:00-04:00,208.26145935058594
2020-08-04 00:00:00-04:00,205.13571166992188
2020-08-05 00:00:00-04:00,204.7991180419922
2020-08-06 00:00:00-04:00,208.07876586914062
2020-08-07 00:00:00-04:00,204.35671997070312
2020-08-10 00:00:00-04:00,200.2884063720703
2020-08-11 00:00:00-04:00,195.6046142578125
2020-08-12 00:00:00-04:00,201.1925048828125
2020-08-13 00:00:00-04:00,200.72120666503906
2020-08-14 00:00:00-04:00,200.91357421875
2020-08-17 00:00:00-04:00,202.24081420898438
2020-08-18 00:00:00-04:00,203.40455627441406
2020-08-19 00:00:00-04:00,202.17050170898438
2020-08-20 00:00:00-04:00,206.87530517578125
2020-08-21 00:00:00-04:00,205.37132263183594
2020-08-24 00:00:00-04:00,206.01727294921875
2020-08-25 00:00:00-04:00,208.69741821289062
2020-08-26 00:00:00-04:00,213.20938110351562
2020-08-27 00:00:00-04:00,218.44442749023438
2020-08-28 00:00:00-04:00,220.69081115722656
2020-08-31 00:00:00-04:00,217.43212890625
2020-09-01 00:00:00-04:00,219.10964965820312
2020-09-02 00:00:00-04:00,223.33241271972656
2020-09-03 00:00:00-04:00,209.4976348876953
2020-09-04 00:00:00-04:00,206.55712890625
2020-09-08 00:00:00-04:00,195.38333129882812
2020-09-09 00:00:00-04:00,203.70339965820312
2020-09-10 00:00:00-04:00,197.99598693847656
2020-09-11 00:00:00-04:00,196.70413208007812
2020-09-14 00:00:00-04:00,198.03457641601562
2020-09-15 00:00:00-04:00,201.28355407714844
2020-09-16 00:00:00-04:00,197.68748474121094
2020-09-17 00:00:00-04:00,195.6243438720703
2020-09-18 00:00:00-04:00,193.19480895996094
2020-09-21 00:00:00-04:00,195.26760864257812
2020-09-22 00:00:00-04:00,199.97239685058594
2020-09-23 00:00:00-04:00,193.38758850097656
2020-09-24 00:00:00-04:00,195.89425659179688
2020-09-25 00:00:00-04:00,200.35804748535156
2020-09-28 00:00:00-04:00,201.91983032226562
2020-09-29 00:00:00-04:00,199.818115234375
2020-09-30 00:00:00-04:00,202.77789306640625
2020-10-01 00:00:00-04:00,204.83143615722656
2020-10-02 00:00:00-04:00,198.7865447998047
2020-10-05 00:00:00-04:00,202.82608032226562
2020-10-06 00:00:00-04:00,198.51661682128906
2020-10-07 00:00:00-04:00,202.29586791992188
2020-10-08 00:00:00-04:00,203.01893615722656
2020-10-09 00:00:00-04:00,208.06112670898438
2020-10-12 00:00:00-04:00,213.45042419433594
2020-10-13 00:00:00-04:00,214.8579864501953
2020-10-14 00:00:00-04:00,212.92979431152344
2020-10-15 00:00:00-04:00,211.77288818359375
2020-10-16 00:00:00-04:00,211.77288818359375
2020-10-19 00:00:00-04:00,206.52822875976562
2020-10-20 00:00:00-04:00,206.94277954101562
2020-10-21 00:00:00-04:00,207.08740234375
2020-10-22 00:00:00-04:00,207.1741485595703
2020-10-23 00:00:00-04:00,208.466064453125
2020-10-26 00:00:00-04:00,202.53688049316406
2020-10-27 00:00:00-04:00,205.59303283691406
2020-10-28 00:00:00-04:00,195.40255737304688
2020-10-29 00:00:00-04:00,197.3693389892578
2020-10-30 00:00:00-04:00,195.2001190185547
2020-11-02 00:00:00-05:00,195.0651397705078
2020-11-03 00:00:00-05:00,199.0179443359375
2020-11-04 00:00:00-05:00,208.62033081054688
2020-11-05 00:00:00-05:00,215.27256774902344
2020-11-06 00:00:00-05:00,215.68710327148438
2020-11-09 00:00:00-05:00,210.54852294921875
2020-11-10 00:00:00-05:00,203.43345642089844
2020-11-11 00:00:00-05:00,208.7745819091797
2020-11-12 00:00:00-05:00,207.70440673828125
2020-11-13 00:00:00-05:00,208.73597717285156
2020-11-16 00:00:00-05:00,209.43011474609375
2020-11-17 00:00:00-05:00,206.7595977783203
2020-11-18 00:00:00-05:00,204.0337371826172
2020-11-19 00:00:00-05:00,205.32901000976562
2020-11-20 00:00:00-05:00,203.36680603027344
2020-11-23 00:00:00-05:00,203.0961151123047
2020-11-24 00:00:00-05:00,206.72093200683594
2020-11-25 00:00:00-05:00,206.7305908203125
2020-11-27 00:00:00-05:00,208.04522705078125
2020-11-30 00:00:00-05:00,206.9239501953125
2020-12-01 00:00:00-05:00,208.9925079345703
2020-12-02 00:00:00-05:00,208.1805419921875
2020-12-03 00:00:00-05:00,207.08827209472656
2020-12-04 00:00:00-05:00,207.20423889160156
2020-12-07 00:00:00-05:00,207.1365966796875
2020-12-08 00:00:00-05:00,208.79917907714844
2020-12-09 00:00:00-05:00,204.72972106933594
2020-12-10 00:00:00-05:00,203.49244689941406
2020-12-11 00:00:00-05:00,206.14097595214844
2020-12-14 00:00:00-05:00,207.04959106445312
2020-12-15 00:00:00-05:00,206.98194885253906
2020-12-16 00:00:00-05:00,211.9600067138672
2020-12-17 00:00:00-05:00,212.09532165527344
2020-12-18 00:00:00-05:00,211.29302978515625
2020-12-21 00:00:00-05:00,215.15951538085938
2020-12-22 00:00:00-05:00,216.4644775390625
2020-12-23 00:00:00-05:00,213.6419219970703
2020-12-24 00:00:00-05:00,215.31419372558594
2020-12-28 00:00:00-05:00,217.45042419433594
2020-12-29 00:00:00-05:00,216.66744995117188
2020-12-30 00:00:00-05:00,214.2799072265625
2020-12-31 00:00:00-05:00,214.99520874023438
2021-01-04 00:00:00-05:00,210.42312622070312
2021-01-05 00:00:00-05:00,210.62606811523438
2021-01-06 00:00:00-05:00,205.16468811035156
2021-01-07 00:00:00-05:00,211.00306701660156
2021-01-08 00:00:00-05:00,212.2886505126953
2021-01-11 00:00:00-05:00,210.22979736328125
2021-01-12 00:00:00-05:00,207.7552032470703
2021-01-13 00:00:00-05:00,209.11813354492188
2021-01-14 00:00:00-05:00,205.9090118408203
2021-01-15 00:00:00-05:00,205.55133056640625
2021-01-19 00:00:00-05:00,209.21481323242188
2021-01-20 00:00:00-05:00,216.85107421875
2021-01-21 00:00:00-05:00,217.46006774902344
2021-01-22 00:00:00-05:00,218.40733337402344
2021-01-25 00:00:00-05:00,221.8678436279297
2021-01-26 00:00:00-05:00,224.57437133789062
2021-01-27 00:00:00-05:00,225.12535095214844
2021-01-28 00:00:00-05:00,230.95404052734375
2021-01-29 00:00:00-05:00,224.2167205810547
2021-02-01 00:00:00-05:00,231.65003967285156
2021-02-02 00:00:00-05:00,231.5146942138672
2021-02-03 00:00:00-05:00,234.88818359375
2021-02-04 00:00:00-05:00,233.9312286376953
2021-02-05 00:00:00-05:00,234.11488342285156
2021-02-08 00:00:00-05:00,234.37591552734375
2021-02-09 00:00:00-05:00,235.63250732421875
2021-02-10 00:00:00-05:00,234.7142333984375
2021-02-11 00:00:00-05:00,236.32847595214844
2021-02-12 00:00:00-05:00,236.81179809570312
2021-02-16 00:00:00-05:00,235.5648193359375
2021-02-17 00:00:00-05:00,236.59176635742188
2021-02-18 00:00:00-05:00,236.19456481933594
2021-02-19 00:00:00-05:00,233.46243286132812
2021-02-22 00:00:00-05:00,227.2036895751953
2021-02-23 00:00:00-05:00,226.00234985351562
2021-02-24 00:00:00-05:00,227.24244689941406
2021-02-25 00:00:00-05:00,221.85568237304688
2021-02-26 00:00:00-05:00,225.14004516601562
2021-03-01 00:00:00-05:00,229.55799865722656
2021-03-02 00:00:00-05:00,226.58364868164062
2021-03-03 00:00:00-05:00,220.47023010253906
2021-03-04 00:00:00-05:00,219.6660919189453
2021-03-05 00:00:00-05:00,224.3843994140625
2021-03-08 00:00:00-05:00,220.30552673339844
2021-03-09 00:00:00-05:00,226.4964141845703
2021-03-10 00:00:00-05:00,225.17880249023438
2021-03-11 00:00:00-05:00,229.74205017089844
2021-03-12 00:00:00-05:00,228.40509033203125
2021-03-15 00:00:00-04:00,227.49432373046875
2021-03-16 00:00:00-04:00,230.3040008544922
2021-03-17 00:00:00-04:00,229.6548614501953
2021-03-18 00:00:00-04:00,223.53179931640625
2021-03-19 00:00:00-04:00,223.17330932617188
2021-03-22 00:00:00-04:00,228.63758850097656
2021-03-23 00:00:00-04:00,230.17803955078125
2021-03-24 00:00:00-04:00,228.12411499023438
2021-03-25 00:00:00-04:00,225.10130310058594
2021-03-26 00:00:00-04:00,229.1123046875
2021-03-29 00:00:00-04:00,227.91094970703125
2021-03-30 00:00:00-04:00,224.62657165527344
2021-03-31 00:00:00-04:00,228.42442321777344
2021-04-01 00:00:00-04:00,234.79945373535156
2021-04-05 00:00:00-04:00,241.31008911132812
2021-04-06 00:00:00-04:00,240.1377410888672
2021-04-07 00:00:00-04:00,242.1142120361328
2021-04-08 00:00:00-04:00,245.35983276367188
2021-04-09 00:00:00-04:00,247.87884521484375
2021-04-12 00:00:00-04:00,247.9369659423828
2021-04-13 00:00:00-04:00,250.4365692138672
2021-04-14 00:00:00-04:00,247.6269073486328
2021-04-15 00:00:00-04:00,251.4151153564453
2021-04-16 00:00:00-04:00,252.6164093017578
2021-04-19 00:00:00-04:00,250.67877197265625
2021-04-20 00:00:00-04:00,250.21376037597656
2021-04-21 00:00:00-04:00,252.46148681640625
2021-04-22 00:00:00-04:00,249.15774536132812
2021-04-23 00:00:00-04:00,253.01365661621094
2021-04-26 00:00:00-04:00,253.40122985839844
2021-04-27 00:00:00-04:00,253.80816650390625
2021-04-28 00:00:00-04:00,246.6290283203125
2021-04-29 00:00:00-04:00,244.6428985595703
2021-04-30 00:00:00-04:00,244.3231658935547
2021-05-03 00:00:00-04:00,244.0131378173828
2021-05-04 00:00:00-04:00,240.0699462890625
2021-05-05 00:00:00-04:00,238.79104614257812
2021-05-06 00:00:00-04:00,241.94947814941406
2021-05-07 00:00:00-04:00,244.59446716308594
2021-05-10 00:00:00-04:00,239.47894287109375
2021-05-11 00:00:00-04:00,238.55853271484375
2021-05-12 00:00:00-04:00,231.5538330078125
2021-05-13 00:00:00-04:00,235.45826721191406
2021-05-14 00:00:00-04:00,240.4187469482422
2021-05-17 00:00:00-04:00,237.54124450683594
2021-05-18 00:00:00-04:00,235.50669860839844
2021-05-19 00:00:00-04:00,236.08937072753906
2021-05-20 00:00:00-04:00,239.3521728515625
2021-05-21 00:00:00-04:00,238.08004760742188
2021-05-24 00:00:00-04:00,243.52780151367188
2021-05-25 00:00:00-04:00,244.44064331054688
2021-05-26 00:00:00-04:00,244.21730041503906
2021-05-27 00:00:00-04:00,242.10032653808594
2021-05-28 00:00:00-04:00,242.45962524414062
2021-06-01 00:00:00-04:00,240.24554443359375
2021-06-02 00:00:00-04:00,240.14845275878906
2021-06-03 00:00:00-04:00,238.60447692871094
2021-06-04 00:00:00-04:00,243.5375518798828
2021-06-07 00:00:00-04:00,246.47019958496094
2021-06-08 00:00:00-04:00,245.26608276367188
2021-06-09 00:00:00-04:00,246.2565460205078
2021-06-10 00:00:00-04:00,249.801025390625
2021-06-11 00:00:00-04:00,250.43223571777344
2021-06-14 00:00:00-04:00,252.3743896484375
2021-06-15 00:00:00-04:00,250.8885955810547
2021-06-16 00:00:00-04:00,249.9369659423828
2021-06-17 00:00:00-04:00,253.35516357421875
2021-06-18 00:00:00-04:00,251.9276885986328
2021-06-21 00:00:00-04:00,255.03515625
2021-06-22 00:00:00-04:00,257.8319091796875
2021-06-23 00:00:00-04:00,257.5987548828125
2021-06-24 00:00:00-04:00,258.97772216796875
2021-06-25 00:00:00-04:00,257.35601806640625
2021-06-28 00:00:00-04:00,260.94903564453125
2021-06-29 00:00:00-04:00,263.551513671875
2021-06-30 00:00:00-04:00,263.0660095214844
2021-07-01 00:00:00-04:00,263.7457580566406
2021-07-02 00:00:00-04:00,269.6208190917969
2021-07-06 00:00:00-04:00,269.63055419921875
2021-07-07 00:00:00-04:00,271.83489990234375
2021-07-08 00:00:00-04:00,269.3974304199219
2021-07-09 00:00:00-04:00,269.9023742675781
2021-07-12 00:00:00-04:00,269.30035400390625
2021-07-13 00:00:00-04:00,272.8545227050781
2021-07-14 00:00:00-04:00,274.34027099609375
2021-07-15 00:00:00-04:00,272.90301513671875
2021-07-16 00:00:00-04:00,272.6311340332031
2021-07-19 00:00:00-04:00,268.9993591308594
2021-07-20 00:00:00-04:00,271.2425231933594
2021-07-21 00:00:00-04:00,273.2623291015625
2021-07-22 00:00:00-04:00,277.8652648925781
2021-07-23 00:00:00-04:00,281.293212890625
2021-07-26 00:00:00-04:00,280.6911315917969
2021-07-27 00:00:00-04:00,278.25372314453125
2021-07-28 00:00:00-04:00,277.9429626464844
2021-07-29 00:00:00-04:00,278.2148742675781
2021-07-30 00:00:00-04:00,276.67083740234375
2021-08-02 00:00:00-04:00,276.58343505859375
2021-08-03 00:00:00-04:00,278.8168640136719
2021-08-04 00:00:00-04:00,278.2245788574219
2021-08-05 00:00:00-04:00,281.14752197265625
2021-08-06 00:00:00-04:00,281.0892639160156
2021-08-09 00:00:00-04:00,279.99188232421875
2021-08-10 00:00:00-04:00,278.1565856933594
2021-08-11 00:00:00-04:00,278.6518859863281
2021-08-12 00:00:00-04:00,281.4290771484375
2021-08-13 00:00:00-04:00,284.3812561035156
2021-08-16 00:00:00-04:00,286.08062744140625
2021-08-17 00:00:00-04:00,284.6045837402344
2021-08-18 00:00:00-04:00,282.863037109375
2021-08-19 00:00:00-04:00,288.7394714355469
2021-08-20 00:00:00-04:00,296.12420654296875
2021-08-23 00:00:00-04:00,296.4063720703125
2021-08-24 00:00:00-04:00,294.4312744140625
2021-08-25 00:00:00-04:00,293.83782958984375
2021-08-26 00:00:00-04:00,290.9967956542969
2021-08-27 00:00:00-04:00,291.6097412109375
2021-08-30 00:00:00-04:00,295.3750305175781
2021-08-31 00:00:00-04:00,293.71136474609375
2021-09-01 00:00:00-04:00,293.66259765625
2021-09-02 00:00:00-04:00,293.0010070800781
2021-09-03 00:00:00-04:00,292.9913024902344
2021-09-07 00:00:00-04:00,292.0572814941406
2021-09-08 00:00:00-04:00,292.08648681640625
2021-09-09 00:00:00-04:00,289.2066345214844
2021-09-10 00:00:00-04:00,287.708251953125
2021-09-13 00:00:00-04:00,288.95361328125
2021-09-14 00:00:00-04:00,291.6778869628906
2021-09-15 00:00:00-04:00,296.5718078613281
2021-09-16 00:00:00-04:00,296.96087646484375
2021-09-17 00:00:00-04:00,291.7556457519531
2021-09-20 00:00:00-04:00,286.3363952636719
2021-09-21 00:00:00-04:00,286.8228759765625
2021-09-22 00:00:00-04:00,290.5006103515625
2021-09-23 00:00:00-04:00,291.4541015625
2021-09-24 00:00:00-04:00,291.249755859375
2021-09-27 00:00:00-04:00,286.2099304199219
2021-09-28 00:00:00-04:00,275.84808349609375
2021-09-29 00:00:00-04:00,276.3151550292969
2021-09-30 00:00:00-04:00,274.29144287109375
2021-10-01 00:00:00-04:00,281.2770690917969
2021-10-04 00:00:00-04:00,275.44915771484375
2021-10-05 00:00:00-04:00,280.9464111328125
2021-10-06 00:00:00-04:00,285.1786193847656
2021-10-07 00:00:00-04:00,286.87152099609375
2021-10-08 00:00:00-04:00,286.87152099609375
2021-10-11 00:00:00-04:00,286.2683410644531
2021-10-12 00:00:00-04:00,284.954833984375
2021-10-13 00:00:00-04:00,288.2920227050781
2021-10-14 00:00:00-04:00,294.55780029296875
2021-10-15 00:00:00-04:00,295.978271484375
2021-10-18 00:00:00-04:00,298.9748840332031
2021-10-19 00:00:00-04:00,299.8895263671875
2021-10-20 00:00:00-04:00,299.09173583984375
2021-10-21 00:00:00-04:00,302.3510437011719
2021-10-22 00:00:00-04:00,300.7943420410156
2021-10-25 00:00:00-04:00,299.792236328125
2021-10-26 00:00:00-04:00,301.71856689453125
2021-10-27 00:00:00-04:00,314.42523193359375
2021-10-28 00:00:00-04:00,315.5732727050781
2021-10-29 00:00:00-04:00,322.6465148925781
2021-11-01 00:00:00-04:00,320.4574279785156
2021-11-02 00:00:00-04:00,324.11572265625
2021-11-03 00:00:00-04:00,324.962158203125
2021-11-04 00:00:00-04:00,327.3361511230469
2021-11-05 00:00:00-04:00,326.9664001464844
2021-11-08 00:00:00-05:00,327.8712463378906
2021-11-09 00:00:00-05:00,326.8594970703125
2021-11-10 00:00:00-05:00,321.8487243652344
2021-11-11 00:00:00-05:00,323.4346618652344
2021-11-12 00:00:00-05:00,327.6085510253906
2021-11-15 00:00:00-05:00,326.9761962890625
2021-11-16 00:00:00-05:00,330.3230895996094
2021-11-17 00:00:00-05:00,330.5472717285156
2021-11-18 00:00:00-05:00,332.64288330078125
2021-11-19 00:00:00-05:00,334.43634033203125
2021-11-22 00:00:00-05:00,331.2393493652344
2021-11-23 00:00:00-05:00,329.1436462402344
2021-11-24 00:00:00-05:00,329.36785888671875
2021-11-26 00:00:00-05:00,321.3458557128906
2021-11-29 00:00:00-05:00,328.12017822265625
2021-11-30 00:00:00-05:00,322.23284912109375
2021-12-01 00:00:00-05:00,321.7357482910156
2021-12-02 00:00:00-05:00,321.1606750488281
2021-12-03 00:00:00-05:00,314.8445129394531
2021-12-06 00:00:00-05:00,317.944091796875
2021-12-07 00:00:00-05:00,326.4533386230469
2021-12-08 00:00:00-05:00,326.502197265625
2021-12-09 00:00:00-05:00,324.6794128417969
2021-12-10 00:00:00-05:00,333.88079833984375
2021-12-13 00:00:00-05:00,330.82012939453125
2021-12-14 00:00:00-05:00,320.0397644042969
2021-12-15 00:00:00-05:00,326.19024658203125
2021-12-16 00:00:00-05:00,316.6867370605469
2021-12-17 00:00:00-05:00,315.6145324707031
2021-12-20 00:00:00-05:00,311.8228759765625
2021-12-21 00:00:00-05:00,319.01629638671875
2021-12-22 00:00:00-05:00,324.7769470214844
2021-12-23 00:00:00-05:00,326.2292175292969
2021-12-27 00:00:00-05:00,333.7930908203125
2021-12-28 00:00:00-05:00,332.6234130859375
2021-12-29 00:00:00-05:00,333.30572509765625
2021-12-30 00:00:00-05:00,330.7421875
2021-12-31 00:00:00-05:00,327.8180236816406
2022-01-03 00:00:00-05:00,326.28765869140625
2022-01-04 00:00:00-05:00,320.69281005859375
2022-01-05 00:00:00-05:00,308.3821716308594
2022-01-06 00:00:00-05:00,305.9453125
2022-01-07 00:00:00-05:00,306.10125732421875
2022-01-10 00:00:00-05:00,306.3254089355469
2022-01-11 00:00:00-05:00,307.0174560546875
2022-01-12 00:00:00-05:00,310.2243347167969
2022-01-13 00:00:00-05:00,297.0948181152344
2022-01-14 00:00:00-05:00,302.35833740234375
2022-01-18 00:00:00-05:00,294.9991455078125
2022-01-19 00:00:00-05:00,295.6619873046875
2022-01-20 00:00:00-05:00,293.9757080078125
2022-01-21 00:00:00-05:00,288.5465393066406
2022-01-24 00:00:00-05:00,288.8778991699219
2022-01-25 00:00:00-05:00,281.1971435546875
2022-01-26 00:00:00-05:00,289.20928955078125
2022-01-27 00:00:00-05:00,292.26019287109375
2022-01-28 00:00:00-05:00,300.46734619140625
2022-01-31 00:00:00-05:00,303.11859130859375
2022-02-01 00:00:00-05:00,300.9547424316406
2022-02-02 00:00:00-05:00,305.535888671875
2022-02-03 00:00:00-05:00,293.63458251953125
2022-02-04 00:00:00-05:00,298.20599365234375
2022-02-07 00:00:00-05:00,293.3421630859375
2022-02-08 00:00:00-05:00,296.8608703613281
2022-02-09 00:00:00-05:00,303.34283447265625
2022-02-10 00:00:00-05:00,294.73602294921875
2022-02-11 00:00:00-05:00,287.58160400390625
2022-02-14 00:00:00-05:00,287.54254150390625
2022-02-15 00:00:00-05:00,292.87432861328125
2022-02-16 00:00:00-05:00,292.532470703125
2022-02-17 00:00:00-05:00,283.96649169921875
2022-02-18 00:00:00-05:00,281.2315979003906
2022-02-22 00:00:00-05:00,281.0265197753906
2022-02-23 00:00:00-05:00,273.7498474121094
2022-02-24 00:00:00-05:00,287.7366638183594
2022-02-25 00:00:00-05:00,290.3934020996094
2022-02-28 00:00:00-05:00,291.8389587402344
2022-03-01 00:00:00-05:00,288.0883483886719
2022-03-02 00:00:00-05:00,293.2063903808594
2022-03-03 00:00:00-05:00,289.0357360839844
2022-03-04 00:00:00-05:00,283.11669921875
2022-03-07 00:00:00-05:00,272.4214782714844
2022-03-08 00:00:00-05:00,269.4326477050781
2022-03-09 00:00:00-05:00,281.788330078125
2022-03-10 00:00:00-05:00,278.9460754394531
2022-03-11 00:00:00-05:00,273.5544738769531
2022-03-14 00:00:00-04:00,270.0089111328125
2022-03-15 00:00:00-04:00,280.46978759765625
2022-03-16 00:00:00-04:00,287.5413513183594
2022-03-17 00:00:00-04:00,288.35198974609375
2022-03-18 00:00:00-04:00,293.4407653808594
2022-03-21 00:00:00-04:00,292.2003173828125
2022-03-22 00:00:00-04:00,296.986328125
2022-03-23 00:00:00-04:00,292.5226745605469
2022-03-24 00:00:00-04:00,297.0254211425781
2022-03-25 00:00:00-04:00,296.61517333984375
2022-03-28 00:00:00-04:00,303.471923828125
2022-03-29 00:00:00-04:00,308.0723571777344
2022-03-30 00:00:00-04:00,306.55841064453125
2022-03-31 00:00:00-04:00,301.1374816894531
2022-04-01 00:00:00-04:00,302.2216796875
2022-04-04 00:00:00-04:00,307.64251708984375
2022-04-05 00:00:00-04:00,303.6476745605469
2022-04-06 00:00:00-04:00,292.532470703125
2022-04-07 00:00:00-04:00,294.35894775390625
2022-04-08 00:00:00-04:00,290.0612487792969
2022-04-11 00:00:00-04:00,278.6237487792969
2022-04-12 00:00:00-04:00,275.4981689453125
2022-04-13 00:00:00-04:00,280.9288024902344
2022-04-14 00:00:00-04:00,273.3200378417969
2022-04-18 00:00:00-04:00,273.9939880371094
2022-04-19 00:00:00-04:00,278.6627502441406
2022-04-20 00:00:00-04:00,279.6981201171875
2022-04-21 00:00:00-04:00,274.27728271484375
2022-04-22 00:00:00-04:00,267.65496826171875
2022-04-25 00:00:00-04:00,274.1893615722656
2022-04-26 00:00:00-04:00,263.93359375
2022-04-27 00:00:00-04:00,276.6312255859375
2022-04-28 00:00:00-04:00,282.89208984375
2022-04-29 00:00:00-04:00,271.0637512207031
2022-05-02 00:00:00-04:00,277.85211181640625
2022-05-03 00:00:00-04:00,275.2247009277344
2022-05-04 00:00:00-04:00,283.23394775390625
2022-05-05 00:00:00-04:00,270.89776611328125
2022-05-06 00:00:00-04:00,268.3387145996094
2022-05-09 00:00:00-04:00,258.4247741699219
2022-05-10 00:00:00-04:00,263.2303771972656
2022-05-11 00:00:00-04:00,254.4885711669922
2022-05-12 00:00:00-04:00,249.40953063964844
2022-05-13 00:00:00-04:00,255.04531860351562
2022-05-16 00:00:00-04:00,255.4164581298828
2022-05-17 00:00:00-04:00,260.6126708984375
2022-05-18 00:00:00-04:00,248.74710083007812
2022-05-19 00:00:00-04:00,247.82681274414062
2022-05-20 00:00:00-04:00,247.25900268554688
2022-05-23 00:00:00-04:00,255.17919921875
2022-05-24 00:00:00-04:00,254.1708221435547
2022-05-25 00:00:00-04:00,257.0099182128906
2022-05-26 00:00:00-04:00,260.31903076171875
2022-05-27 00:00:00-04:00,267.5048828125
2022-05-31 00:00:00-04:00,266.1636962890625
2022-06-01 00:00:00-04:00,266.70220947265625
2022-06-02 00:00:00-04:00,268.81683349609375
2022-06-03 00:00:00-04:00,264.3525085449219
2022-06-06 00:00:00-04:00,263.10919189453125
2022-06-07 00:00:00-04:00,266.7804870605469
2022-06-08 00:00:00-04:00,264.734375
2022-06-09 00:00:00-04:00,259.2323303222656
2022-06-10 00:00:00-04:00,247.67999267578125
2022-06-13 00:00:00-04:00,237.17518615722656
2022-06-14 00:00:00-04:00,239.35838317871094
2022-06-15 00:00:00-04:00,246.47576904296875
2022-06-16 00:00:00-04:00,239.8283233642578
2022-06-17 00:00:00-04:00,242.45205688476562
2022-06-21 00:00:00-04:00,248.41424560546875
2022-06-22 00:00:00-04:00,247.81703186035156
2022-06-23 00:00:00-04:00,253.42672729492188
2022-06-24 00:00:00-04:00,262.0812072753906
2022-06-27 00:00:00-04:00,259.33026123046875
2022-06-28 00:00:00-04:00,251.0967254638672
2022-06-29 00:00:00-04:00,254.79737854003906
2022-06-30 00:00:00-04:00,251.43934631347656
2022-07-01 00:00:00-04:00,254.13165283203125
2022-07-05 00:00:00-04:00,257.3330078125
2022-07-06 00:00:00-04:00,260.62249755859375
2022-07-07 00:00:00-04:00,262.7665100097656
2022-07-08 00:00:00-04:00,262.0421142578125
2022-07-11 00:00:00-04:00,258.95819091796875
2022-07-12 00:00:00-04:00,248.345703125
2022-07-13 00:00:00-04:00,247.41563415527344
2022-07-14 00:00:00-04:00,248.74710083007812
2022-07-15 00:00:00-04:00,251.3316650390625
2022-07-18 00:00:00-04:00,248.91355895996094
2022-07-19 00:00:00-04:00,254.0827178955078
2022-07-20 00:00:00-04:00,256.76519775390625
2022-07-21 00:00:00-04:00,259.28125
2022-07-22 00:00:00-04:00,254.89523315429688
2022-07-25 00:00:00-04:00,253.39736938476562
2022-07-26 00:00:00-04:00,246.6128387451172
2022-07-27 00:00:00-04:00,263.0993957519531
2022-07-28 00:00:00-04:00,270.6083984375
2022-07-29 00:00:00-04:00,274.8475036621094
2022-08-01 00:00:00-04:00,272.17486572265625
2022-08-02 00:00:00-04:00,269.0517578125
2022-08-03 00:00:00-04:00,276.5412292480469
2022-08-04 00:00:00-04:00,277.6965026855469
2022-08-05 00:00:00-04:00,276.9719543457031
2022-08-08 00:00:00-04:00,274.4363708496094
2022-08-09 00:00:00-04:00,276.37481689453125
2022-08-10 00:00:00-04:00,283.0908203125
2022-08-11 00:00:00-04:00,280.9957275390625
2022-08-12 00:00:00-04:00,285.7831115722656
2022-08-15 00:00:00-04:00,287.310302734375
2022-08-16 00:00:00-04:00,286.56622314453125
2022-08-17 00:00:00-04:00,285.8108215332031
2022-08-18 00:00:00-04:00,284.6826171875
2022-08-19 00:00:00-04:00,280.7386169433594
2022-08-22 00:00:00-04:00,272.4974365234375
2022-08-23 00:00:00-04:00,271.2122497558594
2022-08-24 00:00:00-04:00,270.5745544433594
2022-08-25 00:00:00-04:00,273.5766296386719
2022-08-26 00:00:00-04:00,263.0201721191406
2022-08-29 00:00:00-04:00,260.2142028808594
2022-08-30 00:00:00-04:00,257.9969787597656
2022-08-31 00:00:00-04:00,256.5253601074219
2022-09-01 00:00:00-04:00,255.47560119628906
2022-09-02 00:00:00-04:00,251.21763610839844
2022-09-06 00:00:00-04:00,248.4607696533203
2022-09-07 00:00:00-04:00,253.20925903320312
2022-09-08 00:00:00-04:00,253.6311492919922
2022-09-09 00:00:00-04:00,259.458740234375
2022-09-12 00:00:00-04:00,261.60736083984375
2022-09-13 00:00:00-04:00,247.22462463378906
2022-09-14 00:00:00-04:00,247.4502716064453
2022-09-15 00:00:00-04:00,240.7396240234375
2022-09-16 00:00:00-04:00,240.1117401123047
2022-09-19 00:00:00-04:00,239.8958740234375
2022-09-20 00:00:00-04:00,237.86502075195312
2022-09-21 00:00:00-04:00,234.4312286376953
2022-09-22 00:00:00-04:00,236.42282104492188
2022-09-23 00:00:00-04:00,233.4207000732422
2022-09-26 00:00:00-04:00,232.95957946777344
2022-09-27 00:00:00-04:00,231.93923950195312
2022-09-28 00:00:00-04:00,236.5111541748047
2022-09-29 00:00:00-04:00,233.0086212158203
2022-09-30 00:00:00-04:00,228.49562072753906
2022-10-03 00:00:00-04:00,236.18736267089844
2022-10-04 00:00:00-04:00,244.17344665527344
2022-10-05 00:00:00-04:00,244.48736572265625
2022-10-06 00:00:00-04:00,242.12295532226562
2022-10-07 00:00:00-04:00,229.81028747558594
2022-10-10 00:00:00-04:00,224.9146728515625
2022-10-11 00:00:00-04:00,221.1472930908203
2022-10-12 00:00:00-04:00,221.4808349609375
2022-10-13 00:00:00-04:00,229.81028747558594
2022-10-14 00:00:00-04:00,224.23770141601562
2022-10-17 00:00:00-04:00,233.03805541992188
2022-10-18 00:00:00-04:00,233.98973083496094
2022-10-19 00:00:00-04:00,232.00790405273438
2022-10-20 00:00:00-04:00,231.68417358398438
2022-10-21 00:00:00-04:00,237.54127502441406
2022-10-24 00:00:00-04:00,242.57424926757812
2022-10-25 00:00:00-04:00,245.91973876953125
2022-10-26 00:00:00-04:00,226.94552612304688
2022-10-27 00:00:00-04:00,222.46189880371094
2022-10-28 00:00:00-04:00,231.40945434570312
2022-10-31 00:00:00-04:00,227.7401885986328
2022-11-01 00:00:00-04:00,223.85504150390625
2022-11-02 00:00:00-04:00,215.93771362304688
2022-11-03 00:00:00-04:00,210.1983184814453
2022-11-04 00:00:00-04:00,217.2032928466797
2022-11-07 00:00:00-05:00,223.56072998046875
2022-11-08 00:00:00-05:00,224.5418243408203
2022-11-09 00:00:00-05:00,220.2642822265625
2022-11-10 00:00:00-05:00,238.385009765625
2022-11-11 00:00:00-05:00,242.43692016601562
2022-11-14 00:00:00-05:00,236.98207092285156
2022-11-15 00:00:00-05:00,237.39410400390625
2022-11-16 00:00:00-05:00,237.82696533203125
2022-11-17 00:00:00-05:00,237.7777862548828
2022-11-18 00:00:00-05:00,237.3252410888672
2022-11-21 00:00:00-05:00,238.14181518554688
2022-11-22 00:00:00-05:00,241.07369995117188
2022-11-23 00:00:00-05:00,243.58253479003906
2022-11-25 00:00:00-05:00,243.49400329589844
2022-11-28 00:00:00-05:00,237.8564910888672
2022-11-29 00:00:00-05:00,236.44960021972656
2022-11-30 00:00:00-05:00,251.02047729492188
2022-12-01 00:00:00-05:00,250.5777587890625
2022-12-02 00:00:00-05:00,250.9024200439453
2022-12-05 00:00:00-05:00,246.16021728515625
2022-12-06 00:00:00-05:00,241.16224670410156
2022-12-07 00:00:00-05:00,240.4243621826172
2022-12-08 00:00:00-05:00,243.40542602539062
2022-12-09 00:00:00-05:00,241.45741271972656
2022-12-12 00:00:00-05:00,248.4329376220703
2022-12-13 00:00:00-05:00,252.77174377441406
2022-12-14 00:00:00-05:00,253.06692504882812
2022-12-15 00:00:00-05:00,244.9894561767578
2022-12-16 00:00:00-05:00,240.7392120361328
2022-12-19 00:00:00-05:00,236.56768798828125
2022-12-20 00:00:00-05:00,237.8958740234375
2022-12-21 00:00:00-05:00,240.4833984375
2022-12-22 00:00:00-05:00,234.34414672851562
2022-12-23 00:00:00-05:00,234.8754425048828
2022-12-27 00:00:00-05:00,233.134033203125
2022-12-28 00:00:00-05:00,230.7432403564453
2022-12-29 00:00:00-05:00,237.11863708496094
2022-12-30 00:00:00-05:00,235.9478302001953
2023-01-03 00:00:00-05:00,235.7117156982422
2023-01-04 00:00:00-05:00,225.40090942382812
2023-01-05 00:00:00-05:00,218.72055053710938
2023-01-06 00:00:00-05:00,221.29824829101562
2023-01-09 00:00:00-05:00,223.45286560058594
2023-01-10 00:00:00-05:00,225.1549530029297
2023-01-11 00:00:00-05:00,231.96322631835938
2023-01-12 00:00:00-05:00,234.65896606445312
2023-01-13 00:00:00-05:00,235.3673553466797
2023-01-17 00:00:00-05:00,236.4692840576172
2023-01-18 00:00:00-05:00,232.0025634765625
2023-01-19 00:00:00-05:00,228.1852264404297
2023-01-20 00:00:00-05:00,236.34136962890625
2023-01-23 00:00:00-05:00,238.6632843017578
2023-01-24 00:00:00-05:00,238.13198852539062
2023-01-25 00:00:00-05:00,236.72509765625
2023-01-26 00:00:00-05:00,243.9957733154297
2023-01-27 00:00:00-05:00,244.15316772460938
2023-01-30 00:00:00-05:00,238.79116821289062
2023-01-31 00:00:00-05:00,243.80882263183594
2023-02-01 00:00:00-05:00,248.6690673828125
2023-02-02 00:00:00-05:00,260.3277282714844
2023-02-03 00:00:00-05:00,254.17864990234375
2023-02-06 00:00:00-05:00,252.62413024902344
2023-02-07 00:00:00-05:00,263.239990234375
2023-02-08 00:00:00-05:00,262.42333984375
2023-02-09 00:00:00-05:00,259.3635559082031
2023-02-10 00:00:00-05:00,258.8519592285156
2023-02-13 00:00:00-05:00,266.9392395019531
2023-02-14 00:00:00-05:00,267.7755126953125
2023-02-15 00:00:00-05:00,265.6352233886719
2023-02-16 00:00:00-05:00,258.5632629394531
2023-02-17 00:00:00-05:00,254.52926635742188
2023-02-21 00:00:00-05:00,249.21299743652344
2023-02-22 00:00:00-05:00,248.06886291503906
2023-02-23 00:00:00-05:00,251.28427124023438
2023-02-24 00:00:00-05:00,245.81021118164062
2023-02-27 00:00:00-05:00,246.73736572265625
2023-02-28 00:00:00-05:00,246.00747680664062
2023-03-01 00:00:00-05:00,242.90057373046875
2023-03-02 00:00:00-05:00,247.67434692382812
2023-03-03 00:00:00-05:00,251.797119140625
2023-03-06 00:00:00-05:00,253.3555450439453
2023-03-07 00:00:00-05:00,250.6727294921875
2023-03-08 00:00:00-05:00,250.22891235351562
2023-03-09 00:00:00-05:00,248.8677978515625
2023-03-10 00:00:00-05:00,245.18882751464844
2023-03-13 00:00:00-04:00,250.44589233398438
2023-03-14 00:00:00-04:00,257.221923828125
2023-03-15 00:00:00-04:00,261.8082580566406
2023-03-16 00:00:00-04:00,272.42108154296875
2023-03-17 00:00:00-04:00,275.6068420410156
2023-03-20 00:00:00-04:00,268.5054016113281
2023-03-21 00:00:00-04:00,270.0341796875
2023-03-22 00:00:00-04:00,268.5645751953125
2023-03-23 00:00:00-04:00,273.8611145019531
2023-03-24 00:00:00-04:00,276.73126220703125
2023-03-27 00:00:00-04:00,272.5986022949219
2023-03-28 00:00:00-04:00,271.4643859863281
2023-03-29 00:00:00-04:00,276.672119140625
2023-03-30 00:00:00-04:00,280.16363525390625
2023-03-31 00:00:00-04:00,284.35546875
2023-04-03 00:00:00-04:00,283.3001403808594
2023-04-04 00:00:00-04:00,283.2508544921875
2023-04-05 00:00:00-04:00,280.44970703125
2023-04-06 00:00:00-04:00,287.6103820800781
2023-04-10 00:00:00-04:00,285.43060302734375
2023-04-11 00:00:00-04:00,278.9603576660156
2023-04-12 00:00:00-04:00,279.6112976074219
2023-04-13 00:00:00-04:00,285.8744201660156
2023-04-14 00:00:00-04:00,282.22503662109375
2023-04-17 00:00:00-04:00,284.8486328125
2023-04-18 00:00:00-04:00,284.424560546875
2023-04-19 00:00:00-04:00,284.5034484863281
2023-04-20 00:00:00-04:00,282.1954345703125
2023-04-21 00:00:00-04:00,281.8503112792969
2023-04-24 00:00:00-04:00,277.91485595703125
2023-04-25 00:00:00-04:00,271.6517333984375
2023-04-26 00:00:00-04:00,291.32879638671875
2023-04-27 00:00:00-04:00,300.65936279296875
2023-04-28 00:00:00-04:00,303.05615234375
2023-05-01 00:00:00-04:00,301.3793640136719
2023-05-02 00:00:00-04:00,301.2314147949219
2023-05-03 00:00:00-04:00,300.2352600097656
2023-05-04 00:00:00-04:00,301.2314147949219
2023-05-05 00:00:00-04:00,306.39971923828125
2023-05-08 00:00:00-04:00,304.4271240234375
2023-05-09 00:00:00-04:00,302.7996826171875
2023-05-10 00:00:00-04:00,308.0369873046875
2023-05-11 00:00:00-04:00,305.8670959472656
2023-05-12 00:00:00-04:00,304.7427062988281
2023-05-15 00:00:00-04:00,305.2259521484375
2023-05-16 00:00:00-04:00,307.47479248046875
2023-05-17 00:00:00-04:00,310.3809509277344
2023-05-18 00:00:00-04:00,314.8488464355469
2023-05-19 00:00:00-04:00,314.6708679199219
2023-05-22 00:00:00-04:00,317.4781494140625
2023-05-23 00:00:00-04:00,311.62640380859375
2023-05-24 00:00:00-04:00,310.2326354980469
2023-05-25 00:00:00-04:00,322.1635437011719
2023-05-26 00:00:00-04:00,329.05322265625
2023-05-30 00:00:00-04:00,327.392578125
2023-05-31 00:00:00-04:00,324.6050720214844
2023-06-01 00:00:00-04:00,328.74676513671875
2023-06-02 00:00:00-04:00,331.5342712402344
2023-06-05 00:00:00-04:00,332.0680847167969
2023-06-06 00:00:00-04:00,329.8340759277344
2023-06-07 00:00:00-04:00,319.6528015136719
2023-06-08 00:00:00-04:00,321.51116943359375
2023-06-09 00:00:00-04:00,323.0235290527344
2023-06-12 00:00:00-04:00,328.0251770019531
2023-06-13 00:00:00-04:00,330.43707275390625
2023-06-14 00:00:00-04:00,333.451904296875
2023-06-15 00:00:00-04:00,344.0879211425781
2023-06-16 00:00:00-04:00,338.3843994140625
2023-06-20 00:00:00-04:00,334.15374755859375
2023-06-21 00:00:00-04:00,329.7154846191406
2023-06-22 00:00:00-04:00,335.7945861816406
2023-06-23 00:00:00-04:00,331.1586608886719
2023-06-26 00:00:00-04:00,324.8127136230469
2023-06-27 00:00:00-04:00,330.7138366699219
2023-06-28 00:00:00-04:00,331.9790954589844
2023-06-29 00:00:00-04:00,331.18829345703125
2023-06-30 00:00:00-04:00,336.6150207519531
2023-07-03 00:00:00-04:00,334.09442138671875
2023-07-05 00:00:00-04:00,334.2525939941406
2023-07-06 00:00:00-04:00,337.33660888671875
2023-07-07 00:00:00-04:00,333.3332824707031
2023-07-10 00:00:00-04:00,328.0054016113281
2023-07-11 00:00:00-04:00,328.6380615234375
2023-07-12 00:00:00-04:00,333.31353759765625
2023-07-13 00:00:00-04:00,338.7106018066406
2023-07-14 00:00:00-04:00,341.2608642578125
2023-07-17 00:00:00-04:00,341.7452392578125
2023-07-18 00:00:00-04:00,355.34661865234375
2023-07-19 00:00:00-04:00,350.9874572753906
2023-07-20 00:00:00-04:00,342.8720703125
2023-07-21 00:00:00-04:00,339.8078308105469
2023-07-24 00:00:00-04:00,341.13232421875
2023-07-25 00:00:00-04:00,346.9346923828125
2023-07-26 00:00:00-04:00,333.8769226074219
2023-07-27 00:00:00-04:00,326.90826416015625
2023-07-28 00:00:00-04:00,334.47003173828125
2023-07-31 00:00:00-04:00,332.04827880859375
2023-08-01 00:00:00-04:00,332.46343994140625
2023-08-02 00:00:00-04:00,323.7253112792969
2023-08-03 00:00:00-04:00,322.8950500488281
2023-08-04 00:00:00-04:00,324.0021057128906
2023-08-07 00:00:00-04:00,326.30523681640625
2023-08-08 00:00:00-04:00,322.29205322265625
2023-08-09 00:00:00-04:00,318.51605224609375
2023-08-10 00:00:00-04:00,319.2079772949219
2023-08-11 00:00:00-04:00,317.3101501464844
2023-08-14 00:00:00-04:00,320.3052062988281
2023-08-15 00:00:00-04:00,318.1502990722656
2023-08-16 00:00:00-04:00,317.377685546875
2023-08-17 00:00:00-04:00,313.8908996582031
2023-08-18 00:00:00-04:00,313.49468994140625
2023-08-21 00:00:00-04:00,318.84375
2023-08-22 00:00:00-04:00,319.4182434082031
2023-08-23 00:00:00-04:00,323.91546630859375
2023-08-24 00:00:00-04:00,316.9517517089844
2023-08-25 00:00:00-04:00,319.9333801269531
2023-08-28 00:00:00-04:00,320.6465759277344
2023-08-29 00:00:00-04:00,325.3121337890625
2023-08-30 00:00:00-04:00,325.6885681152344
2023-08-31 00:00:00-04:00,324.66827392578125
2023-09-01 00:00:00-04:00,325.55975341796875
2023-09-05 00:00:00-04:00,330.4036560058594
2023-09-06 00:00:00-04:00,329.739990234375
2023-09-07 00:00:00-04:00,326.7980041503906
2023-09-08 00:00:00-04:00,331.1168518066406
2023-09-11 00:00:00-04:00,334.7522277832031
2023-09-12 00:00:00-04:00,328.64044189453125
2023-09-13 00:00:00-04:00,332.8899841308594
2023-09-14 00:00:00-04:00,335.50506591796875
2023-09-15 00:00:00-04:00,327.1050720214844
2023-09-18 00:00:00-04:00,325.95599365234375
2023-09-19 00:00:00-04:00,325.54986572265625
2023-09-20 00:00:00-04:00,317.74420166015625
2023-09-21 00:00:00-04:00,316.5158996582031
2023-09-22 00:00:00-04:00,314.01971435546875
2023-09-25 00:00:00-04:00,314.5447082519531
2023-09-26 00:00:00-04:00,309.19561767578125
2023-09-27 00:00:00-04:00,309.8394775390625
2023-09-28 00:00:00-04:00,310.6814880371094
2023-09-29 00:00:00-04:00,312.7715759277344
2023-10-02 00:00:00-04:00,318.7644958496094
2023-10-03 00:00:00-04:00,310.4338073730469
2023-10-04 00:00:00-04:00,315.9512939453125
2023-10-05 00:00:00-04:00,316.3475036621094
2023-10-06 00:00:00-04:00,324.1729736328125
2023-10-09 00:00:00-04:00,326.7088623046875
2023-10-10 00:00:00-04:00,325.2923583984375
2023-10-11 00:00:00-04:00,329.2843322753906
2023-10-12 00:00:00-04:00,328.03619384765625
2023-10-13 00:00:00-04:00,324.6385803222656
2023-10-16 00:00:00-04:00,329.50225830078125
2023-10-17 00:00:00-04:00,328.9277038574219
2023-10-18 00:00:00-04:00,326.99609375
2023-10-19 00:00:00-04:00,328.1947021484375
2023-10-20 00:00:00-04:00,323.58856201171875
2023-10-23 00:00:00-04:00,326.21356201171875
2023-10-24 00:00:00-04:00,327.41217041015625
2023-10-25 00:00:00-04:00,337.45648193359375
2023-10-26 00:00:00-04:00,324.7970886230469
2023-10-27 00:00:00-04:00,326.69891357421875
2023-10-30 00:00:00-04:00,334.128173828125
2023-10-31 00:00:00-04:00,334.9206237792969
2023-11-01 00:00:00-04:00,342.8055419921875
2023-11-02 00:00:00-04:00,345.0343017578125
2023-11-03 00:00:00-04:00,349.4720458984375
2023-11-06 00:00:00-05:00,353.1668701171875
2023-11-07 00:00:00-05:00,357.129150390625
2023-11-08 00:00:00-05:00,359.7739562988281
2023-11-09 00:00:00-05:00,357.2876892089844
2023-11-10 00:00:00-05:00,366.1829528808594
2023-11-13 00:00:00-05:00,363.2210998535156
2023-11-14 00:00:00-05:00,366.77728271484375
2023-11-15 00:00:00-05:00,366.9261779785156
2023-11-16 00:00:00-05:00,373.3779602050781
2023-11-17 00:00:00-05:00,367.1048278808594
2023-11-20 00:00:00-05:00,374.63848876953125
2023-11-21 00:00:00-05:00,370.3009338378906
2023-11-22 00:00:00-05:00,375.04547119140625
2023-11-24 00:00:00-05:00,374.6285705566406
2023-11-27 00:00:00-05:00,375.7997741699219
2023-11-28 00:00:00-05:00,379.8594665527344
2023-11-29 00:00:00-05:00,376.03802490234375
2023-11-30 00:00:00-05:00,376.09759521484375
2023-12-01 00:00:00-05:00,371.7302551269531
2023-12-04 00:00:00-05:00,366.4001159667969
2023-12-05 00:00:00-05:00,369.7549743652344
2023-12-06 00:00:00-05:00,366.0625915527344
2023-12-07 00:00:00-05:00,368.19671630859375
2023-12-08 00:00:00-05:00,371.4523010253906
2023-12-11 00:00:00-05:00,368.5440673828125
2023-12-12 00:00:00-05:00,371.6011962890625
2023-12-13 00:00:00-05:00,371.5912780761719
2023-12-14 00:00:00-05:00,363.2139587402344
2023-12-15 00:00:00-05:00,367.97833251953125
2023-12-18 00:00:00-05:00,369.884033203125
2023-12-19 00:00:00-05:00,370.4895324707031
2023-12-20 00:00:00-05:00,367.8691101074219
2023-12-21 00:00:00-05:00,370.7674255371094
2023-12-22 00:00:00-05:00,371.7996826171875
2023-12-26 00:00:00-05:00,371.879150390625
2023-12-27 00:00:00-05:00,371.29351806640625
2023-12-28 00:00:00-05:00,372.4945068359375
2023-12-29 00:00:00-05:00,373.2489318847656
2024-01-02 00:00:00-05:00,368.1172180175781
2024-01-03 00:00:00-05:00,367.8492736816406
2024-01-04 00:00:00-05:00,365.2090148925781
2024-01-05 00:00:00-05:00,365.0204162597656
2024-01-08 00:00:00-05:00,371.9089050292969
2024-01-09 00:00:00-05:00,373.000732421875
2024-01-10 00:00:00-05:00,379.9289245605469
2024-01-11 00:00:00-05:00,381.775146484375
2024-01-12 00:00:00-05:00,385.5866394042969
2024-01-16 00:00:00-05:00,387.3732604980469
2024-01-17 00:00:00-05:00,386.5792236328125
2024-01-18 00:00:00-05:00,390.946533203125
2024-01-19 00:00:00-05:00,395.71087646484375
2024-01-22 00:00:00-05:00,393.56695556640625
2024-01-23 00:00:00-05:00,395.939208984375
2024-01-24 00:00:00-05:00,399.572021484375
2024-01-25 00:00:00-05:00,401.8648986816406
2024-01-26 00:00:00-05:00,400.9318542480469
2024-01-29 00:00:00-05:00,406.67889404296875
2024-01-30 00:00:00-05:00,405.5572814941406
2024-01-31 00:00:00-05:00,394.6290283203125
2024-02-01 00:00:00-05:00,400.7829895019531
2024-02-02 00:00:00-05:00,408.1677551269531
2024-02-05 00:00:00-05:00,402.63909912109375
2024-02-06 00:00:00-05:00,402.48028564453125
2024-02-07 00:00:00-05:00,410.97674560546875
2024-02-08 00:00:00-05:00,411.03631591796875
2024-02-09 00:00:00-05:00,417.428466796875
2024-02-12 00:00:00-05:00,412.1777648925781
2024-02-13 00:00:00-05:00,403.30413818359375
2024-02-14 00:00:00-05:00,407.20220947265625
2024-02-15 00:00:00-05:00,404.2886047363281
2024-02-16 00:00:00-05:00,401.8025817871094
2024-02-20 00:00:00-05:00,400.5396423339844
2024-02-21 00:00:00-05:00,399.93304443359375
2024-02-22 00:00:00-05:00,409.35015869140625
2024-02-23 00:00:00-05:00,408.0474853515625
2024-02-26 00:00:00-05:00,405.26312255859375
2024-02-27 00:00:00-05:00,405.2034912109375
2024-02-28 00:00:00-05:00,405.442138671875
2024-02-29 00:00:00-05:00,411.3290710449219
2024-03-01 00:00:00-05:00,413.17864990234375
2024-03-04 00:00:00-05:00,412.6018981933594
2024-03-05 00:00:00-05:00,400.40045166015625
2024-03-06 00:00:00-05:00,399.84356689453125
2024-03-07 00:00:00-05:00,406.85418701171875
2024-03-08 00:00:00-05:00,403.95050048828125
2024-03-11 00:00:00-04:00,402.2599792480469
2024-03-12 00:00:00-04:00,412.9598693847656
2024-03-13 00:00:00-04:00,412.7809143066406
2024-03-14 00:00:00-04:00,422.8443603515625
2024-03-15 00:00:00-04:00,414.0935363769531
2024-03-18 00:00:00-04:00,414.9884948730469
2024-03-19 00:00:00-04:00,419.0556640625
2024-03-20 00:00:00-04:00,422.85430908203125
2024-03-21 00:00:00-04:00,426.97113037109375
2024-03-22 00:00:00-04:00,426.3446960449219
2024-03-25 00:00:00-04:00,420.4975280761719
2024-03-26 00:00:00-04:00,419.2943115234375
2024-03-27 00:00:00-04:00,419.0755310058594
2024-03-28 00:00:00-04:00,418.3694763183594
2024-04-01 00:00:00-04:00,422.1979675292969
2024-04-02 00:00:00-04:00,419.0854797363281
2024-04-03 00:00:00-04:00,418.1009826660156
2024-04-04 00:00:00-04:00,415.54534912109375
2024-04-05 00:00:00-04:00,423.14263916015625
2024-04-08 00:00:00-04:00,422.2178649902344
2024-04-09 00:00:00-04:00,423.8984375
2024-04-10 00:00:00-04:00,420.89532470703125
2024-04-11 00:00:00-04:00,425.5392150878906
2024-04-12 00:00:00-04:00,419.54290771484375
2024-04-15 00:00:00-04:00,411.3290710449219
2024-04-16 00:00:00-04:00,412.2637634277344
2024-04-17 00:00:00-04:00,409.5390930175781
2024-04-18 00:00:00-04:00,402.0113830566406
2024-04-19 00:00:00-04:00,396.8901672363281
2024-04-22 00:00:00-04:00,398.7198791503906
2024-04-23 00:00:00-04:00,405.29296875
2024-04-24 00:00:00-04:00,406.774658203125
2024-04-25 00:00:00-04:00,396.8106384277344
2024-04-26 00:00:00-04:00,404.0499572753906
2024-04-29 00:00:00-04:00,400.0026550292969
2024-04-30 00:00:00-04:00,387.15484619140625
2024-05-01 00:00:00-04:00,392.7335205078125
2024-05-02 00:00:00-04:00,395.6173095703125
2024-05-03 00:00:00-04:00,404.3880310058594
2024-05-06 00:00:00-04:00,411.2296142578125
2024-05-07 00:00:00-04:00,407.05303955078125
2024-05-08 00:00:00-04:00,408.24639892578125
2024-05-09 00:00:00-04:00,410.0164489746094
2024-05-10 00:00:00-04:00,412.4228820800781
2024-05-13 00:00:00-04:00,411.4085998535156
2024-05-14 00:00:00-04:00,414.23272705078125
2024-05-15 00:00:00-04:00,421.4751281738281
2024-05-16 00:00:00-04:00,419.3930969238281
2024-05-17 00:00:00-04:00,418.61602783203125
2024-05-20 00:00:00-04:00,423.7265930175781
2024-05-21 00:00:00-04:00,427.4125671386719
2024-05-22 00:00:00-04:00,428.8869323730469
2024-05-23 00:00:00-04:00,425.3802795410156
2024-05-24 00:00:00-04:00,428.5283203125
2024-05-28 00:00:00-04:00,428.68768310546875
2024-05-29 00:00:00-04:00,427.5420837402344
2024-05-30 00:00:00-04:00,413.0970764160156
2024-05-31 00:00:00-04:00,413.5553283691406
2024-06-03 00:00:00-04:00,411.951416015625
2024-06-04 00:00:00-04:00,414.49176025390625
2024-06-05 00:00:00-04:00,422.4016418457031
2024-06-06 00:00:00-04:00,422.90966796875
2024-06-07 00:00:00-04:00,422.24224853515625
2024-06-10 00:00:00-04:00,426.2469787597656
2024-06-11 00:00:00-04:00,431.0387268066406
2024-06-12 00:00:00-04:00,439.386962890625
2024-06-13 00:00:00-04:00,439.9049987792969
2024-06-14 00:00:00-04:00,440.8912353515625
2024-06-17 00:00:00-04:00,446.6692199707031
2024-06-18 00:00:00-04:00,444.6469421386719
2024-06-20 00:00:00-04:00,444.0093688964844
2024-06-21 00:00:00-04:00,448.0738830566406
2024-06-24 00:00:00-04:00,445.971923828125
2024-06-25 00:00:00-04:00,449.23944091796875
2024-06-26 00:00:00-04:00,450.4448547363281
2024-06-27 00:00:00-04:00,451.1322326660156
2024-06-28 00:00:00-04:00,445.254638671875
2024-07-01 00:00:00-04:00,454.9975280761719
2024-07-02 00:00:00-04:00,457.537841796875
2024-07-03 00:00:00-04:00,459.0221862792969
2024-07-05 00:00:00-04:00,465.78643798828125
2024-07-08 00:00:00-04:00,464.471435546875
2024-07-09 00:00:00-04:00,457.796875
2024-07-10 00:00:00-04:00,464.4814147949219
2024-07-11 00:00:00-04:00,452.9752197265625
2024-07-12 00:00:00-04:00,451.8295593261719
2024-07-15 00:00:00-04:00,452.238037109375
2024-07-16 00:00:00-04:00,447.81488037109375
2024-07-17 00:00:00-04:00,441.8376159667969
2024-07-18 00:00:00-04:00,438.6995849609375
2024-07-19 00:00:00-04:00,435.4519348144531
2024-07-22 00:00:00-04:00,441.25982666015625
2024-07-23 00:00:00-04:00,443.16259765625
2024-07-24 00:00:00-04:00,427.2730712890625
2024-07-25 00:00:00-04:00,416.8128967285156
2024-07-26 00:00:00-04:00,423.6568298339844
2024-07-29 00:00:00-04:00,425.111328125
2024-07-30 00:00:00-04:00,421.3157958984375
2024-07-31 00:00:00-04:00,416.76312255859375
2024-08-01 00:00:00-04:00,415.5278015136719
2024-08-02 00:00:00-04:00,406.94049072265625
2024-08-05 00:00:00-04:00,393.6510925292969
2024-08-06 00:00:00-04:00,398.09417724609375
2024-08-07 00:00:00-04:00,396.9186706542969
2024-08-08 00:00:00-04:00,401.1625061035156
2024-08-09 00:00:00-04:00,404.4798583984375
2024-08-12 00:00:00-04:00,405.2668762207031
2024-08-13 00:00:00-04:00,412.4395751953125
2024-08-14 00:00:00-04:00,415.27874755859375
2024-08-15 00:00:00-04:00,420.1889343261719
2024-08-16 00:00:00-04:00,417.634033203125
2024-08-19 00:00:00-04:00,420.68792724609375
2024-08-20 00:00:00-04:00,423.9513854980469
2024-08-21 00:00:00-04:00,423.292724609375
2024-08-22 00:00:00-04:00,414.7198791503906
2024-08-23 00:00:00-04:00,415.9573974609375
2024-08-26 00:00:00-04:00,412.6639709472656
2024-08-27 00:00:00-04:00,413.0132751464844
2024-08-28 00:00:00-04:00,409.77978515625
2024-08-29 00:00:00-04:00,412.29473876953125
2024-08-30 00:00:00-04:00,416.30670166015625
2024-09-03 00:00:00-04:00,408.6220703125
2024-09-04 00:00:00-04:00,408.0831604003906
2024-09-05 00:00:00-04:00,407.5741882324219
2024-09-06 00:00:00-04:00,400.8975524902344
2024-09-09 00:00:00-04:00,404.9095153808594
2024-09-10 00:00:00-04:00,413.3725891113281
2024-09-11 00:00:00-04:00,422.1949157714844
2024-09-12 00:00:00-04:00,426.1470031738281
2024-09-13 00:00:00-04:00,429.7298278808594
2024-09-16 00:00:00-04:00,430.47833251953125
2024-09-17 00:00:00-04:00,434.2807312011719
2024-09-18 00:00:00-04:00,429.94940185546875
2024-09-19 00:00:00-04:00,437.81365966796875
2024-09-20 00:00:00-04:00,434.4004821777344
2024-09-23 00:00:00-04:00,432.6440124511719
2024-09-24 00:00:00-04:00,428.31268310546875
2024-09-25 00:00:00-04:00,431.2467956542969
2024-09-26 00:00:00-04:00,430.4483947753906
2024-09-27 00:00:00-04:00,427.1649475097656
2024-09-30 00:00:00-04:00,429.4403991699219
2024-10-01 00:00:00-04:00,419.849609375
2024-10-02 00:00:00-04:00,416.2967224121094
2024-10-03 00:00:00-04:00,415.7079162597656
2024-10-04 00:00:00-04:00,415.2288513183594
2024-10-07 00:00:00-04:00,408.7218933105469
2024-10-08 00:00:00-04:00,413.8815612792969
2024-10-09 00:00:00-04:00,416.62603759765625
2024-10-10 00:00:00-04:00,415.0093078613281
2024-10-11 00:00:00-04:00,415.48834228515625
2024-10-14 00:00:00-04:00,418.302734375
2024-10-15 00:00:00-04:00,417.90350341796875
2024-10-16 00:00:00-04:00,415.2887268066406
2024-10-17 00:00:00-04:00,415.8875427246094
2024-10-18 00:00:00-04:00,417.3246765136719
2024-10-21 00:00:00-04:00,417.94342041015625
2024-10-22 00:00:00-04:00,426.656005859375
2024-10-23 00:00:00-04:00,423.7518005371094
2024-10-24 00:00:00-04:00,423.8815612792969
2024-10-25 00:00:00-04:00,427.2947082519531
2024-10-28 00:00:00-04:00,425.7378234863281
2024-10-29 00:00:00-04:00,431.0871276855469
2024-10-30 00:00:00-04:00,431.66595458984375
