Date,NQ=F
2017-11-09 00:00:00-05:00,6314.5
2017-11-10 00:00:00-05:00,6309.25
2017-11-13 00:00:00-05:00,6312.0
2017-11-14 00:00:00-05:00,6293.5
2017-11-15 00:00:00-05:00,6266.25
2017-11-16 00:00:00-05:00,6341.0
2017-11-17 00:00:00-05:00,6313.25
2017-11-20 00:00:00-05:00,6316.0
2017-11-21 00:00:00-05:00,6379.5
2017-11-22 00:00:00-05:00,6389.5
2017-11-24 00:00:00-05:00,6413.5
2017-11-27 00:00:00-05:00,6413.25
2017-11-28 00:00:00-05:00,6420.25
2017-11-29 00:00:00-05:00,6305.5
2017-11-30 00:00:00-05:00,6369.0
2017-12-01 00:00:00-05:00,6346.25
2017-12-04 00:00:00-05:00,6265.25
2017-12-05 00:00:00-05:00,6271.75
2017-12-06 00:00:00-05:00,6293.0
2017-12-07 00:00:00-05:00,6323.0
2017-12-08 00:00:00-05:00,6340.0
2017-12-11 00:00:00-05:00,6397.5
2017-12-12 00:00:00-05:00,6384.25
2017-12-13 00:00:00-05:00,6398.5
2017-12-14 00:00:00-05:00,6391.75
2017-12-15 00:00:00-05:00,6478.0
2017-12-18 00:00:00-05:00,6535.25
2017-12-19 00:00:00-05:00,6500.75
2017-12-20 00:00:00-05:00,6489.0
2017-12-21 00:00:00-05:00,6492.25
2017-12-22 00:00:00-05:00,6483.75
2017-12-26 00:00:00-05:00,6460.0
2017-12-27 00:00:00-05:00,6454.0
2017-12-28 00:00:00-05:00,6446.25
2017-12-29 00:00:00-05:00,6408.75
2018-01-02 00:00:00-05:00,6514.75
2018-01-03 00:00:00-05:00,6584.5
2018-01-04 00:00:00-05:00,6603.5
2018-01-05 00:00:00-05:00,6667.75
2018-01-08 00:00:00-05:00,6688.0
2018-01-09 00:00:00-05:00,6687.0
2018-01-10 00:00:00-05:00,6677.25
2018-01-11 00:00:00-05:00,6726.5
2018-01-12 00:00:00-05:00,6775.25
2018-01-16 00:00:00-05:00,6762.25
2018-01-17 00:00:00-05:00,6823.75
2018-01-18 00:00:00-05:00,6813.0
2018-01-19 00:00:00-05:00,6845.75
2018-01-22 00:00:00-05:00,6931.0
2018-01-23 00:00:00-05:00,6965.75
2018-01-24 00:00:00-05:00,6931.25
2018-01-25 00:00:00-05:00,6931.5
2018-01-26 00:00:00-05:00,7030.25
2018-01-29 00:00:00-05:00,6992.5
2018-01-30 00:00:00-05:00,6941.5
2018-01-31 00:00:00-05:00,6962.5
2018-02-01 00:00:00-05:00,6898.5
2018-02-02 00:00:00-05:00,6755.75
2018-02-05 00:00:00-05:00,6429.25
2018-02-06 00:00:00-05:00,6653.75
2018-02-07 00:00:00-05:00,6555.75
2018-02-08 00:00:00-05:00,6317.25
2018-02-09 00:00:00-05:00,6417.75
2018-02-12 00:00:00-05:00,6531.75
2018-02-13 00:00:00-05:00,6560.5
2018-02-14 00:00:00-05:00,6687.0
2018-02-15 00:00:00-05:00,6816.0
2018-02-16 00:00:00-05:00,6786.75
2018-02-20 00:00:00-05:00,6790.5
2018-02-21 00:00:00-05:00,6760.5
2018-02-22 00:00:00-05:00,6788.75
2018-02-23 00:00:00-05:00,6909.75
2018-02-26 00:00:00-05:00,7000.0
2018-02-27 00:00:00-05:00,6915.75
2018-02-28 00:00:00-05:00,6865.0
2018-03-01 00:00:00-05:00,6760.75
2018-03-02 00:00:00-05:00,6804.75
2018-03-05 00:00:00-05:00,6877.5
2018-03-06 00:00:00-05:00,6907.75
2018-03-07 00:00:00-05:00,6924.5
2018-03-08 00:00:00-05:00,6974.25
2018-03-09 00:00:00-05:00,7098.25
2018-03-12 00:00:00-04:00,7139.5
2018-03-13 00:00:00-04:00,7058.25
2018-03-14 00:00:00-04:00,7033.5
2018-03-15 00:00:00-04:00,7046.5
2018-03-16 00:00:00-04:00,7044.0
2018-03-19 00:00:00-04:00,6914.25
2018-03-20 00:00:00-04:00,6917.5
2018-03-21 00:00:00-04:00,6884.0
2018-03-22 00:00:00-04:00,6692.0
2018-03-23 00:00:00-04:00,6554.25
2018-03-26 00:00:00-04:00,6773.5
2018-03-27 00:00:00-04:00,6561.25
2018-03-28 00:00:00-04:00,6477.25
2018-03-29 00:00:00-04:00,6594.0
2018-04-02 00:00:00-04:00,6393.25
2018-04-03 00:00:00-04:00,6469.25
2018-04-04 00:00:00-04:00,6582.5
2018-04-05 00:00:00-04:00,6600.25
2018-04-06 00:00:00-04:00,6454.75
2018-04-09 00:00:00-04:00,6497.0
2018-04-10 00:00:00-04:00,6624.25
2018-04-11 00:00:00-04:00,6592.75
2018-04-12 00:00:00-04:00,6670.75
2018-04-13 00:00:00-04:00,6640.75
2018-04-16 00:00:00-04:00,6712.0
2018-04-17 00:00:00-04:00,6828.75
2018-04-18 00:00:00-04:00,6843.5
2018-04-19 00:00:00-04:00,6780.0
2018-04-20 00:00:00-04:00,6676.25
2018-04-23 00:00:00-04:00,6667.0
2018-04-24 00:00:00-04:00,6526.75
2018-04-25 00:00:00-04:00,6555.75
2018-04-26 00:00:00-04:00,6734.75
2018-04-27 00:00:00-04:00,6669.75
2018-04-30 00:00:00-04:00,6613.0
2018-05-01 00:00:00-04:00,6692.0
2018-05-02 00:00:00-04:00,6633.5
2018-05-03 00:00:00-04:00,6664.5
2018-05-04 00:00:00-04:00,6774.75
2018-05-07 00:00:00-04:00,6826.0
2018-05-08 00:00:00-04:00,6820.5
2018-05-09 00:00:00-04:00,6896.0
2018-05-10 00:00:00-04:00,6965.0
2018-05-11 00:00:00-04:00,6960.0
2018-05-14 00:00:00-04:00,6974.0
2018-05-15 00:00:00-04:00,6890.5
2018-05-16 00:00:00-04:00,6937.25
2018-05-17 00:00:00-04:00,6905.75
2018-05-18 00:00:00-04:00,6874.0
2018-05-21 00:00:00-04:00,6915.75
2018-05-22 00:00:00-04:00,6909.25
2018-05-23 00:00:00-04:00,6957.0
2018-05-24 00:00:00-04:00,6957.25
2018-05-25 00:00:00-04:00,6960.25
2018-05-29 00:00:00-04:00,6944.5
2018-05-30 00:00:00-04:00,6987.25
2018-05-31 00:00:00-04:00,6977.0
2018-06-01 00:00:00-04:00,7083.0
2018-06-04 00:00:00-04:00,7148.25
2018-06-05 00:00:00-04:00,7179.25
2018-06-06 00:00:00-04:00,7215.0
2018-06-07 00:00:00-04:00,7161.0
2018-06-08 00:00:00-04:00,7151.5
2018-06-11 00:00:00-04:00,7170.25
2018-06-12 00:00:00-04:00,7199.5
2018-06-13 00:00:00-04:00,7204.25
2018-06-14 00:00:00-04:00,7283.75
2018-06-15 00:00:00-04:00,7257.5
2018-06-18 00:00:00-04:00,7276.0
2018-06-19 00:00:00-04:00,7252.25
2018-06-20 00:00:00-04:00,7313.25
2018-06-21 00:00:00-04:00,7237.75
2018-06-22 00:00:00-04:00,7222.75
2018-06-25 00:00:00-04:00,7073.5
2018-06-26 00:00:00-04:00,7104.0
2018-06-27 00:00:00-04:00,6998.25
2018-06-28 00:00:00-04:00,7060.5
2018-06-29 00:00:00-04:00,7066.75
2018-07-02 00:00:00-04:00,7116.5
2018-07-03 00:00:00-04:00,7023.75
2018-07-05 00:00:00-04:00,7125.75
2018-07-06 00:00:00-04:00,7233.5
2018-07-09 00:00:00-04:00,7300.25
2018-07-10 00:00:00-04:00,7301.5
2018-07-11 00:00:00-04:00,7253.75
2018-07-12 00:00:00-04:00,7382.75
2018-07-13 00:00:00-04:00,7393.0
2018-07-16 00:00:00-04:00,7325.0
2018-07-17 00:00:00-04:00,7421.75
2018-07-18 00:00:00-04:00,7404.5
2018-07-19 00:00:00-04:00,7367.75
2018-07-20 00:00:00-04:00,7360.0
2018-07-23 00:00:00-04:00,7430.5
2018-07-24 00:00:00-04:00,7416.25
2018-07-25 00:00:00-04:00,7469.5
2018-07-26 00:00:00-04:00,7430.75
2018-07-27 00:00:00-04:00,7301.25
2018-07-30 00:00:00-04:00,7200.5
2018-07-31 00:00:00-04:00,7244.75
2018-08-01 00:00:00-04:00,7277.0
2018-08-02 00:00:00-04:00,7385.75
2018-08-03 00:00:00-04:00,7402.0
2018-08-06 00:00:00-04:00,7444.0
2018-08-07 00:00:00-04:00,7477.25
2018-08-08 00:00:00-04:00,7471.5
2018-08-09 00:00:00-04:00,7475.5
2018-08-10 00:00:00-04:00,7427.0
2018-08-13 00:00:00-04:00,7417.0
2018-08-14 00:00:00-04:00,7457.75
2018-08-15 00:00:00-04:00,7374.0
2018-08-16 00:00:00-04:00,7389.0
2018-08-17 00:00:00-04:00,7387.75
2018-08-20 00:00:00-04:00,7387.0
2018-08-21 00:00:00-04:00,7397.5
2018-08-22 00:00:00-04:00,7433.25
2018-08-23 00:00:00-04:00,7424.5
2018-08-24 00:00:00-04:00,7495.75
2018-08-27 00:00:00-04:00,7568.0
2018-08-28 00:00:00-04:00,7578.0
2018-08-29 00:00:00-04:00,7668.75
2018-08-30 00:00:00-04:00,7649.0
2018-08-31 00:00:00-04:00,7661.25
2018-09-04 00:00:00-04:00,7638.75
2018-09-05 00:00:00-04:00,7531.75
2018-09-06 00:00:00-04:00,7457.5
2018-09-07 00:00:00-04:00,7438.5
2018-09-10 00:00:00-04:00,7460.25
2018-09-11 00:00:00-04:00,7512.0
2018-09-12 00:00:00-04:00,7485.75
2018-09-13 00:00:00-04:00,7564.5
2018-09-14 00:00:00-04:00,7544.75
2018-09-17 00:00:00-04:00,7436.25
2018-09-18 00:00:00-04:00,7495.25
2018-09-19 00:00:00-04:00,7497.5
2018-09-20 00:00:00-04:00,7579.75
2018-09-21 00:00:00-04:00,7589.0
2018-09-24 00:00:00-04:00,7586.0
2018-09-25 00:00:00-04:00,7595.25
2018-09-26 00:00:00-04:00,7590.25
2018-09-27 00:00:00-04:00,7657.25
2018-09-28 00:00:00-04:00,7655.25
2018-10-01 00:00:00-04:00,7675.5
2018-10-02 00:00:00-04:00,7652.75
2018-10-03 00:00:00-04:00,7664.75
2018-10-04 00:00:00-04:00,7514.25
2018-10-05 00:00:00-04:00,7436.0
2018-10-08 00:00:00-04:00,7391.75
2018-10-09 00:00:00-04:00,7399.0
2018-10-10 00:00:00-04:00,7032.0
2018-10-11 00:00:00-04:00,7031.0
2018-10-12 00:00:00-04:00,7172.25
2018-10-15 00:00:00-04:00,7076.5
2018-10-16 00:00:00-04:00,7353.75
2018-10-17 00:00:00-04:00,7313.25
2018-10-18 00:00:00-04:00,7137.75
2018-10-19 00:00:00-04:00,7106.5
2018-10-22 00:00:00-04:00,7155.25
2018-10-23 00:00:00-04:00,7140.25
2018-10-24 00:00:00-04:00,6836.25
2018-10-25 00:00:00-04:00,6926.5
2018-10-26 00:00:00-04:00,6893.25
2018-10-29 00:00:00-04:00,6736.25
2018-10-30 00:00:00-04:00,6815.25
2018-10-31 00:00:00-04:00,6975.5
2018-11-01 00:00:00-04:00,7077.75
2018-11-02 00:00:00-04:00,6980.25
2018-11-05 00:00:00-05:00,6949.5
2018-11-06 00:00:00-05:00,7016.5
2018-11-07 00:00:00-05:00,7218.5
2018-11-08 00:00:00-05:00,7166.0
2018-11-09 00:00:00-05:00,7031.25
2018-11-12 00:00:00-05:00,6835.0
2018-11-13 00:00:00-05:00,6853.0
2018-11-14 00:00:00-05:00,6768.25
2018-11-15 00:00:00-05:00,6915.5
2018-11-16 00:00:00-05:00,6895.25
2018-11-19 00:00:00-05:00,6672.0
2018-11-20 00:00:00-05:00,6532.5
2018-11-21 00:00:00-05:00,6576.25
2018-11-23 00:00:00-05:00,6531.0
2018-11-26 00:00:00-05:00,6673.25
2018-11-27 00:00:00-05:00,6712.5
2018-11-28 00:00:00-05:00,6918.25
2018-11-29 00:00:00-05:00,6913.25
2018-11-30 00:00:00-05:00,6949.5
2018-12-03 00:00:00-05:00,7058.25
2018-12-04 00:00:00-05:00,6803.25
2018-12-06 00:00:00-05:00,6824.5
2018-12-07 00:00:00-05:00,6623.5
2018-12-10 00:00:00-05:00,6699.25
2018-12-11 00:00:00-05:00,6717.0
2018-12-12 00:00:00-05:00,6769.0
2018-12-13 00:00:00-05:00,6752.0
2018-12-14 00:00:00-05:00,6599.5
2018-12-17 00:00:00-05:00,6466.25
2018-12-18 00:00:00-05:00,6462.75
2018-12-19 00:00:00-05:00,6334.75
2018-12-20 00:00:00-05:00,6308.5
2018-12-21 00:00:00-05:00,6257.25
2018-12-24 00:00:00-05:00,5892.0
2018-12-26 00:00:00-05:00,6285.5
2018-12-27 00:00:00-05:00,6323.5
2018-12-28 00:00:00-05:00,6293.25
2018-12-31 00:00:00-05:00,6333.25
2019-01-02 00:00:00-05:00,6371.0
2019-01-03 00:00:00-05:00,6162.0
2019-01-04 00:00:00-05:00,6434.0
2019-01-07 00:00:00-05:00,6496.5
2019-01-08 00:00:00-05:00,6557.25
2019-01-09 00:00:00-05:00,6604.75
2019-01-10 00:00:00-05:00,6625.25
2019-01-11 00:00:00-05:00,6612.75
2019-01-14 00:00:00-05:00,6545.0
2019-01-15 00:00:00-05:00,6676.75
2019-01-16 00:00:00-05:00,6666.25
2019-01-17 00:00:00-05:00,6720.0
2019-01-18 00:00:00-05:00,6792.75
2019-01-22 00:00:00-05:00,6653.0
2019-01-23 00:00:00-05:00,6665.25
2019-01-24 00:00:00-05:00,6675.0
2019-01-25 00:00:00-05:00,6791.25
2019-01-28 00:00:00-05:00,6701.75
2019-01-29 00:00:00-05:00,6638.75
2019-01-30 00:00:00-05:00,6837.25
2019-01-31 00:00:00-05:00,6914.75
2019-02-01 00:00:00-05:00,6877.75
2019-02-04 00:00:00-05:00,6937.5
2019-02-05 00:00:00-05:00,7008.0
2019-02-06 00:00:00-05:00,6995.75
2019-02-07 00:00:00-05:00,6905.5
2019-02-08 00:00:00-05:00,6916.75
2019-02-11 00:00:00-05:00,6914.25
2019-02-12 00:00:00-05:00,7018.5
2019-02-13 00:00:00-05:00,7016.25
2019-02-14 00:00:00-05:00,7019.75
2019-02-15 00:00:00-05:00,7063.75
2019-02-19 00:00:00-05:00,7068.25
2019-02-20 00:00:00-05:00,7073.25
2019-02-21 00:00:00-05:00,7034.5
2019-02-22 00:00:00-05:00,7088.25
2019-02-25 00:00:00-05:00,7125.75
2019-02-26 00:00:00-05:00,7117.75
2019-02-27 00:00:00-05:00,7121.75
2019-02-28 00:00:00-05:00,7102.5
2019-03-01 00:00:00-05:00,7156.0
2019-03-04 00:00:00-05:00,7145.75
2019-03-05 00:00:00-05:00,7165.5
2019-03-06 00:00:00-05:00,7111.25
2019-03-07 00:00:00-05:00,7027.5
2019-03-08 00:00:00-05:00,7026.75
2019-03-11 00:00:00-04:00,7164.75
2019-03-12 00:00:00-04:00,7206.5
2019-03-13 00:00:00-04:00,7267.75
2019-03-14 00:00:00-04:00,7239.75
2019-03-15 00:00:00-04:00,7270.35009765625
2019-03-18 00:00:00-04:00,7360.75
2019-03-19 00:00:00-04:00,7376.5
2019-03-20 00:00:00-04:00,7409.5
2019-03-21 00:00:00-04:00,7534.5
2019-03-22 00:00:00-04:00,7368.75
2019-03-25 00:00:00-04:00,7355.25
2019-03-26 00:00:00-04:00,7376.75
2019-03-27 00:00:00-04:00,7334.5
2019-03-28 00:00:00-04:00,7352.0
2019-03-29 00:00:00-04:00,7400.5
2019-04-01 00:00:00-04:00,7498.5
2019-04-02 00:00:00-04:00,7519.25
2019-04-03 00:00:00-04:00,7582.25
2019-04-04 00:00:00-04:00,7561.5
2019-04-05 00:00:00-04:00,7604.25
2019-04-08 00:00:00-04:00,7623.5
2019-04-09 00:00:00-04:00,7593.25
2019-04-10 00:00:00-04:00,7641.25
2019-04-11 00:00:00-04:00,7617.25
2019-04-12 00:00:00-04:00,7652.25
2019-04-15 00:00:00-04:00,7647.75
2019-04-16 00:00:00-04:00,7679.5
2019-04-17 00:00:00-04:00,7689.75
2019-04-18 00:00:00-04:00,7712.5
2019-04-22 00:00:00-04:00,7734.75
2019-04-23 00:00:00-04:00,7838.0
2019-04-24 00:00:00-04:00,7847.75
2019-04-25 00:00:00-04:00,7798.5
2019-04-26 00:00:00-04:00,7840.25
2019-04-29 00:00:00-04:00,7813.75
2019-04-30 00:00:00-04:00,7800.0
2019-05-01 00:00:00-04:00,7756.5
2019-05-02 00:00:00-04:00,7734.25
2019-05-03 00:00:00-04:00,7865.0
2019-05-06 00:00:00-04:00,7803.5
2019-05-07 00:00:00-04:00,7674.0
2019-05-08 00:00:00-04:00,7647.5
2019-05-09 00:00:00-04:00,7595.25
2019-05-10 00:00:00-04:00,7610.25
2019-05-13 00:00:00-04:00,7314.75
2019-05-14 00:00:00-04:00,7421.0
2019-05-15 00:00:00-04:00,7529.25
2019-05-16 00:00:00-04:00,7600.25
2019-05-17 00:00:00-04:00,7511.5
2019-05-20 00:00:00-04:00,7391.75
2019-05-21 00:00:00-04:00,7464.0
2019-05-22 00:00:00-04:00,7430.0
2019-05-23 00:00:00-04:00,7311.0
2019-05-24 00:00:00-04:00,7315.5
2019-05-28 00:00:00-04:00,7295.25
2019-05-29 00:00:00-04:00,7216.0
2019-05-30 00:00:00-04:00,7255.25
2019-05-31 00:00:00-04:00,7133.5
2019-06-03 00:00:00-04:00,6993.75
2019-06-04 00:00:00-04:00,7179.25
2019-06-05 00:00:00-04:00,7228.5
2019-06-06 00:00:00-04:00,7282.25
2019-06-07 00:00:00-04:00,7419.5
2019-06-10 00:00:00-04:00,7515.5
2019-06-11 00:00:00-04:00,7518.25
2019-06-12 00:00:00-04:00,7473.25
2019-06-13 00:00:00-04:00,7522.75
2019-06-14 00:00:00-04:00,7478.25
2019-06-17 00:00:00-04:00,7534.25
2019-06-18 00:00:00-04:00,7645.25
2019-06-19 00:00:00-04:00,7674.25
2019-06-20 00:00:00-04:00,7745.25
2019-06-21 00:00:00-04:00,7723.60986328125
2019-06-24 00:00:00-04:00,7758.75
2019-06-25 00:00:00-04:00,7628.75
2019-06-26 00:00:00-04:00,7650.0
2019-06-27 00:00:00-04:00,7690.5
2019-06-28 00:00:00-04:00,7693.75
2019-07-01 00:00:00-04:00,7790.0
2019-07-02 00:00:00-04:00,7838.25
2019-07-03 00:00:00-04:00,7887.5
2019-07-05 00:00:00-04:00,7851.5
2019-07-08 00:00:00-04:00,7801.0
2019-07-09 00:00:00-04:00,7845.25
2019-07-10 00:00:00-04:00,7928.75
2019-07-11 00:00:00-04:00,7918.75
2019-07-12 00:00:00-04:00,7960.0
2019-07-15 00:00:00-04:00,7986.75
2019-07-16 00:00:00-04:00,7942.75
2019-07-17 00:00:00-04:00,7885.5
2019-07-18 00:00:00-04:00,7933.5
2019-07-19 00:00:00-04:00,7842.75
2019-07-22 00:00:00-04:00,7924.75
2019-07-23 00:00:00-04:00,7983.75
2019-07-24 00:00:00-04:00,8038.0
2019-07-25 00:00:00-04:00,7981.75
2019-07-26 00:00:00-04:00,8019.75
2019-07-29 00:00:00-04:00,8001.25
2019-07-30 00:00:00-04:00,7963.25
2019-07-31 00:00:00-04:00,7866.75
2019-08-01 00:00:00-04:00,7808.25
2019-08-02 00:00:00-04:00,7702.25
2019-08-05 00:00:00-04:00,7385.25
2019-08-06 00:00:00-04:00,7515.5
2019-08-07 00:00:00-04:00,7553.25
2019-08-08 00:00:00-04:00,7735.75
2019-08-09 00:00:00-04:00,7660.25
2019-08-12 00:00:00-04:00,7566.75
2019-08-13 00:00:00-04:00,7748.0
2019-08-14 00:00:00-04:00,7488.75
2019-08-15 00:00:00-04:00,7496.25
2019-08-16 00:00:00-04:00,7611.75
2019-08-19 00:00:00-04:00,7727.5
2019-08-20 00:00:00-04:00,7668.0
2019-08-21 00:00:00-04:00,7750.25
2019-08-22 00:00:00-04:00,7711.25
2019-08-23 00:00:00-04:00,7504.5
2019-08-26 00:00:00-04:00,7590.5
2019-08-27 00:00:00-04:00,7562.75
2019-08-28 00:00:00-04:00,7599.25
2019-08-29 00:00:00-04:00,7712.0
2019-08-30 00:00:00-04:00,7690.75
2019-09-03 00:00:00-04:00,7617.5
2019-09-04 00:00:00-04:00,7722.75
2019-09-05 00:00:00-04:00,7855.5
2019-09-06 00:00:00-04:00,7857.75
2019-09-09 00:00:00-04:00,7830.75
2019-09-10 00:00:00-04:00,7815.0
2019-09-11 00:00:00-04:00,7889.75
2019-09-12 00:00:00-04:00,7921.5
2019-09-13 00:00:00-04:00,7886.0
2019-09-16 00:00:00-04:00,7856.5
2019-09-17 00:00:00-04:00,7890.25
2019-09-18 00:00:00-04:00,7894.25
2019-09-19 00:00:00-04:00,7896.25
2019-09-20 00:00:00-04:00,7899.47998046875
2019-09-23 00:00:00-04:00,7850.5
2019-09-24 00:00:00-04:00,7735.25
2019-09-25 00:00:00-04:00,7820.25
2019-09-26 00:00:00-04:00,7787.25
2019-09-27 00:00:00-04:00,7701.25
2019-09-30 00:00:00-04:00,7770.5
2019-10-01 00:00:00-04:00,7695.5
2019-10-02 00:00:00-04:00,7546.25
2019-10-03 00:00:00-04:00,7658.5
2019-10-04 00:00:00-04:00,7767.25
2019-10-07 00:00:00-04:00,7740.0
2019-10-08 00:00:00-04:00,7622.0
2019-10-09 00:00:00-04:00,7699.75
2019-10-10 00:00:00-04:00,7760.25
2019-10-11 00:00:00-04:00,7859.0
2019-10-14 00:00:00-04:00,7857.5
2019-10-15 00:00:00-04:00,7959.75
2019-10-16 00:00:00-04:00,7948.5
2019-10-17 00:00:00-04:00,7952.75
2019-10-18 00:00:00-04:00,7880.75
2019-10-21 00:00:00-04:00,7948.25
2019-10-22 00:00:00-04:00,7858.75
2019-10-23 00:00:00-04:00,7901.5
2019-10-24 00:00:00-04:00,7928.25
2019-10-25 00:00:00-04:00,8035.75
2019-10-28 00:00:00-04:00,8094.75
2019-10-29 00:00:00-04:00,8055.25
2019-10-30 00:00:00-04:00,8111.25
2019-10-31 00:00:00-04:00,8090.25
2019-11-01 00:00:00-04:00,8160.25
2019-11-04 00:00:00-05:00,8215.75
2019-11-05 00:00:00-05:00,8210.75
2019-11-06 00:00:00-05:00,8207.25
2019-11-07 00:00:00-05:00,8230.5
2019-11-08 00:00:00-05:00,8257.25
2019-11-11 00:00:00-05:00,8249.75
2019-11-12 00:00:00-05:00,8275.0
2019-11-13 00:00:00-05:00,8265.75
2019-11-14 00:00:00-05:00,8265.5
2019-11-15 00:00:00-05:00,8318.75
2019-11-18 00:00:00-05:00,8333.5
2019-11-19 00:00:00-05:00,8341.5
2019-11-20 00:00:00-05:00,8291.75
2019-11-21 00:00:00-05:00,8274.5
2019-11-22 00:00:00-05:00,8280.5
2019-11-25 00:00:00-05:00,8376.5
2019-11-26 00:00:00-05:00,8400.75
2019-11-27 00:00:00-05:00,8454.75
2019-11-29 00:00:00-05:00,8417.5
2019-12-02 00:00:00-05:00,8316.0
2019-12-03 00:00:00-05:00,8251.25
2019-12-04 00:00:00-05:00,8295.25
2019-12-05 00:00:00-05:00,8309.25
2019-12-06 00:00:00-05:00,8400.25
2019-12-09 00:00:00-05:00,8356.0
2019-12-10 00:00:00-05:00,8363.75
2019-12-11 00:00:00-05:00,8405.5
2019-12-12 00:00:00-05:00,8465.25
2019-12-13 00:00:00-05:00,8494.0
2019-12-16 00:00:00-05:00,8576.0
2019-12-17 00:00:00-05:00,8576.25
2019-12-18 00:00:00-05:00,8590.25
2019-12-19 00:00:00-05:00,8642.5
2019-12-20 00:00:00-05:00,8707.4599609375
2019-12-23 00:00:00-05:00,8726.5
2019-12-24 00:00:00-05:00,8729.5
2019-12-26 00:00:00-05:00,8804.25
2019-12-27 00:00:00-05:00,8783.25
2019-12-30 00:00:00-05:00,8733.75
2019-12-31 00:00:00-05:00,8752.25
2020-01-02 00:00:00-05:00,8891.75
2020-01-03 00:00:00-05:00,8810.0
2020-01-06 00:00:00-05:00,8847.5
2020-01-07 00:00:00-05:00,8853.0
2020-01-08 00:00:00-05:00,8944.5
2020-01-09 00:00:00-05:00,9009.0
2020-01-10 00:00:00-05:00,8978.25
2020-01-13 00:00:00-05:00,9088.25
2020-01-14 00:00:00-05:00,9062.5
2020-01-15 00:00:00-05:00,9060.0
2020-01-16 00:00:00-05:00,9133.5
2020-01-17 00:00:00-05:00,9174.5
2020-01-21 00:00:00-05:00,9169.75
2020-01-22 00:00:00-05:00,9195.75
2020-01-23 00:00:00-05:00,9248.25
2020-01-24 00:00:00-05:00,9144.5
2020-01-27 00:00:00-05:00,8954.5
2020-01-28 00:00:00-05:00,9105.25
2020-01-29 00:00:00-05:00,9098.5
2020-01-30 00:00:00-05:00,9216.25
2020-01-31 00:00:00-05:00,8997.75
2020-02-03 00:00:00-05:00,9114.25
2020-02-04 00:00:00-05:00,9355.0
2020-02-05 00:00:00-05:00,9381.5
2020-02-06 00:00:00-05:00,9455.5
2020-02-07 00:00:00-05:00,9409.5
2020-02-10 00:00:00-05:00,9527.5
2020-02-11 00:00:00-05:00,9527.25
2020-02-12 00:00:00-05:00,9625.75
2020-02-13 00:00:00-05:00,9613.0
2020-02-14 00:00:00-05:00,9632.25
2020-02-18 00:00:00-05:00,9636.0
2020-02-19 00:00:00-05:00,9733.5
2020-02-20 00:00:00-05:00,9624.25
2020-02-21 00:00:00-05:00,9458.0
2020-02-24 00:00:00-05:00,9091.0
2020-02-25 00:00:00-05:00,8854.25
2020-02-26 00:00:00-05:00,8850.25
2020-02-27 00:00:00-05:00,8382.75
2020-02-28 00:00:00-05:00,8454.0
2020-03-02 00:00:00-05:00,8791.25
2020-03-03 00:00:00-05:00,8582.5
2020-03-04 00:00:00-05:00,8896.5
2020-03-05 00:00:00-05:00,8648.75
2020-03-06 00:00:00-05:00,8503.25
2020-03-09 00:00:00-04:00,7951.5
2020-03-10 00:00:00-04:00,8331.5
2020-03-11 00:00:00-04:00,8003.5
2020-03-12 00:00:00-04:00,7215.25
2020-03-13 00:00:00-04:00,7915.75
2020-03-16 00:00:00-04:00,7057.5
2020-03-17 00:00:00-04:00,7405.25
2020-03-18 00:00:00-04:00,7225.25
2020-03-19 00:00:00-04:00,7293.5
2020-03-20 00:00:00-04:00,7417.97998046875
2020-03-23 00:00:00-04:00,6984.5
2020-03-24 00:00:00-04:00,7554.75
2020-03-25 00:00:00-04:00,7467.75
2020-03-26 00:00:00-04:00,7844.0
2020-03-27 00:00:00-04:00,7568.5
2020-03-30 00:00:00-04:00,7854.75
2020-03-31 00:00:00-04:00,7786.25
2020-04-01 00:00:00-04:00,7438.75
2020-04-02 00:00:00-04:00,7627.25
2020-04-03 00:00:00-04:00,7522.75
2020-04-06 00:00:00-04:00,8029.75
2020-04-07 00:00:00-04:00,8012.0
2020-04-08 00:00:00-04:00,8189.75
2020-04-09 00:00:00-04:00,8227.5
2020-04-13 00:00:00-04:00,8327.25
2020-04-14 00:00:00-04:00,8692.5
2020-04-15 00:00:00-04:00,8594.0
2020-04-16 00:00:00-04:00,8734.25
2020-04-17 00:00:00-04:00,8809.0
2020-04-20 00:00:00-04:00,8692.0
2020-04-21 00:00:00-04:00,8431.75
2020-04-22 00:00:00-04:00,8638.0
2020-04-23 00:00:00-04:00,8598.75
2020-04-24 00:00:00-04:00,8769.0
2020-04-27 00:00:00-04:00,8824.25
2020-04-28 00:00:00-04:00,8719.75
2020-04-29 00:00:00-04:00,9036.5
2020-04-30 00:00:00-04:00,8988.5
2020-05-01 00:00:00-04:00,8718.0
2020-05-04 00:00:00-04:00,8795.5
2020-05-05 00:00:00-04:00,8924.25
2020-05-06 00:00:00-04:00,8952.0
2020-05-07 00:00:00-04:00,9107.75
2020-05-08 00:00:00-04:00,9218.25
2020-05-11 00:00:00-04:00,9279.0
2020-05-12 00:00:00-04:00,9078.25
2020-05-13 00:00:00-04:00,8992.25
2020-05-14 00:00:00-04:00,9079.5
2020-05-15 00:00:00-04:00,9096.5
2020-05-18 00:00:00-04:00,9325.5
2020-05-19 00:00:00-04:00,9300.75
2020-05-20 00:00:00-04:00,9485.5
2020-05-21 00:00:00-04:00,9355.75
2020-05-22 00:00:00-04:00,9406.25
2020-05-26 00:00:00-04:00,9406.5
2020-05-27 00:00:00-04:00,9432.5
2020-05-28 00:00:00-04:00,9460.25
2020-05-29 00:00:00-04:00,9560.25
2020-06-01 00:00:00-04:00,9595.0
2020-06-02 00:00:00-04:00,9647.75
2020-06-03 00:00:00-04:00,9684.75
2020-06-04 00:00:00-04:00,9626.25
2020-06-05 00:00:00-04:00,9808.5
2020-06-08 00:00:00-04:00,9884.75
2020-06-09 00:00:00-04:00,9951.0
2020-06-10 00:00:00-04:00,10087.25
2020-06-11 00:00:00-04:00,9616.75
2020-06-12 00:00:00-04:00,9645.0
2020-06-15 00:00:00-04:00,9800.5
2020-06-16 00:00:00-04:00,9972.5
2020-06-17 00:00:00-04:00,9994.5
2020-06-18 00:00:00-04:00,9995.75
2020-06-19 00:00:00-04:00,10120.83984375
2020-06-22 00:00:00-04:00,10124.75
2020-06-23 00:00:00-04:00,10196.0
2020-06-24 00:00:00-04:00,10010.75
2020-06-25 00:00:00-04:00,10088.25
2020-06-26 00:00:00-04:00,9865.5
2020-06-29 00:00:00-04:00,9973.75
2020-06-30 00:00:00-04:00,10147.25
2020-07-01 00:00:00-04:00,10268.75
2020-07-02 00:00:00-04:00,10355.75
2020-07-06 00:00:00-04:00,10598.5
2020-07-07 00:00:00-04:00,10532.25
2020-07-08 00:00:00-04:00,10662.25
2020-07-09 00:00:00-04:00,10727.5
2020-07-10 00:00:00-04:00,10837.25
2020-07-13 00:00:00-04:00,10600.0
2020-07-14 00:00:00-04:00,10646.25
2020-07-15 00:00:00-04:00,10683.25
2020-07-16 00:00:00-04:00,10511.75
2020-07-17 00:00:00-04:00,10622.5
2020-07-20 00:00:00-04:00,10951.0
2020-07-21 00:00:00-04:00,10851.0
2020-07-22 00:00:00-04:00,10804.25
2020-07-23 00:00:00-04:00,10548.25
2020-07-24 00:00:00-04:00,10459.0
2020-07-27 00:00:00-04:00,10675.25
2020-07-28 00:00:00-04:00,10540.0
2020-07-29 00:00:00-04:00,10674.25
2020-07-30 00:00:00-04:00,10794.0
2020-07-31 00:00:00-04:00,10890.5
2020-08-03 00:00:00-04:00,11044.25
2020-08-04 00:00:00-04:00,11086.0
2020-08-05 00:00:00-04:00,11091.75
2020-08-06 00:00:00-04:00,11261.25
2020-08-07 00:00:00-04:00,11122.75
2020-08-10 00:00:00-04:00,11072.0
2020-08-11 00:00:00-04:00,10878.5
2020-08-12 00:00:00-04:00,11126.0
2020-08-13 00:00:00-04:00,11175.25
2020-08-14 00:00:00-04:00,11133.75
2020-08-17 00:00:00-04:00,11286.75
2020-08-18 00:00:00-04:00,11409.25
2020-08-19 00:00:00-04:00,11332.0
2020-08-20 00:00:00-04:00,11477.25
2020-08-21 00:00:00-04:00,11562.0
2020-08-24 00:00:00-04:00,11636.25
2020-08-25 00:00:00-04:00,11726.25
2020-08-26 00:00:00-04:00,11991.25
2020-08-27 00:00:00-04:00,11952.75
2020-08-28 00:00:00-04:00,11991.75
2020-08-31 00:00:00-04:00,12114.0
2020-09-01 00:00:00-04:00,12312.5
2020-09-02 00:00:00-04:00,12411.5
2020-09-03 00:00:00-04:00,11800.5
2020-09-04 00:00:00-04:00,11548.75
2020-09-08 00:00:00-04:00,11060.5
2020-09-09 00:00:00-04:00,11392.75
2020-09-10 00:00:00-04:00,11178.25
2020-09-11 00:00:00-04:00,11061.5
2020-09-14 00:00:00-04:00,11280.5
2020-09-15 00:00:00-04:00,11464.25
2020-09-16 00:00:00-04:00,11268.75
2020-09-17 00:00:00-04:00,11090.0
2020-09-18 00:00:00-04:00,11144.8095703125
2020-09-21 00:00:00-04:00,10989.0
2020-09-22 00:00:00-04:00,11149.5
2020-09-23 00:00:00-04:00,10829.0
2020-09-24 00:00:00-04:00,10891.75
2020-09-25 00:00:00-04:00,11136.5
2020-09-28 00:00:00-04:00,11394.75
2020-09-29 00:00:00-04:00,11337.75
2020-09-30 00:00:00-04:00,11407.25
2020-10-01 00:00:00-04:00,11574.75
2020-10-02 00:00:00-04:00,11233.25
2020-10-05 00:00:00-04:00,11469.25
2020-10-06 00:00:00-04:00,11273.75
2020-10-07 00:00:00-04:00,11470.0
2020-10-08 00:00:00-04:00,11539.0
2020-10-09 00:00:00-04:00,11724.75
2020-10-12 00:00:00-04:00,12098.25
2020-10-13 00:00:00-04:00,12094.0
2020-10-14 00:00:00-04:00,11974.25
2020-10-15 00:00:00-04:00,11874.0
2020-10-16 00:00:00-04:00,11798.0
2020-10-19 00:00:00-04:00,11650.25
2020-10-20 00:00:00-04:00,11660.75
2020-10-21 00:00:00-04:00,11691.25
2020-10-22 00:00:00-04:00,11649.75
2020-10-23 00:00:00-04:00,11663.5
2020-10-26 00:00:00-04:00,11492.25
2020-10-27 00:00:00-04:00,11588.0
2020-10-28 00:00:00-04:00,11132.75
2020-10-29 00:00:00-04:00,11342.75
2020-10-30 00:00:00-04:00,11046.25
2020-11-02 00:00:00-05:00,11063.25
2020-11-03 00:00:00-05:00,11265.75
2020-11-04 00:00:00-05:00,11763.0
2020-11-05 00:00:00-05:00,12076.5
2020-11-06 00:00:00-05:00,12075.0
2020-11-09 00:00:00-05:00,11820.5
2020-11-10 00:00:00-05:00,11618.25
2020-11-11 00:00:00-05:00,11886.0
2020-11-12 00:00:00-05:00,11820.0
2020-11-13 00:00:00-05:00,11933.5
2020-11-16 00:00:00-05:00,12005.0
2020-11-17 00:00:00-05:00,11975.0
2020-11-18 00:00:00-05:00,11897.0
2020-11-19 00:00:00-05:00,11987.25
2020-11-20 00:00:00-05:00,11905.75
2020-11-23 00:00:00-05:00,11905.25
2020-11-24 00:00:00-05:00,12076.0
2020-11-25 00:00:00-05:00,12152.25
2020-11-27 00:00:00-05:00,12257.5
2020-11-30 00:00:00-05:00,12277.0
2020-12-01 00:00:00-05:00,12452.25
2020-12-02 00:00:00-05:00,12454.25
2020-12-03 00:00:00-05:00,12462.25
2020-12-04 00:00:00-05:00,12526.0
2020-12-07 00:00:00-05:00,12596.0
2020-12-08 00:00:00-05:00,12637.5
2020-12-09 00:00:00-05:00,12367.0
2020-12-10 00:00:00-05:00,12402.0
2020-12-11 00:00:00-05:00,12368.0
2020-12-14 00:00:00-05:00,12456.5
2020-12-15 00:00:00-05:00,12591.75
2020-12-16 00:00:00-05:00,12665.25
2020-12-17 00:00:00-05:00,12751.0
2020-12-18 00:00:00-05:00,12800.0595703125
2020-12-21 00:00:00-05:00,12683.5
2020-12-22 00:00:00-05:00,12710.0
2020-12-23 00:00:00-05:00,12651.25
2020-12-24 00:00:00-05:00,12704.5
2020-12-28 00:00:00-05:00,12832.75
2020-12-29 00:00:00-05:00,12841.0
2020-12-30 00:00:00-05:00,12841.5
2020-12-31 00:00:00-05:00,12885.5
2021-01-04 00:00:00-05:00,12685.5
2021-01-05 00:00:00-05:00,12793.5
2021-01-06 00:00:00-05:00,12616.75
2021-01-07 00:00:00-05:00,12928.0
2021-01-08 00:00:00-05:00,13097.25
2021-01-11 00:00:00-05:00,12897.0
2021-01-12 00:00:00-05:00,12890.25
2021-01-13 00:00:00-05:00,12972.25
2021-01-14 00:00:00-05:00,12901.0
2021-01-15 00:00:00-05:00,12802.25
2021-01-19 00:00:00-05:00,12985.5
2021-01-20 00:00:00-05:00,13294.25
2021-01-21 00:00:00-05:00,13395.5
2021-01-22 00:00:00-05:00,13361.5
2021-01-25 00:00:00-05:00,13475.5
2021-01-26 00:00:00-05:00,13485.5
2021-01-27 00:00:00-05:00,13105.5
2021-01-28 00:00:00-05:00,13186.0
2021-01-29 00:00:00-05:00,12911.25
2021-02-01 00:00:00-05:00,13236.5
2021-02-02 00:00:00-05:00,13449.0
2021-02-03 00:00:00-05:00,13394.25
2021-02-04 00:00:00-05:00,13547.5
2021-02-05 00:00:00-05:00,13598.0
2021-02-08 00:00:00-05:00,13683.0
2021-02-09 00:00:00-05:00,13680.25
2021-02-10 00:00:00-05:00,13643.5
2021-02-11 00:00:00-05:00,13729.0
2021-02-12 00:00:00-05:00,13804.75
2021-02-16 00:00:00-05:00,13767.75
2021-02-17 00:00:00-05:00,13699.75
2021-02-18 00:00:00-05:00,13633.0
2021-02-19 00:00:00-05:00,13576.0
2021-02-22 00:00:00-05:00,13224.25
2021-02-23 00:00:00-05:00,13192.0
2021-02-24 00:00:00-05:00,13302.0
2021-02-25 00:00:00-05:00,12831.75
2021-02-26 00:00:00-05:00,12911.0
2021-03-01 00:00:00-05:00,13279.75
2021-03-02 00:00:00-05:00,13055.25
2021-03-03 00:00:00-05:00,12681.75
2021-03-04 00:00:00-05:00,12455.0
2021-03-05 00:00:00-05:00,12663.75
2021-03-08 00:00:00-05:00,12297.25
2021-03-09 00:00:00-05:00,12788.75
2021-03-10 00:00:00-05:00,12749.25
2021-03-11 00:00:00-05:00,13048.25
2021-03-12 00:00:00-05:00,12933.5
2021-03-15 00:00:00-04:00,13078.5
2021-03-16 00:00:00-04:00,13151.5
2021-03-17 00:00:00-04:00,13201.5
2021-03-18 00:00:00-04:00,12795.5
2021-03-19 00:00:00-04:00,12808.759765625
2021-03-22 00:00:00-04:00,13071.75
2021-03-23 00:00:00-04:00,13006.25
2021-03-24 00:00:00-04:00,12794.0
2021-03-25 00:00:00-04:00,12770.5
2021-03-26 00:00:00-04:00,12966.75
2021-03-29 00:00:00-04:00,12944.5
2021-03-30 00:00:00-04:00,12878.25
2021-03-31 00:00:00-04:00,13089.75
2021-04-01 00:00:00-04:00,13316.0
2021-04-05 00:00:00-04:00,13585.5
2021-04-06 00:00:00-04:00,13570.0
2021-04-07 00:00:00-04:00,13604.75
2021-04-08 00:00:00-04:00,13747.75
2021-04-09 00:00:00-04:00,13829.5
2021-04-12 00:00:00-04:00,13808.75
2021-04-13 00:00:00-04:00,13975.75
2021-04-14 00:00:00-04:00,13798.75
2021-04-15 00:00:00-04:00,14014.0
2021-04-16 00:00:00-04:00,14029.5
2021-04-19 00:00:00-04:00,13897.25
2021-04-20 00:00:00-04:00,13794.25
2021-04-21 00:00:00-04:00,13919.25
2021-04-22 00:00:00-04:00,13750.25
2021-04-23 00:00:00-04:00,13927.0
2021-04-26 00:00:00-04:00,14011.5
2021-04-27 00:00:00-04:00,13953.0
2021-04-28 00:00:00-04:00,13892.25
2021-04-29 00:00:00-04:00,13953.5
2021-04-30 00:00:00-04:00,13850.0
2021-05-03 00:00:00-04:00,13790.0
2021-05-04 00:00:00-04:00,13536.0
2021-05-05 00:00:00-04:00,13491.0
2021-05-06 00:00:00-04:00,13597.75
2021-05-07 00:00:00-04:00,13709.75
2021-05-10 00:00:00-04:00,13356.75
2021-05-11 00:00:00-04:00,13346.0
2021-05-12 00:00:00-04:00,12998.5
2021-05-13 00:00:00-04:00,13100.25
2021-05-14 00:00:00-04:00,13387.0
2021-05-17 00:00:00-04:00,13303.5
2021-05-18 00:00:00-04:00,13212.0
2021-05-19 00:00:00-04:00,13233.5
2021-05-20 00:00:00-04:00,13486.5
2021-05-21 00:00:00-04:00,13405.0
2021-05-24 00:00:00-04:00,13635.25
2021-05-25 00:00:00-04:00,13656.25
2021-05-26 00:00:00-04:00,13700.25
2021-05-27 00:00:00-04:00,13665.5
2021-05-28 00:00:00-04:00,13686.5
2021-06-01 00:00:00-04:00,13648.75
2021-06-02 00:00:00-04:00,13673.75
2021-06-03 00:00:00-04:00,13529.25
2021-06-04 00:00:00-04:00,13766.75
2021-06-07 00:00:00-04:00,13804.25
2021-06-08 00:00:00-04:00,13811.5
2021-06-09 00:00:00-04:00,13814.25
2021-06-10 00:00:00-04:00,13959.75
2021-06-11 00:00:00-04:00,13994.25
2021-06-14 00:00:00-04:00,14124.75
2021-06-15 00:00:00-04:00,14030.25
2021-06-16 00:00:00-04:00,13981.25
2021-06-17 00:00:00-04:00,14165.5
2021-06-18 00:00:00-04:00,14107.4296875
2021-06-21 00:00:00-04:00,14130.0
2021-06-22 00:00:00-04:00,14258.25
2021-06-23 00:00:00-04:00,14263.0
2021-06-24 00:00:00-04:00,14354.25
2021-06-25 00:00:00-04:00,14339.0
2021-06-28 00:00:00-04:00,14512.5
2021-06-29 00:00:00-04:00,14563.0
2021-06-30 00:00:00-04:00,14549.0
2021-07-01 00:00:00-04:00,14548.5
2021-07-02 00:00:00-04:00,14713.75
2021-07-06 00:00:00-04:00,14775.5
2021-07-07 00:00:00-04:00,14802.25
2021-07-08 00:00:00-04:00,14712.25
2021-07-09 00:00:00-04:00,14810.5
2021-07-12 00:00:00-04:00,14869.25
2021-07-13 00:00:00-04:00,14865.0
2021-07-14 00:00:00-04:00,14891.75
2021-07-15 00:00:00-04:00,14787.5
2021-07-16 00:00:00-04:00,14670.5
2021-07-19 00:00:00-04:00,14540.75
2021-07-20 00:00:00-04:00,14722.75
2021-07-21 00:00:00-04:00,14827.75
2021-07-22 00:00:00-04:00,14928.5
2021-07-23 00:00:00-04:00,15098.0
2021-07-26 00:00:00-04:00,15117.75
2021-07-27 00:00:00-04:00,14947.75
2021-07-28 00:00:00-04:00,15011.5
2021-07-29 00:00:00-04:00,15037.75
2021-07-30 00:00:00-04:00,14955.75
2021-08-02 00:00:00-04:00,14952.75
2021-08-03 00:00:00-04:00,15046.25
2021-08-04 00:00:00-04:00,15073.5
2021-08-05 00:00:00-04:00,15167.75
2021-08-06 00:00:00-04:00,15095.5
2021-08-09 00:00:00-04:00,15125.25
2021-08-10 00:00:00-04:00,15044.5
2021-08-11 00:00:00-04:00,15019.5
2021-08-12 00:00:00-04:00,15078.5
2021-08-13 00:00:00-04:00,15125.75
2021-08-16 00:00:00-04:00,15134.0
2021-08-17 00:00:00-04:00,14997.5
2021-08-18 00:00:00-04:00,14849.25
2021-08-19 00:00:00-04:00,14928.0
2021-08-20 00:00:00-04:00,15086.75
2021-08-23 00:00:00-04:00,15304.5
2021-08-24 00:00:00-04:00,15355.5
2021-08-25 00:00:00-04:00,15364.25
2021-08-26 00:00:00-04:00,15274.75
2021-08-27 00:00:00-04:00,15426.5
2021-08-30 00:00:00-04:00,15597.5
2021-08-31 00:00:00-04:00,15582.5
2021-09-01 00:00:00-04:00,15609.25
2021-09-02 00:00:00-04:00,15601.0
2021-09-03 00:00:00-04:00,15651.5
2021-09-07 00:00:00-04:00,15674.75
2021-09-08 00:00:00-04:00,15620.0
2021-09-09 00:00:00-04:00,15558.75
2021-09-10 00:00:00-04:00,15441.5
2021-09-13 00:00:00-04:00,15436.75
2021-09-14 00:00:00-04:00,15387.0
2021-09-15 00:00:00-04:00,15504.0
2021-09-16 00:00:00-04:00,15517.75
2021-09-17 00:00:00-04:00,15486.669921875
2021-09-20 00:00:00-04:00,15009.5
2021-09-21 00:00:00-04:00,15024.0
2021-09-22 00:00:00-04:00,15163.5
2021-09-23 00:00:00-04:00,15303.5
2021-09-24 00:00:00-04:00,15318.75
2021-09-27 00:00:00-04:00,15194.75
2021-09-28 00:00:00-04:00,14764.75
2021-09-29 00:00:00-04:00,14739.75
2021-09-30 00:00:00-04:00,14682.5
2021-10-01 00:00:00-04:00,14761.75
2021-10-04 00:00:00-04:00,14462.25
2021-10-05 00:00:00-04:00,14655.25
2021-10-06 00:00:00-04:00,14759.0
2021-10-07 00:00:00-04:00,14881.25
2021-10-08 00:00:00-04:00,14808.25
2021-10-11 00:00:00-04:00,14700.5
2021-10-12 00:00:00-04:00,14653.25
2021-10-13 00:00:00-04:00,14764.25
2021-10-14 00:00:00-04:00,15037.25
2021-10-15 00:00:00-04:00,15134.5
2021-10-18 00:00:00-04:00,15290.5
2021-10-19 00:00:00-04:00,15398.5
2021-10-20 00:00:00-04:00,15377.5
2021-10-21 00:00:00-04:00,15478.75
2021-10-22 00:00:00-04:00,15341.0
2021-10-25 00:00:00-04:00,15495.75
2021-10-26 00:00:00-04:00,15545.0
2021-10-27 00:00:00-04:00,15587.25
2021-10-28 00:00:00-04:00,15764.75
2021-10-29 00:00:00-04:00,15838.5
2021-11-01 00:00:00-04:00,15894.25
2021-11-02 00:00:00-04:00,15961.25
2021-11-03 00:00:00-04:00,16129.75
2021-11-04 00:00:00-04:00,16330.75
2021-11-05 00:00:00-04:00,16351.75
2021-11-08 00:00:00-05:00,16327.75
2021-11-09 00:00:00-05:00,16212.75
2021-11-10 00:00:00-05:00,15980.5
2021-11-11 00:00:00-05:00,16022.75
2021-11-12 00:00:00-05:00,16192.75
2021-11-15 00:00:00-05:00,16187.75
2021-11-16 00:00:00-05:00,16300.75
2021-11-17 00:00:00-05:00,16311.5
2021-11-18 00:00:00-05:00,16481.25
2021-11-19 00:00:00-05:00,16575.0
2021-11-22 00:00:00-05:00,16382.0
2021-11-23 00:00:00-05:00,16312.0
2021-11-24 00:00:00-05:00,16366.0
2021-11-26 00:00:00-05:00,16051.0
2021-11-29 00:00:00-05:00,16390.75
2021-11-30 00:00:00-05:00,16150.5
2021-12-01 00:00:00-05:00,15869.75
2021-12-02 00:00:00-05:00,15988.5
2021-12-03 00:00:00-05:00,15717.75
2021-12-06 00:00:00-05:00,15842.75
2021-12-07 00:00:00-05:00,16318.0
2021-12-08 00:00:00-05:00,16392.25
2021-12-09 00:00:00-05:00,16148.75
2021-12-10 00:00:00-05:00,16329.75
2021-12-13 00:00:00-05:00,16082.0
2021-12-14 00:00:00-05:00,15924.75
2021-12-15 00:00:00-05:00,16288.0
2021-12-16 00:00:00-05:00,15870.5
2021-12-17 00:00:00-05:00,15717.3203125
2021-12-20 00:00:00-05:00,15621.25
2021-12-21 00:00:00-05:00,15980.0
2021-12-22 00:00:00-05:00,16169.75
2021-12-23 00:00:00-05:00,16299.0
2021-12-27 00:00:00-05:00,16560.0
2021-12-28 00:00:00-05:00,16488.0
2021-12-29 00:00:00-05:00,16490.5
2021-12-30 00:00:00-05:00,16430.25
2021-12-31 00:00:00-05:00,16320.75
2022-01-03 00:00:00-05:00,16485.5
2022-01-04 00:00:00-05:00,16275.75
2022-01-05 00:00:00-05:00,15766.5
2022-01-06 00:00:00-05:00,15759.0
2022-01-07 00:00:00-05:00,15581.0
2022-01-10 00:00:00-05:00,15608.0
2022-01-11 00:00:00-05:00,15831.0
2022-01-12 00:00:00-05:00,15887.25
2022-01-13 00:00:00-05:00,15490.25
2022-01-14 00:00:00-05:00,15595.75
2022-01-18 00:00:00-05:00,15206.0
2022-01-19 00:00:00-05:00,15033.5
2022-01-20 00:00:00-05:00,14841.0
2022-01-21 00:00:00-05:00,14426.5
2022-01-24 00:00:00-05:00,14501.0
2022-01-25 00:00:00-05:00,14140.75
2022-01-26 00:00:00-05:00,14158.5
2022-01-27 00:00:00-05:00,13986.75
2022-01-28 00:00:00-05:00,14433.0
2022-01-31 00:00:00-05:00,14905.0
2022-02-01 00:00:00-05:00,14994.75
2022-02-02 00:00:00-05:00,15114.5
2022-02-03 00:00:00-05:00,14492.25
2022-02-04 00:00:00-05:00,14685.5
2022-02-07 00:00:00-05:00,14559.75
2022-02-08 00:00:00-05:00,14734.5
2022-02-09 00:00:00-05:00,15038.25
2022-02-10 00:00:00-05:00,14701.0
2022-02-11 00:00:00-05:00,14240.5
2022-02-14 00:00:00-05:00,14253.0
2022-02-15 00:00:00-05:00,14609.5
2022-02-16 00:00:00-05:00,14600.0
2022-02-17 00:00:00-05:00,14164.75
2022-02-18 00:00:00-05:00,13996.0
2022-02-22 00:00:00-05:00,13862.75
2022-02-23 00:00:00-05:00,13507.5
2022-02-24 00:00:00-05:00,13966.5
2022-02-25 00:00:00-05:00,14180.5
2022-02-28 00:00:00-05:00,14228.0
2022-03-01 00:00:00-05:00,14005.5
2022-03-02 00:00:00-05:00,14239.25
2022-03-03 00:00:00-05:00,14030.5
2022-03-04 00:00:00-05:00,13839.75
2022-03-07 00:00:00-05:00,13320.75
2022-03-08 00:00:00-05:00,13267.0
2022-03-09 00:00:00-05:00,13734.75
2022-03-10 00:00:00-05:00,13586.0
2022-03-11 00:00:00-05:00,13292.0
2022-03-14 00:00:00-04:00,13045.5
2022-03-15 00:00:00-04:00,13451.75
2022-03-16 00:00:00-04:00,13953.0
2022-03-17 00:00:00-04:00,14111.75
2022-03-18 00:00:00-04:00,14095.3095703125
2022-03-21 00:00:00-04:00,14370.5
2022-03-22 00:00:00-04:00,14654.0
2022-03-23 00:00:00-04:00,14447.0
2022-03-24 00:00:00-04:00,14763.75
2022-03-25 00:00:00-04:00,14755.75
2022-03-28 00:00:00-04:00,14985.25
2022-03-29 00:00:00-04:00,15237.75
2022-03-30 00:00:00-04:00,15071.5
2022-03-31 00:00:00-04:00,14868.75
2022-04-01 00:00:00-04:00,14863.75
2022-04-04 00:00:00-04:00,15164.25
2022-04-05 00:00:00-04:00,14828.0
2022-04-06 00:00:00-04:00,14505.25
2022-04-07 00:00:00-04:00,14536.0
2022-04-08 00:00:00-04:00,14327.0
2022-04-11 00:00:00-04:00,14000.0
2022-04-12 00:00:00-04:00,13945.0
2022-04-13 00:00:00-04:00,14221.5
2022-04-14 00:00:00-04:00,13893.75
2022-04-18 00:00:00-04:00,13907.75
2022-04-19 00:00:00-04:00,14217.25
2022-04-20 00:00:00-04:00,14004.75
2022-04-21 00:00:00-04:00,13728.25
2022-04-22 00:00:00-04:00,13353.5
2022-04-25 00:00:00-04:00,13535.75
2022-04-26 00:00:00-04:00,13016.0
2022-04-27 00:00:00-04:00,13009.0
2022-04-28 00:00:00-04:00,13454.75
2022-04-29 00:00:00-04:00,12852.0
2022-05-02 00:00:00-04:00,13073.0
2022-05-03 00:00:00-04:00,13087.5
2022-05-04 00:00:00-04:00,13531.25
2022-05-05 00:00:00-04:00,12858.0
2022-05-06 00:00:00-04:00,12695.75
2022-05-09 00:00:00-04:00,12193.75
2022-05-10 00:00:00-04:00,12349.0
2022-05-11 00:00:00-04:00,11969.75
2022-05-12 00:00:00-04:00,11947.25
2022-05-13 00:00:00-04:00,12382.75
2022-05-16 00:00:00-04:00,12244.75
2022-05-17 00:00:00-04:00,12560.25
2022-05-18 00:00:00-04:00,11935.5
2022-05-19 00:00:00-04:00,11878.25
2022-05-20 00:00:00-04:00,11840.75
2022-05-23 00:00:00-04:00,12035.25
2022-05-24 00:00:00-04:00,11771.0
2022-05-25 00:00:00-04:00,11942.25
2022-05-26 00:00:00-04:00,12279.25
2022-05-27 00:00:00-04:00,12677.75
2022-05-31 00:00:00-04:00,12646.5
2022-06-01 00:00:00-04:00,12551.0
2022-06-02 00:00:00-04:00,12893.75
2022-06-03 00:00:00-04:00,12551.0
2022-06-06 00:00:00-04:00,12605.0
2022-06-07 00:00:00-04:00,12711.5
2022-06-08 00:00:00-04:00,12615.75
2022-06-09 00:00:00-04:00,12275.0
2022-06-10 00:00:00-04:00,11840.0
2022-06-13 00:00:00-04:00,11296.5
2022-06-14 00:00:00-04:00,11314.25
2022-06-15 00:00:00-04:00,11593.75
2022-06-16 00:00:00-04:00,11124.75
2022-06-17 00:00:00-04:00,11130.3896484375
2022-06-21 00:00:00-04:00,11577.25
2022-06-22 00:00:00-04:00,11565.75
2022-06-23 00:00:00-04:00,11737.5
2022-06-24 00:00:00-04:00,12140.5
2022-06-27 00:00:00-04:00,12040.5
2022-06-28 00:00:00-04:00,11674.25
2022-06-29 00:00:00-04:00,11691.0
2022-06-30 00:00:00-04:00,11529.5
2022-07-01 00:00:00-04:00,11611.25
2022-07-05 00:00:00-04:00,11808.5
2022-07-06 00:00:00-04:00,11880.25
2022-07-07 00:00:00-04:00,12138.5
2022-07-08 00:00:00-04:00,12152.0
2022-07-11 00:00:00-04:00,11884.25
2022-07-12 00:00:00-04:00,11779.0
2022-07-13 00:00:00-04:00,11762.25
2022-07-14 00:00:00-04:00,11797.5
2022-07-15 00:00:00-04:00,12007.5
2022-07-18 00:00:00-04:00,11907.0
2022-07-19 00:00:00-04:00,12274.0
2022-07-20 00:00:00-04:00,12465.25
2022-07-21 00:00:00-04:00,12640.0
2022-07-22 00:00:00-04:00,12423.5
2022-07-25 00:00:00-04:00,12354.5
2022-07-26 00:00:00-04:00,12112.5
2022-07-27 00:00:00-04:00,12619.0
2022-07-28 00:00:00-04:00,12737.5
2022-07-29 00:00:00-04:00,12971.5
2022-08-01 00:00:00-04:00,12962.5
2022-08-02 00:00:00-04:00,12924.5
2022-08-03 00:00:00-04:00,13271.5
2022-08-04 00:00:00-04:00,13327.0
2022-08-05 00:00:00-04:00,13228.75
2022-08-08 00:00:00-04:00,13183.25
2022-08-09 00:00:00-04:00,13031.5
2022-08-10 00:00:00-04:00,13392.0
2022-08-11 00:00:00-04:00,13311.25
2022-08-12 00:00:00-04:00,13577.75
2022-08-15 00:00:00-04:00,13681.25
2022-08-16 00:00:00-04:00,13658.25
2022-08-17 00:00:00-04:00,13493.25
2022-08-18 00:00:00-04:00,13523.25
2022-08-19 00:00:00-04:00,13268.5
2022-08-22 00:00:00-04:00,12909.75
2022-08-23 00:00:00-04:00,12896.5
2022-08-24 00:00:00-04:00,12929.75
2022-08-25 00:00:00-04:00,13156.0
2022-08-26 00:00:00-04:00,12620.5
2022-08-29 00:00:00-04:00,12492.75
2022-08-30 00:00:00-04:00,12358.75
2022-08-31 00:00:00-04:00,12285.25
2022-09-01 00:00:00-04:00,12292.25
2022-09-02 00:00:00-04:00,12104.25
2022-09-06 00:00:00-04:00,12019.0
2022-09-07 00:00:00-04:00,12263.25
2022-09-08 00:00:00-04:00,12321.75
2022-09-09 00:00:00-04:00,12592.5
2022-09-12 00:00:00-04:00,12740.75
2022-09-13 00:00:00-04:00,12036.5
2022-09-14 00:00:00-04:00,12142.0
2022-09-15 00:00:00-04:00,11934.75
2022-09-16 00:00:00-04:00,11814.580078125
2022-09-19 00:00:00-04:00,12024.0
2022-09-20 00:00:00-04:00,11922.25
2022-09-21 00:00:00-04:00,11710.0
2022-09-22 00:00:00-04:00,11565.5
2022-09-23 00:00:00-04:00,11376.75
2022-09-26 00:00:00-04:00,11316.25
2022-09-27 00:00:00-04:00,11333.75
2022-09-28 00:00:00-04:00,11555.75
2022-09-29 00:00:00-04:00,11228.25
2022-09-30 00:00:00-04:00,11035.5
2022-10-03 00:00:00-04:00,11285.75
2022-10-04 00:00:00-04:00,11640.75
2022-10-05 00:00:00-04:00,11623.75
2022-10-06 00:00:00-04:00,11541.75
2022-10-07 00:00:00-04:00,11101.5
2022-10-10 00:00:00-04:00,10984.5
2022-10-11 00:00:00-04:00,10845.0
2022-10-12 00:00:00-04:00,10840.5
2022-10-13 00:00:00-04:00,11083.75
2022-10-14 00:00:00-04:00,10744.0
2022-10-17 00:00:00-04:00,11110.25
2022-10-18 00:00:00-04:00,11198.75
2022-10-19 00:00:00-04:00,11153.25
2022-10-20 00:00:00-04:00,11090.75
2022-10-21 00:00:00-04:00,11358.5
2022-10-24 00:00:00-04:00,11478.75
2022-10-25 00:00:00-04:00,11713.5
2022-10-26 00:00:00-04:00,11446.0
2022-10-27 00:00:00-04:00,11235.25
2022-10-28 00:00:00-04:00,11587.0
2022-10-31 00:00:00-04:00,11447.25
2022-11-01 00:00:00-04:00,11332.0
2022-11-02 00:00:00-04:00,10944.5
2022-11-03 00:00:00-04:00,10728.0
2022-11-04 00:00:00-04:00,10890.25
2022-11-07 00:00:00-05:00,11014.25
2022-11-08 00:00:00-05:00,11094.25
2022-11-09 00:00:00-05:00,10830.75
2022-11-10 00:00:00-05:00,11632.25
2022-11-11 00:00:00-05:00,11848.0
2022-11-14 00:00:00-05:00,11734.75
2022-11-15 00:00:00-05:00,11904.25
2022-11-16 00:00:00-05:00,11739.5
2022-11-17 00:00:00-05:00,11710.5
2022-11-18 00:00:00-05:00,11708.0
2022-11-21 00:00:00-05:00,11588.0
2022-11-22 00:00:00-05:00,11754.5
2022-11-23 00:00:00-05:00,11862.75
2022-11-25 00:00:00-05:00,11782.75
2022-11-28 00:00:00-05:00,11616.25
2022-11-29 00:00:00-05:00,11524.75
2022-11-30 00:00:00-05:00,12042.25
2022-12-01 00:00:00-05:00,12062.75
2022-12-02 00:00:00-05:00,12010.25
2022-12-05 00:00:00-05:00,11805.75
2022-12-06 00:00:00-05:00,11566.0
2022-12-07 00:00:00-05:00,11509.5
2022-12-08 00:00:00-05:00,11645.5
2022-12-09 00:00:00-05:00,11569.75
2022-12-12 00:00:00-05:00,11711.75
2022-12-13 00:00:00-05:00,11839.75
2022-12-14 00:00:00-05:00,11750.75
2022-12-15 00:00:00-05:00,11347.25
2022-12-16 00:00:00-05:00,11327.0400390625
2022-12-19 00:00:00-05:00,11193.25
2022-12-20 00:00:00-05:00,11175.75
2022-12-21 00:00:00-05:00,11334.5
2022-12-22 00:00:00-05:00,11054.25
2022-12-23 00:00:00-05:00,11075.25
2022-12-27 00:00:00-05:00,10915.5
2022-12-28 00:00:00-05:00,10772.75
2022-12-29 00:00:00-05:00,11032.75
2022-12-30 00:00:00-05:00,11022.25
2023-01-03 00:00:00-05:00,10945.5
2023-01-04 00:00:00-05:00,10999.25
2023-01-05 00:00:00-05:00,10820.25
2023-01-06 00:00:00-05:00,11113.5
2023-01-09 00:00:00-05:00,11185.5
2023-01-10 00:00:00-05:00,11282.0
2023-01-11 00:00:00-05:00,11476.5
2023-01-12 00:00:00-05:00,11534.25
2023-01-13 00:00:00-05:00,11608.0
2023-01-17 00:00:00-05:00,11624.5
2023-01-18 00:00:00-05:00,11475.75
2023-01-19 00:00:00-05:00,11356.5
2023-01-20 00:00:00-05:00,11677.0
2023-01-23 00:00:00-05:00,11934.0
2023-01-24 00:00:00-05:00,11909.5
2023-01-25 00:00:00-05:00,11873.25
2023-01-26 00:00:00-05:00,12106.75
2023-01-27 00:00:00-05:00,12222.25
2023-01-30 00:00:00-05:00,11968.0
2023-01-31 00:00:00-05:00,12152.0
2023-02-01 00:00:00-05:00,12414.25
2023-02-02 00:00:00-05:00,12846.75
2023-02-03 00:00:00-05:00,12624.0
2023-02-06 00:00:00-05:00,12515.5
2023-02-07 00:00:00-05:00,12776.75
2023-02-08 00:00:00-05:00,12545.25
2023-02-09 00:00:00-05:00,12425.5
2023-02-10 00:00:00-05:00,12346.25
2023-02-13 00:00:00-05:00,12540.5
2023-02-14 00:00:00-05:00,12631.0
2023-02-15 00:00:00-05:00,12730.0
2023-02-16 00:00:00-05:00,12482.5
2023-02-17 00:00:00-05:00,12390.0
2023-02-21 00:00:00-05:00,12096.75
2023-02-22 00:00:00-05:00,12097.5
2023-02-23 00:00:00-05:00,12207.5
2023-02-24 00:00:00-05:00,11997.0
2023-02-27 00:00:00-05:00,12083.25
2023-02-28 00:00:00-05:00,12072.25
2023-03-01 00:00:00-05:00,11961.75
2023-03-02 00:00:00-05:00,12062.0
2023-03-03 00:00:00-05:00,12311.25
2023-03-06 00:00:00-05:00,12323.5
2023-03-07 00:00:00-05:00,12169.0
2023-03-08 00:00:00-05:00,12228.25
2023-03-09 00:00:00-05:00,12007.25
2023-03-10 00:00:00-05:00,11840.25
2023-03-13 00:00:00-04:00,11931.75
2023-03-14 00:00:00-04:00,12207.0
2023-03-15 00:00:00-04:00,12247.75
2023-03-16 00:00:00-04:00,12583.0
2023-03-17 00:00:00-04:00,12594.650390625
2023-03-20 00:00:00-04:00,12688.5
2023-03-21 00:00:00-04:00,12867.25
2023-03-22 00:00:00-04:00,12707.0
2023-03-23 00:00:00-04:00,12854.0
2023-03-24 00:00:00-04:00,12890.25
2023-03-27 00:00:00-04:00,12788.5
2023-03-28 00:00:00-04:00,12732.5
2023-03-29 00:00:00-04:00,12965.0
2023-03-30 00:00:00-04:00,13082.0
2023-03-31 00:00:00-04:00,13301.75
2023-04-03 00:00:00-04:00,13270.0
2023-04-04 00:00:00-04:00,13219.0
2023-04-05 00:00:00-04:00,13079.75
2023-04-06 00:00:00-04:00,13170.75
2023-04-10 00:00:00-04:00,13158.0
2023-04-11 00:00:00-04:00,13074.75
2023-04-12 00:00:00-04:00,12952.25
2023-04-13 00:00:00-04:00,13209.75
2023-04-14 00:00:00-04:00,13181.25
2023-04-17 00:00:00-04:00,13186.5
2023-04-18 00:00:00-04:00,13193.0
2023-04-19 00:00:00-04:00,13183.0
2023-04-20 00:00:00-04:00,13074.25
2023-04-21 00:00:00-04:00,13090.5
2023-04-24 00:00:00-04:00,13056.5
2023-04-25 00:00:00-04:00,12809.5
2023-04-26 00:00:00-04:00,12887.75
2023-04-27 00:00:00-04:00,13231.25
2023-04-28 00:00:00-04:00,13320.25
2023-05-01 00:00:00-04:00,13306.75
2023-05-02 00:00:00-04:00,13184.5
2023-05-03 00:00:00-04:00,13100.75
2023-05-04 00:00:00-04:00,13043.75
2023-05-05 00:00:00-04:00,13317.75
2023-05-08 00:00:00-04:00,13352.25
2023-05-09 00:00:00-04:00,13264.75
2023-05-10 00:00:00-04:00,13409.5
2023-05-11 00:00:00-04:00,13446.5
2023-05-12 00:00:00-04:00,13396.25
2023-05-15 00:00:00-04:00,13468.0
2023-05-16 00:00:00-04:00,13483.25
2023-05-17 00:00:00-04:00,13643.5
2023-05-18 00:00:00-04:00,13894.0
2023-05-19 00:00:00-04:00,13858.0
2023-05-22 00:00:00-04:00,13902.5
2023-05-23 00:00:00-04:00,13728.75
2023-05-24 00:00:00-04:00,13650.25
2023-05-25 00:00:00-04:00,13976.5
2023-05-26 00:00:00-04:00,14332.5
2023-05-30 00:00:00-04:00,14396.75
2023-05-31 00:00:00-04:00,14300.5
2023-06-01 00:00:00-04:00,14472.25
2023-06-02 00:00:00-04:00,14575.25
2023-06-05 00:00:00-04:00,14588.75
2023-06-06 00:00:00-04:00,14586.5
2023-06-07 00:00:00-04:00,14331.5
2023-06-08 00:00:00-04:00,14503.0
2023-06-09 00:00:00-04:00,14556.25
2023-06-12 00:00:00-04:00,14800.5
2023-06-13 00:00:00-04:00,14914.25
2023-06-14 00:00:00-04:00,15012.75
2023-06-15 00:00:00-04:00,15188.0
2023-06-16 00:00:00-04:00,15316.6103515625
2023-06-20 00:00:00-04:00,15256.5
2023-06-21 00:00:00-04:00,15044.0
2023-06-22 00:00:00-04:00,15214.75
2023-06-23 00:00:00-04:00,15058.25
2023-06-26 00:00:00-04:00,14856.5
2023-06-27 00:00:00-04:00,15111.5
2023-06-28 00:00:00-04:00,15130.0
2023-06-29 00:00:00-04:00,15100.25
2023-06-30 00:00:00-04:00,15337.0
2023-07-03 00:00:00-04:00,15364.75
2023-07-05 00:00:00-04:00,15360.75
2023-07-06 00:00:00-04:00,15238.0
2023-07-07 00:00:00-04:00,15181.75
2023-07-10 00:00:00-04:00,15187.0
2023-07-11 00:00:00-04:00,15260.0
2023-07-12 00:00:00-04:00,15444.75
2023-07-13 00:00:00-04:00,15711.5
2023-07-14 00:00:00-04:00,15694.25
2023-07-17 00:00:00-04:00,15840.75
2023-07-18 00:00:00-04:00,15974.75
2023-07-19 00:00:00-04:00,15959.25
2023-07-20 00:00:00-04:00,15592.25
2023-07-21 00:00:00-04:00,15540.0
2023-07-24 00:00:00-04:00,15561.25
2023-07-25 00:00:00-04:00,15673.0
2023-07-26 00:00:00-04:00,15610.75
2023-07-27 00:00:00-04:00,15571.0
2023-07-28 00:00:00-04:00,15847.5
2023-07-31 00:00:00-04:00,15857.5
2023-08-01 00:00:00-04:00,15817.25
2023-08-02 00:00:00-04:00,15473.0
2023-08-03 00:00:00-04:00,15438.75
2023-08-04 00:00:00-04:00,15354.0
2023-08-07 00:00:00-04:00,15485.5
2023-08-08 00:00:00-04:00,15354.25
2023-08-09 00:00:00-04:00,15178.25
2023-08-10 00:00:00-04:00,15201.25
2023-08-11 00:00:00-04:00,15095.75
2023-08-14 00:00:00-04:00,15270.25
2023-08-15 00:00:00-04:00,15106.5
2023-08-16 00:00:00-04:00,14942.25
2023-08-17 00:00:00-04:00,14778.0
2023-08-18 00:00:00-04:00,14744.0
2023-08-21 00:00:00-04:00,14985.75
2023-08-22 00:00:00-04:00,14958.5
2023-08-23 00:00:00-04:00,15195.5
2023-08-24 00:00:00-04:00,14862.0
2023-08-25 00:00:00-04:00,14979.25
2023-08-28 00:00:00-04:00,15092.5
2023-08-29 00:00:00-04:00,15415.75
2023-08-30 00:00:00-04:00,15501.25
2023-08-31 00:00:00-04:00,15538.5
2023-09-01 00:00:00-04:00,15516.25
2023-09-05 00:00:00-04:00,15534.5
2023-09-06 00:00:00-04:00,15399.5
2023-09-07 00:00:00-04:00,15282.25
2023-09-08 00:00:00-04:00,15297.5
2023-09-11 00:00:00-04:00,15475.75
2023-09-12 00:00:00-04:00,15304.75
2023-09-13 00:00:00-04:00,15356.25
2023-09-14 00:00:00-04:00,15478.0
2023-09-15 00:00:00-04:00,15435.2001953125
2023-09-18 00:00:00-04:00,15414.5
2023-09-19 00:00:00-04:00,15375.25
2023-09-20 00:00:00-04:00,15152.0
2023-09-21 00:00:00-04:00,14862.75
2023-09-22 00:00:00-04:00,14869.5
2023-09-25 00:00:00-04:00,14935.25
2023-09-26 00:00:00-04:00,14715.0
2023-09-27 00:00:00-04:00,14739.0
2023-09-28 00:00:00-04:00,14859.75
2023-09-29 00:00:00-04:00,14866.5
2023-10-02 00:00:00-04:00,14984.75
2023-10-03 00:00:00-04:00,14714.5
2023-10-04 00:00:00-04:00,14923.75
2023-10-05 00:00:00-04:00,14861.75
2023-10-06 00:00:00-04:00,15112.0
2023-10-09 00:00:00-04:00,15187.0
2023-10-10 00:00:00-04:00,15270.75
2023-10-11 00:00:00-04:00,15380.0
2023-10-12 00:00:00-04:00,15315.0
2023-10-13 00:00:00-04:00,15120.25
2023-10-16 00:00:00-04:00,15289.5
2023-10-17 00:00:00-04:00,15240.75
2023-10-18 00:00:00-04:00,15025.25
2023-10-19 00:00:00-04:00,14890.0
2023-10-20 00:00:00-04:00,14664.0
2023-10-23 00:00:00-04:00,14712.0
2023-10-24 00:00:00-04:00,14846.5
2023-10-25 00:00:00-04:00,14478.25
2023-10-26 00:00:00-04:00,14194.0
2023-10-27 00:00:00-04:00,14265.25
2023-10-30 00:00:00-04:00,14416.5
2023-10-31 00:00:00-04:00,14490.25
2023-11-01 00:00:00-04:00,14744.5
2023-11-02 00:00:00-04:00,14998.0
2023-11-03 00:00:00-04:00,15178.75
2023-11-06 00:00:00-05:00,15232.5
2023-11-07 00:00:00-05:00,15374.25
2023-11-08 00:00:00-05:00,15386.5
2023-11-09 00:00:00-05:00,15256.0
2023-11-10 00:00:00-05:00,15596.25
2023-11-13 00:00:00-05:00,15547.0
2023-11-14 00:00:00-05:00,15879.75
2023-11-15 00:00:00-05:00,15889.25
2023-11-16 00:00:00-05:00,15897.5
2023-11-17 00:00:00-05:00,15895.75
2023-11-20 00:00:00-05:00,16086.5
2023-11-21 00:00:00-05:00,15990.25
2023-11-22 00:00:00-05:00,16049.25
2023-11-23 00:00:00-05:00,16062.5
2023-11-24 00:00:00-05:00,16021.0
2023-11-27 00:00:00-05:00,16008.75
2023-11-28 00:00:00-05:00,16048.0
2023-11-29 00:00:00-05:00,16023.75
2023-11-30 00:00:00-05:00,15985.5
2023-12-01 00:00:00-05:00,16023.75
2023-12-04 00:00:00-05:00,15869.0
2023-12-05 00:00:00-05:00,15908.75
2023-12-06 00:00:00-05:00,15815.25
2023-12-07 00:00:00-05:00,16038.75
2023-12-08 00:00:00-05:00,16098.25
2023-12-11 00:00:00-05:00,16237.0
2023-12-12 00:00:00-05:00,16362.75
2023-12-13 00:00:00-05:00,16563.75
2023-12-14 00:00:00-05:00,16541.5
2023-12-15 00:00:00-05:00,16530.23046875
2023-12-18 00:00:00-05:00,16939.75
2023-12-19 00:00:00-05:00,17023.0
2023-12-20 00:00:00-05:00,16766.25
2023-12-21 00:00:00-05:00,16956.5
2023-12-22 00:00:00-05:00,16980.0
2023-12-26 00:00:00-05:00,17083.5
2023-12-27 00:00:00-05:00,17113.25
2023-12-28 00:00:00-05:00,17090.5
2023-12-29 00:00:00-05:00,17023.5
2024-01-02 00:00:00-05:00,16720.0
2024-01-03 00:00:00-05:00,16538.0
2024-01-04 00:00:00-05:00,16445.0
2024-01-05 00:00:00-05:00,16460.25
2024-01-08 00:00:00-05:00,16803.75
2024-01-09 00:00:00-05:00,16830.25
2024-01-10 00:00:00-05:00,16945.25
2024-01-11 00:00:00-05:00,16966.25
2024-01-12 00:00:00-05:00,16969.25
2024-01-16 00:00:00-05:00,16966.5
2024-01-17 00:00:00-05:00,16869.75
2024-01-18 00:00:00-05:00,17110.0
2024-01-19 00:00:00-05:00,17438.5
2024-01-22 00:00:00-05:00,17458.5
2024-01-23 00:00:00-05:00,17531.25
2024-01-24 00:00:00-05:00,17621.0
2024-01-25 00:00:00-05:00,17634.5
2024-01-26 00:00:00-05:00,17527.0
2024-01-29 00:00:00-05:00,17706.0
2024-01-30 00:00:00-05:00,17588.5
2024-01-31 00:00:00-05:00,17242.25
2024-02-01 00:00:00-05:00,17436.75
2024-02-02 00:00:00-05:00,17732.75
2024-02-05 00:00:00-05:00,17700.0
2024-02-06 00:00:00-05:00,17660.0
2024-02-07 00:00:00-05:00,17841.75
2024-02-08 00:00:00-05:00,17868.25
2024-02-09 00:00:00-05:00,18039.25
2024-02-12 00:00:00-05:00,17965.0
2024-02-13 00:00:00-05:00,17676.75
2024-02-14 00:00:00-05:00,17881.0
2024-02-15 00:00:00-05:00,17912.75
2024-02-16 00:00:00-05:00,17744.0
2024-02-20 00:00:00-05:00,17607.25
2024-02-21 00:00:00-05:00,17536.75
2024-02-22 00:00:00-05:00,18047.5
2024-02-23 00:00:00-05:00,17991.0
2024-02-26 00:00:00-05:00,17977.0
2024-02-27 00:00:00-05:00,18021.0
2024-02-28 00:00:00-05:00,17915.25
2024-02-29 00:00:00-05:00,18082.75
2024-03-01 00:00:00-05:00,18338.25
2024-03-04 00:00:00-05:00,18262.0
2024-03-05 00:00:00-05:00,17930.25
2024-03-06 00:00:00-05:00,18044.25
2024-03-07 00:00:00-05:00,18316.25
2024-03-08 00:00:00-05:00,18046.75
2024-03-11 00:00:00-04:00,17971.0
2024-03-12 00:00:00-04:00,18227.75
2024-03-13 00:00:00-04:00,18078.5
2024-03-14 00:00:00-04:00,18024.5
2024-03-15 00:00:00-04:00,17854.75
2024-03-18 00:00:00-04:00,18231.5
2024-03-19 00:00:00-04:00,18270.0
2024-03-20 00:00:00-04:00,18479.75
2024-03-21 00:00:00-04:00,18561.75
2024-03-22 00:00:00-04:00,18574.75
2024-03-25 00:00:00-04:00,18513.5
2024-03-26 00:00:00-04:00,18449.0
2024-03-27 00:00:00-04:00,18503.75
2024-03-28 00:00:00-04:00,18475.0
2024-04-01 00:00:00-04:00,18497.25
2024-04-02 00:00:00-04:00,18330.0
2024-04-03 00:00:00-04:00,18373.25
2024-04-04 00:00:00-04:00,18076.75
2024-04-05 00:00:00-04:00,18300.75
2024-04-08 00:00:00-04:00,18295.0
2024-04-09 00:00:00-04:00,18359.75
2024-04-10 00:00:00-04:00,18196.75
2024-04-11 00:00:00-04:00,18485.0
2024-04-12 00:00:00-04:00,18179.25
2024-04-15 00:00:00-04:00,17876.25
2024-04-16 00:00:00-04:00,17881.25
2024-04-17 00:00:00-04:00,17658.5
2024-04-18 00:00:00-04:00,17547.25
2024-04-19 00:00:00-04:00,17180.75
2024-04-22 00:00:00-04:00,17350.0
2024-04-23 00:00:00-04:00,17606.75
2024-04-24 00:00:00-04:00,17664.5
2024-04-25 00:00:00-04:00,17567.5
2024-04-26 00:00:00-04:00,17845.75
2024-04-29 00:00:00-04:00,17904.25
2024-04-30 00:00:00-04:00,17571.25
2024-05-01 00:00:00-04:00,17438.25
2024-05-02 00:00:00-04:00,17649.75
2024-05-03 00:00:00-04:00,18000.75
2024-05-06 00:00:00-04:00,18195.5
2024-05-07 00:00:00-04:00,18199.5
2024-05-08 00:00:00-04:00,18186.5
2024-05-09 00:00:00-04:00,18214.5
2024-05-10 00:00:00-04:00,18255.0
2024-05-13 00:00:00-04:00,18295.5
2024-05-14 00:00:00-04:00,18415.0
2024-05-15 00:00:00-04:00,18691.75
2024-05-16 00:00:00-04:00,18650.0
2024-05-17 00:00:00-04:00,18635.25
2024-05-20 00:00:00-04:00,18763.0
2024-05-21 00:00:00-04:00,18799.25
2024-05-22 00:00:00-04:00,18786.75
2024-05-23 00:00:00-04:00,18696.25
2024-05-24 00:00:00-04:00,18876.0
2024-05-28 00:00:00-04:00,18940.5
2024-05-29 00:00:00-04:00,18802.75
2024-05-30 00:00:00-04:00,18606.5
2024-05-31 00:00:00-04:00,18591.0
2024-06-03 00:00:00-04:00,18646.25
2024-06-04 00:00:00-04:00,18701.0
2024-06-05 00:00:00-04:00,19074.25
2024-06-06 00:00:00-04:00,19060.25
2024-06-07 00:00:00-04:00,19037.75
2024-06-10 00:00:00-04:00,19109.75
2024-06-11 00:00:00-04:00,19242.25
2024-06-12 00:00:00-04:00,19496.5
2024-06-13 00:00:00-04:00,19602.5
2024-06-14 00:00:00-04:00,19685.5
2024-06-17 00:00:00-04:00,19921.25
2024-06-18 00:00:00-04:00,19919.25
2024-06-20 00:00:00-04:00,19763.25
2024-06-21 00:00:00-04:00,19747.2890625
2024-06-24 00:00:00-04:00,19750.75
2024-06-25 00:00:00-04:00,19972.25
2024-06-26 00:00:00-04:00,20012.5
2024-06-27 00:00:00-04:00,20039.5
2024-06-28 00:00:00-04:00,19927.25
2024-07-01 00:00:00-04:00,20052.0
2024-07-02 00:00:00-04:00,20255.25
2024-07-03 00:00:00-04:00,20411.5
2024-07-05 00:00:00-04:00,20620.75
2024-07-08 00:00:00-04:00,20659.75
2024-07-09 00:00:00-04:00,20678.5
2024-07-10 00:00:00-04:00,20899.75
2024-07-11 00:00:00-04:00,20441.75
2024-07-12 00:00:00-04:00,20524.0
2024-07-15 00:00:00-04:00,20583.75
2024-07-16 00:00:00-04:00,20598.0
2024-07-17 00:00:00-04:00,19997.5
2024-07-18 00:00:00-04:00,19899.25
2024-07-19 00:00:00-04:00,19713.0
2024-07-22 00:00:00-04:00,20001.0
2024-07-23 00:00:00-04:00,19925.0
2024-07-24 00:00:00-04:00,19203.25
2024-07-25 00:00:00-04:00,18992.25
2024-07-26 00:00:00-04:00,19174.5
2024-07-29 00:00:00-04:00,19209.25
2024-07-30 00:00:00-04:00,18936.25
2024-07-31 00:00:00-04:00,19505.25
2024-08-01 00:00:00-04:00,19023.25
2024-08-02 00:00:00-04:00,18556.25
2024-08-05 00:00:00-04:00,18013.25
2024-08-06 00:00:00-04:00,18179.0
2024-08-07 00:00:00-04:00,17966.5
2024-08-08 00:00:00-04:00,18525.25
2024-08-09 00:00:00-04:00,18616.0
2024-08-12 00:00:00-04:00,18639.5
2024-08-13 00:00:00-04:00,19104.25
2024-08-14 00:00:00-04:00,19115.0
2024-08-15 00:00:00-04:00,19581.25
2024-08-16 00:00:00-04:00,19605.75
2024-08-19 00:00:00-04:00,19857.75
2024-08-20 00:00:00-04:00,19809.5
2024-08-21 00:00:00-04:00,19909.5
2024-08-22 00:00:00-04:00,19578.25
2024-08-23 00:00:00-04:00,19790.75
2024-08-26 00:00:00-04:00,19591.25
2024-08-27 00:00:00-04:00,19653.75
2024-08-28 00:00:00-04:00,19415.75
2024-08-29 00:00:00-04:00,19393.25
2024-08-30 00:00:00-04:00,19623.0
2024-09-03 00:00:00-04:00,19006.5
2024-09-04 00:00:00-04:00,18962.5
2024-09-05 00:00:00-04:00,18963.5
2024-09-06 00:00:00-04:00,18458.25
2024-09-09 00:00:00-04:00,18692.25
2024-09-10 00:00:00-04:00,18864.0
2024-09-11 00:00:00-04:00,19271.0
2024-09-12 00:00:00-04:00,19447.25
2024-09-13 00:00:00-04:00,19530.25
2024-09-16 00:00:00-04:00,19433.0
2024-09-17 00:00:00-04:00,19439.25
2024-09-18 00:00:00-04:00,19349.25
2024-09-19 00:00:00-04:00,19850.25
2024-09-20 00:00:00-04:00,19808.009765625
2024-09-23 00:00:00-04:00,20080.0
2024-09-24 00:00:00-04:00,20167.75
2024-09-25 00:00:00-04:00,20192.0
2024-09-26 00:00:00-04:00,20346.25
2024-09-27 00:00:00-04:00,20221.5
2024-09-30 00:00:00-04:00,20261.25
2024-10-01 00:00:00-04:00,19975.0
2024-10-02 00:00:00-04:00,20009.75
2024-10-03 00:00:00-04:00,19990.25
2024-10-04 00:00:00-04:00,20227.25
2024-10-07 00:00:00-04:00,19992.75
2024-10-08 00:00:00-04:00,20298.5
2024-10-09 00:00:00-04:00,20463.5
2024-10-10 00:00:00-04:00,20429.75
2024-10-11 00:00:00-04:00,20450.0
2024-10-14 00:00:00-04:00,20619.25
2024-10-15 00:00:00-04:00,20342.0
2024-10-16 00:00:00-04:00,20349.5
2024-10-17 00:00:00-04:00,20368.0
2024-10-18 00:00:00-04:00,20483.5
2024-10-21 00:00:00-04:00,20519.5
2024-10-22 00:00:00-04:00,20542.0
2024-10-23 00:00:00-04:00,20220.5
2024-10-24 00:00:00-04:00,20380.25
2024-10-25 00:00:00-04:00,20498.75
2024-10-28 00:00:00-04:00,20497.0
2024-10-29 00:00:00-04:00,20696.5
2024-10-30 00:00:00-04:00,20534.75
