Date,O
2017-11-09 00:00:00-05:00,39.21139907836914
2017-11-10 00:00:00-05:00,39.218360900878906
2017-11-13 00:00:00-05:00,39.49712371826172
2017-11-14 00:00:00-05:00,39.657447814941406
2017-11-15 00:00:00-05:00,39.357749938964844
2017-11-16 00:00:00-05:00,39.37169647216797
2017-11-17 00:00:00-05:00,39.36471176147461
2017-11-20 00:00:00-05:00,39.11381530761719
2017-11-21 00:00:00-05:00,39.40652847290039
2017-11-22 00:00:00-05:00,39.23229217529297
2017-11-24 00:00:00-05:00,39.3019905090332
2017-11-27 00:00:00-05:00,39.183509826660156
2017-11-28 00:00:00-05:00,38.946533203125
2017-11-29 00:00:00-05:00,38.6607780456543
2017-11-30 00:00:00-05:00,38.690155029296875
2017-12-01 00:00:00-05:00,38.86507034301758
2017-12-04 00:00:00-05:00,38.71813201904297
2017-12-05 00:00:00-05:00,38.63418960571289
2017-12-06 00:00:00-05:00,38.27037811279297
2017-12-07 00:00:00-05:00,38.361331939697266
2017-12-08 00:00:00-05:00,38.88606262207031
2017-12-11 00:00:00-05:00,38.77410888671875
2017-12-12 00:00:00-05:00,38.99801254272461
2017-12-13 00:00:00-05:00,39.78859329223633
2017-12-14 00:00:00-05:00,39.85856246948242
2017-12-15 00:00:00-05:00,40.15940856933594
2017-12-18 00:00:00-05:00,40.439273834228516
2017-12-19 00:00:00-05:00,39.42478561401367
2017-12-20 00:00:00-05:00,38.90705108642578
2017-12-21 00:00:00-05:00,38.65517807006836
2017-12-22 00:00:00-05:00,39.074974060058594
2017-12-26 00:00:00-05:00,39.340824127197266
2017-12-27 00:00:00-05:00,39.68364334106445
2017-12-28 00:00:00-05:00,39.963504791259766
2017-12-29 00:00:00-05:00,40.04286575317383
2018-01-02 00:00:00-05:00,39.76197052001953
2018-01-03 00:00:00-05:00,39.6566162109375
2018-01-04 00:00:00-05:00,38.79987335205078
2018-01-05 00:00:00-05:00,38.77178955078125
2018-01-08 00:00:00-05:00,38.82094192504883
2018-01-09 00:00:00-05:00,38.097599029541016
2018-01-10 00:00:00-05:00,37.26191329956055
2018-01-11 00:00:00-05:00,37.41641616821289
2018-01-12 00:00:00-05:00,37.023136138916016
2018-01-16 00:00:00-05:00,37.17766189575195
2018-01-17 00:00:00-05:00,37.38833236694336
2018-01-18 00:00:00-05:00,37.04420852661133
2018-01-19 00:00:00-05:00,37.318092346191406
2018-01-22 00:00:00-05:00,37.82371520996094
2018-01-23 00:00:00-05:00,38.29425811767578
2018-01-24 00:00:00-05:00,37.9290657043457
2018-01-25 00:00:00-05:00,38.23103332519531
2018-01-26 00:00:00-05:00,38.06953430175781
2018-01-29 00:00:00-05:00,37.25489807128906
2018-01-30 00:00:00-05:00,36.84054946899414
2018-01-31 00:00:00-05:00,37.50979995727539
2018-02-01 00:00:00-05:00,36.381465911865234
2018-02-02 00:00:00-05:00,36.14170455932617
2018-02-05 00:00:00-05:00,35.33071517944336
2018-02-06 00:00:00-05:00,35.30955505371094
2018-02-07 00:00:00-05:00,34.498573303222656
2018-02-08 00:00:00-05:00,33.53949737548828
2018-02-09 00:00:00-05:00,34.48446273803711
2018-02-12 00:00:00-05:00,34.32931137084961
2018-02-13 00:00:00-05:00,34.54793930053711
2018-02-14 00:00:00-05:00,33.92030715942383
2018-02-15 00:00:00-05:00,34.75244903564453
2018-02-16 00:00:00-05:00,35.23199462890625
2018-02-20 00:00:00-05:00,34.83707809448242
2018-02-21 00:00:00-05:00,34.12481689453125
2018-02-22 00:00:00-05:00,34.76655578613281
2018-02-23 00:00:00-05:00,35.401241302490234
2018-02-26 00:00:00-05:00,35.683326721191406
2018-02-27 00:00:00-05:00,34.815921783447266
2018-02-28 00:00:00-05:00,34.83645248413086
2018-03-01 00:00:00-05:00,35.14104461669922
2018-03-02 00:00:00-05:00,35.226043701171875
2018-03-05 00:00:00-05:00,35.636905670166016
2018-03-06 00:00:00-05:00,35.79981994628906
2018-03-07 00:00:00-05:00,36.019405364990234
2018-03-08 00:00:00-05:00,35.82814025878906
2018-03-09 00:00:00-05:00,36.033565521240234
2018-03-12 00:00:00-04:00,36.302738189697266
2018-03-13 00:00:00-04:00,36.44440841674805
2018-03-14 00:00:00-04:00,36.401912689208984
2018-03-15 00:00:00-04:00,36.22481918334961
2018-03-16 00:00:00-04:00,36.45857238769531
2018-03-19 00:00:00-04:00,36.05482864379883
2018-03-20 00:00:00-04:00,35.75730514526367
2018-03-21 00:00:00-04:00,35.34647750854492
2018-03-22 00:00:00-04:00,35.325225830078125
2018-03-23 00:00:00-04:00,34.94272232055664
2018-03-26 00:00:00-04:00,35.38188171386719
2018-03-27 00:00:00-04:00,35.64397430419922
2018-03-28 00:00:00-04:00,36.663997650146484
2018-03-29 00:00:00-04:00,36.799156188964844
2018-04-02 00:00:00-04:00,36.400787353515625
2018-04-03 00:00:00-04:00,36.8062629699707
2018-04-04 00:00:00-04:00,37.311344146728516
2018-04-05 00:00:00-04:00,37.25442123413086
2018-04-06 00:00:00-04:00,37.04813003540039
2018-04-09 00:00:00-04:00,36.91299057006836
2018-04-10 00:00:00-04:00,36.792049407958984
2018-04-11 00:00:00-04:00,36.87030792236328
2018-04-12 00:00:00-04:00,36.06643295288086
2018-04-13 00:00:00-04:00,36.144691467285156
2018-04-16 00:00:00-04:00,36.33676528930664
2018-04-17 00:00:00-04:00,36.71378707885742
2018-04-18 00:00:00-04:00,36.585750579833984
2018-04-19 00:00:00-04:00,35.68941116333008
2018-04-20 00:00:00-04:00,35.2341423034668
2018-04-23 00:00:00-04:00,34.94960021972656
2018-04-24 00:00:00-04:00,35.19856262207031
2018-04-25 00:00:00-04:00,35.29106903076172
2018-04-26 00:00:00-04:00,35.84591293334961
2018-04-27 00:00:00-04:00,36.599979400634766
2018-04-30 00:00:00-04:00,36.08557891845703
2018-05-01 00:00:00-04:00,36.56424331665039
2018-05-02 00:00:00-04:00,36.299903869628906
2018-05-03 00:00:00-04:00,36.642818450927734
2018-05-04 00:00:00-04:00,37.34296798706055
2018-05-07 00:00:00-04:00,37.62874984741211
2018-05-08 00:00:00-04:00,37.47871780395508
2018-05-09 00:00:00-04:00,37.77162170410156
2018-05-10 00:00:00-04:00,38.236000061035156
2018-05-11 00:00:00-04:00,37.85734939575195
2018-05-14 00:00:00-04:00,37.70732879638672
2018-05-15 00:00:00-04:00,36.950042724609375
2018-05-16 00:00:00-04:00,37.07863235473633
2018-05-17 00:00:00-04:00,36.950042724609375
2018-05-18 00:00:00-04:00,36.90717697143555
2018-05-21 00:00:00-04:00,37.371543884277344
2018-05-22 00:00:00-04:00,37.35009765625
2018-05-23 00:00:00-04:00,37.85020446777344
2018-05-24 00:00:00-04:00,37.7144775390625
2018-05-25 00:00:00-04:00,37.750186920166016
2018-05-29 00:00:00-04:00,38.093116760253906
2018-05-30 00:00:00-04:00,38.38603591918945
2018-05-31 00:00:00-04:00,38.235389709472656
2018-06-01 00:00:00-04:00,38.048866271972656
2018-06-04 00:00:00-04:00,38.13496017456055
2018-06-05 00:00:00-04:00,38.02019119262695
2018-06-06 00:00:00-04:00,38.2138671875
2018-06-07 00:00:00-04:00,38.2712516784668
2018-06-08 00:00:00-04:00,38.2138671875
2018-06-11 00:00:00-04:00,38.299949645996094
2018-06-12 00:00:00-04:00,38.71601867675781
2018-06-13 00:00:00-04:00,37.589752197265625
2018-06-14 00:00:00-04:00,38.012996673583984
2018-06-15 00:00:00-04:00,37.9986572265625
2018-06-18 00:00:00-04:00,37.94843673706055
2018-06-19 00:00:00-04:00,37.91974639892578
2018-06-20 00:00:00-04:00,38.37167739868164
2018-06-21 00:00:00-04:00,38.39320373535156
2018-06-22 00:00:00-04:00,38.5797119140625
2018-06-25 00:00:00-04:00,38.90969467163086
2018-06-26 00:00:00-04:00,38.988624572753906
2018-06-27 00:00:00-04:00,39.11773681640625
2018-06-28 00:00:00-04:00,38.9527587890625
2018-06-29 00:00:00-04:00,38.743873596191406
2018-07-02 00:00:00-04:00,38.376522064208984
2018-07-03 00:00:00-04:00,39.0031852722168
2018-07-05 00:00:00-04:00,39.73065948486328
2018-07-06 00:00:00-04:00,40.03314971923828
2018-07-09 00:00:00-04:00,39.52897262573242
2018-07-10 00:00:00-04:00,39.95394515991211
2018-07-11 00:00:00-04:00,39.71624755859375
2018-07-12 00:00:00-04:00,39.91792297363281
2018-07-13 00:00:00-04:00,39.72343826293945
2018-07-16 00:00:00-04:00,39.55057144165039
2018-07-17 00:00:00-04:00,39.413726806640625
2018-07-18 00:00:00-04:00,39.59379196166992
2018-07-19 00:00:00-04:00,40.198814392089844
2018-07-20 00:00:00-04:00,39.96834182739258
2018-07-23 00:00:00-04:00,39.95394515991211
2018-07-24 00:00:00-04:00,39.57939529418945
2018-07-25 00:00:00-04:00,40.155616760253906
2018-07-26 00:00:00-04:00,40.16282653808594
2018-07-27 00:00:00-04:00,39.64422607421875
2018-07-30 00:00:00-04:00,39.88191223144531
2018-07-31 00:00:00-04:00,40.33027648925781
2018-08-01 00:00:00-04:00,40.48212814331055
2018-08-02 00:00:00-04:00,41.154659271240234
2018-08-03 00:00:00-04:00,41.70423889160156
2018-08-06 00:00:00-04:00,41.66086959838867
2018-08-07 00:00:00-04:00,41.400535583496094
2018-08-08 00:00:00-04:00,41.328224182128906
2018-08-09 00:00:00-04:00,41.20528793334961
2018-08-10 00:00:00-04:00,40.86538314819336
2018-08-13 00:00:00-04:00,41.017250061035156
2018-08-14 00:00:00-04:00,41.27758026123047
2018-08-15 00:00:00-04:00,41.66086959838867
2018-08-16 00:00:00-04:00,42.0875244140625
2018-08-17 00:00:00-04:00,42.55757522583008
2018-08-20 00:00:00-04:00,42.506954193115234
2018-08-21 00:00:00-04:00,42.376792907714844
2018-08-22 00:00:00-04:00,42.29001998901367
2018-08-23 00:00:00-04:00,42.268314361572266
2018-08-24 00:00:00-04:00,42.376792907714844
2018-08-27 00:00:00-04:00,42.210453033447266
2018-08-28 00:00:00-04:00,42.7166633605957
2018-08-29 00:00:00-04:00,42.31891632080078
2018-08-30 00:00:00-04:00,42.24662780761719
2018-08-31 00:00:00-04:00,42.51519012451172
2018-09-04 00:00:00-04:00,42.37001037597656
2018-09-05 00:00:00-04:00,42.55875778198242
2018-09-06 00:00:00-04:00,42.67489242553711
2018-09-07 00:00:00-04:00,42.20304870605469
2018-09-10 00:00:00-04:00,42.355506896972656
2018-09-11 00:00:00-04:00,42.10869598388672
2018-09-12 00:00:00-04:00,42.1812858581543
2018-09-13 00:00:00-04:00,42.20304870605469
2018-09-14 00:00:00-04:00,41.85464096069336
2018-09-17 00:00:00-04:00,42.22484588623047
2018-09-18 00:00:00-04:00,41.74575424194336
2018-09-19 00:00:00-04:00,41.12147521972656
2018-09-20 00:00:00-04:00,41.5715217590332
2018-09-21 00:00:00-04:00,41.3682975769043
2018-09-24 00:00:00-04:00,40.74403381347656
2018-09-25 00:00:00-04:00,40.983577728271484
2018-09-26 00:00:00-04:00,40.51900863647461
2018-09-27 00:00:00-04:00,40.73678207397461
2018-09-28 00:00:00-04:00,41.458980560302734
2018-10-01 00:00:00-04:00,41.24761962890625
2018-10-02 00:00:00-04:00,41.40066909790039
2018-10-03 00:00:00-04:00,41.36423110961914
2018-10-04 00:00:00-04:00,41.20390319824219
2018-10-05 00:00:00-04:00,41.58286666870117
2018-10-08 00:00:00-04:00,42.3261833190918
2018-10-09 00:00:00-04:00,42.68328094482422
2018-10-10 00:00:00-04:00,41.76504898071289
2018-10-11 00:00:00-04:00,40.78123474121094
2018-10-12 00:00:00-04:00,40.70106506347656
2018-10-15 00:00:00-04:00,40.93427658081055
2018-10-16 00:00:00-04:00,41.939937591552734
2018-10-17 00:00:00-04:00,42.297027587890625
2018-10-18 00:00:00-04:00,42.202301025390625
2018-10-19 00:00:00-04:00,42.63228225708008
2018-10-22 00:00:00-04:00,42.056556701660156
2018-10-23 00:00:00-04:00,42.610416412353516
2018-10-24 00:00:00-04:00,43.57965850830078
2018-10-25 00:00:00-04:00,43.90031051635742
2018-10-26 00:00:00-04:00,43.52864456176758
2018-10-29 00:00:00-04:00,44.67279052734375
2018-10-30 00:00:00-04:00,44.74564743041992
2018-10-31 00:00:00-04:00,44.080814361572266
2018-11-01 00:00:00-04:00,44.75372314453125
2018-11-02 00:00:00-04:00,44.07352066040039
2018-11-05 00:00:00-05:00,44.95848846435547
2018-11-06 00:00:00-05:00,45.02431869506836
2018-11-07 00:00:00-05:00,45.5582275390625
2018-11-08 00:00:00-05:00,45.697200775146484
2018-11-09 00:00:00-05:00,45.9019889831543
2018-11-12 00:00:00-05:00,45.99707794189453
2018-11-13 00:00:00-05:00,45.960487365722656
2018-11-14 00:00:00-05:00,46.20186233520508
2018-11-15 00:00:00-05:00,45.84347915649414
2018-11-16 00:00:00-05:00,46.65532684326172
2018-11-19 00:00:00-05:00,46.786964416503906
2018-11-20 00:00:00-05:00,46.706512451171875
2018-11-21 00:00:00-05:00,46.50905227661133
2018-11-23 00:00:00-05:00,46.370094299316406
2018-11-26 00:00:00-05:00,46.09947204589844
2018-11-27 00:00:00-05:00,46.574867248535156
2018-11-28 00:00:00-05:00,46.545616149902344
2018-11-29 00:00:00-05:00,46.706512451171875
2018-11-30 00:00:00-05:00,47.037513732910156
2018-12-03 00:00:00-05:00,47.30173110961914
2018-12-04 00:00:00-05:00,47.00083541870117
2018-12-06 00:00:00-05:00,48.59344482421875
2018-12-07 00:00:00-05:00,48.387943267822266
2018-12-10 00:00:00-05:00,48.189788818359375
2018-12-11 00:00:00-05:00,48.65949630737305
2018-12-12 00:00:00-05:00,47.83015823364258
2018-12-13 00:00:00-05:00,48.67418670654297
2018-12-14 00:00:00-05:00,48.68886184692383
2018-12-17 00:00:00-05:00,47.05219650268555
2018-12-18 00:00:00-05:00,47.74943923950195
2018-12-19 00:00:00-05:00,47.426513671875
2018-12-20 00:00:00-05:00,47.11090850830078
2018-12-21 00:00:00-05:00,46.81734848022461
2018-12-24 00:00:00-05:00,44.23391342163086
2018-12-26 00:00:00-05:00,46.171485900878906
2018-12-27 00:00:00-05:00,46.465049743652344
2018-12-28 00:00:00-05:00,46.494407653808594
2018-12-31 00:00:00-05:00,46.4288444519043
2019-01-02 00:00:00-05:00,45.611331939697266
2019-01-03 00:00:00-05:00,46.016414642333984
2019-01-04 00:00:00-05:00,46.00168991088867
2019-01-07 00:00:00-05:00,45.86912536621094
2019-01-08 00:00:00-05:00,46.53935241699219
2019-01-09 00:00:00-05:00,46.35520935058594
2019-01-10 00:00:00-05:00,47.084373474121094
2019-01-11 00:00:00-05:00,47.3494758605957
2019-01-14 00:00:00-05:00,47.01069259643555
2019-01-15 00:00:00-05:00,47.7030143737793
2019-01-16 00:00:00-05:00,47.61461639404297
2019-01-17 00:00:00-05:00,47.73246765136719
2019-01-18 00:00:00-05:00,47.61461639404297
2019-01-22 00:00:00-05:00,47.7030143737793
2019-01-23 00:00:00-05:00,47.44522476196289
2019-01-24 00:00:00-05:00,47.327392578125
2019-01-25 00:00:00-05:00,48.034427642822266
2019-01-28 00:00:00-05:00,48.60153579711914
2019-01-29 00:00:00-05:00,49.109718322753906
2019-01-30 00:00:00-05:00,49.76520919799805
2019-01-31 00:00:00-05:00,50.75987243652344
2019-02-01 00:00:00-05:00,50.12434005737305
2019-02-04 00:00:00-05:00,50.86329650878906
2019-02-05 00:00:00-05:00,51.225399017333984
2019-02-06 00:00:00-05:00,51.121944427490234
2019-02-07 00:00:00-05:00,51.80180740356445
2019-02-08 00:00:00-05:00,51.787025451660156
2019-02-11 00:00:00-05:00,52.03089141845703
2019-02-12 00:00:00-05:00,51.247554779052734
2019-02-13 00:00:00-05:00,51.41752624511719
2019-02-14 00:00:00-05:00,51.56532287597656
2019-02-15 00:00:00-05:00,51.7944221496582
2019-02-19 00:00:00-05:00,51.668785095214844
2019-02-20 00:00:00-05:00,50.84852981567383
2019-02-21 00:00:00-05:00,51.40276336669922
2019-02-22 00:00:00-05:00,51.5357666015625
2019-02-25 00:00:00-05:00,51.28452682495117
2019-02-26 00:00:00-05:00,51.11455535888672
2019-02-27 00:00:00-05:00,50.86329650878906
2019-02-28 00:00:00-05:00,51.27552032470703
2019-03-01 00:00:00-05:00,51.260704040527344
2019-03-04 00:00:00-05:00,51.557254791259766
2019-03-05 00:00:00-05:00,51.75001525878906
2019-03-06 00:00:00-05:00,51.535003662109375
2019-03-07 00:00:00-05:00,51.497962951660156
2019-03-08 00:00:00-05:00,51.712947845458984
2019-03-11 00:00:00-04:00,52.439537048339844
2019-03-12 00:00:00-04:00,52.9066047668457
2019-03-13 00:00:00-04:00,52.86212921142578
2019-03-14 00:00:00-04:00,53.31438446044922
2019-03-15 00:00:00-04:00,52.817649841308594
2019-03-18 00:00:00-04:00,52.64714431762695
2019-03-19 00:00:00-04:00,51.93537139892578
2019-03-20 00:00:00-04:00,52.44695281982422
2019-03-21 00:00:00-04:00,53.729576110839844
2019-03-22 00:00:00-04:00,53.82595443725586
2019-03-25 00:00:00-04:00,54.30788040161133
2019-03-26 00:00:00-04:00,54.849090576171875
2019-03-27 00:00:00-04:00,54.456153869628906
2019-03-28 00:00:00-04:00,54.76754379272461
2019-03-29 00:00:00-04:00,54.705078125
2019-04-01 00:00:00-04:00,54.087806701660156
2019-04-02 00:00:00-04:00,53.95396041870117
2019-04-03 00:00:00-04:00,53.50773620605469
2019-04-04 00:00:00-04:00,53.38875961303711
2019-04-05 00:00:00-04:00,53.7531623840332
2019-04-08 00:00:00-04:00,53.5449333190918
2019-04-09 00:00:00-04:00,52.94255828857422
2019-04-10 00:00:00-04:00,53.36647033691406
2019-04-11 00:00:00-04:00,53.098731994628906
2019-04-12 00:00:00-04:00,53.03180694580078
2019-04-15 00:00:00-04:00,53.083858489990234
2019-04-16 00:00:00-04:00,51.566749572753906
2019-04-17 00:00:00-04:00,50.399166107177734
2019-04-18 00:00:00-04:00,50.964385986328125
2019-04-22 00:00:00-04:00,50.48841094970703
2019-04-23 00:00:00-04:00,51.3585205078125
2019-04-24 00:00:00-04:00,51.998104095458984
2019-04-25 00:00:00-04:00,52.11707305908203
2019-04-26 00:00:00-04:00,52.4888916015625
2019-04-29 00:00:00-04:00,51.68573760986328
2019-04-30 00:00:00-04:00,52.23488998413086
2019-05-01 00:00:00-04:00,52.22740936279297
2019-05-02 00:00:00-04:00,52.39902877807617
2019-05-03 00:00:00-04:00,52.45124053955078
2019-05-06 00:00:00-04:00,52.19755554199219
2019-05-07 00:00:00-04:00,49.7130126953125
2019-05-08 00:00:00-04:00,49.85478973388672
2019-05-09 00:00:00-04:00,50.257686614990234
2019-05-10 00:00:00-04:00,50.914268493652344
2019-05-13 00:00:00-04:00,51.10824203491211
2019-05-14 00:00:00-04:00,51.488773345947266
2019-05-15 00:00:00-04:00,51.6827507019043
2019-05-16 00:00:00-04:00,51.71259689331055
2019-05-17 00:00:00-04:00,51.6827507019043
2019-05-20 00:00:00-04:00,50.96648406982422
2019-05-21 00:00:00-04:00,51.51861572265625
2019-05-22 00:00:00-04:00,52.01850128173828
2019-05-23 00:00:00-04:00,52.660133361816406
2019-05-24 00:00:00-04:00,52.62284851074219
2019-05-28 00:00:00-04:00,52.03343963623047
2019-05-29 00:00:00-04:00,51.332061767578125
2019-05-30 00:00:00-04:00,51.64545822143555
2019-05-31 00:00:00-04:00,52.4583854675293
2019-06-03 00:00:00-04:00,53.38657760620117
2019-06-04 00:00:00-04:00,52.697898864746094
2019-06-05 00:00:00-04:00,54.25490188598633
2019-06-06 00:00:00-04:00,54.352195739746094
2019-06-07 00:00:00-04:00,54.38216781616211
2019-06-10 00:00:00-04:00,53.723411560058594
2019-06-11 00:00:00-04:00,54.06774139404297
2019-06-12 00:00:00-04:00,54.6965217590332
2019-06-13 00:00:00-04:00,54.419578552246094
2019-06-14 00:00:00-04:00,54.84624099731445
2019-06-17 00:00:00-04:00,54.85375213623047
2019-06-18 00:00:00-04:00,54.34471893310547
2019-06-19 00:00:00-04:00,54.808807373046875
2019-06-20 00:00:00-04:00,54.861202239990234
2019-06-21 00:00:00-04:00,54.08273696899414
2019-06-24 00:00:00-04:00,53.73089599609375
2019-06-25 00:00:00-04:00,52.70539474487305
2019-06-26 00:00:00-04:00,51.27565002441406
2019-06-27 00:00:00-04:00,51.964324951171875
2019-06-28 00:00:00-04:00,51.79684829711914
2019-07-01 00:00:00-04:00,51.09088897705078
2019-07-02 00:00:00-04:00,51.89448547363281
2019-07-03 00:00:00-04:00,53.06605911254883
2019-07-05 00:00:00-04:00,52.56288528442383
2019-07-08 00:00:00-04:00,52.65302276611328
2019-07-09 00:00:00-04:00,53.10361099243164
2019-07-10 00:00:00-04:00,53.501625061035156
2019-07-11 00:00:00-04:00,53.06605911254883
2019-07-12 00:00:00-04:00,53.11863327026367
2019-07-15 00:00:00-04:00,52.86328887939453
2019-07-16 00:00:00-04:00,52.46524429321289
2019-07-17 00:00:00-04:00,52.51030731201172
2019-07-18 00:00:00-04:00,52.64548873901367
2019-07-19 00:00:00-04:00,51.62412643432617
2019-07-22 00:00:00-04:00,51.44387435913086
2019-07-23 00:00:00-04:00,52.269989013671875
2019-07-24 00:00:00-04:00,52.04469299316406
2019-07-25 00:00:00-04:00,51.72927474975586
2019-07-26 00:00:00-04:00,52.22493362426758
2019-07-29 00:00:00-04:00,52.70556640625
2019-07-30 00:00:00-04:00,52.58540725708008
2019-07-31 00:00:00-04:00,52.146148681640625
2019-08-01 00:00:00-04:00,52.49273681640625
2019-08-02 00:00:00-04:00,52.779052734375
2019-08-05 00:00:00-04:00,51.95779037475586
2019-08-06 00:00:00-04:00,52.6434326171875
2019-08-07 00:00:00-04:00,53.73591232299805
2019-08-08 00:00:00-04:00,54.24073028564453
2019-08-09 00:00:00-04:00,54.7606315612793
2019-08-12 00:00:00-04:00,54.80583190917969
2019-08-13 00:00:00-04:00,54.459232330322266
2019-08-14 00:00:00-04:00,54.07497787475586
2019-08-15 00:00:00-04:00,54.406497955322266
2019-08-16 00:00:00-04:00,54.85856628417969
2019-08-19 00:00:00-04:00,55.29557800292969
2019-08-20 00:00:00-04:00,54.640052795410156
2019-08-21 00:00:00-04:00,54.73802185058594
2019-08-22 00:00:00-04:00,55.054473876953125
2019-08-23 00:00:00-04:00,54.62501907348633
2019-08-26 00:00:00-04:00,55.137359619140625
2019-08-27 00:00:00-04:00,55.09967041015625
2019-08-28 00:00:00-04:00,55.29557800292969
2019-08-29 00:00:00-04:00,55.70243453979492
2019-08-30 00:00:00-04:00,55.783302307128906
2019-09-03 00:00:00-04:00,57.03031539916992
2019-09-04 00:00:00-04:00,57.808753967285156
2019-09-05 00:00:00-04:00,56.68267059326172
2019-09-06 00:00:00-04:00,57.40065002441406
2019-09-09 00:00:00-04:00,56.87159729003906
2019-09-10 00:00:00-04:00,55.700157165527344
2019-09-11 00:00:00-04:00,55.63969039916992
2019-09-12 00:00:00-04:00,56.29722213745117
2019-09-13 00:00:00-04:00,54.89149475097656
2019-09-16 00:00:00-04:00,55.90422058105469
2019-09-17 00:00:00-04:00,57.26461410522461
2019-09-18 00:00:00-04:00,56.96229934692383
2019-09-19 00:00:00-04:00,57.15123748779297
2019-09-20 00:00:00-04:00,57.35530090332031
2019-09-23 00:00:00-04:00,57.46866989135742
2019-09-24 00:00:00-04:00,57.51401138305664
2019-09-25 00:00:00-04:00,57.53669357299805
2019-09-26 00:00:00-04:00,58.40582275390625
2019-09-27 00:00:00-04:00,58.29245376586914
2019-09-30 00:00:00-04:00,58.1234016418457
2019-10-01 00:00:00-04:00,58.244686126708984
2019-10-02 00:00:00-04:00,58.161319732666016
2019-10-03 00:00:00-04:00,58.97996139526367
2019-10-04 00:00:00-04:00,59.43473815917969
2019-10-07 00:00:00-04:00,58.98752212524414
2019-10-08 00:00:00-04:00,59.063358306884766
2019-10-09 00:00:00-04:00,59.343788146972656
2019-10-10 00:00:00-04:00,59.67731475830078
2019-10-11 00:00:00-04:00,59.040565490722656
2019-10-14 00:00:00-04:00,59.10121536254883
2019-10-15 00:00:00-04:00,59.184600830078125
2019-10-16 00:00:00-04:00,59.578773498535156
2019-10-17 00:00:00-04:00,59.57120132446289
2019-10-18 00:00:00-04:00,60.23823165893555
2019-10-21 00:00:00-04:00,60.602088928222656
2019-10-22 00:00:00-04:00,60.427734375
2019-10-23 00:00:00-04:00,60.86738586425781
2019-10-24 00:00:00-04:00,61.2843017578125
2019-10-25 00:00:00-04:00,61.307010650634766
2019-10-28 00:00:00-04:00,61.307010650634766
2019-10-29 00:00:00-04:00,61.2843017578125
2019-10-30 00:00:00-04:00,62.11048889160156
2019-10-31 00:00:00-04:00,62.16900634765625
2019-11-01 00:00:00-04:00,61.62934875488281
2019-11-04 00:00:00-05:00,60.93003463745117
2019-11-05 00:00:00-05:00,59.463035583496094
2019-11-06 00:00:00-05:00,59.896305084228516
2019-11-07 00:00:00-05:00,58.96135330200195
2019-11-08 00:00:00-05:00,58.011268615722656
2019-11-11 00:00:00-05:00,58.19367599487305
2019-11-12 00:00:00-05:00,57.58559036254883
2019-11-13 00:00:00-05:00,58.391300201416016
2019-11-14 00:00:00-05:00,58.7105598449707
2019-11-15 00:00:00-05:00,58.877777099609375
2019-11-18 00:00:00-05:00,59.49345779418945
2019-11-19 00:00:00-05:00,59.12858963012695
2019-11-20 00:00:00-05:00,59.280635833740234
2019-11-21 00:00:00-05:00,58.14806365966797
2019-11-22 00:00:00-05:00,57.935237884521484
2019-11-25 00:00:00-05:00,57.99603271484375
2019-11-26 00:00:00-05:00,58.32289123535156
2019-11-27 00:00:00-05:00,59.052589416503906
2019-11-29 00:00:00-05:00,58.417572021484375
2019-12-02 00:00:00-05:00,57.54851531982422
2019-12-03 00:00:00-05:00,57.47990036010742
2019-12-04 00:00:00-05:00,57.89154052734375
2019-12-05 00:00:00-05:00,57.6933479309082
2019-12-06 00:00:00-05:00,57.89154052734375
2019-12-09 00:00:00-05:00,57.746707916259766
2019-12-10 00:00:00-05:00,57.639991760253906
2019-12-11 00:00:00-05:00,56.85477828979492
2019-12-12 00:00:00-05:00,55.75701141357422
2019-12-13 00:00:00-05:00,55.2691535949707
2019-12-16 00:00:00-05:00,55.680782318115234
2019-12-17 00:00:00-05:00,54.682159423828125
2019-12-18 00:00:00-05:00,54.94133377075195
2019-12-19 00:00:00-05:00,55.15476608276367
2019-12-20 00:00:00-05:00,55.2691535949707
2019-12-23 00:00:00-05:00,54.84986114501953
2019-12-24 00:00:00-05:00,55.162410736083984
2019-12-26 00:00:00-05:00,55.5283203125
2019-12-27 00:00:00-05:00,55.840877532958984
2019-12-30 00:00:00-05:00,55.840877532958984
2019-12-31 00:00:00-05:00,56.30583190917969
2020-01-02 00:00:00-05:00,55.42641830444336
2020-01-03 00:00:00-05:00,56.42817687988281
2020-01-06 00:00:00-05:00,56.71113967895508
2020-01-07 00:00:00-05:00,56.72642517089844
2020-01-08 00:00:00-05:00,56.98642349243164
2020-01-09 00:00:00-05:00,56.01523971557617
2020-01-10 00:00:00-05:00,56.38993835449219
2020-01-13 00:00:00-05:00,57.322879791259766
2020-01-14 00:00:00-05:00,57.322879791259766
2020-01-15 00:00:00-05:00,58.10291290283203
2020-01-16 00:00:00-05:00,58.23289489746094
2020-01-17 00:00:00-05:00,58.38585662841797
2020-01-21 00:00:00-05:00,59.43351364135742
2020-01-22 00:00:00-05:00,58.798797607421875
2020-01-23 00:00:00-05:00,59.06644058227539
2020-01-24 00:00:00-05:00,58.982322692871094
2020-01-27 00:00:00-05:00,59.18879699707031
2020-01-28 00:00:00-05:00,59.747047424316406
2020-01-29 00:00:00-05:00,59.75468063354492
2020-01-30 00:00:00-05:00,60.39702224731445
2020-01-31 00:00:00-05:00,60.13856887817383
2020-02-03 00:00:00-05:00,59.977500915527344
2020-02-04 00:00:00-05:00,60.06953811645508
2020-02-05 00:00:00-05:00,60.20758056640625
2020-02-06 00:00:00-05:00,60.706146240234375
2020-02-07 00:00:00-05:00,60.98223876953125
2020-02-10 00:00:00-05:00,61.41943359375
2020-02-11 00:00:00-05:00,60.34566879272461
2020-02-12 00:00:00-05:00,60.04652404785156
2020-02-13 00:00:00-05:00,60.43002700805664
2020-02-14 00:00:00-05:00,61.5497932434082
2020-02-18 00:00:00-05:00,61.66486358642578
2020-02-19 00:00:00-05:00,61.10495376586914
2020-02-20 00:00:00-05:00,62.82297134399414
2020-02-21 00:00:00-05:00,63.22949981689453
2020-02-24 00:00:00-05:00,63.022396087646484
2020-02-25 00:00:00-05:00,62.063682556152344
2020-02-26 00:00:00-05:00,61.17403030395508
2020-02-27 00:00:00-05:00,55.90486145019531
2020-02-28 00:00:00-05:00,55.69943618774414
2020-03-02 00:00:00-05:00,57.699981689453125
2020-03-03 00:00:00-05:00,57.39985275268555
2020-03-04 00:00:00-05:00,60.131378173828125
2020-03-05 00:00:00-05:00,59.73128128051758
2020-03-06 00:00:00-05:00,58.977210998535156
2020-03-09 00:00:00-04:00,56.41498565673828
2020-03-10 00:00:00-04:00,58.931060791015625
2020-03-11 00:00:00-04:00,56.59967041015625
2020-03-12 00:00:00-04:00,52.121551513671875
2020-03-13 00:00:00-04:00,55.33778381347656
2020-03-16 00:00:00-04:00,41.54182434082031
2020-03-17 00:00:00-04:00,42.41128158569336
2020-03-18 00:00:00-04:00,32.70100784301758
2020-03-19 00:00:00-04:00,36.99445724487305
2020-03-20 00:00:00-04:00,36.48662185668945
2020-03-23 00:00:00-04:00,33.34733581542969
2020-03-24 00:00:00-04:00,38.987281799316406
2020-03-25 00:00:00-04:00,41.93422317504883
2020-03-26 00:00:00-04:00,44.90425491333008
2020-03-27 00:00:00-04:00,43.780879974365234
2020-03-30 00:00:00-04:00,40.88011169433594
2020-03-31 00:00:00-04:00,38.533016204833984
2020-04-01 00:00:00-04:00,35.91315460205078
2020-04-02 00:00:00-04:00,35.25625991821289
2020-04-03 00:00:00-04:00,33.69514465332031
2020-04-06 00:00:00-04:00,36.17592239379883
2020-04-07 00:00:00-04:00,38.12343978881836
2020-04-08 00:00:00-04:00,41.060184478759766
2020-04-09 00:00:00-04:00,43.803680419921875
2020-04-13 00:00:00-04:00,41.37702941894531
2020-04-14 00:00:00-04:00,43.517757415771484
2020-04-15 00:00:00-04:00,39.80047607421875
2020-04-16 00:00:00-04:00,38.494388580322266
2020-04-17 00:00:00-04:00,40.47282028198242
2020-04-20 00:00:00-04:00,39.3135871887207
2020-04-21 00:00:00-04:00,38.525299072265625
2020-04-22 00:00:00-04:00,38.780338287353516
2020-04-23 00:00:00-04:00,38.11571502685547
2020-04-24 00:00:00-04:00,38.57939910888672
2020-04-27 00:00:00-04:00,39.65361785888672
2020-04-28 00:00:00-04:00,41.10653305053711
2020-04-29 00:00:00-04:00,42.71400451660156
2020-04-30 00:00:00-04:00,42.62321472167969
2020-05-01 00:00:00-04:00,40.19401931762695
2020-05-04 00:00:00-04:00,39.27824401855469
2020-05-05 00:00:00-04:00,40.39581298828125
2020-05-06 00:00:00-04:00,40.72953414916992
2020-05-07 00:00:00-04:00,42.22740173339844
2020-05-08 00:00:00-04:00,42.57664489746094
2020-05-11 00:00:00-04:00,41.92472839355469
2020-05-12 00:00:00-04:00,40.10088348388672
2020-05-13 00:00:00-04:00,38.97555160522461
2020-05-14 00:00:00-04:00,39.09973907470703
2020-05-15 00:00:00-04:00,38.79706573486328
2020-05-18 00:00:00-04:00,41.18743896484375
2020-05-19 00:00:00-04:00,40.814903259277344
2020-05-20 00:00:00-04:00,39.922393798828125
2020-05-21 00:00:00-04:00,40.16299057006836
2020-05-22 00:00:00-04:00,40.47342300415039
2020-05-26 00:00:00-04:00,43.065582275390625
2020-05-27 00:00:00-04:00,42.98797607421875
2020-05-28 00:00:00-04:00,43.22856140136719
2020-05-29 00:00:00-04:00,43.106204986572266
2020-06-01 00:00:00-04:00,44.08819580078125
2020-06-02 00:00:00-04:00,44.57918930053711
2020-06-03 00:00:00-04:00,46.886085510253906
2020-06-04 00:00:00-04:00,46.84711456298828
2020-06-05 00:00:00-04:00,48.4837646484375
2020-06-08 00:00:00-04:00,50.01129913330078
2020-06-09 00:00:00-04:00,48.982547760009766
2020-06-10 00:00:00-04:00,48.42142105102539
2020-06-11 00:00:00-04:00,45.109153747558594
2020-06-12 00:00:00-04:00,47.096527099609375
2020-06-15 00:00:00-04:00,48.764347076416016
2020-06-16 00:00:00-04:00,49.224143981933594
2020-06-17 00:00:00-04:00,49.14622497558594
2020-06-18 00:00:00-04:00,49.40341567993164
2020-06-19 00:00:00-04:00,47.95381164550781
2020-06-22 00:00:00-04:00,47.88365173339844
2020-06-23 00:00:00-04:00,47.75117874145508
2020-06-24 00:00:00-04:00,46.34053039550781
2020-06-25 00:00:00-04:00,46.426273345947266
2020-06-26 00:00:00-04:00,45.522220611572266
2020-06-29 00:00:00-04:00,46.589927673339844
2020-06-30 00:00:00-04:00,46.55393981933594
2020-07-01 00:00:00-04:00,47.797996520996094
2020-07-02 00:00:00-04:00,47.80581283569336
2020-07-06 00:00:00-04:00,47.14857482910156
2020-07-07 00:00:00-04:00,45.8262939453125
2020-07-08 00:00:00-04:00,45.794979095458984
2020-07-09 00:00:00-04:00,44.6917839050293
2020-07-10 00:00:00-04:00,44.590065002441406
2020-07-13 00:00:00-04:00,44.464881896972656
2020-07-14 00:00:00-04:00,45.0282096862793
2020-07-15 00:00:00-04:00,45.87322998046875
2020-07-16 00:00:00-04:00,45.114280700683594
2020-07-17 00:00:00-04:00,45.841941833496094
2020-07-20 00:00:00-04:00,44.89521789550781
2020-07-21 00:00:00-04:00,44.74655532836914
2020-07-22 00:00:00-04:00,45.771522521972656
2020-07-23 00:00:00-04:00,44.87173843383789
2020-07-24 00:00:00-04:00,44.926513671875
2020-07-27 00:00:00-04:00,45.88105773925781
2020-07-28 00:00:00-04:00,46.827781677246094
2020-07-29 00:00:00-04:00,47.43023681640625
2020-07-30 00:00:00-04:00,47.3754768371582
2020-07-31 00:00:00-04:00,47.16655731201172
2020-08-03 00:00:00-04:00,46.66386413574219
2020-08-04 00:00:00-04:00,48.58822250366211
2020-08-05 00:00:00-04:00,48.97309494018555
2020-08-06 00:00:00-04:00,48.80814743041992
2020-08-07 00:00:00-04:00,49.26370620727539
2020-08-10 00:00:00-04:00,49.05949401855469
2020-08-11 00:00:00-04:00,49.2322998046875
2020-08-12 00:00:00-04:00,49.483646392822266
2020-08-13 00:00:00-04:00,48.25047302246094
2020-08-14 00:00:00-04:00,47.92057800292969
2020-08-17 00:00:00-04:00,48.682464599609375
2020-08-18 00:00:00-04:00,48.36830520629883
2020-08-19 00:00:00-04:00,47.16655731201172
2020-08-20 00:00:00-04:00,47.92057800292969
2020-08-21 00:00:00-04:00,48.006980895996094
2020-08-24 00:00:00-04:00,49.043785095214844
2020-08-25 00:00:00-04:00,49.145896911621094
2020-08-26 00:00:00-04:00,48.44685363769531
2020-08-27 00:00:00-04:00,49.09090805053711
2020-08-28 00:00:00-04:00,49.82923126220703
2020-08-31 00:00:00-04:00,48.90212631225586
2020-09-01 00:00:00-04:00,49.233238220214844
2020-09-02 00:00:00-04:00,50.09254837036133
2020-09-03 00:00:00-04:00,50.6444091796875
2020-09-04 00:00:00-04:00,50.74688720703125
2020-09-08 00:00:00-04:00,50.455204010009766
2020-09-09 00:00:00-04:00,50.95185470581055
2020-09-10 00:00:00-04:00,50.265995025634766
2020-09-11 00:00:00-04:00,49.95064926147461
2020-09-14 00:00:00-04:00,51.637725830078125
2020-09-15 00:00:00-04:00,51.88213348388672
2020-09-16 00:00:00-04:00,51.566776275634766
2020-09-17 00:00:00-04:00,50.510372161865234
2020-09-18 00:00:00-04:00,49.15440368652344
2020-09-21 00:00:00-04:00,47.37269973754883
2020-09-22 00:00:00-04:00,47.79841995239258
2020-09-23 00:00:00-04:00,46.53702926635742
2020-09-24 00:00:00-04:00,46.284759521484375
2020-09-25 00:00:00-04:00,47.24655532836914
2020-09-28 00:00:00-04:00,48.61832809448242
2020-09-29 00:00:00-04:00,48.16896438598633
2020-09-30 00:00:00-04:00,48.07714080810547
2020-10-01 00:00:00-04:00,49.287986755371094
2020-10-02 00:00:00-04:00,50.53837203979492
2020-10-05 00:00:00-04:00,50.055633544921875
2020-10-06 00:00:00-04:00,49.78656005859375
2020-10-07 00:00:00-04:00,49.62827682495117
2020-10-08 00:00:00-04:00,50.451332092285156
2020-10-09 00:00:00-04:00,50.00815200805664
2020-10-12 00:00:00-04:00,50.118934631347656
2020-10-13 00:00:00-04:00,48.805240631103516
2020-10-14 00:00:00-04:00,48.275001525878906
2020-10-15 00:00:00-04:00,47.80807876586914
2020-10-16 00:00:00-04:00,47.90304183959961
2020-10-19 00:00:00-04:00,46.49434280395508
2020-10-20 00:00:00-04:00,46.7713508605957
2020-10-21 00:00:00-04:00,47.2303466796875
2020-10-22 00:00:00-04:00,47.55482482910156
2020-10-23 00:00:00-04:00,48.07714080810547
2020-10-26 00:00:00-04:00,47.349056243896484
2020-10-27 00:00:00-04:00,46.478546142578125
2020-10-28 00:00:00-04:00,45.75046920776367
2020-10-29 00:00:00-04:00,46.31232833862305
2020-10-30 00:00:00-04:00,45.97385787963867
2020-11-02 00:00:00-05:00,47.388179779052734
2020-11-03 00:00:00-05:00,47.07830810546875
2020-11-04 00:00:00-05:00,46.482383728027344
2020-11-05 00:00:00-05:00,46.08509063720703
2020-11-06 00:00:00-05:00,46.077152252197266
2020-11-09 00:00:00-05:00,48.94554138183594
2020-11-10 00:00:00-05:00,51.3848762512207
2020-11-11 00:00:00-05:00,50.407554626464844
2020-11-12 00:00:00-05:00,49.08062744140625
2020-11-13 00:00:00-05:00,50.09766387939453
2020-11-16 00:00:00-05:00,51.225955963134766
2020-11-17 00:00:00-05:00,49.914913177490234
2020-11-18 00:00:00-05:00,48.619773864746094
2020-11-19 00:00:00-05:00,48.55619812011719
2020-11-20 00:00:00-05:00,47.98411560058594
2020-11-23 00:00:00-05:00,48.38140869140625
2020-11-24 00:00:00-05:00,49.13623809814453
2020-11-25 00:00:00-05:00,49.978477478027344
2020-11-27 00:00:00-05:00,48.97734069824219
2020-11-30 00:00:00-05:00,47.831993103027344
2020-12-01 00:00:00-05:00,48.150997161865234
2020-12-02 00:00:00-05:00,48.47803497314453
2020-12-03 00:00:00-05:00,48.725303649902344
2020-12-04 00:00:00-05:00,48.860877990722656
2020-12-07 00:00:00-05:00,48.4541130065918
2020-12-08 00:00:00-05:00,48.174949645996094
2020-12-09 00:00:00-05:00,48.40625
2020-12-10 00:00:00-05:00,47.800071716308594
2020-12-11 00:00:00-05:00,48.22279739379883
2020-12-14 00:00:00-05:00,48.35041427612305
2020-12-15 00:00:00-05:00,49.25168991088867
2020-12-16 00:00:00-05:00,48.93265914916992
2020-12-17 00:00:00-05:00,48.677425384521484
2020-12-18 00:00:00-05:00,47.473052978515625
2020-12-21 00:00:00-05:00,47.672447204589844
2020-12-22 00:00:00-05:00,48.59767532348633
2020-12-23 00:00:00-05:00,48.22279739379883
2020-12-24 00:00:00-05:00,48.725303649902344
2020-12-28 00:00:00-05:00,49.267662048339844
2020-12-29 00:00:00-05:00,48.629581451416016
2020-12-30 00:00:00-05:00,48.876834869384766
2020-12-31 00:00:00-05:00,49.77756881713867
2021-01-04 00:00:00-05:00,47.92802429199219
2021-01-05 00:00:00-05:00,48.168235778808594
2021-01-06 00:00:00-05:00,47.7598991394043
2021-01-07 00:00:00-05:00,47.15940475463867
2021-01-08 00:00:00-05:00,47.83197021484375
2021-01-11 00:00:00-05:00,47.575740814208984
2021-01-12 00:00:00-05:00,46.28666687011719
2021-01-13 00:00:00-05:00,46.26265335083008
2021-01-14 00:00:00-05:00,46.30267333984375
2021-01-15 00:00:00-05:00,46.959224700927734
2021-01-19 00:00:00-05:00,46.55087661743164
2021-01-20 00:00:00-05:00,47.22343826293945
2021-01-21 00:00:00-05:00,47.3115119934082
2021-01-22 00:00:00-05:00,47.91203308105469
2021-01-25 00:00:00-05:00,48.34437942504883
2021-01-26 00:00:00-05:00,48.576576232910156
2021-01-27 00:00:00-05:00,48.328365325927734
2021-01-28 00:00:00-05:00,48.8007698059082
2021-01-29 00:00:00-05:00,47.47053909301758
2021-02-01 00:00:00-05:00,48.35466384887695
2021-02-02 00:00:00-05:00,48.483272552490234
2021-02-03 00:00:00-05:00,48.59580993652344
2021-02-04 00:00:00-05:00,48.989654541015625
2021-02-05 00:00:00-05:00,49.174522399902344
2021-02-08 00:00:00-05:00,48.949462890625
2021-02-09 00:00:00-05:00,49.62462615966797
2021-02-10 00:00:00-05:00,50.235496520996094
2021-02-11 00:00:00-05:00,50.58110809326172
2021-02-12 00:00:00-05:00,50.203338623046875
2021-02-16 00:00:00-05:00,49.59247589111328
2021-02-17 00:00:00-05:00,49.640689849853516
2021-02-18 00:00:00-05:00,48.96554946899414
2021-02-19 00:00:00-05:00,49.102169036865234
2021-02-22 00:00:00-05:00,49.91398620605469
2021-02-23 00:00:00-05:00,50.1390266418457
2021-02-24 00:00:00-05:00,50.131004333496094
2021-02-25 00:00:00-05:00,49.50407791137695
2021-02-26 00:00:00-05:00,48.62056350708008
2021-03-01 00:00:00-05:00,48.822269439697266
2021-03-02 00:00:00-05:00,48.709320068359375
2021-03-03 00:00:00-05:00,49.040122985839844
2021-03-04 00:00:00-05:00,47.967018127441406
2021-03-05 00:00:00-05:00,48.378509521484375
2021-03-08 00:00:00-05:00,48.76578903198242
2021-03-09 00:00:00-05:00,48.98365020751953
2021-03-10 00:00:00-05:00,49.55651092529297
2021-03-11 00:00:00-05:00,49.879249572753906
2021-03-12 00:00:00-05:00,50.77484893798828
2021-03-15 00:00:00-04:00,51.573631286621094
2021-03-16 00:00:00-04:00,51.60589599609375
2021-03-17 00:00:00-04:00,51.541343688964844
2021-03-18 00:00:00-04:00,51.000755310058594
2021-03-19 00:00:00-04:00,49.82275390625
2021-03-22 00:00:00-04:00,50.395626068115234
2021-03-23 00:00:00-04:00,50.79097366333008
2021-03-24 00:00:00-04:00,51.01689910888672
2021-03-25 00:00:00-04:00,51.56555938720703
2021-03-26 00:00:00-04:00,51.815670013427734
2021-03-29 00:00:00-04:00,51.80760192871094
2021-03-30 00:00:00-04:00,51.7349967956543
2021-03-31 00:00:00-04:00,51.4232177734375
2021-04-01 00:00:00-04:00,52.727012634277344
2021-04-05 00:00:00-04:00,52.840396881103516
2021-04-06 00:00:00-04:00,52.743228912353516
2021-04-07 00:00:00-04:00,53.08333969116211
2021-04-08 00:00:00-04:00,52.96996307373047
2021-04-09 00:00:00-04:00,52.791805267333984
2021-04-12 00:00:00-04:00,53.18050765991211
2021-04-13 00:00:00-04:00,53.4477424621582
2021-04-14 00:00:00-04:00,52.92947769165039
2021-04-15 00:00:00-04:00,54.19277572631836
2021-04-16 00:00:00-04:00,54.27375411987305
2021-04-19 00:00:00-04:00,54.53289794921875
2021-04-20 00:00:00-04:00,55.545162200927734
2021-04-21 00:00:00-04:00,56.152523040771484
2021-04-22 00:00:00-04:00,55.94199752807617
2021-04-23 00:00:00-04:00,56.20112609863281
2021-04-26 00:00:00-04:00,56.136329650878906
2021-04-27 00:00:00-04:00,55.76382064819336
2021-04-28 00:00:00-04:00,55.55327224731445
2021-04-29 00:00:00-04:00,56.12822341918945
2021-04-30 00:00:00-04:00,56.18916320800781
2021-05-03 00:00:00-04:00,55.80727767944336
2021-05-04 00:00:00-04:00,56.156673431396484
2021-05-05 00:00:00-04:00,54.5559196472168
2021-05-06 00:00:00-04:00,54.88907241821289
2021-05-07 00:00:00-04:00,55.33597946166992
2021-05-10 00:00:00-04:00,54.88093566894531
2021-05-11 00:00:00-04:00,53.78396224975586
2021-05-12 00:00:00-04:00,52.605743408203125
2021-05-13 00:00:00-04:00,52.581363677978516
2021-05-14 00:00:00-04:00,53.09327697753906
2021-05-17 00:00:00-04:00,53.14204025268555
2021-05-18 00:00:00-04:00,53.20704650878906
2021-05-19 00:00:00-04:00,53.35330581665039
2021-05-20 00:00:00-04:00,54.36902618408203
2021-05-21 00:00:00-04:00,54.10087585449219
2021-05-24 00:00:00-04:00,55.36848831176758
2021-05-25 00:00:00-04:00,55.93727493286133
2021-05-26 00:00:00-04:00,56.16481399536133
2021-05-27 00:00:00-04:00,55.425357818603516
2021-05-28 00:00:00-04:00,55.77190399169922
2021-06-01 00:00:00-04:00,56.546512603759766
2021-06-02 00:00:00-04:00,57.57388687133789
2021-06-03 00:00:00-04:00,57.23143005371094
2021-06-04 00:00:00-04:00,57.41897201538086
2021-06-07 00:00:00-04:00,57.36190414428711
2021-06-08 00:00:00-04:00,57.45157241821289
2021-06-09 00:00:00-04:00,57.8592643737793
2021-06-10 00:00:00-04:00,57.957115173339844
2021-06-11 00:00:00-04:00,57.38636016845703
2021-06-14 00:00:00-04:00,57.565738677978516
2021-06-15 00:00:00-04:00,56.75852966308594
2021-06-16 00:00:00-04:00,55.81267166137695
2021-06-17 00:00:00-04:00,55.63328552246094
2021-06-18 00:00:00-04:00,54.49990463256836
2021-06-21 00:00:00-04:00,55.49467468261719
2021-06-22 00:00:00-04:00,55.02174758911133
2021-06-23 00:00:00-04:00,54.97283935546875
2021-06-24 00:00:00-04:00,54.630367279052734
2021-06-25 00:00:00-04:00,55.551753997802734
2021-06-28 00:00:00-04:00,55.30712127685547
2021-06-29 00:00:00-04:00,55.40498733520508
2021-06-30 00:00:00-04:00,54.60801696777344
2021-07-01 00:00:00-04:00,54.861690521240234
2021-07-02 00:00:00-04:00,55.2135124206543
2021-07-06 00:00:00-04:00,55.843544006347656
2021-07-07 00:00:00-04:00,55.794456481933594
2021-07-08 00:00:00-04:00,55.557167053222656
2021-07-09 00:00:00-04:00,56.3508415222168
2021-07-12 00:00:00-04:00,56.702667236328125
2021-07-13 00:00:00-04:00,56.01537322998047
2021-07-14 00:00:00-04:00,56.34267807006836
2021-07-15 00:00:00-04:00,56.686317443847656
2021-07-16 00:00:00-04:00,56.91542053222656
2021-07-19 00:00:00-04:00,56.21175765991211
2021-07-20 00:00:00-04:00,57.4799919128418
2021-07-21 00:00:00-04:00,57.42271041870117
2021-07-22 00:00:00-04:00,57.20178985595703
2021-07-23 00:00:00-04:00,57.66818618774414
2021-07-26 00:00:00-04:00,57.81546401977539
2021-07-27 00:00:00-04:00,58.12639617919922
2021-07-28 00:00:00-04:00,57.545448303222656
2021-07-29 00:00:00-04:00,57.455440521240234
2021-07-30 00:00:00-04:00,57.70664978027344
2021-08-02 00:00:00-04:00,57.41111755371094
2021-08-03 00:00:00-04:00,57.8051872253418
2021-08-04 00:00:00-04:00,57.59172821044922
2021-08-05 00:00:00-04:00,58.11714172363281
2021-08-06 00:00:00-04:00,57.97759246826172
2021-08-09 00:00:00-04:00,57.97759246826172
2021-08-10 00:00:00-04:00,57.54246520996094
2021-08-11 00:00:00-04:00,58.21568298339844
2021-08-12 00:00:00-04:00,58.23208999633789
2021-08-13 00:00:00-04:00,59.069480895996094
2021-08-16 00:00:00-04:00,59.53744125366211
2021-08-17 00:00:00-04:00,59.365047454833984
2021-08-18 00:00:00-04:00,58.87245178222656
2021-08-19 00:00:00-04:00,58.73291015625
2021-08-20 00:00:00-04:00,59.03662872314453
2021-08-23 00:00:00-04:00,58.40449523925781
2021-08-24 00:00:00-04:00,58.15819549560547
2021-08-25 00:00:00-04:00,58.23208999633789
2021-08-26 00:00:00-04:00,58.27312088012695
2021-08-27 00:00:00-04:00,58.74110412597656
2021-08-30 00:00:00-04:00,59.159786224365234
2021-08-31 00:00:00-04:00,59.48598098754883
2021-09-01 00:00:00-04:00,59.642478942871094
2021-09-02 00:00:00-04:00,59.864864349365234
2021-09-03 00:00:00-04:00,59.55185317993164
2021-09-07 00:00:00-04:00,58.654048919677734
2021-09-08 00:00:00-04:00,59.057655334472656
2021-09-09 00:00:00-04:00,57.3856086730957
2021-09-10 00:00:00-04:00,55.944156646728516
2021-09-13 00:00:00-04:00,56.44661331176758
2021-09-14 00:00:00-04:00,56.18302917480469
2021-09-15 00:00:00-04:00,56.38894271850586
2021-09-16 00:00:00-04:00,56.331302642822266
2021-09-17 00:00:00-04:00,55.74648666381836
2021-09-20 00:00:00-04:00,55.68882369995117
2021-09-21 00:00:00-04:00,55.39229965209961
2021-09-22 00:00:00-04:00,55.81237030029297
2021-09-23 00:00:00-04:00,55.82884216308594
2021-09-24 00:00:00-04:00,54.74159240722656
2021-09-27 00:00:00-04:00,54.099117279052734
2021-09-28 00:00:00-04:00,53.53902816772461
2021-09-29 00:00:00-04:00,54.40388488769531
2021-09-30 00:00:00-04:00,53.61528778076172
2021-10-01 00:00:00-04:00,54.43364334106445
2021-10-04 00:00:00-04:00,54.970951080322266
2021-10-05 00:00:00-04:00,54.76430130004883
2021-10-06 00:00:00-04:00,56.00423049926758
2021-10-07 00:00:00-04:00,56.062103271484375
2021-10-08 00:00:00-04:00,55.54960250854492
2021-10-11 00:00:00-04:00,56.01251220703125
2021-10-12 00:00:00-04:00,56.70688247680664
2021-10-13 00:00:00-04:00,56.83914566040039
2021-10-14 00:00:00-04:00,57.550048828125
2021-10-15 00:00:00-04:00,57.58310317993164
2021-10-18 00:00:00-04:00,58.153472900390625
2021-10-19 00:00:00-04:00,57.8972282409668
2021-10-20 00:00:00-04:00,58.98838424682617
2021-10-21 00:00:00-04:00,58.83130645751953
2021-10-22 00:00:00-04:00,59.31076431274414
2021-10-25 00:00:00-04:00,61.06321334838867
2021-10-26 00:00:00-04:00,61.25334167480469
2021-10-27 00:00:00-04:00,60.608577728271484
2021-10-28 00:00:00-04:00,60.46803283691406
2021-10-29 00:00:00-04:00,59.046234130859375
2021-11-01 00:00:00-04:00,58.76923370361328
2021-11-02 00:00:00-04:00,59.7064208984375
2021-11-03 00:00:00-04:00,59.946929931640625
2021-11-04 00:00:00-04:00,59.11758041381836
2021-11-05 00:00:00-04:00,59.523963928222656
2021-11-08 00:00:00-05:00,59.27515411376953
2021-11-09 00:00:00-05:00,58.852169036865234
2021-11-10 00:00:00-05:00,59.00145721435547
2021-11-11 00:00:00-05:00,60.06306076049805
2021-11-12 00:00:00-05:00,60.328460693359375
2021-11-15 00:00:00-05:00,60.88950729370117
2021-11-16 00:00:00-05:00,61.12060546875
2021-11-17 00:00:00-05:00,61.59990692138672
2021-11-18 00:00:00-05:00,60.80392074584961
2021-11-19 00:00:00-05:00,60.6926383972168
2021-11-22 00:00:00-05:00,60.504329681396484
2021-11-23 00:00:00-05:00,59.82818603515625
2021-11-24 00:00:00-05:00,60.461544036865234
2021-11-26 00:00:00-05:00,59.46013641357422
2021-11-29 00:00:00-05:00,59.74258041381836
2021-11-30 00:00:00-05:00,58.33908462524414
2021-12-01 00:00:00-05:00,56.62120819091797
2021-12-02 00:00:00-05:00,57.99550247192383
2021-12-03 00:00:00-05:00,57.763587951660156
2021-12-06 00:00:00-05:00,58.47650909423828
2021-12-07 00:00:00-05:00,58.74277877807617
2021-12-08 00:00:00-05:00,59.137882232666016
2021-12-09 00:00:00-05:00,57.85808181762695
2021-12-10 00:00:00-05:00,57.4973258972168
2021-12-13 00:00:00-05:00,58.545230865478516
2021-12-14 00:00:00-05:00,57.79796600341797
2021-12-15 00:00:00-05:00,57.737823486328125
2021-12-16 00:00:00-05:00,58.12434768676758
2021-12-17 00:00:00-05:00,58.21883010864258
2021-12-20 00:00:00-05:00,57.77219772338867
2021-12-21 00:00:00-05:00,59.03482437133789
2021-12-22 00:00:00-05:00,59.386985778808594
2021-12-23 00:00:00-05:00,59.45570373535156
2021-12-27 00:00:00-05:00,60.93309783935547
2021-12-28 00:00:00-05:00,61.32816696166992
2021-12-29 00:00:00-05:00,61.75765609741211
2021-12-30 00:00:00-05:00,61.766258239746094
2021-12-31 00:00:00-05:00,61.70331954956055
2022-01-03 00:00:00-05:00,61.367191314697266
2022-01-04 00:00:00-05:00,62.27217102050781
2022-01-05 00:00:00-05:00,61.26375961303711
2022-01-06 00:00:00-05:00,61.54819107055664
2022-01-07 00:00:00-05:00,61.54819107055664
2022-01-10 00:00:00-05:00,61.737789154052734
2022-01-11 00:00:00-05:00,61.44474792480469
2022-01-12 00:00:00-05:00,61.944664001464844
2022-01-13 00:00:00-05:00,61.79812240600586
2022-01-14 00:00:00-05:00,61.62575149536133
2022-01-18 00:00:00-05:00,60.10020446777344
2022-01-19 00:00:00-05:00,59.10038757324219
2022-01-20 00:00:00-05:00,58.02301025390625
2022-01-21 00:00:00-05:00,58.540164947509766
2022-01-24 00:00:00-05:00,58.962493896484375
2022-01-25 00:00:00-05:00,59.402034759521484
2022-01-26 00:00:00-05:00,58.548797607421875
2022-01-27 00:00:00-05:00,58.402244567871094
2022-01-28 00:00:00-05:00,59.893341064453125
2022-01-31 00:00:00-05:00,60.037776947021484
2022-02-01 00:00:00-05:00,59.79558181762695
2022-02-02 00:00:00-05:00,60.37514877319336
2022-02-03 00:00:00-05:00,59.397708892822266
2022-02-04 00:00:00-05:00,58.982521057128906
2022-02-07 00:00:00-05:00,58.852760314941406
2022-02-08 00:00:00-05:00,58.42893600463867
2022-02-09 00:00:00-05:00,59.30255126953125
2022-02-10 00:00:00-05:00,58.16079330444336
2022-02-11 00:00:00-05:00,58.37702560424805
2022-02-14 00:00:00-05:00,57.85805892944336
2022-02-15 00:00:00-05:00,57.99645233154297
2022-02-16 00:00:00-05:00,58.33378982543945
2022-02-17 00:00:00-05:00,58.05699157714844
2022-02-18 00:00:00-05:00,57.633148193359375
2022-02-22 00:00:00-05:00,57.122825622558594
2022-02-23 00:00:00-05:00,56.43949890136719
2022-02-24 00:00:00-05:00,56.86333084106445
2022-02-25 00:00:00-05:00,58.299190521240234
2022-02-28 00:00:00-05:00,57.376338958740234
2022-03-01 00:00:00-05:00,57.141944885253906
2022-03-02 00:00:00-05:00,57.385009765625
2022-03-03 00:00:00-05:00,57.83646774291992
2022-03-04 00:00:00-05:00,58.010093688964844
2022-03-07 00:00:00-05:00,56.143558502197266
2022-03-08 00:00:00-05:00,56.343238830566406
2022-03-09 00:00:00-05:00,56.577632904052734
2022-03-10 00:00:00-05:00,56.27378463745117
2022-03-11 00:00:00-05:00,56.733909606933594
2022-03-14 00:00:00-04:00,56.32587814331055
2022-03-15 00:00:00-04:00,56.53424072265625
2022-03-16 00:00:00-04:00,56.9509391784668
2022-03-17 00:00:00-04:00,57.723602294921875
2022-03-18 00:00:00-04:00,58.06220245361328
2022-03-21 00:00:00-04:00,57.801753997802734
2022-03-22 00:00:00-04:00,58.557037353515625
2022-03-23 00:00:00-04:00,58.07954406738281
2022-03-24 00:00:00-04:00,57.97536087036133
2022-03-25 00:00:00-04:00,58.9911003112793
2022-03-28 00:00:00-04:00,59.65958786010742
2022-03-29 00:00:00-04:00,61.30908203125
2022-03-30 00:00:00-04:00,61.01389694213867
2022-03-31 00:00:00-04:00,60.375301361083984
2022-04-01 00:00:00-04:00,61.769248962402344
2022-04-04 00:00:00-04:00,61.48175048828125
2022-04-05 00:00:00-04:00,61.568878173828125
2022-04-06 00:00:00-04:00,62.53590774536133
2022-04-07 00:00:00-04:00,62.39654541015625
2022-04-08 00:00:00-04:00,62.867000579833984
2022-04-11 00:00:00-04:00,62.309417724609375
2022-04-12 00:00:00-04:00,62.34425735473633
2022-04-13 00:00:00-04:00,62.893131256103516
2022-04-14 00:00:00-04:00,63.259029388427734
2022-04-18 00:00:00-04:00,63.81661605834961
2022-04-19 00:00:00-04:00,64.57456970214844
2022-04-20 00:00:00-04:00,65.28025817871094
2022-04-21 00:00:00-04:00,64.95789337158203
2022-04-22 00:00:00-04:00,64.06925201416016
2022-04-25 00:00:00-04:00,63.38099670410156
2022-04-26 00:00:00-04:00,62.66659927368164
2022-04-27 00:00:00-04:00,62.431373596191406
2022-04-28 00:00:00-04:00,63.346134185791016
2022-04-29 00:00:00-04:00,60.63355255126953
2022-05-02 00:00:00-04:00,58.90266418457031
2022-05-03 00:00:00-04:00,59.15616989135742
2022-05-04 00:00:00-04:00,59.951698303222656
2022-05-05 00:00:00-04:00,58.657901763916016
2022-05-06 00:00:00-04:00,57.80119705200195
2022-05-09 00:00:00-04:00,56.43747329711914
2022-05-10 00:00:00-04:00,55.510826110839844
2022-05-11 00:00:00-04:00,55.773075103759766
2022-05-12 00:00:00-04:00,57.163028717041016
2022-05-13 00:00:00-04:00,58.92890167236328
2022-05-16 00:00:00-04:00,59.497093200683594
2022-05-17 00:00:00-04:00,59.97791290283203
2022-05-18 00:00:00-04:00,59.060035705566406
2022-05-19 00:00:00-04:00,58.70161056518555
2022-05-20 00:00:00-04:00,59.43592071533203
2022-05-23 00:00:00-04:00,58.762794494628906
2022-05-24 00:00:00-04:00,59.82929992675781
2022-05-25 00:00:00-04:00,60.47621154785156
2022-05-26 00:00:00-04:00,59.505855560302734
2022-05-27 00:00:00-04:00,60.62480926513672
2022-05-31 00:00:00-04:00,59.85014724731445
2022-06-01 00:00:00-04:00,59.72734069824219
2022-06-02 00:00:00-04:00,60.043155670166016
2022-06-03 00:00:00-04:00,59.09565353393555
2022-06-06 00:00:00-04:00,58.762290954589844
2022-06-07 00:00:00-04:00,59.70975112915039
2022-06-08 00:00:00-04:00,58.87633514404297
2022-06-09 00:00:00-04:00,58.148170471191406
2022-06-10 00:00:00-04:00,57.867427825927734
2022-06-13 00:00:00-04:00,55.45481491088867
2022-06-14 00:00:00-04:00,55.08634948730469
2022-06-15 00:00:00-04:00,56.84975814819336
2022-06-16 00:00:00-04:00,56.34968566894531
2022-06-17 00:00:00-04:00,56.9111442565918
2022-06-21 00:00:00-04:00,57.43754196166992
2022-06-22 00:00:00-04:00,58.24467086791992
2022-06-23 00:00:00-04:00,59.648380279541016
2022-06-24 00:00:00-04:00,60.70115280151367
2022-06-27 00:00:00-04:00,60.92045974731445
2022-06-28 00:00:00-04:00,60.648494720458984
2022-06-29 00:00:00-04:00,60.85026168823242
2022-06-30 00:00:00-04:00,60.100135803222656
2022-07-01 00:00:00-04:00,61.76420593261719
2022-07-05 00:00:00-04:00,61.00700378417969
2022-07-06 00:00:00-04:00,61.19191360473633
2022-07-07 00:00:00-04:00,60.566776275634766
2022-07-08 00:00:00-04:00,60.73407745361328
2022-07-11 00:00:00-04:00,61.24473190307617
2022-07-12 00:00:00-04:00,61.06862258911133
2022-07-13 00:00:00-04:00,59.91524124145508
2022-07-14 00:00:00-04:00,60.26741409301758
2022-07-15 00:00:00-04:00,61.90505599975586
2022-07-18 00:00:00-04:00,61.165489196777344
2022-07-19 00:00:00-04:00,61.702579498291016
2022-07-20 00:00:00-04:00,61.85224533081055
2022-07-21 00:00:00-04:00,62.14280319213867
2022-07-22 00:00:00-04:00,62.82075119018555
2022-07-25 00:00:00-04:00,63.0496826171875
2022-07-26 00:00:00-04:00,63.77164840698242
2022-07-27 00:00:00-04:00,63.27858352661133
2022-07-28 00:00:00-04:00,64.74894714355469
2022-07-29 00:00:00-04:00,65.3656005859375
2022-08-01 00:00:00-04:00,65.08289337158203
2022-08-02 00:00:00-04:00,64.3143310546875
2022-08-03 00:00:00-04:00,63.607540130615234
2022-08-04 00:00:00-04:00,64.02277374267578
2022-08-05 00:00:00-04:00,64.27894592285156
2022-08-08 00:00:00-04:00,64.7206802368164
2022-08-09 00:00:00-04:00,64.97687530517578
2022-08-10 00:00:00-04:00,65.48927307128906
2022-08-11 00:00:00-04:00,65.25074768066406
2022-08-12 00:00:00-04:00,65.9663314819336
2022-08-15 00:00:00-04:00,66.0370101928711
2022-08-16 00:00:00-04:00,65.1093978881836
2022-08-17 00:00:00-04:00,65.00337219238281
2022-08-18 00:00:00-04:00,64.4821548461914
2022-08-19 00:00:00-04:00,64.41149139404297
2022-08-22 00:00:00-04:00,63.42201614379883
2022-08-23 00:00:00-04:00,62.37958526611328
2022-08-24 00:00:00-04:00,62.40608596801758
2022-08-25 00:00:00-04:00,62.74177932739258
2022-08-26 00:00:00-04:00,61.76116943359375
2022-08-29 00:00:00-04:00,61.83184814453125
2022-08-30 00:00:00-04:00,60.93074035644531
2022-08-31 00:00:00-04:00,60.538841247558594
2022-09-01 00:00:00-04:00,60.689579010009766
2022-09-02 00:00:00-04:00,60.015724182128906
2022-09-06 00:00:00-04:00,60.068939208984375
2022-09-07 00:00:00-04:00,60.52998733520508
2022-09-08 00:00:00-04:00,58.83653259277344
2022-09-09 00:00:00-04:00,59.2177619934082
2022-09-12 00:00:00-04:00,59.935943603515625
2022-09-13 00:00:00-04:00,58.43754196166992
2022-09-14 00:00:00-04:00,57.99422073364258
2022-09-15 00:00:00-04:00,56.23870849609375
2022-09-16 00:00:00-04:00,57.01893997192383
2022-09-19 00:00:00-04:00,56.71749496459961
2022-09-20 00:00:00-04:00,55.937252044677734
2022-09-21 00:00:00-04:00,55.449615478515625
2022-09-22 00:00:00-04:00,55.414146423339844
2022-09-23 00:00:00-04:00,54.8023796081543
2022-09-26 00:00:00-04:00,53.99553680419922
2022-09-27 00:00:00-04:00,52.74540328979492
2022-09-28 00:00:00-04:00,53.525634765625
2022-09-29 00:00:00-04:00,51.3799934387207
2022-09-30 00:00:00-04:00,51.823421478271484
2022-10-03 00:00:00-04:00,52.73168182373047
2022-10-04 00:00:00-04:00,53.6666374206543
2022-10-05 00:00:00-04:00,52.998809814453125
2022-10-06 00:00:00-04:00,52.10838317871094
2022-10-07 00:00:00-04:00,51.672061920166016
2022-10-10 00:00:00-04:00,51.066551208496094
2022-10-11 00:00:00-04:00,51.69877243041992
2022-10-12 00:00:00-04:00,51.22683334350586
2022-10-13 00:00:00-04:00,51.24464416503906
2022-10-14 00:00:00-04:00,49.454872131347656
2022-10-17 00:00:00-04:00,51.191219329833984
2022-10-18 00:00:00-04:00,52.20632553100586
2022-10-19 00:00:00-04:00,51.49396896362305
2022-10-20 00:00:00-04:00,51.17341232299805
2022-10-21 00:00:00-04:00,51.31588363647461
2022-10-24 00:00:00-04:00,52.54469299316406
2022-10-25 00:00:00-04:00,53.862545013427734
2022-10-26 00:00:00-04:00,53.96047592163086
2022-10-27 00:00:00-04:00,54.441322326660156
2022-10-28 00:00:00-04:00,55.483131408691406
2022-10-31 00:00:00-04:00,55.66908264160156
2022-11-01 00:00:00-04:00,55.615440368652344
2022-11-02 00:00:00-04:00,54.59627914428711
2022-11-03 00:00:00-04:00,55.0969123840332
2022-11-04 00:00:00-04:00,56.33063507080078
2022-11-07 00:00:00-05:00,56.43791961669922
2022-11-08 00:00:00-05:00,56.62565231323242
2022-11-09 00:00:00-05:00,56.545188903808594
2022-11-10 00:00:00-05:00,58.44048309326172
2022-11-11 00:00:00-05:00,58.09181594848633
2022-11-14 00:00:00-05:00,57.28722381591797
2022-11-15 00:00:00-05:00,57.87724304199219
2022-11-16 00:00:00-05:00,57.07265853881836
2022-11-17 00:00:00-05:00,57.58223342895508
2022-11-18 00:00:00-05:00,57.841495513916016
2022-11-21 00:00:00-05:00,58.377891540527344
2022-11-22 00:00:00-05:00,58.377891540527344
2022-11-23 00:00:00-05:00,57.680572509765625
2022-11-25 00:00:00-05:00,57.97557830810547
2022-11-28 00:00:00-05:00,55.19525909423828
2022-11-29 00:00:00-05:00,55.69588851928711
2022-11-30 00:00:00-05:00,56.609622955322266
2022-12-01 00:00:00-05:00,56.37626266479492
2022-12-02 00:00:00-05:00,56.457035064697266
2022-12-05 00:00:00-05:00,55.86465835571289
2022-12-06 00:00:00-05:00,56.286502838134766
2022-12-07 00:00:00-05:00,57.05841064453125
2022-12-08 00:00:00-05:00,57.49821853637695
2022-12-09 00:00:00-05:00,57.84828186035156
2022-12-12 00:00:00-05:00,58.04572677612305
2022-12-13 00:00:00-05:00,58.306034088134766
2022-12-14 00:00:00-05:00,58.036766052246094
2022-12-15 00:00:00-05:00,58.01881790161133
2022-12-16 00:00:00-05:00,56.977630615234375
2022-12-19 00:00:00-05:00,57.0314826965332
2022-12-20 00:00:00-05:00,56.6455192565918
2022-12-21 00:00:00-05:00,57.659767150878906
2022-12-22 00:00:00-05:00,56.95069885253906
2022-12-23 00:00:00-05:00,57.81237030029297
2022-12-27 00:00:00-05:00,57.543094635009766
2022-12-28 00:00:00-05:00,56.753238677978516
2022-12-29 00:00:00-05:00,57.47129821777344
2022-12-30 00:00:00-05:00,57.155006408691406
2023-01-03 00:00:00-05:00,57.48841857910156
2023-01-04 00:00:00-05:00,58.2182731628418
2023-01-05 00:00:00-05:00,57.11895751953125
2023-01-06 00:00:00-05:00,57.740718841552734
2023-01-09 00:00:00-05:00,58.29936599731445
2023-01-10 00:00:00-05:00,57.794776916503906
2023-01-11 00:00:00-05:00,59.47077178955078
2023-01-12 00:00:00-05:00,59.966365814208984
2023-01-13 00:00:00-05:00,59.6419792175293
2023-01-17 00:00:00-05:00,60.272705078125
2023-01-18 00:00:00-05:00,59.50681686401367
2023-01-19 00:00:00-05:00,58.849021911621094
2023-01-20 00:00:00-05:00,59.81317901611328
2023-01-23 00:00:00-05:00,60.308773040771484
2023-01-24 00:00:00-05:00,60.461952209472656
2023-01-25 00:00:00-05:00,60.65116882324219
2023-01-26 00:00:00-05:00,61.24587631225586
2023-01-27 00:00:00-05:00,61.54323196411133
2023-01-30 00:00:00-05:00,61.065670013427734
2023-01-31 00:00:00-05:00,61.34513854980469
2023-02-01 00:00:00-05:00,61.4084358215332
2023-02-02 00:00:00-05:00,61.37226104736328
2023-02-03 00:00:00-05:00,61.128074645996094
2023-02-06 00:00:00-05:00,61.25468826293945
2023-02-07 00:00:00-05:00,60.92910385131836
2023-02-08 00:00:00-05:00,60.79344177246094
2023-02-09 00:00:00-05:00,59.89809799194336
2023-02-10 00:00:00-05:00,60.45881271362305
2023-02-13 00:00:00-05:00,60.730140686035156
2023-02-14 00:00:00-05:00,59.42780303955078
2023-02-15 00:00:00-05:00,60.05184555053711
2023-02-16 00:00:00-05:00,59.9704475402832
2023-02-17 00:00:00-05:00,59.79860305786133
2023-02-21 00:00:00-05:00,58.984657287597656
2023-02-22 00:00:00-05:00,59.2559700012207
2023-02-23 00:00:00-05:00,59.762428283691406
2023-02-24 00:00:00-05:00,58.76761245727539
2023-02-27 00:00:00-05:00,58.56863021850586
2023-02-28 00:00:00-05:00,58.06471252441406
2023-03-01 00:00:00-05:00,57.67428207397461
2023-03-02 00:00:00-05:00,58.19181442260742
2023-03-03 00:00:00-05:00,58.55500411987305
2023-03-06 00:00:00-05:00,58.382503509521484
2023-03-07 00:00:00-05:00,58.01931381225586
2023-03-08 00:00:00-05:00,58.60041046142578
2023-03-09 00:00:00-05:00,57.60164260864258
2023-03-10 00:00:00-05:00,55.731224060058594
2023-03-13 00:00:00-04:00,57.01146697998047
2023-03-14 00:00:00-04:00,57.401893615722656
2023-03-15 00:00:00-04:00,57.25661087036133
2023-03-16 00:00:00-04:00,56.684593200683594
2023-03-17 00:00:00-04:00,55.731224060058594
2023-03-20 00:00:00-04:00,56.26693344116211
2023-03-21 00:00:00-04:00,55.63134765625
2023-03-22 00:00:00-04:00,53.93344497680664
2023-03-23 00:00:00-04:00,53.81541442871094
2023-03-24 00:00:00-04:00,55.42251205444336
2023-03-27 00:00:00-04:00,55.12287902832031
2023-03-28 00:00:00-04:00,55.440677642822266
2023-03-29 00:00:00-04:00,56.330482482910156
2023-03-30 00:00:00-04:00,56.848026275634766
2023-03-31 00:00:00-04:00,57.72780227661133
2023-04-03 00:00:00-04:00,57.31753921508789
2023-04-04 00:00:00-04:00,57.290199279785156
2023-04-05 00:00:00-04:00,57.17167663574219
2023-04-06 00:00:00-04:00,57.044036865234375
2023-04-10 00:00:00-04:00,57.11698532104492
2023-04-11 00:00:00-04:00,56.61554718017578
2023-04-12 00:00:00-04:00,56.45145034790039
2023-04-13 00:00:00-04:00,56.09589385986328
2023-04-14 00:00:00-04:00,55.403018951416016
2023-04-17 00:00:00-04:00,56.12324523925781
2023-04-18 00:00:00-04:00,55.712982177734375
2023-04-19 00:00:00-04:00,56.19617462158203
2023-04-20 00:00:00-04:00,56.46056365966797
2023-04-21 00:00:00-04:00,56.82522964477539
2023-04-24 00:00:00-04:00,56.606441497802734
2023-04-25 00:00:00-04:00,56.560848236083984
2023-04-26 00:00:00-04:00,55.89533233642578
2023-04-27 00:00:00-04:00,56.78876876831055
2023-04-28 00:00:00-04:00,57.52568817138672
2023-05-01 00:00:00-04:00,56.97642517089844
2023-05-02 00:00:00-04:00,56.19831848144531
2023-05-03 00:00:00-04:00,55.813846588134766
2023-05-04 00:00:00-04:00,56.683502197265625
2023-05-05 00:00:00-04:00,57.626399993896484
2023-05-08 00:00:00-04:00,57.45246124267578
2023-05-09 00:00:00-04:00,56.9581184387207
2023-05-10 00:00:00-04:00,57.095436096191406
2023-05-11 00:00:00-04:00,56.573646545410156
2023-05-12 00:00:00-04:00,56.7841911315918
2023-05-15 00:00:00-04:00,56.70180892944336
2023-05-16 00:00:00-04:00,55.191349029541016
2023-05-17 00:00:00-04:00,55.520896911621094
2023-05-18 00:00:00-04:00,54.989952087402344
2023-05-19 00:00:00-04:00,54.89840316772461
2023-05-22 00:00:00-04:00,55.23712158203125
2023-05-23 00:00:00-04:00,55.01741027832031
2023-05-24 00:00:00-04:00,54.09282302856445
2023-05-25 00:00:00-04:00,53.49779510498047
2023-05-26 00:00:00-04:00,53.699195861816406
2023-05-30 00:00:00-04:00,53.93720245361328
2023-05-31 00:00:00-04:00,54.64974594116211
2023-06-01 00:00:00-04:00,54.46586608886719
2023-06-02 00:00:00-04:00,54.888797760009766
2023-06-05 00:00:00-04:00,55.15542221069336
2023-06-06 00:00:00-04:00,55.17381286621094
2023-06-07 00:00:00-04:00,56.084022521972656
2023-06-08 00:00:00-04:00,55.95530700683594
2023-06-09 00:00:00-04:00,56.00128173828125
2023-06-12 00:00:00-04:00,56.056453704833984
2023-06-13 00:00:00-04:00,56.25871276855469
2023-06-14 00:00:00-04:00,56.24951171875
2023-06-15 00:00:00-04:00,56.29548263549805
2023-06-16 00:00:00-04:00,56.44259262084961
2023-06-20 00:00:00-04:00,55.468017578125
2023-06-21 00:00:00-04:00,54.80603790283203
2023-06-22 00:00:00-04:00,54.67733383178711
2023-06-23 00:00:00-04:00,54.024539947509766
2023-06-26 00:00:00-04:00,55.118648529052734
2023-06-27 00:00:00-04:00,55.33930206298828
2023-06-28 00:00:00-04:00,55.30252456665039
2023-06-29 00:00:00-04:00,55.366886138916016
2023-06-30 00:00:00-04:00,55.20622253417969
2023-07-03 00:00:00-04:00,55.58479690551758
2023-07-05 00:00:00-04:00,55.98182678222656
2023-07-06 00:00:00-04:00,55.30778884887695
2023-07-07 00:00:00-04:00,55.00308609008789
2023-07-10 00:00:00-04:00,54.772254943847656
2023-07-11 00:00:00-04:00,55.861793518066406
2023-07-12 00:00:00-04:00,55.68635940551758
2023-07-13 00:00:00-04:00,56.27729415893555
2023-07-14 00:00:00-04:00,56.15726089477539
2023-07-17 00:00:00-04:00,56.59122848510742
2023-07-18 00:00:00-04:00,56.31422805786133
2023-07-19 00:00:00-04:00,56.997493743896484
2023-07-20 00:00:00-04:00,57.81925964355469
2023-07-21 00:00:00-04:00,57.93929672241211
2023-07-24 00:00:00-04:00,58.51176834106445
2023-07-25 00:00:00-04:00,58.253231048583984
2023-07-26 00:00:00-04:00,58.86263656616211
2023-07-27 00:00:00-04:00,57.4222297668457
2023-07-28 00:00:00-04:00,56.75743103027344
2023-07-31 00:00:00-04:00,56.531192779541016
2023-08-01 00:00:00-04:00,56.35502624511719
2023-08-02 00:00:00-04:00,55.97487258911133
2023-08-03 00:00:00-04:00,54.5562629699707
2023-08-04 00:00:00-04:00,54.90859603881836
2023-08-07 00:00:00-04:00,55.73380661010742
2023-08-08 00:00:00-04:00,54.704612731933594
2023-08-09 00:00:00-04:00,55.17748260498047
2023-08-10 00:00:00-04:00,54.50990295410156
2023-08-11 00:00:00-04:00,54.352272033691406
2023-08-14 00:00:00-04:00,53.721778869628906
2023-08-15 00:00:00-04:00,53.24892044067383
2023-08-16 00:00:00-04:00,52.72968673706055
2023-08-17 00:00:00-04:00,52.73896408081055
2023-08-18 00:00:00-04:00,52.757503509521484
2023-08-21 00:00:00-04:00,52.13628387451172
2023-08-22 00:00:00-04:00,52.219730377197266
2023-08-23 00:00:00-04:00,52.95220947265625
2023-08-24 00:00:00-04:00,52.25680923461914
2023-08-25 00:00:00-04:00,51.92301940917969
2023-08-28 00:00:00-04:00,52.35880661010742
2023-08-29 00:00:00-04:00,52.35880661010742
2023-08-30 00:00:00-04:00,52.442256927490234
2023-08-31 00:00:00-04:00,52.19636154174805
2023-09-01 00:00:00-04:00,52.34539031982422
2023-09-05 00:00:00-04:00,51.460540771484375
2023-09-06 00:00:00-04:00,51.218379974365234
2023-09-07 00:00:00-04:00,51.302207946777344
2023-09-08 00:00:00-04:00,51.5257453918457
2023-09-11 00:00:00-04:00,51.38602828979492
2023-09-12 00:00:00-04:00,51.36739730834961
2023-09-13 00:00:00-04:00,51.2835693359375
2023-09-14 00:00:00-04:00,51.33945846557617
2023-09-15 00:00:00-04:00,50.3894157409668
2023-09-18 00:00:00-04:00,50.044795989990234
2023-09-19 00:00:00-04:00,50.296287536621094
2023-09-20 00:00:00-04:00,50.1099967956543
2023-09-21 00:00:00-04:00,48.48933410644531
2023-09-22 00:00:00-04:00,48.02363204956055
2023-09-25 00:00:00-04:00,47.679012298583984
2023-09-26 00:00:00-04:00,46.81279373168945
2023-09-27 00:00:00-04:00,46.253944396972656
2023-09-28 00:00:00-04:00,46.21669387817383
2023-09-29 00:00:00-04:00,46.75596237182617
2023-10-02 00:00:00-04:00,45.86653137207031
2023-10-03 00:00:00-04:00,45.772911071777344
2023-10-04 00:00:00-04:00,46.4095573425293
2023-10-05 00:00:00-04:00,46.868309020996094
2023-10-06 00:00:00-04:00,46.91512680053711
2023-10-09 00:00:00-04:00,47.32707214355469
2023-10-10 00:00:00-04:00,46.9993896484375
2023-10-11 00:00:00-04:00,47.70157241821289
2023-10-12 00:00:00-04:00,47.07428741455078
2023-10-13 00:00:00-04:00,47.36452102661133
2023-10-16 00:00:00-04:00,47.50496292114258
2023-10-17 00:00:00-04:00,47.720298767089844
2023-10-18 00:00:00-04:00,46.72787857055664
2023-10-19 00:00:00-04:00,46.26911544799805
2023-10-20 00:00:00-04:00,46.20358657836914
2023-10-23 00:00:00-04:00,45.88526153564453
2023-10-24 00:00:00-04:00,46.43764877319336
2023-10-25 00:00:00-04:00,46.13804244995117
2023-10-26 00:00:00-04:00,46.61553192138672
2023-10-27 00:00:00-04:00,45.87590026855469
2023-10-30 00:00:00-04:00,43.27313995361328
2023-10-31 00:00:00-04:00,44.60624313354492
2023-11-01 00:00:00-04:00,45.180538177490234
2023-11-02 00:00:00-04:00,47.101104736328125
2023-11-03 00:00:00-04:00,47.87309646606445
2023-11-06 00:00:00-05:00,47.50592803955078
2023-11-07 00:00:00-05:00,47.73188400268555
2023-11-08 00:00:00-05:00,48.20261001586914
2023-11-09 00:00:00-05:00,47.232906341552734
2023-11-10 00:00:00-05:00,47.12934875488281
2023-11-13 00:00:00-05:00,46.978721618652344
2023-11-14 00:00:00-05:00,49.087581634521484
2023-11-15 00:00:00-05:00,49.39826583862305
2023-11-16 00:00:00-05:00,49.98196792602539
2023-11-17 00:00:00-05:00,49.812503814697266
2023-11-20 00:00:00-05:00,50.10436248779297
2023-11-21 00:00:00-05:00,50.415035247802734
2023-11-22 00:00:00-05:00,50.1890869140625
2023-11-24 00:00:00-05:00,50.753963470458984
2023-11-27 00:00:00-05:00,50.96107482910156
2023-11-28 00:00:00-05:00,50.65981674194336
2023-11-29 00:00:00-05:00,50.52800750732422
2023-11-30 00:00:00-05:00,51.04450225830078
2023-12-01 00:00:00-05:00,51.64992904663086
2023-12-04 00:00:00-05:00,52.52967834472656
2023-12-05 00:00:00-05:00,51.952632904052734
2023-12-06 00:00:00-05:00,51.75398635864258
2023-12-07 00:00:00-05:00,51.73506164550781
2023-12-08 00:00:00-05:00,50.94991683959961
2023-12-11 00:00:00-05:00,51.4512825012207
2023-12-12 00:00:00-05:00,51.536415100097656
2023-12-13 00:00:00-05:00,53.560787200927734
2023-12-14 00:00:00-05:00,54.69594955444336
2023-12-15 00:00:00-05:00,54.19458770751953
2023-12-18 00:00:00-05:00,53.45672607421875
2023-12-19 00:00:00-05:00,54.03377151489258
2023-12-20 00:00:00-05:00,53.63646697998047
2023-12-21 00:00:00-05:00,53.88241958618164
2023-12-22 00:00:00-05:00,53.816200256347656
2023-12-26 00:00:00-05:00,54.582435607910156
2023-12-27 00:00:00-05:00,54.8662223815918
2023-12-28 00:00:00-05:00,55.41488265991211
2023-12-29 00:00:00-05:00,54.556907653808594
2024-01-02 00:00:00-05:00,55.64956283569336
2024-01-03 00:00:00-05:00,54.85145568847656
2024-01-04 00:00:00-05:00,54.813446044921875
2024-01-05 00:00:00-05:00,55.031986236572266
2024-01-08 00:00:00-05:00,56.51419448852539
2024-01-09 00:00:00-05:00,56.33366775512695
2024-01-10 00:00:00-05:00,56.16264724731445
2024-01-11 00:00:00-05:00,56.314666748046875
2024-01-12 00:00:00-05:00,55.963111877441406
2024-01-16 00:00:00-05:00,55.43103790283203
2024-01-17 00:00:00-05:00,54.35737991333008
2024-01-18 00:00:00-05:00,53.32172775268555
2024-01-19 00:00:00-05:00,53.70178985595703
2024-01-22 00:00:00-05:00,52.808658599853516
2024-01-23 00:00:00-05:00,53.198219299316406
2024-01-24 00:00:00-05:00,52.24807357788086
2024-01-25 00:00:00-05:00,52.65663528442383
2024-01-26 00:00:00-05:00,52.22907257080078
2024-01-29 00:00:00-05:00,52.18156051635742
2024-01-30 00:00:00-05:00,52.42860412597656
2024-01-31 00:00:00-05:00,51.91981506347656
2024-02-01 00:00:00-05:00,52.740753173828125
2024-02-02 00:00:00-05:00,51.72889709472656
2024-02-05 00:00:00-05:00,50.25883483886719
2024-02-06 00:00:00-05:00,51.308876037597656
2024-02-07 00:00:00-05:00,50.93659210205078
2024-02-08 00:00:00-05:00,50.74567794799805
2024-02-09 00:00:00-05:00,50.363834381103516
2024-02-12 00:00:00-05:00,50.27792739868164
2024-02-13 00:00:00-05:00,49.180152893066406
2024-02-14 00:00:00-05:00,49.056053161621094
2024-02-15 00:00:00-05:00,49.65745162963867
2024-02-16 00:00:00-05:00,49.95337677001953
2024-02-20 00:00:00-05:00,50.087013244628906
2024-02-21 00:00:00-05:00,50.29701232910156
2024-02-22 00:00:00-05:00,50.42110824584961
2024-02-23 00:00:00-05:00,50.53565979003906
2024-02-26 00:00:00-05:00,50.10609817504883
2024-02-27 00:00:00-05:00,49.93428039550781
2024-02-28 00:00:00-05:00,49.65745162963867
2024-02-29 00:00:00-05:00,49.99032974243164
2024-03-01 00:00:00-05:00,50.11505126953125
2024-03-04 00:00:00-05:00,50.56592559814453
2024-03-05 00:00:00-05:00,50.124637603759766
2024-03-06 00:00:00-05:00,50.03829574584961
2024-03-07 00:00:00-05:00,50.11505126953125
2024-03-08 00:00:00-05:00,50.75779342651367
2024-03-11 00:00:00-04:00,50.93046569824219
2024-03-12 00:00:00-04:00,50.7290153503418
2024-03-13 00:00:00-04:00,50.153411865234375
2024-03-14 00:00:00-04:00,49.558631896972656
2024-03-15 00:00:00-04:00,50.067081451416016
2024-03-18 00:00:00-04:00,50.086265563964844
2024-03-19 00:00:00-04:00,49.98073959350586
2024-03-20 00:00:00-04:00,50.306907653808594
2024-03-21 00:00:00-04:00,50.35487747192383
2024-03-22 00:00:00-04:00,49.9615592956543
2024-03-25 00:00:00-04:00,50.047889709472656
2024-03-26 00:00:00-04:00,50.46039962768555
2024-03-27 00:00:00-04:00,51.58280944824219
2024-03-28 00:00:00-04:00,52.14863586425781
2024-04-01 00:00:00-04:00,51.53172302246094
2024-04-02 00:00:00-04:00,50.9630012512207
2024-04-03 00:00:00-04:00,50.866607666015625
2024-04-04 00:00:00-04:00,50.72201919555664
2024-04-05 00:00:00-04:00,51.09795379638672
2024-04-08 00:00:00-04:00,51.705230712890625
2024-04-09 00:00:00-04:00,52.418540954589844
2024-04-10 00:00:00-04:00,50.25933074951172
2024-04-11 00:00:00-04:00,50.35573196411133
2024-04-12 00:00:00-04:00,50.14366912841797
2024-04-15 00:00:00-04:00,49.787010192871094
2024-04-16 00:00:00-04:00,48.9676628112793
2024-04-17 00:00:00-04:00,49.430355072021484
2024-04-18 00:00:00-04:00,50.15330123901367
2024-04-19 00:00:00-04:00,51.12687301635742
2024-04-22 00:00:00-04:00,51.40640640258789
2024-04-23 00:00:00-04:00,51.4642448425293
2024-04-24 00:00:00-04:00,51.7341423034668
2024-04-25 00:00:00-04:00,51.85946273803711
2024-04-26 00:00:00-04:00,51.77269744873047
2024-04-29 00:00:00-04:00,52.3510627746582
2024-04-30 00:00:00-04:00,51.85421371459961
2024-05-01 00:00:00-04:00,52.22224807739258
2024-05-02 00:00:00-04:00,53.18107604980469
2024-05-03 00:00:00-04:00,53.52005386352539
2024-05-06 00:00:00-04:00,53.704071044921875
2024-05-07 00:00:00-04:00,53.28761672973633
2024-05-08 00:00:00-04:00,53.064857482910156
2024-05-09 00:00:00-04:00,52.90989303588867
2024-05-10 00:00:00-04:00,53.277923583984375
2024-05-13 00:00:00-04:00,53.2295036315918
2024-05-14 00:00:00-04:00,53.142333984375
2024-05-15 00:00:00-04:00,53.37478256225586
2024-05-16 00:00:00-04:00,53.4522590637207
2024-05-17 00:00:00-04:00,53.3941535949707
2024-05-20 00:00:00-04:00,53.248870849609375
2024-05-21 00:00:00-04:00,53.34572982788086
2024-05-22 00:00:00-04:00,52.028541564941406
2024-05-23 00:00:00-04:00,50.66294860839844
2024-05-24 00:00:00-04:00,50.53703308105469
2024-05-28 00:00:00-04:00,49.94624328613281
2024-05-29 00:00:00-04:00,49.558837890625
2024-05-30 00:00:00-04:00,50.12057876586914
2024-05-31 00:00:00-04:00,51.38932800292969
2024-06-03 00:00:00-04:00,51.888648986816406
2024-06-04 00:00:00-04:00,52.97878646850586
2024-06-05 00:00:00-04:00,52.589454650878906
2024-06-06 00:00:00-04:00,52.81332015991211
2024-06-07 00:00:00-04:00,51.898380279541016
2024-06-10 00:00:00-04:00,51.30464553833008
2024-06-11 00:00:00-04:00,50.8471794128418
2024-06-12 00:00:00-04:00,51.285179138183594
2024-06-13 00:00:00-04:00,51.80105209350586
2024-06-14 00:00:00-04:00,51.94704818725586
2024-06-17 00:00:00-04:00,51.65504837036133
2024-06-18 00:00:00-04:00,51.68424606323242
2024-06-20 00:00:00-04:00,51.596649169921875
2024-06-21 00:00:00-04:00,51.732913970947266
2024-06-24 00:00:00-04:00,52.20985412597656
2024-06-25 00:00:00-04:00,51.50904846191406
2024-06-26 00:00:00-04:00,51.275447845458984
2024-06-27 00:00:00-04:00,51.03211212158203
2024-06-28 00:00:00-04:00,51.41171646118164
2024-07-01 00:00:00-04:00,51.21900939941406
2024-07-02 00:00:00-04:00,51.28748321533203
2024-07-03 00:00:00-04:00,51.30704879760742
2024-07-05 00:00:00-04:00,51.933101654052734
2024-07-08 00:00:00-04:00,52.00157165527344
2024-07-09 00:00:00-04:00,51.61029052734375
2024-07-10 00:00:00-04:00,52.41242218017578
2024-07-11 00:00:00-04:00,53.80147933959961
2024-07-12 00:00:00-04:00,54.53513717651367
2024-07-15 00:00:00-04:00,54.76012420654297
2024-07-16 00:00:00-04:00,55.141624450683594
2024-07-17 00:00:00-04:00,56.374168395996094
2024-07-18 00:00:00-04:00,56.471988677978516
2024-07-19 00:00:00-04:00,56.32525634765625
2024-07-22 00:00:00-04:00,56.30569839477539
2024-07-23 00:00:00-04:00,56.237220764160156
2024-07-24 00:00:00-04:00,56.01222610473633
2024-07-25 00:00:00-04:00,56.11005401611328
2024-07-26 00:00:00-04:00,56.80458068847656
2024-07-29 00:00:00-04:00,56.941524505615234
2024-07-30 00:00:00-04:00,57.09804153442383
2024-07-31 00:00:00-04:00,56.178524017333984
2024-08-01 00:00:00-04:00,57.0069465637207
2024-08-02 00:00:00-04:00,58.29429626464844
2024-08-05 00:00:00-04:00,58.15672302246094
2024-08-06 00:00:00-04:00,59.39493179321289
2024-08-07 00:00:00-04:00,59.23769760131836
2024-08-08 00:00:00-04:00,59.17873764038086
2024-08-09 00:00:00-04:00,59.522682189941406
2024-08-12 00:00:00-04:00,59.267181396484375
2024-08-13 00:00:00-04:00,59.267181396484375
2024-08-14 00:00:00-04:00,59.119773864746094
2024-08-15 00:00:00-04:00,58.677555084228516
2024-08-16 00:00:00-04:00,59.01167678833008
2024-08-19 00:00:00-04:00,59.80766677856445
2024-08-20 00:00:00-04:00,59.51285934448242
2024-08-21 00:00:00-04:00,59.87645721435547
2024-08-22 00:00:00-04:00,59.453895568847656
2024-08-23 00:00:00-04:00,60.03369140625
2024-08-26 00:00:00-04:00,60.701934814453125
2024-08-27 00:00:00-04:00,61.07536697387695
2024-08-28 00:00:00-04:00,60.91813278198242
2024-08-29 00:00:00-04:00,60.33833312988281
2024-08-30 00:00:00-04:00,61.03605651855469
2024-09-03 00:00:00-04:00,61.46337890625
2024-09-04 00:00:00-04:00,61.88774108886719
2024-09-05 00:00:00-04:00,61.512725830078125
2024-09-06 00:00:00-04:00,61.58180618286133
2024-09-09 00:00:00-04:00,62.0357780456543
2024-09-10 00:00:00-04:00,61.98643112182617
2024-09-11 00:00:00-04:00,61.78905487060547
2024-09-12 00:00:00-04:00,61.5916748046875
2024-09-13 00:00:00-04:00,61.88774108886719
2024-09-16 00:00:00-04:00,61.85813522338867
2024-09-17 00:00:00-04:00,61.67062759399414
2024-09-18 00:00:00-04:00,61.37455749511719
2024-09-19 00:00:00-04:00,59.90409851074219
2024-09-20 00:00:00-04:00,60.821903228759766
2024-09-23 00:00:00-04:00,61.50285720825195
2024-09-24 00:00:00-04:00,61.739707946777344
2024-09-25 00:00:00-04:00,61.818660736083984
2024-09-26 00:00:00-04:00,61.66075897216797
2024-09-27 00:00:00-04:00,61.90747833251953
2024-09-30 00:00:00-04:00,62.58843231201172
2024-10-01 00:00:00-04:00,62.433834075927734
2024-10-02 00:00:00-04:00,61.859046936035156
2024-10-03 00:00:00-04:00,61.839229583740234
2024-10-04 00:00:00-04:00,61.452728271484375
2024-10-07 00:00:00-04:00,61.11578369140625
2024-10-08 00:00:00-04:00,60.95722579956055
2024-10-09 00:00:00-04:00,61.2545280456543
2024-10-10 00:00:00-04:00,60.91758728027344
2024-10-11 00:00:00-04:00,61.195068359375
2024-10-14 00:00:00-04:00,61.55183029174805
2024-10-15 00:00:00-04:00,62.79059982299805
2024-10-16 00:00:00-04:00,63.65278244018555
2024-10-17 00:00:00-04:00,63.38520812988281
2024-10-18 00:00:00-04:00,64.12847137451172
2024-10-21 00:00:00-04:00,63.21673583984375
2024-10-22 00:00:00-04:00,63.11763381958008
2024-10-23 00:00:00-04:00,63.662689208984375
2024-10-24 00:00:00-04:00,62.741050720214844
2024-10-25 00:00:00-04:00,60.75902557373047
2024-10-28 00:00:00-04:00,60.73920440673828
2024-10-29 00:00:00-04:00,59.86711120605469
2024-10-30 00:00:00-04:00,59.93648147583008
