Date,PG
2017-11-09 00:00:00-05:00,72.89636993408203
2017-11-10 00:00:00-05:00,73.2119369506836
2017-11-13 00:00:00-05:00,73.90951538085938
2017-11-14 00:00:00-05:00,73.80158233642578
2017-11-15 00:00:00-05:00,73.27008056640625
2017-11-16 00:00:00-05:00,74.11712646484375
2017-11-17 00:00:00-05:00,73.43617248535156
2017-11-20 00:00:00-05:00,73.30328369140625
2017-11-21 00:00:00-05:00,73.677001953125
2017-11-22 00:00:00-05:00,73.35311126708984
2017-11-24 00:00:00-05:00,73.45275115966797
2017-11-27 00:00:00-05:00,73.87628173828125
2017-11-28 00:00:00-05:00,74.24170684814453
2017-11-29 00:00:00-05:00,74.22509765625
2017-11-30 00:00:00-05:00,74.73162841796875
2017-12-01 00:00:00-05:00,75.03892517089844
2017-12-04 00:00:00-05:00,75.910888671875
2017-12-05 00:00:00-05:00,75.90257263183594
2017-12-06 00:00:00-05:00,75.77801513671875
2017-12-07 00:00:00-05:00,74.822998046875
2017-12-08 00:00:00-05:00,75.0472183227539
2017-12-11 00:00:00-05:00,74.93096160888672
2017-12-12 00:00:00-05:00,74.61539459228516
2017-12-13 00:00:00-05:00,75.47074890136719
2017-12-14 00:00:00-05:00,75.5704116821289
2017-12-15 00:00:00-05:00,76.30951690673828
2017-12-18 00:00:00-05:00,76.30120086669922
2017-12-19 00:00:00-05:00,76.13509368896484
2017-12-20 00:00:00-05:00,76.01056671142578
2017-12-21 00:00:00-05:00,76.12680053710938
2017-12-22 00:00:00-05:00,76.5088119506836
2017-12-26 00:00:00-05:00,76.7994613647461
2017-12-27 00:00:00-05:00,76.48388671875
2017-12-28 00:00:00-05:00,76.4589614868164
2017-12-29 00:00:00-05:00,76.30120086669922
2018-01-02 00:00:00-05:00,75.2797622680664
2018-01-03 00:00:00-05:00,75.18840789794922
2018-01-04 00:00:00-05:00,75.71988677978516
2018-01-05 00:00:00-05:00,75.76970672607422
2018-01-08 00:00:00-05:00,76.16832733154297
2018-01-09 00:00:00-05:00,75.6119384765625
2018-01-10 00:00:00-05:00,75.1302719116211
2018-01-11 00:00:00-05:00,74.8645248413086
2018-01-12 00:00:00-05:00,74.41608428955078
2018-01-16 00:00:00-05:00,74.92266082763672
2018-01-17 00:00:00-05:00,75.73650360107422
2018-01-18 00:00:00-05:00,75.46035766601562
2018-01-19 00:00:00-05:00,76.205078125
2018-01-22 00:00:00-05:00,76.8912582397461
2018-01-23 00:00:00-05:00,74.51480865478516
2018-01-24 00:00:00-05:00,73.89557647705078
2018-01-25 00:00:00-05:00,73.92070770263672
2018-01-26 00:00:00-05:00,73.41027069091797
2018-01-29 00:00:00-05:00,72.68228149414062
2018-01-30 00:00:00-05:00,72.75756072998047
2018-01-31 00:00:00-05:00,72.24713134765625
2018-02-01 00:00:00-05:00,71.83712768554688
2018-02-02 00:00:00-05:00,70.49827575683594
2018-02-05 00:00:00-05:00,67.82896423339844
2018-02-06 00:00:00-05:00,68.93350982666016
2018-02-07 00:00:00-05:00,68.4816665649414
2018-02-08 00:00:00-05:00,67.12608337402344
2018-02-09 00:00:00-05:00,66.87506103515625
2018-02-12 00:00:00-05:00,68.05491638183594
2018-02-13 00:00:00-05:00,68.19715118408203
2018-02-14 00:00:00-05:00,67.51099395751953
2018-02-15 00:00:00-05:00,68.9586181640625
2018-02-16 00:00:00-05:00,69.11759948730469
2018-02-20 00:00:00-05:00,68.06327819824219
2018-02-21 00:00:00-05:00,67.14281463623047
2018-02-22 00:00:00-05:00,67.64486694335938
2018-02-23 00:00:00-05:00,67.82059478759766
2018-02-26 00:00:00-05:00,68.30592346191406
2018-02-27 00:00:00-05:00,67.39386749267578
2018-02-28 00:00:00-05:00,65.70356750488281
2018-03-01 00:00:00-05:00,65.85420227050781
2018-03-02 00:00:00-05:00,66.52360534667969
2018-03-05 00:00:00-05:00,67.18466186523438
2018-03-06 00:00:00-05:00,66.95873260498047
2018-03-07 00:00:00-05:00,66.23909759521484
2018-03-08 00:00:00-05:00,66.9168930053711
2018-03-09 00:00:00-05:00,67.18466186523438
2018-03-12 00:00:00-04:00,66.82484436035156
2018-03-13 00:00:00-04:00,66.70769500732422
2018-03-14 00:00:00-04:00,66.10521697998047
2018-03-15 00:00:00-04:00,65.8290786743164
2018-03-16 00:00:00-04:00,66.08010864257812
2018-03-19 00:00:00-04:00,65.82073211669922
2018-03-20 00:00:00-04:00,65.52783966064453
2018-03-21 00:00:00-04:00,64.46514129638672
2018-03-22 00:00:00-04:00,63.93797302246094
2018-03-23 00:00:00-04:00,63.519596099853516
2018-03-26 00:00:00-04:00,63.93797302246094
2018-03-27 00:00:00-04:00,65.09269714355469
2018-03-28 00:00:00-04:00,65.97132873535156
2018-03-29 00:00:00-04:00,66.33951568603516
2018-04-02 00:00:00-04:00,64.7663803100586
2018-04-03 00:00:00-04:00,65.65336608886719
2018-04-04 00:00:00-04:00,66.1470718383789
2018-04-05 00:00:00-04:00,65.93787384033203
2018-04-06 00:00:00-04:00,65.62824249267578
2018-04-09 00:00:00-04:00,65.40234375
2018-04-10 00:00:00-04:00,65.57806396484375
2018-04-11 00:00:00-04:00,65.49436950683594
2018-04-12 00:00:00-04:00,65.09269714355469
2018-04-13 00:00:00-04:00,65.57806396484375
2018-04-16 00:00:00-04:00,65.77887725830078
2018-04-17 00:00:00-04:00,65.62824249267578
2018-04-18 00:00:00-04:00,65.43578338623047
2018-04-19 00:00:00-04:00,63.29664611816406
2018-04-20 00:00:00-04:00,62.32542419433594
2018-04-23 00:00:00-04:00,61.64982986450195
2018-04-24 00:00:00-04:00,61.22755813598633
2018-04-25 00:00:00-04:00,61.058658599853516
2018-04-26 00:00:00-04:00,61.43867874145508
2018-04-27 00:00:00-04:00,61.489376068115234
2018-04-30 00:00:00-04:00,61.09244155883789
2018-05-01 00:00:00-04:00,60.77152633666992
2018-05-02 00:00:00-04:00,59.91012191772461
2018-05-03 00:00:00-04:00,60.26481628417969
2018-05-04 00:00:00-04:00,61.16843032836914
2018-05-07 00:00:00-04:00,60.78841018676758
2018-05-08 00:00:00-04:00,60.33236312866211
2018-05-09 00:00:00-04:00,61.11777114868164
2018-05-10 00:00:00-04:00,61.77649688720703
2018-05-11 00:00:00-04:00,61.96229934692383
2018-05-14 00:00:00-04:00,61.88629150390625
2018-05-15 00:00:00-04:00,61.607582092285156
2018-05-16 00:00:00-04:00,62.097408294677734
2018-05-17 00:00:00-04:00,62.46055603027344
2018-05-18 00:00:00-04:00,62.02981948852539
2018-05-21 00:00:00-04:00,62.545005798339844
2018-05-22 00:00:00-04:00,62.5196647644043
2018-05-23 00:00:00-04:00,62.64635467529297
2018-05-24 00:00:00-04:00,62.300113677978516
2018-05-25 00:00:00-04:00,62.756134033203125
2018-05-29 00:00:00-04:00,62.536563873291016
2018-05-30 00:00:00-04:00,63.2459602355957
2018-05-31 00:00:00-04:00,61.79339599609375
2018-06-01 00:00:00-04:00,62.02981948852539
2018-06-04 00:00:00-04:00,62.64635467529297
2018-06-05 00:00:00-04:00,62.469017028808594
2018-06-06 00:00:00-04:00,62.7899055480957
2018-06-07 00:00:00-04:00,63.98068618774414
2018-06-08 00:00:00-04:00,65.17989349365234
2018-06-11 00:00:00-04:00,65.47547912597656
2018-06-12 00:00:00-04:00,65.23057556152344
2018-06-13 00:00:00-04:00,64.58030700683594
2018-06-14 00:00:00-04:00,64.17491912841797
2018-06-15 00:00:00-04:00,65.34879302978516
2018-06-18 00:00:00-04:00,64.04824829101562
2018-06-19 00:00:00-04:00,64.46206665039062
2018-06-20 00:00:00-04:00,64.05670928955078
2018-06-21 00:00:00-04:00,64.55497741699219
2018-06-22 00:00:00-04:00,65.39103698730469
2018-06-25 00:00:00-04:00,65.69503784179688
2018-06-26 00:00:00-04:00,65.8724136352539
2018-06-27 00:00:00-04:00,65.61062622070312
2018-06-28 00:00:00-04:00,65.91464233398438
2018-06-29 00:00:00-04:00,65.92308807373047
2018-07-02 00:00:00-04:00,65.9822006225586
2018-07-03 00:00:00-04:00,65.7879638671875
2018-07-05 00:00:00-04:00,66.89427185058594
2018-07-06 00:00:00-04:00,66.97872161865234
2018-07-09 00:00:00-04:00,65.75418853759766
2018-07-10 00:00:00-04:00,67.40943908691406
2018-07-11 00:00:00-04:00,66.85205078125
2018-07-12 00:00:00-04:00,66.62403869628906
2018-07-13 00:00:00-04:00,66.97872161865234
2018-07-16 00:00:00-04:00,67.1645278930664
2018-07-17 00:00:00-04:00,67.58677673339844
2018-07-18 00:00:00-04:00,67.32498168945312
2018-07-19 00:00:00-04:00,67.09235382080078
2018-07-20 00:00:00-04:00,67.04973602294922
2018-07-23 00:00:00-04:00,66.90484619140625
2018-07-24 00:00:00-04:00,67.31390380859375
2018-07-25 00:00:00-04:00,67.72294616699219
2018-07-26 00:00:00-04:00,68.25130462646484
2018-07-27 00:00:00-04:00,68.66888427734375
2018-07-30 00:00:00-04:00,68.34505462646484
2018-07-31 00:00:00-04:00,68.92454528808594
2018-08-01 00:00:00-04:00,68.72855377197266
2018-08-02 00:00:00-04:00,69.87897491455078
2018-08-03 00:00:00-04:00,70.16020202636719
2018-08-06 00:00:00-04:00,70.32209777832031
2018-08-07 00:00:00-04:00,70.42438507080078
2018-08-08 00:00:00-04:00,70.17724609375
2018-08-09 00:00:00-04:00,69.3676528930664
2018-08-10 00:00:00-04:00,69.39322662353516
2018-08-13 00:00:00-04:00,69.46992492675781
2018-08-14 00:00:00-04:00,69.29095458984375
2018-08-15 00:00:00-04:00,70.13461303710938
2018-08-16 00:00:00-04:00,71.31914520263672
2018-08-17 00:00:00-04:00,71.31914520263672
2018-08-20 00:00:00-04:00,71.27657318115234
2018-08-21 00:00:00-04:00,71.49813079833984
2018-08-22 00:00:00-04:00,71.06348419189453
2018-08-23 00:00:00-04:00,70.93567657470703
2018-08-24 00:00:00-04:00,71.03793334960938
2018-08-27 00:00:00-04:00,71.10611724853516
2018-08-28 00:00:00-04:00,71.14022064208984
2018-08-29 00:00:00-04:00,71.14872741699219
2018-08-30 00:00:00-04:00,71.08055877685547
2018-08-31 00:00:00-04:00,70.68853759765625
2018-09-04 00:00:00-04:00,70.47551727294922
2018-09-05 00:00:00-04:00,70.9782943725586
2018-09-06 00:00:00-04:00,70.4328842163086
2018-09-07 00:00:00-04:00,69.80229187011719
2018-09-10 00:00:00-04:00,70.20279693603516
2018-09-11 00:00:00-04:00,69.88748931884766
2018-09-12 00:00:00-04:00,70.82489013671875
2018-09-13 00:00:00-04:00,71.11463165283203
2018-09-14 00:00:00-04:00,71.2509765625
2018-09-17 00:00:00-04:00,71.79638671875
2018-09-18 00:00:00-04:00,71.58334350585938
2018-09-19 00:00:00-04:00,71.58334350585938
2018-09-20 00:00:00-04:00,72.7423095703125
2018-09-21 00:00:00-04:00,73.13432312011719
2018-09-24 00:00:00-04:00,71.81343078613281
2018-09-25 00:00:00-04:00,70.83342742919922
2018-09-26 00:00:00-04:00,70.95271301269531
2018-09-27 00:00:00-04:00,70.61186981201172
2018-09-28 00:00:00-04:00,70.92716979980469
2018-10-01 00:00:00-04:00,71.30211639404297
2018-10-02 00:00:00-04:00,71.89012908935547
2018-10-03 00:00:00-04:00,70.7567367553711
2018-10-04 00:00:00-04:00,69.81079864501953
2018-10-05 00:00:00-04:00,70.00679779052734
2018-10-08 00:00:00-04:00,70.2198486328125
2018-10-09 00:00:00-04:00,70.04940795898438
2018-10-10 00:00:00-04:00,69.40174102783203
2018-10-11 00:00:00-04:00,67.21163940429688
2018-10-12 00:00:00-04:00,67.37356567382812
2018-10-15 00:00:00-04:00,68.28536224365234
2018-10-16 00:00:00-04:00,69.03530883789062
2018-10-17 00:00:00-04:00,69.75967407226562
2018-10-18 00:00:00-04:00,68.98335266113281
2018-10-19 00:00:00-04:00,75.05292510986328
2018-10-22 00:00:00-04:00,74.45112609863281
2018-10-23 00:00:00-04:00,74.93257141113281
2018-10-24 00:00:00-04:00,76.90990447998047
2018-10-25 00:00:00-04:00,76.51443481445312
2018-10-26 00:00:00-04:00,75.53436279296875
2018-10-29 00:00:00-04:00,75.8610610961914
2018-10-30 00:00:00-04:00,76.67778015136719
2018-10-31 00:00:00-04:00,76.23931884765625
2018-11-01 00:00:00-04:00,77.02165985107422
2018-11-02 00:00:00-04:00,77.21080780029297
2018-11-05 00:00:00-05:00,78.40579223632812
2018-11-06 00:00:00-05:00,78.67230987548828
2018-11-07 00:00:00-05:00,78.4831771850586
2018-11-08 00:00:00-05:00,78.54334259033203
2018-11-09 00:00:00-05:00,79.4460678100586
2018-11-12 00:00:00-05:00,79.69538116455078
2018-11-13 00:00:00-05:00,80.35734558105469
2018-11-14 00:00:00-05:00,80.3745346069336
2018-11-15 00:00:00-05:00,80.6668472290039
2018-11-16 00:00:00-05:00,80.65824890136719
2018-11-19 00:00:00-05:00,80.20259857177734
2018-11-20 00:00:00-05:00,79.17953491210938
2018-11-21 00:00:00-05:00,78.58634948730469
2018-11-23 00:00:00-05:00,78.69810485839844
2018-11-26 00:00:00-05:00,79.0419692993164
2018-11-27 00:00:00-05:00,79.71255493164062
2018-11-28 00:00:00-05:00,79.9618911743164
2018-11-29 00:00:00-05:00,79.79853057861328
2018-11-30 00:00:00-05:00,81.2514419555664
2018-12-03 00:00:00-05:00,80.22838592529297
2018-12-04 00:00:00-05:00,80.21979522705078
2018-12-06 00:00:00-05:00,80.42613983154297
2018-12-07 00:00:00-05:00,79.48043823242188
2018-12-10 00:00:00-05:00,79.97907257080078
2018-12-11 00:00:00-05:00,80.73561096191406
2018-12-12 00:00:00-05:00,80.83879089355469
2018-12-13 00:00:00-05:00,82.95367431640625
2018-12-14 00:00:00-05:00,83.0826416015625
2018-12-17 00:00:00-05:00,79.7555160522461
2018-12-18 00:00:00-05:00,79.51480865478516
2018-12-19 00:00:00-05:00,78.8872299194336
2018-12-20 00:00:00-05:00,78.2166519165039
2018-12-21 00:00:00-05:00,78.20805358886719
2018-12-24 00:00:00-05:00,75.1044921875
2018-12-26 00:00:00-05:00,77.45149230957031
2018-12-27 00:00:00-05:00,79.11075592041016
2018-12-28 00:00:00-05:00,78.38859558105469
2018-12-31 00:00:00-05:00,79.02479553222656
2019-01-02 00:00:00-05:00,78.4745864868164
2019-01-03 00:00:00-05:00,77.92435455322266
2019-01-04 00:00:00-05:00,79.51480865478516
2019-01-07 00:00:00-05:00,79.19673919677734
2019-01-08 00:00:00-05:00,79.4890365600586
2019-01-09 00:00:00-05:00,78.19086456298828
2019-01-10 00:00:00-05:00,78.3800048828125
2019-01-11 00:00:00-05:00,78.89582061767578
2019-01-14 00:00:00-05:00,78.36282348632812
2019-01-15 00:00:00-05:00,79.10215759277344
2019-01-16 00:00:00-05:00,78.55197143554688
2019-01-17 00:00:00-05:00,78.54068756103516
2019-01-18 00:00:00-05:00,79.2165756225586
2019-01-22 00:00:00-05:00,78.36740112304688
2019-01-23 00:00:00-05:00,82.18001556396484
2019-01-24 00:00:00-05:00,81.71211242675781
2019-01-25 00:00:00-05:00,81.10553741455078
2019-01-28 00:00:00-05:00,81.03622436523438
2019-01-29 00:00:00-05:00,81.05357360839844
2019-01-30 00:00:00-05:00,81.90274810791016
2019-01-31 00:00:00-05:00,83.59244537353516
2019-02-01 00:00:00-05:00,84.45897674560547
2019-02-04 00:00:00-05:00,84.94419860839844
2019-02-05 00:00:00-05:00,84.43296813964844
2019-02-06 00:00:00-05:00,84.84890747070312
2019-02-07 00:00:00-05:00,84.1729965209961
2019-02-08 00:00:00-05:00,84.66693115234375
2019-02-11 00:00:00-05:00,85.15216064453125
2019-02-12 00:00:00-05:00,86.01001739501953
2019-02-13 00:00:00-05:00,85.9926986694336
2019-02-14 00:00:00-05:00,85.31684112548828
2019-02-15 00:00:00-05:00,85.33415222167969
2019-02-19 00:00:00-05:00,86.642578125
2019-02-20 00:00:00-05:00,86.02733612060547
2019-02-21 00:00:00-05:00,86.46062469482422
2019-02-22 00:00:00-05:00,86.86786651611328
2019-02-25 00:00:00-05:00,86.27864837646484
2019-02-26 00:00:00-05:00,86.50392150878906
2019-02-27 00:00:00-05:00,85.70673370361328
2019-02-28 00:00:00-05:00,85.39480590820312
2019-03-01 00:00:00-05:00,85.29948425292969
2019-03-04 00:00:00-05:00,85.67208099365234
2019-03-05 00:00:00-05:00,85.86271667480469
2019-03-06 00:00:00-05:00,85.72410583496094
2019-03-07 00:00:00-05:00,85.39480590820312
2019-03-08 00:00:00-05:00,85.27347564697266
2019-03-11 00:00:00-04:00,86.28730773925781
2019-03-12 00:00:00-04:00,86.69454956054688
2019-03-13 00:00:00-04:00,87.67371368408203
2019-03-14 00:00:00-04:00,87.79503631591797
2019-03-15 00:00:00-04:00,88.76554107666016
2019-03-18 00:00:00-04:00,87.95967864990234
2019-03-19 00:00:00-04:00,88.29761505126953
2019-03-20 00:00:00-04:00,88.14163970947266
2019-03-21 00:00:00-04:00,88.80883026123047
2019-03-22 00:00:00-04:00,88.08966064453125
2019-03-25 00:00:00-04:00,88.34961700439453
2019-03-26 00:00:00-04:00,89.26809692382812
2019-03-27 00:00:00-04:00,89.16411590576172
2019-03-28 00:00:00-04:00,89.72737121582031
2019-03-29 00:00:00-04:00,90.1606216430664
2019-04-01 00:00:00-04:00,89.80534362792969
2019-04-02 00:00:00-04:00,89.90068054199219
2019-04-03 00:00:00-04:00,89.84867858886719
2019-04-04 00:00:00-04:00,89.62337493896484
2019-04-05 00:00:00-04:00,89.81401062011719
2019-04-08 00:00:00-04:00,90.95779418945312
2019-04-09 00:00:00-04:00,90.68917846679688
2019-04-10 00:00:00-04:00,90.68051147460938
2019-04-11 00:00:00-04:00,90.76718139648438
2019-04-12 00:00:00-04:00,91.03579711914062
2019-04-15 00:00:00-04:00,91.61636352539062
2019-04-16 00:00:00-04:00,92.2142562866211
2019-04-17 00:00:00-04:00,92.36783599853516
2019-04-18 00:00:00-04:00,92.54234313964844
2019-04-22 00:00:00-04:00,92.5074691772461
2019-04-23 00:00:00-04:00,90.0204849243164
2019-04-24 00:00:00-04:00,90.48296356201172
2019-04-25 00:00:00-04:00,90.12518310546875
2019-04-26 00:00:00-04:00,92.37654876708984
2019-04-29 00:00:00-04:00,91.43413543701172
2019-04-30 00:00:00-04:00,92.91761016845703
2019-05-01 00:00:00-04:00,91.56501770019531
2019-05-02 00:00:00-04:00,92.11477661132812
2019-05-03 00:00:00-04:00,92.56855010986328
2019-05-06 00:00:00-04:00,92.21949005126953
2019-05-07 00:00:00-04:00,91.36428833007812
2019-05-08 00:00:00-04:00,91.68717193603516
2019-05-09 00:00:00-04:00,90.96288299560547
2019-05-10 00:00:00-04:00,92.5074691772461
2019-05-13 00:00:00-04:00,92.59471893310547
2019-05-14 00:00:00-04:00,92.14968872070312
2019-05-15 00:00:00-04:00,93.10957336425781
2019-05-16 00:00:00-04:00,94.33998107910156
2019-05-17 00:00:00-04:00,93.76404571533203
2019-05-20 00:00:00-04:00,93.65933990478516
2019-05-21 00:00:00-04:00,92.82159423828125
2019-05-22 00:00:00-04:00,93.12703704833984
2019-05-23 00:00:00-04:00,93.16194152832031
2019-05-24 00:00:00-04:00,93.10086059570312
2019-05-28 00:00:00-04:00,91.15486907958984
2019-05-29 00:00:00-04:00,90.91927337646484
2019-05-30 00:00:00-04:00,91.91405487060547
2019-05-31 00:00:00-04:00,89.80231475830078
2019-06-03 00:00:00-04:00,90.57896423339844
2019-06-04 00:00:00-04:00,91.34685516357422
2019-06-05 00:00:00-04:00,93.13574981689453
2019-06-06 00:00:00-04:00,93.70297241210938
2019-06-07 00:00:00-04:00,94.91590881347656
2019-06-10 00:00:00-04:00,94.87227630615234
2019-06-11 00:00:00-04:00,95.44820404052734
2019-06-12 00:00:00-04:00,95.7099838256836
2019-06-13 00:00:00-04:00,96.7833480834961
2019-06-14 00:00:00-04:00,97.03639221191406
2019-06-17 00:00:00-04:00,96.8531494140625
2019-06-18 00:00:00-04:00,95.64019775390625
2019-06-19 00:00:00-04:00,96.35575866699219
2019-06-20 00:00:00-04:00,97.50762176513672
2019-06-21 00:00:00-04:00,97.03639221191406
2019-06-24 00:00:00-04:00,98.02249145507812
2019-06-25 00:00:00-04:00,97.49018096923828
2019-06-26 00:00:00-04:00,95.75362396240234
2019-06-27 00:00:00-04:00,95.79727935791016
2019-06-28 00:00:00-04:00,95.68383026123047
2019-07-01 00:00:00-04:00,96.41683959960938
2019-07-02 00:00:00-04:00,97.28075408935547
2019-07-03 00:00:00-04:00,99.54956817626953
2019-07-05 00:00:00-04:00,98.7380142211914
2019-07-08 00:00:00-04:00,99.52340698242188
2019-07-09 00:00:00-04:00,98.52861022949219
2019-07-10 00:00:00-04:00,99.2616195678711
2019-07-11 00:00:00-04:00,99.81137084960938
2019-07-12 00:00:00-04:00,100.34367370605469
2019-07-15 00:00:00-04:00,100.77127075195312
2019-07-16 00:00:00-04:00,101.1290283203125
2019-07-17 00:00:00-04:00,101.17267608642578
2019-07-18 00:00:00-04:00,101.38871765136719
2019-07-19 00:00:00-04:00,101.01107788085938
2019-07-22 00:00:00-04:00,101.2657699584961
2019-07-23 00:00:00-04:00,99.99227142333984
2019-07-24 00:00:00-04:00,98.89439392089844
2019-07-25 00:00:00-04:00,99.04369354248047
2019-07-26 00:00:00-04:00,100.76515197753906
2019-07-29 00:00:00-04:00,101.88055419921875
2019-07-30 00:00:00-04:00,105.7537841796875
2019-07-31 00:00:00-04:00,103.6722640991211
2019-08-01 00:00:00-04:00,102.52169799804688
2019-08-02 00:00:00-04:00,102.26702117919922
2019-08-05 00:00:00-04:00,99.31598663330078
2019-08-06 00:00:00-04:00,100.36994171142578
2019-08-07 00:00:00-04:00,101.45896911621094
2019-08-08 00:00:00-04:00,103.1452865600586
2019-08-09 00:00:00-04:00,102.56562042236328
2019-08-12 00:00:00-04:00,101.90691375732422
2019-08-13 00:00:00-04:00,102.9784164428711
2019-08-14 00:00:00-04:00,101.69611358642578
2019-08-15 00:00:00-04:00,103.10137176513672
2019-08-16 00:00:00-04:00,104.67349243164062
2019-08-19 00:00:00-04:00,105.60446166992188
2019-08-20 00:00:00-04:00,104.42758178710938
2019-08-21 00:00:00-04:00,104.69104766845703
2019-08-22 00:00:00-04:00,104.88428497314453
2019-08-23 00:00:00-04:00,103.03990173339844
2019-08-26 00:00:00-04:00,104.79645538330078
2019-08-27 00:00:00-04:00,105.87674713134766
2019-08-28 00:00:00-04:00,106.62327575683594
2019-08-29 00:00:00-04:00,106.4300537109375
2019-08-30 00:00:00-04:00,105.595703125
2019-09-03 00:00:00-04:00,106.58816528320312
2019-09-04 00:00:00-04:00,108.21298217773438
2019-09-05 00:00:00-04:00,107.8177490234375
2019-09-06 00:00:00-04:00,107.91433715820312
2019-09-09 00:00:00-04:00,107.299560546875
2019-09-10 00:00:00-04:00,105.28829193115234
2019-09-11 00:00:00-04:00,106.50910186767578
2019-09-12 00:00:00-04:00,107.82653045654297
2019-09-13 00:00:00-04:00,107.25563049316406
2019-09-16 00:00:00-04:00,105.17412567138672
2019-09-17 00:00:00-04:00,106.41248321533203
2019-09-18 00:00:00-04:00,106.63206481933594
2019-09-19 00:00:00-04:00,107.06241607666016
2019-09-20 00:00:00-04:00,107.36103820800781
2019-09-23 00:00:00-04:00,108.22174835205078
2019-09-24 00:00:00-04:00,108.56427764892578
2019-09-25 00:00:00-04:00,108.04608917236328
2019-09-26 00:00:00-04:00,109.1790771484375
2019-09-27 00:00:00-04:00,109.40743255615234
2019-09-30 00:00:00-04:00,109.24055480957031
2019-10-01 00:00:00-04:00,108.77507019042969
2019-10-02 00:00:00-04:00,106.34223175048828
2019-10-03 00:00:00-04:00,106.92189025878906
2019-10-04 00:00:00-04:00,108.90679931640625
2019-10-07 00:00:00-04:00,107.88800811767578
2019-10-08 00:00:00-04:00,106.21047973632812
2019-10-09 00:00:00-04:00,107.13267517089844
2019-10-10 00:00:00-04:00,107.09754943847656
2019-10-11 00:00:00-04:00,106.35099792480469
2019-10-14 00:00:00-04:00,105.43761444091797
2019-10-15 00:00:00-04:00,102.93447875976562
2019-10-16 00:00:00-04:00,103.22433471679688
2019-10-17 00:00:00-04:00,103.08821868896484
2019-10-18 00:00:00-04:00,103.8306884765625
2019-10-21 00:00:00-04:00,105.25373840332031
2019-10-22 00:00:00-04:00,107.99382781982422
2019-10-23 00:00:00-04:00,108.71861267089844
2019-10-24 00:00:00-04:00,110.3007583618164
2019-10-25 00:00:00-04:00,108.93956756591797
2019-10-28 00:00:00-04:00,109.14285278320312
2019-10-29 00:00:00-04:00,109.24890899658203
2019-10-30 00:00:00-04:00,110.43334197998047
2019-10-31 00:00:00-04:00,110.05327606201172
2019-11-01 00:00:00-04:00,109.48759460449219
2019-11-04 00:00:00-05:00,105.2448959350586
2019-11-05 00:00:00-05:00,105.09464263916016
2019-11-06 00:00:00-05:00,106.34976959228516
2019-11-07 00:00:00-05:00,105.73104095458984
2019-11-08 00:00:00-05:00,105.8017578125
2019-11-11 00:00:00-05:00,105.4747314453125
2019-11-12 00:00:00-05:00,105.42169952392578
2019-11-13 00:00:00-05:00,106.64146423339844
2019-11-14 00:00:00-05:00,106.50886535644531
2019-11-15 00:00:00-05:00,106.5442123413086
2019-11-18 00:00:00-05:00,107.73747253417969
2019-11-19 00:00:00-05:00,107.32205200195312
2019-11-20 00:00:00-05:00,108.0910415649414
2019-11-21 00:00:00-05:00,106.36744689941406
2019-11-22 00:00:00-05:00,106.32324981689453
2019-11-25 00:00:00-05:00,106.5177001953125
2019-11-26 00:00:00-05:00,108.06450653076172
2019-11-27 00:00:00-05:00,107.6225814819336
2019-11-29 00:00:00-05:00,107.88774108886719
2019-12-02 00:00:00-05:00,108.47110748291016
2019-12-03 00:00:00-05:00,108.67438507080078
2019-12-04 00:00:00-05:00,110.0709457397461
2019-12-05 00:00:00-05:00,110.15050506591797
2019-12-06 00:00:00-05:00,109.77042388916016
2019-12-09 00:00:00-05:00,110.37146759033203
2019-12-10 00:00:00-05:00,109.84113311767578
2019-12-11 00:00:00-05:00,110.18585205078125
2019-12-12 00:00:00-05:00,110.10630798339844
2019-12-13 00:00:00-05:00,110.90181732177734
2019-12-16 00:00:00-05:00,110.9813461303711
2019-12-17 00:00:00-05:00,110.7603759765625
2019-12-18 00:00:00-05:00,109.61131286621094
2019-12-19 00:00:00-05:00,110.41566467285156
2019-12-20 00:00:00-05:00,110.80458068847656
2019-12-23 00:00:00-05:00,110.39798736572266
2019-12-24 00:00:00-05:00,110.68083953857422
2019-12-26 00:00:00-05:00,110.68083953857422
2019-12-27 00:00:00-05:00,111.4498062133789
2019-12-30 00:00:00-05:00,110.01791381835938
2019-12-31 00:00:00-05:00,110.39798736572266
2020-01-02 00:00:00-05:00,109.08098602294922
2020-01-03 00:00:00-05:00,108.34735107421875
2020-01-06 00:00:00-05:00,108.49762725830078
2020-01-07 00:00:00-05:00,107.82585906982422
2020-01-08 00:00:00-05:00,108.28549194335938
2020-01-09 00:00:00-05:00,109.46990966796875
2020-01-10 00:00:00-05:00,109.57595825195312
2020-01-13 00:00:00-05:00,110.38032531738281
2020-01-14 00:00:00-05:00,110.2123794555664
2020-01-15 00:00:00-05:00,111.33491516113281
2020-01-16 00:00:00-05:00,111.43212890625
2020-01-17 00:00:00-05:00,111.73267364501953
2020-01-21 00:00:00-05:00,111.4498062133789
2020-01-22 00:00:00-05:00,111.644287109375
2020-01-23 00:00:00-05:00,111.13390350341797
2020-01-24 00:00:00-05:00,111.26728820800781
2020-01-27 00:00:00-05:00,111.75630950927734
2020-01-28 00:00:00-05:00,112.0586166381836
2020-01-29 00:00:00-05:00,111.19615936279297
2020-01-30 00:00:00-05:00,111.98748779296875
2020-01-31 00:00:00-05:00,110.804931640625
2020-02-03 00:00:00-05:00,111.2406234741211
2020-02-04 00:00:00-05:00,111.72965240478516
2020-02-05 00:00:00-05:00,112.75213623046875
2020-02-06 00:00:00-05:00,113.04556274414062
2020-02-07 00:00:00-05:00,112.10307312011719
2020-02-10 00:00:00-05:00,112.18311309814453
2020-02-11 00:00:00-05:00,110.39592742919922
2020-02-12 00:00:00-05:00,109.76461791992188
2020-02-13 00:00:00-05:00,111.10722351074219
2020-02-14 00:00:00-05:00,112.15641784667969
2020-02-18 00:00:00-05:00,111.02721405029297
2020-02-19 00:00:00-05:00,111.53404235839844
2020-02-20 00:00:00-05:00,112.54764556884766
2020-02-21 00:00:00-05:00,112.65435028076172
2020-02-24 00:00:00-05:00,109.6312484741211
2020-02-25 00:00:00-05:00,107.96855926513672
2020-02-26 00:00:00-05:00,106.83935546875
2020-02-27 00:00:00-05:00,100.91767883300781
2020-02-28 00:00:00-05:00,100.67759704589844
2020-03-02 00:00:00-05:00,106.30587768554688
2020-03-03 00:00:00-05:00,105.06996154785156
2020-03-04 00:00:00-05:00,110.69821166992188
2020-03-05 00:00:00-05:00,108.1463851928711
2020-03-06 00:00:00-05:00,108.17306518554688
2020-03-09 00:00:00-04:00,103.19384765625
2020-03-10 00:00:00-04:00,107.18612670898438
2020-03-11 00:00:00-04:00,99.21939849853516
2020-03-12 00:00:00-04:00,90.55025482177734
2020-03-13 00:00:00-04:00,101.42448425292969
2020-03-16 00:00:00-04:00,96.47195434570312
2020-03-17 00:00:00-04:00,105.13219451904297
2020-03-18 00:00:00-04:00,104.42977905273438
2020-03-19 00:00:00-04:00,98.54364013671875
2020-03-20 00:00:00-04:00,91.0748519897461
2020-03-23 00:00:00-04:00,86.86921691894531
2020-03-24 00:00:00-04:00,91.8217544555664
2020-03-25 00:00:00-04:00,89.73226165771484
2020-03-26 00:00:00-04:00,95.47611236572266
2020-03-27 00:00:00-04:00,97.95683288574219
2020-03-30 00:00:00-04:00,102.25138854980469
2020-03-31 00:00:00-04:00,97.80567169189453
2020-04-01 00:00:00-04:00,97.20994567871094
2020-04-02 00:00:00-04:00,101.71790313720703
2020-04-03 00:00:00-04:00,102.32251739501953
2020-04-06 00:00:00-04:00,104.7498779296875
2020-04-07 00:00:00-04:00,100.26858520507812
2020-04-08 00:00:00-04:00,102.34029388427734
2020-04-09 00:00:00-04:00,101.9490737915039
2020-04-13 00:00:00-04:00,103.09605407714844
2020-04-14 00:00:00-04:00,107.55064392089844
2020-04-15 00:00:00-04:00,107.7818374633789
2020-04-16 00:00:00-04:00,108.03081512451172
2020-04-17 00:00:00-04:00,110.86717224121094
2020-04-20 00:00:00-04:00,107.23056030273438
2020-04-21 00:00:00-04:00,106.41255950927734
2020-04-22 00:00:00-04:00,106.16361236572266
2020-04-23 00:00:00-04:00,106.8716049194336
2020-04-24 00:00:00-04:00,106.316650390625
2020-04-27 00:00:00-04:00,105.126220703125
2020-04-28 00:00:00-04:00,104.62498474121094
2020-04-29 00:00:00-04:00,104.79502868652344
2020-04-30 00:00:00-04:00,105.50214385986328
2020-05-01 00:00:00-04:00,104.56233215332031
2020-05-04 00:00:00-04:00,103.62249755859375
2020-05-05 00:00:00-04:00,103.83733367919922
2020-05-06 00:00:00-04:00,101.23263549804688
2020-05-07 00:00:00-04:00,100.40021514892578
2020-05-08 00:00:00-04:00,103.78361511230469
2020-05-11 00:00:00-04:00,103.21075439453125
2020-05-12 00:00:00-04:00,102.530517578125
2020-05-13 00:00:00-04:00,101.96659851074219
2020-05-14 00:00:00-04:00,101.86814880371094
2020-05-15 00:00:00-04:00,102.58422088623047
2020-05-18 00:00:00-04:00,104.01631927490234
2020-05-19 00:00:00-04:00,100.64190673828125
2020-05-20 00:00:00-04:00,101.39376068115234
2020-05-21 00:00:00-04:00,99.90795135498047
2020-05-22 00:00:00-04:00,100.78511810302734
2020-05-26 00:00:00-04:00,100.2749252319336
2020-05-27 00:00:00-04:00,101.93975830078125
2020-05-28 00:00:00-04:00,103.88204956054688
2020-05-29 00:00:00-04:00,103.75674438476562
2020-06-01 00:00:00-04:00,104.94720458984375
2020-06-02 00:00:00-04:00,105.67220306396484
2020-06-03 00:00:00-04:00,106.09288024902344
2020-06-04 00:00:00-04:00,103.87313079833984
2020-06-05 00:00:00-04:00,105.91387939453125
2020-06-08 00:00:00-04:00,106.55834197998047
2020-06-09 00:00:00-04:00,105.92283630371094
2020-06-10 00:00:00-04:00,106.71944427490234
2020-06-11 00:00:00-04:00,104.06109619140625
2020-06-12 00:00:00-04:00,103.48825073242188
2020-06-15 00:00:00-04:00,104.44596099853516
2020-06-16 00:00:00-04:00,105.73487091064453
2020-06-17 00:00:00-04:00,105.55583953857422
2020-06-18 00:00:00-04:00,106.76419067382812
2020-06-19 00:00:00-04:00,106.44196319580078
2020-06-22 00:00:00-04:00,105.39473724365234
2020-06-23 00:00:00-04:00,105.3768539428711
2020-06-24 00:00:00-04:00,104.20428466796875
2020-06-25 00:00:00-04:00,105.52005004882812
2020-06-26 00:00:00-04:00,103.13914489746094
2020-06-29 00:00:00-04:00,105.31419372558594
2020-06-30 00:00:00-04:00,107.02376556396484
2020-07-01 00:00:00-04:00,107.39075469970703
2020-07-02 00:00:00-04:00,108.1963119506836
2020-07-06 00:00:00-04:00,108.86762237548828
2020-07-07 00:00:00-04:00,109.39570617675781
2020-07-08 00:00:00-04:00,109.99542999267578
2020-07-09 00:00:00-04:00,109.62843322753906
2020-07-10 00:00:00-04:00,110.89049530029297
2020-07-13 00:00:00-04:00,111.03368377685547
2020-07-14 00:00:00-04:00,111.96456146240234
2020-07-15 00:00:00-04:00,111.43646240234375
2020-07-16 00:00:00-04:00,111.66920471191406
2020-07-17 00:00:00-04:00,112.44789123535156
2020-07-20 00:00:00-04:00,112.09883117675781
2020-07-21 00:00:00-04:00,111.9466552734375
2020-07-22 00:00:00-04:00,112.90438842773438
2020-07-23 00:00:00-04:00,113.6348876953125
2020-07-24 00:00:00-04:00,113.45471954345703
2020-07-27 00:00:00-04:00,113.77899932861328
2020-07-28 00:00:00-04:00,115.18412780761719
2020-07-29 00:00:00-04:00,115.57141876220703
2020-07-30 00:00:00-04:00,118.3726806640625
2020-07-31 00:00:00-04:00,118.10244750976562
2020-08-03 00:00:00-04:00,118.25556182861328
2020-08-04 00:00:00-04:00,120.50737762451172
2020-08-05 00:00:00-04:00,120.1921157836914
2020-08-06 00:00:00-04:00,119.53461456298828
2020-08-07 00:00:00-04:00,120.29121398925781
2020-08-10 00:00:00-04:00,120.78661346435547
2020-08-11 00:00:00-04:00,120.00297546386719
2020-08-12 00:00:00-04:00,122.0115737915039
2020-08-13 00:00:00-04:00,122.2998046875
2020-08-14 00:00:00-04:00,121.68731689453125
2020-08-17 00:00:00-04:00,122.0475845336914
2020-08-18 00:00:00-04:00,122.95732116699219
2020-08-19 00:00:00-04:00,122.29080963134766
2020-08-20 00:00:00-04:00,123.26359558105469
2020-08-21 00:00:00-04:00,123.79502868652344
2020-08-24 00:00:00-04:00,124.7587661743164
2020-08-25 00:00:00-04:00,125.2541732788086
2020-08-26 00:00:00-04:00,124.65070343017578
2020-08-27 00:00:00-04:00,124.48859405517578
2020-08-28 00:00:00-04:00,124.99293518066406
2020-08-31 00:00:00-04:00,124.59663391113281
2020-09-01 00:00:00-04:00,124.46151733398438
2020-09-02 00:00:00-04:00,126.56023406982422
2020-09-03 00:00:00-04:00,124.5335922241211
2020-09-04 00:00:00-04:00,124.26336669921875
2020-09-08 00:00:00-04:00,122.44393157958984
2020-09-09 00:00:00-04:00,124.43446350097656
2020-09-10 00:00:00-04:00,123.12849426269531
2020-09-11 00:00:00-04:00,124.42549133300781
2020-09-14 00:00:00-04:00,124.86685943603516
2020-09-15 00:00:00-04:00,124.86685943603516
2020-09-16 00:00:00-04:00,124.0291748046875
2020-09-17 00:00:00-04:00,123.86705780029297
2020-09-18 00:00:00-04:00,123.73193359375
2020-09-21 00:00:00-04:00,123.13750457763672
2020-09-22 00:00:00-04:00,124.26336669921875
2020-09-23 00:00:00-04:00,122.77716827392578
2020-09-24 00:00:00-04:00,123.3266372680664
2020-09-25 00:00:00-04:00,123.95710754394531
2020-09-28 00:00:00-04:00,124.30841827392578
2020-09-29 00:00:00-04:00,123.63286590576172
2020-09-30 00:00:00-04:00,125.19112396240234
2020-10-01 00:00:00-04:00,125.41631317138672
2020-10-02 00:00:00-04:00,124.40746307373047
2020-10-05 00:00:00-04:00,125.55140686035156
2020-10-06 00:00:00-04:00,125.74957275390625
2020-10-07 00:00:00-04:00,126.73133850097656
2020-10-08 00:00:00-04:00,127.58704376220703
2020-10-09 00:00:00-04:00,128.73095703125
2020-10-12 00:00:00-04:00,130.14508056640625
2020-10-13 00:00:00-04:00,129.89288330078125
2020-10-14 00:00:00-04:00,129.73977661132812
2020-10-15 00:00:00-04:00,129.5506134033203
2020-10-16 00:00:00-04:00,130.0549774169922
2020-10-19 00:00:00-04:00,127.82123565673828
2020-10-20 00:00:00-04:00,128.33457946777344
2020-10-21 00:00:00-04:00,129.02818298339844
2020-10-22 00:00:00-04:00,128.11431884765625
2020-10-23 00:00:00-04:00,128.95664978027344
2020-10-26 00:00:00-04:00,127.97850036621094
2020-10-27 00:00:00-04:00,128.9385223388672
2020-10-28 00:00:00-04:00,124.68162536621094
2020-10-29 00:00:00-04:00,124.60010528564453
2020-10-30 00:00:00-04:00,124.17443084716797
2020-11-02 00:00:00-05:00,125.44243621826172
2020-11-03 00:00:00-05:00,127.90599060058594
2020-11-04 00:00:00-05:00,127.38064575195312
2020-11-05 00:00:00-05:00,128.95664978027344
2020-11-06 00:00:00-05:00,129.72647094726562
2020-11-09 00:00:00-05:00,124.98050689697266
2020-11-10 00:00:00-05:00,127.0364990234375
2020-11-11 00:00:00-05:00,128.67587280273438
2020-11-12 00:00:00-05:00,128.7483367919922
2020-11-13 00:00:00-05:00,130.677490234375
2020-11-16 00:00:00-05:00,129.0019073486328
2020-11-17 00:00:00-05:00,128.5037841796875
2020-11-18 00:00:00-05:00,126.52933502197266
2020-11-19 00:00:00-05:00,126.37532806396484
2020-11-20 00:00:00-05:00,126.16703033447266
2020-11-23 00:00:00-05:00,125.6778793334961
2020-11-24 00:00:00-05:00,125.2703628540039
2020-11-25 00:00:00-05:00,125.60547637939453
2020-11-27 00:00:00-05:00,125.54207611083984
2020-11-30 00:00:00-05:00,125.77755737304688
2020-12-01 00:00:00-05:00,126.23040771484375
2020-12-02 00:00:00-05:00,125.3156509399414
2020-12-03 00:00:00-05:00,124.3918228149414
2020-12-04 00:00:00-05:00,124.5095443725586
2020-12-07 00:00:00-05:00,124.69972229003906
2020-12-08 00:00:00-05:00,125.03486633300781
2020-12-09 00:00:00-05:00,123.54951477050781
2020-12-10 00:00:00-05:00,122.73433685302734
2020-12-11 00:00:00-05:00,123.6400375366211
2020-12-14 00:00:00-05:00,123.04227447509766
2020-12-15 00:00:00-05:00,123.76685333251953
2020-12-16 00:00:00-05:00,124.32840728759766
2020-12-17 00:00:00-05:00,125.21600341796875
2020-12-18 00:00:00-05:00,125.93152618408203
2020-12-21 00:00:00-05:00,124.5548324584961
2020-12-22 00:00:00-05:00,123.67627716064453
2020-12-23 00:00:00-05:00,123.48609161376953
2020-12-24 00:00:00-05:00,124.7359619140625
2020-12-28 00:00:00-05:00,125.60547637939453
2020-12-29 00:00:00-05:00,125.3699951171875
2020-12-30 00:00:00-05:00,124.78125762939453
2020-12-31 00:00:00-05:00,126.02210235595703
2021-01-04 00:00:00-05:00,124.82656860351562
2021-01-05 00:00:00-05:00,125.62357330322266
2021-01-06 00:00:00-05:00,126.94593048095703
2021-01-07 00:00:00-05:00,125.7594223022461
2021-01-08 00:00:00-05:00,125.705078125
2021-01-11 00:00:00-05:00,124.85374450683594
2021-01-12 00:00:00-05:00,124.12915802001953
2021-01-13 00:00:00-05:00,124.31932067871094
2021-01-14 00:00:00-05:00,122.99699401855469
2021-01-15 00:00:00-05:00,122.07316589355469
2021-01-19 00:00:00-05:00,121.0044174194336
2021-01-20 00:00:00-05:00,119.49185180664062
2021-01-21 00:00:00-05:00,119.37431335449219
2021-01-22 00:00:00-05:00,118.4540023803711
2021-01-25 00:00:00-05:00,120.49508666992188
2021-01-26 00:00:00-05:00,121.26956939697266
2021-01-27 00:00:00-05:00,116.97789764404297
2021-01-28 00:00:00-05:00,118.78204345703125
2021-01-29 00:00:00-05:00,116.82301330566406
2021-02-01 00:00:00-05:00,117.5154800415039
2021-02-02 00:00:00-05:00,117.35147094726562
2021-02-03 00:00:00-05:00,117.49726867675781
2021-02-04 00:00:00-05:00,117.57015991210938
2021-02-05 00:00:00-05:00,118.06221008300781
2021-02-08 00:00:00-05:00,117.69773864746094
2021-02-09 00:00:00-05:00,117.24212646484375
2021-02-10 00:00:00-05:00,116.83211517333984
2021-02-11 00:00:00-05:00,116.9323501586914
2021-02-12 00:00:00-05:00,116.285400390625
2021-02-16 00:00:00-05:00,116.55874633789062
2021-02-17 00:00:00-05:00,117.05078887939453
2021-02-18 00:00:00-05:00,118.02574920654297
2021-02-19 00:00:00-05:00,115.8298110961914
2021-02-22 00:00:00-05:00,115.33778381347656
2021-02-23 00:00:00-05:00,116.19427490234375
2021-02-24 00:00:00-05:00,116.32184600830078
2021-02-25 00:00:00-05:00,115.33778381347656
2021-02-26 00:00:00-05:00,112.55864715576172
2021-03-01 00:00:00-05:00,113.25115203857422
2021-03-02 00:00:00-05:00,112.89579010009766
2021-03-03 00:00:00-05:00,112.22150421142578
2021-03-04 00:00:00-05:00,111.30120849609375
2021-03-05 00:00:00-05:00,114.7910385131836
2021-03-08 00:00:00-05:00,116.0029296875
2021-03-09 00:00:00-05:00,114.97328186035156
2021-03-10 00:00:00-05:00,116.03025817871094
2021-03-11 00:00:00-05:00,115.6384506225586
2021-03-12 00:00:00-05:00,116.75922393798828
2021-03-15 00:00:00-04:00,117.14190673828125
2021-03-16 00:00:00-04:00,117.48816680908203
2021-03-17 00:00:00-04:00,117.01433563232422
2021-03-18 00:00:00-04:00,117.26947021484375
2021-03-19 00:00:00-04:00,116.64075469970703
2021-03-22 00:00:00-04:00,118.61800384521484
2021-03-23 00:00:00-04:00,120.82311248779297
2021-03-24 00:00:00-04:00,120.7866439819336
2021-03-25 00:00:00-04:00,121.62493133544922
2021-03-26 00:00:00-04:00,123.41995239257812
2021-03-29 00:00:00-04:00,125.3516616821289
2021-03-30 00:00:00-04:00,123.41995239257812
2021-03-31 00:00:00-04:00,123.4017333984375
2021-04-01 00:00:00-04:00,122.3538818359375
2021-04-05 00:00:00-04:00,124.33116149902344
2021-04-06 00:00:00-04:00,124.37670135498047
2021-04-07 00:00:00-04:00,124.59540557861328
2021-04-08 00:00:00-04:00,125.06919860839844
2021-04-09 00:00:00-04:00,124.2582778930664
2021-04-12 00:00:00-04:00,124.75940704345703
2021-04-13 00:00:00-04:00,123.1101303100586
2021-04-14 00:00:00-04:00,123.5566635131836
2021-04-15 00:00:00-04:00,125.05099487304688
2021-04-16 00:00:00-04:00,125.06011199951172
2021-04-19 00:00:00-04:00,124.47693634033203
2021-04-20 00:00:00-04:00,125.51569366455078
2021-04-21 00:00:00-04:00,124.69564056396484
2021-04-22 00:00:00-04:00,123.45765686035156
2021-04-23 00:00:00-04:00,122.82494354248047
2021-04-26 00:00:00-04:00,120.3673095703125
2021-04-27 00:00:00-04:00,120.2939453125
2021-04-28 00:00:00-04:00,120.49569702148438
2021-04-29 00:00:00-04:00,121.51360321044922
2021-04-30 00:00:00-04:00,122.34806823730469
2021-05-03 00:00:00-04:00,123.79695129394531
2021-05-04 00:00:00-04:00,123.37512969970703
2021-05-05 00:00:00-04:00,122.38475036621094
2021-05-06 00:00:00-04:00,123.92533874511719
2021-05-07 00:00:00-04:00,123.93449401855469
2021-05-10 00:00:00-04:00,126.2453842163086
2021-05-11 00:00:00-04:00,125.62181091308594
2021-05-12 00:00:00-04:00,124.2921371459961
2021-05-13 00:00:00-04:00,126.29122161865234
2021-05-14 00:00:00-04:00,126.5571517944336
2021-05-17 00:00:00-04:00,126.30037689208984
2021-05-18 00:00:00-04:00,125.0074234008789
2021-05-19 00:00:00-04:00,125.2641830444336
2021-05-20 00:00:00-04:00,126.5479736328125
2021-05-21 00:00:00-04:00,126.5479736328125
2021-05-24 00:00:00-04:00,126.51131439208984
2021-05-25 00:00:00-04:00,126.94229888916016
2021-05-26 00:00:00-04:00,126.65802001953125
2021-05-27 00:00:00-04:00,123.77860260009766
2021-05-28 00:00:00-04:00,123.65940856933594
2021-06-01 00:00:00-04:00,121.8528823852539
2021-06-02 00:00:00-04:00,122.38475036621094
2021-06-03 00:00:00-04:00,124.57643127441406
2021-06-04 00:00:00-04:00,124.66812133789062
2021-06-07 00:00:00-04:00,125.09911346435547
2021-06-08 00:00:00-04:00,123.65022277832031
2021-06-09 00:00:00-04:00,123.60435485839844
2021-06-10 00:00:00-04:00,124.52137756347656
2021-06-11 00:00:00-04:00,123.6685791015625
2021-06-14 00:00:00-04:00,123.71442413330078
2021-06-15 00:00:00-04:00,123.47599792480469
2021-06-16 00:00:00-04:00,121.76116943359375
2021-06-17 00:00:00-04:00,122.87078094482422
2021-06-18 00:00:00-04:00,121.07341766357422
2021-06-21 00:00:00-04:00,122.02713775634766
2021-06-22 00:00:00-04:00,122.07295227050781
2021-06-23 00:00:00-04:00,121.89873504638672
2021-06-24 00:00:00-04:00,121.98129272460938
2021-06-25 00:00:00-04:00,123.72357940673828
2021-06-28 00:00:00-04:00,124.09037780761719
2021-06-29 00:00:00-04:00,123.24674224853516
2021-06-30 00:00:00-04:00,123.73277282714844
2021-07-01 00:00:00-04:00,124.01702880859375
2021-07-02 00:00:00-04:00,124.62226104736328
2021-07-06 00:00:00-04:00,124.69562530517578
2021-07-07 00:00:00-04:00,125.63097381591797
2021-07-08 00:00:00-04:00,125.61262512207031
2021-07-09 00:00:00-04:00,125.65850830078125
2021-07-12 00:00:00-04:00,125.75933837890625
2021-07-13 00:00:00-04:00,125.60346221923828
2021-07-14 00:00:00-04:00,126.52961730957031
2021-07-15 00:00:00-04:00,127.61173248291016
2021-07-16 00:00:00-04:00,128.84970092773438
2021-07-19 00:00:00-04:00,128.78553771972656
2021-07-20 00:00:00-04:00,128.09774780273438
2021-07-21 00:00:00-04:00,127.64840698242188
2021-07-22 00:00:00-04:00,127.15931701660156
2021-07-23 00:00:00-04:00,128.9956817626953
2021-07-26 00:00:00-04:00,129.4478302001953
2021-07-27 00:00:00-04:00,129.9738311767578
2021-07-28 00:00:00-04:00,128.04519653320312
2021-07-29 00:00:00-04:00,128.70962524414062
2021-07-30 00:00:00-04:00,131.24728393554688
2021-08-02 00:00:00-04:00,130.92431640625
2021-08-03 00:00:00-04:00,132.83444213867188
2021-08-04 00:00:00-04:00,131.4318084716797
2021-08-05 00:00:00-04:00,131.4963836669922
2021-08-06 00:00:00-04:00,130.4906005859375
2021-08-09 00:00:00-04:00,131.20111083984375
2021-08-10 00:00:00-04:00,131.2841796875
2021-08-11 00:00:00-04:00,131.60714721679688
2021-08-12 00:00:00-04:00,131.91168212890625
2021-08-13 00:00:00-04:00,132.54835510253906
2021-08-16 00:00:00-04:00,133.47116088867188
2021-08-17 00:00:00-04:00,133.692626953125
2021-08-18 00:00:00-04:00,132.2346649169922
2021-08-19 00:00:00-04:00,133.79417419433594
2021-08-20 00:00:00-04:00,133.88641357421875
2021-08-23 00:00:00-04:00,133.2035675048828
2021-08-24 00:00:00-04:00,132.12391662597656
2021-08-25 00:00:00-04:00,131.65330505371094
2021-08-26 00:00:00-04:00,131.42257690429688
2021-08-27 00:00:00-04:00,131.32107543945312
2021-08-30 00:00:00-04:00,131.8931884765625
2021-08-31 00:00:00-04:00,131.3948974609375
2021-09-01 00:00:00-04:00,132.73292541503906
2021-09-02 00:00:00-04:00,132.83444213867188
2021-09-03 00:00:00-04:00,132.92674255371094
2021-09-07 00:00:00-04:00,132.4284210205078
2021-09-08 00:00:00-04:00,133.43426513671875
2021-09-09 00:00:00-04:00,132.87136840820312
2021-09-10 00:00:00-04:00,133.0005340576172
2021-09-13 00:00:00-04:00,134.43084716796875
2021-09-14 00:00:00-04:00,134.20016479492188
2021-09-15 00:00:00-04:00,133.9141082763672
2021-09-16 00:00:00-04:00,132.9821014404297
2021-09-17 00:00:00-04:00,133.19430541992188
2021-09-20 00:00:00-04:00,131.85630798339844
2021-09-21 00:00:00-04:00,132.059326171875
2021-09-22 00:00:00-04:00,132.51150512695312
2021-09-23 00:00:00-04:00,133.05589294433594
2021-09-24 00:00:00-04:00,132.46534729003906
2021-09-27 00:00:00-04:00,130.7212677001953
2021-09-28 00:00:00-04:00,129.73388671875
2021-09-29 00:00:00-04:00,131.05349731445312
2021-09-30 00:00:00-04:00,129.00489807128906
2021-10-01 00:00:00-04:00,128.8019256591797
2021-10-04 00:00:00-04:00,128.07289123535156
2021-10-05 00:00:00-04:00,128.57119750976562
2021-10-06 00:00:00-04:00,130.28759765625
2021-10-07 00:00:00-04:00,131.33030700683594
2021-10-08 00:00:00-04:00,130.78587341308594
2021-10-11 00:00:00-04:00,131.33030700683594
2021-10-12 00:00:00-04:00,131.13653564453125
2021-10-13 00:00:00-04:00,131.44105529785156
2021-10-14 00:00:00-04:00,132.92674255371094
2021-10-15 00:00:00-04:00,133.26815795898438
2021-10-18 00:00:00-04:00,131.34877014160156
2021-10-19 00:00:00-04:00,129.7985076904297
2021-10-20 00:00:00-04:00,130.30604553222656
2021-10-21 00:00:00-04:00,129.36822509765625
2021-10-22 00:00:00-04:00,130.76100158691406
2021-10-25 00:00:00-04:00,130.77955627441406
2021-10-26 00:00:00-04:00,132.63656616210938
2021-10-27 00:00:00-04:00,131.68946838378906
2021-10-28 00:00:00-04:00,132.47872924804688
2021-10-29 00:00:00-04:00,132.76658630371094
2021-11-01 00:00:00-04:00,132.44155883789062
2021-11-02 00:00:00-04:00,133.7600555419922
2021-11-03 00:00:00-04:00,134.67929077148438
2021-11-04 00:00:00-04:00,134.92996215820312
2021-11-05 00:00:00-04:00,135.59849548339844
2021-11-08 00:00:00-05:00,134.58644104003906
2021-11-09 00:00:00-05:00,134.99497985839844
2021-11-10 00:00:00-05:00,136.32272338867188
2021-11-11 00:00:00-05:00,135.9327392578125
2021-11-12 00:00:00-05:00,136.081298828125
2021-11-15 00:00:00-05:00,136.86126708984375
2021-11-16 00:00:00-05:00,136.66627502441406
2021-11-17 00:00:00-05:00,136.5827178955078
2021-11-18 00:00:00-05:00,136.60125732421875
2021-11-19 00:00:00-05:00,136.32272338867188
2021-11-22 00:00:00-05:00,137.23265075683594
2021-11-23 00:00:00-05:00,138.75538635253906
2021-11-24 00:00:00-05:00,138.0311737060547
2021-11-26 00:00:00-05:00,136.92625427246094
2021-11-29 00:00:00-05:00,138.36544799804688
2021-11-30 00:00:00-05:00,134.2428741455078
2021-12-01 00:00:00-05:00,135.9327392578125
2021-12-02 00:00:00-05:00,136.73126220703125
2021-12-03 00:00:00-05:00,139.16395568847656
2021-12-06 00:00:00-05:00,141.2716522216797
2021-12-07 00:00:00-05:00,140.9002685546875
2021-12-08 00:00:00-05:00,141.53163146972656
2021-12-09 00:00:00-05:00,142.35801696777344
2021-12-10 00:00:00-05:00,144.34498596191406
2021-12-13 00:00:00-05:00,146.39697265625
2021-12-14 00:00:00-05:00,146.93551635742188
2021-12-15 00:00:00-05:00,147.5019073486328
2021-12-16 00:00:00-05:00,149.59103393554688
2021-12-17 00:00:00-05:00,146.2019805908203
2021-12-20 00:00:00-05:00,146.57339477539062
2021-12-21 00:00:00-05:00,146.48056030273438
2021-12-22 00:00:00-05:00,147.92901611328125
2021-12-23 00:00:00-05:00,148.65325927734375
2021-12-27 00:00:00-05:00,150.38955688476562
2021-12-28 00:00:00-05:00,151.19735717773438
2021-12-29 00:00:00-05:00,152.4508056640625
2021-12-30 00:00:00-05:00,151.13235473632812
2021-12-31 00:00:00-05:00,151.88442993164062
2022-01-03 00:00:00-05:00,151.2530517578125
2022-01-04 00:00:00-05:00,151.7823028564453
2022-01-05 00:00:00-05:00,152.46939086914062
2022-01-06 00:00:00-05:00,151.18804931640625
2022-01-07 00:00:00-05:00,151.1044921875
2022-01-10 00:00:00-05:00,149.04318237304688
2022-01-11 00:00:00-05:00,147.31617736816406
2022-01-12 00:00:00-05:00,147.64114379882812
2022-01-13 00:00:00-05:00,146.97264099121094
2022-01-14 00:00:00-05:00,148.3839569091797
2022-01-18 00:00:00-05:00,145.52418518066406
2022-01-19 00:00:00-05:00,150.4174041748047
2022-01-20 00:00:00-05:00,151.22955322265625
2022-01-21 00:00:00-05:00,151.808349609375
2022-01-24 00:00:00-05:00,150.57606506347656
2022-01-25 00:00:00-05:00,148.93309020996094
2022-01-26 00:00:00-05:00,147.63552856445312
2022-01-27 00:00:00-05:00,148.5503692626953
2022-01-28 00:00:00-05:00,149.8292694091797
2022-01-31 00:00:00-05:00,149.78262329101562
2022-02-01 00:00:00-05:00,149.1198272705078
2022-02-02 00:00:00-05:00,151.78970336914062
2022-02-03 00:00:00-05:00,153.22727966308594
2022-02-04 00:00:00-05:00,150.7908172607422
2022-02-07 00:00:00-05:00,149.6612548828125
2022-02-08 00:00:00-05:00,149.32518005371094
2022-02-09 00:00:00-05:00,148.98912048339844
2022-02-10 00:00:00-05:00,146.72067260742188
2022-02-11 00:00:00-05:00,145.899169921875
2022-02-14 00:00:00-05:00,146.3192596435547
2022-02-15 00:00:00-05:00,146.39393615722656
2022-02-16 00:00:00-05:00,147.50482177734375
2022-02-17 00:00:00-05:00,149.19447326660156
2022-02-18 00:00:00-05:00,149.26918029785156
2022-02-22 00:00:00-05:00,147.43014526367188
2022-02-23 00:00:00-05:00,145.59109497070312
2022-02-24 00:00:00-05:00,141.67034912109375
2022-02-25 00:00:00-05:00,147.71951293945312
2022-02-28 00:00:00-05:00,145.5258026123047
2022-03-01 00:00:00-05:00,143.11729431152344
2022-03-02 00:00:00-05:00,143.5653533935547
2022-03-03 00:00:00-05:00,144.0974884033203
2022-03-04 00:00:00-05:00,144.8256378173828
2022-03-07 00:00:00-05:00,142.67852783203125
2022-03-08 00:00:00-05:00,137.03074645996094
2022-03-09 00:00:00-05:00,138.87911987304688
2022-03-10 00:00:00-05:00,135.3037872314453
2022-03-11 00:00:00-05:00,133.69813537597656
2022-03-14 00:00:00-04:00,135.40646362304688
2022-03-15 00:00:00-04:00,140.2794189453125
2022-03-16 00:00:00-04:00,139.80332946777344
2022-03-17 00:00:00-04:00,140.24208068847656
2022-03-18 00:00:00-04:00,140.16738891601562
2022-03-21 00:00:00-04:00,140.69949340820312
2022-03-22 00:00:00-04:00,141.7823944091797
2022-03-23 00:00:00-04:00,140.79281616210938
2022-03-24 00:00:00-04:00,141.0355682373047
2022-03-25 00:00:00-04:00,142.66920471191406
2022-03-28 00:00:00-04:00,143.64942932128906
2022-03-29 00:00:00-04:00,145.12435913085938
2022-03-30 00:00:00-04:00,144.12550354003906
2022-03-31 00:00:00-04:00,142.64122009277344
2022-04-01 00:00:00-04:00,144.77894592285156
2022-04-04 00:00:00-04:00,143.83612060546875
2022-04-05 00:00:00-04:00,144.34019470214844
2022-04-06 00:00:00-04:00,146.4032440185547
2022-04-07 00:00:00-04:00,148.29832458496094
2022-04-08 00:00:00-04:00,149.4558868408203
2022-04-11 00:00:00-04:00,148.8864288330078
2022-04-12 00:00:00-04:00,148.43832397460938
2022-04-13 00:00:00-04:00,148.85842895507812
2022-04-14 00:00:00-04:00,148.027587890625
2022-04-18 00:00:00-04:00,146.61798095703125
2022-04-19 00:00:00-04:00,148.81175231933594
2022-04-20 00:00:00-04:00,152.76986694335938
2022-04-21 00:00:00-04:00,152.65065002441406
2022-04-22 00:00:00-04:00,151.37391662597656
2022-04-25 00:00:00-04:00,152.59429931640625
2022-04-26 00:00:00-04:00,150.0033416748047
2022-04-27 00:00:00-04:00,149.59970092773438
2022-04-28 00:00:00-04:00,153.4016571044922
2022-04-29 00:00:00-04:00,150.716796875
2022-05-02 00:00:00-04:00,148.67970275878906
2022-05-03 00:00:00-04:00,146.6426239013672
2022-05-04 00:00:00-04:00,147.72218322753906
2022-05-05 00:00:00-04:00,144.9998016357422
2022-05-06 00:00:00-04:00,146.44549560546875
2022-05-09 00:00:00-04:00,146.07936096191406
2022-05-10 00:00:00-04:00,145.3095703125
2022-05-11 00:00:00-04:00,143.26307678222656
2022-05-12 00:00:00-04:00,142.6810760498047
2022-05-13 00:00:00-04:00,144.2112579345703
2022-05-16 00:00:00-04:00,145.6193389892578
2022-05-17 00:00:00-04:00,145.20628356933594
2022-05-18 00:00:00-04:00,136.15672302246094
2022-05-19 00:00:00-04:00,133.0213165283203
2022-05-20 00:00:00-04:00,133.1057586669922
2022-05-23 00:00:00-04:00,136.1661376953125
2022-05-24 00:00:00-04:00,138.58810424804688
2022-05-25 00:00:00-04:00,136.31634521484375
2022-05-26 00:00:00-04:00,137.50852966308594
2022-05-27 00:00:00-04:00,139.61135864257812
2022-05-31 00:00:00-04:00,138.8228302001953
2022-06-01 00:00:00-04:00,136.71998596191406
2022-06-02 00:00:00-04:00,138.19381713867188
2022-06-03 00:00:00-04:00,136.95468139648438
2022-06-06 00:00:00-04:00,136.41958618164062
2022-06-07 00:00:00-04:00,137.9403839111328
2022-06-08 00:00:00-04:00,136.222412109375
2022-06-09 00:00:00-04:00,133.76292419433594
2022-06-10 00:00:00-04:00,133.25599670410156
2022-06-13 00:00:00-04:00,129.68870544433594
2022-06-14 00:00:00-04:00,125.6427001953125
2022-06-15 00:00:00-04:00,124.39415740966797
2022-06-16 00:00:00-04:00,125.15457916259766
2022-06-17 00:00:00-04:00,124.25335693359375
2022-06-21 00:00:00-04:00,128.0177459716797
2022-06-22 00:00:00-04:00,130.0172882080078
2022-06-23 00:00:00-04:00,133.58456420898438
2022-06-24 00:00:00-04:00,135.50900268554688
2022-06-27 00:00:00-04:00,134.47637939453125
2022-06-28 00:00:00-04:00,132.28909301757812
2022-06-29 00:00:00-04:00,133.49066162109375
2022-06-30 00:00:00-04:00,134.98330688476562
2022-07-01 00:00:00-04:00,137.16119384765625
2022-07-05 00:00:00-04:00,135.83753967285156
2022-07-06 00:00:00-04:00,137.10488891601562
2022-07-07 00:00:00-04:00,137.05795288085938
2022-07-08 00:00:00-04:00,136.1379852294922
2022-07-11 00:00:00-04:00,137.0955047607422
2022-07-12 00:00:00-04:00,135.8844757080078
2022-07-13 00:00:00-04:00,136.7763214111328
2022-07-14 00:00:00-04:00,136.37265014648438
2022-07-15 00:00:00-04:00,136.18490600585938
2022-07-18 00:00:00-04:00,134.53271484375
2022-07-19 00:00:00-04:00,135.21798706054688
2022-07-20 00:00:00-04:00,132.88050842285156
2022-07-21 00:00:00-04:00,133.0061492919922
2022-07-22 00:00:00-04:00,135.132080078125
2022-07-25 00:00:00-04:00,136.04855346679688
2022-07-26 00:00:00-04:00,136.31312561035156
2022-07-27 00:00:00-04:00,137.60755920410156
2022-07-28 00:00:00-04:00,139.89410400390625
2022-07-29 00:00:00-04:00,131.24874877929688
2022-08-01 00:00:00-04:00,135.01869201660156
2022-08-02 00:00:00-04:00,134.12107849121094
2022-08-03 00:00:00-04:00,136.8894805908203
2022-08-04 00:00:00-04:00,136.67214965820312
2022-08-05 00:00:00-04:00,136.73829650878906
2022-08-08 00:00:00-04:00,137.25794982910156
2022-08-09 00:00:00-04:00,136.9367218017578
2022-08-10 00:00:00-04:00,138.2311553955078
2022-08-11 00:00:00-04:00,137.24850463867188
2022-08-12 00:00:00-04:00,138.58078002929688
2022-08-15 00:00:00-04:00,140.36651611328125
2022-08-16 00:00:00-04:00,141.6609649658203
2022-08-17 00:00:00-04:00,141.00901794433594
2022-08-18 00:00:00-04:00,141.50979614257812
2022-08-19 00:00:00-04:00,141.47198486328125
2022-08-22 00:00:00-04:00,141.0940704345703
2022-08-23 00:00:00-04:00,138.37286376953125
2022-08-24 00:00:00-04:00,137.7776336669922
2022-08-25 00:00:00-04:00,137.66424560546875
2022-08-26 00:00:00-04:00,134.4423065185547
2022-08-29 00:00:00-04:00,133.87542724609375
2022-08-30 00:00:00-04:00,132.44866943359375
2022-08-31 00:00:00-04:00,130.3322296142578
2022-09-01 00:00:00-04:00,131.9384765625
2022-09-02 00:00:00-04:00,129.59524536132812
2022-09-06 00:00:00-04:00,128.14964294433594
2022-09-07 00:00:00-04:00,130.0865936279297
2022-09-08 00:00:00-04:00,130.25665283203125
2022-09-09 00:00:00-04:00,132.2408447265625
2022-09-12 00:00:00-04:00,133.3179473876953
2022-09-13 00:00:00-04:00,130.5590057373047
2022-09-14 00:00:00-04:00,130.8707733154297
2022-09-15 00:00:00-04:00,129.8598175048828
2022-09-16 00:00:00-04:00,130.65345764160156
2022-09-19 00:00:00-04:00,130.37950134277344
2022-09-20 00:00:00-04:00,129.91650390625
2022-09-21 00:00:00-04:00,128.24411010742188
2022-09-22 00:00:00-04:00,128.69766235351562
2022-09-23 00:00:00-04:00,128.1023712158203
2022-09-26 00:00:00-04:00,128.2252197265625
2022-09-27 00:00:00-04:00,124.70093536376953
2022-09-28 00:00:00-04:00,124.70093536376953
2022-09-29 00:00:00-04:00,121.60185241699219
2022-09-30 00:00:00-04:00,119.28697204589844
2022-10-03 00:00:00-04:00,121.42232513427734
2022-10-04 00:00:00-04:00,122.92464447021484
2022-10-05 00:00:00-04:00,122.07426452636719
2022-10-06 00:00:00-04:00,119.50428009033203
2022-10-07 00:00:00-04:00,117.41616821289062
2022-10-10 00:00:00-04:00,116.9343032836914
2022-10-11 00:00:00-04:00,117.37837982177734
2022-10-12 00:00:00-04:00,117.56735229492188
2022-10-13 00:00:00-04:00,119.34366607666016
2022-10-14 00:00:00-04:00,118.18150329589844
2022-10-17 00:00:00-04:00,120.31685638427734
2022-10-18 00:00:00-04:00,121.2900390625
2022-10-19 00:00:00-04:00,122.41441345214844
2022-10-20 00:00:00-04:00,120.83769989013672
2022-10-21 00:00:00-04:00,122.35066223144531
2022-10-24 00:00:00-04:00,123.10237884521484
2022-10-25 00:00:00-04:00,124.52021026611328
2022-10-26 00:00:00-04:00,125.39563751220703
2022-10-27 00:00:00-04:00,125.49078369140625
2022-10-28 00:00:00-04:00,128.66897583007812
2022-10-31 00:00:00-04:00,128.14559936523438
2022-11-01 00:00:00-04:00,128.34544372558594
2022-11-02 00:00:00-04:00,126.49942779541016
2022-11-03 00:00:00-04:00,125.63353729248047
2022-11-04 00:00:00-04:00,127.92677307128906
2022-11-07 00:00:00-05:00,129.886962890625
2022-11-08 00:00:00-05:00,130.1819610595703
2022-11-09 00:00:00-05:00,129.86793518066406
2022-11-10 00:00:00-05:00,134.34022521972656
2022-11-11 00:00:00-05:00,134.14041137695312
2022-11-14 00:00:00-05:00,134.14990234375
2022-11-15 00:00:00-05:00,133.68365478515625
2022-11-16 00:00:00-05:00,134.87310791015625
2022-11-17 00:00:00-05:00,134.04525756835938
2022-11-18 00:00:00-05:00,135.66290283203125
2022-11-21 00:00:00-05:00,137.38519287109375
2022-11-22 00:00:00-05:00,138.5651092529297
2022-11-23 00:00:00-05:00,139.35491943359375
2022-11-25 00:00:00-05:00,139.61183166503906
2022-11-28 00:00:00-05:00,139.49766540527344
2022-11-29 00:00:00-05:00,138.43190002441406
2022-11-30 00:00:00-05:00,141.93362426757812
2022-12-01 00:00:00-05:00,142.01925659179688
2022-12-02 00:00:00-05:00,143.31336975097656
2022-12-05 00:00:00-05:00,141.86700439453125
2022-12-06 00:00:00-05:00,142.0478057861328
2022-12-07 00:00:00-05:00,142.9613037109375
2022-12-08 00:00:00-05:00,143.9889678955078
2022-12-09 00:00:00-05:00,143.6083526611328
2022-12-12 00:00:00-05:00,145.083251953125
2022-12-13 00:00:00-05:00,144.86441040039062
2022-12-14 00:00:00-05:00,145.43531799316406
2022-12-15 00:00:00-05:00,143.7891387939453
2022-12-16 00:00:00-05:00,143.151611328125
2022-12-19 00:00:00-05:00,143.11354064941406
2022-12-20 00:00:00-05:00,143.170654296875
2022-12-21 00:00:00-05:00,144.48379516601562
2022-12-22 00:00:00-05:00,144.8168182373047
2022-12-23 00:00:00-05:00,145.2259979248047
2022-12-27 00:00:00-05:00,146.49156188964844
2022-12-28 00:00:00-05:00,144.5979766845703
2022-12-29 00:00:00-05:00,145.1974639892578
2022-12-30 00:00:00-05:00,144.21734619140625
2023-01-03 00:00:00-05:00,144.22686767578125
2023-01-04 00:00:00-05:00,144.85487365722656
2023-01-05 00:00:00-05:00,143.05645751953125
2023-01-06 00:00:00-05:00,146.4630126953125
2023-01-09 00:00:00-05:00,144.67408752441406
2023-01-10 00:00:00-05:00,144.53135681152344
2023-01-11 00:00:00-05:00,143.36094665527344
2023-01-12 00:00:00-05:00,142.5521240234375
2023-01-13 00:00:00-05:00,143.57028198242188
2023-01-17 00:00:00-05:00,143.151611328125
2023-01-18 00:00:00-05:00,139.3168487548828
2023-01-19 00:00:00-05:00,136.37054443359375
2023-01-20 00:00:00-05:00,136.89720153808594
2023-01-23 00:00:00-05:00,135.0587615966797
2023-01-24 00:00:00-05:00,135.79605102539062
2023-01-25 00:00:00-05:00,135.70028686523438
2023-01-26 00:00:00-05:00,135.15447998046875
2023-01-27 00:00:00-05:00,134.59913635253906
2023-01-30 00:00:00-05:00,135.0204315185547
2023-01-31 00:00:00-05:00,136.3322296142578
2023-02-01 00:00:00-05:00,137.1078338623047
2023-02-02 00:00:00-05:00,136.13116455078125
2023-02-03 00:00:00-05:00,136.552490234375
2023-02-06 00:00:00-05:00,135.39389038085938
2023-02-07 00:00:00-05:00,134.07247924804688
2023-02-08 00:00:00-05:00,132.68409729003906
2023-02-09 00:00:00-05:00,131.22865295410156
2023-02-10 00:00:00-05:00,132.38723754882812
2023-02-13 00:00:00-05:00,134.120361328125
2023-02-14 00:00:00-05:00,133.36392211914062
2023-02-15 00:00:00-05:00,133.05752563476562
2023-02-16 00:00:00-05:00,131.3148193359375
2023-02-17 00:00:00-05:00,134.06289672851562
2023-02-21 00:00:00-05:00,133.96717834472656
2023-02-22 00:00:00-05:00,134.5321044921875
2023-02-23 00:00:00-05:00,134.10122680664062
2023-02-24 00:00:00-05:00,133.3447723388672
2023-02-27 00:00:00-05:00,133.22987365722656
2023-02-28 00:00:00-05:00,131.71697998046875
2023-03-01 00:00:00-05:00,131.81275939941406
2023-03-02 00:00:00-05:00,133.98631286621094
2023-03-03 00:00:00-05:00,134.96298217773438
2023-03-06 00:00:00-05:00,134.3885040283203
2023-03-07 00:00:00-05:00,131.71697998046875
2023-03-08 00:00:00-05:00,131.73614501953125
2023-03-09 00:00:00-05:00,130.76905822753906
2023-03-10 00:00:00-05:00,131.36268615722656
2023-03-13 00:00:00-04:00,132.27232360839844
2023-03-14 00:00:00-04:00,133.90972900390625
2023-03-15 00:00:00-04:00,135.80563354492188
2023-03-16 00:00:00-04:00,136.82057189941406
2023-03-17 00:00:00-04:00,136.85888671875
2023-03-20 00:00:00-04:00,138.96543884277344
2023-03-21 00:00:00-04:00,137.9600372314453
2023-03-22 00:00:00-04:00,137.87388610839844
2023-03-23 00:00:00-04:00,137.68235778808594
2023-03-24 00:00:00-04:00,140.48788452148438
2023-03-27 00:00:00-04:00,139.7506103515625
2023-03-28 00:00:00-04:00,140.1431884765625
2023-03-29 00:00:00-04:00,140.57408142089844
2023-03-30 00:00:00-04:00,141.1868896484375
2023-03-31 00:00:00-04:00,142.3742218017578
2023-04-03 00:00:00-04:00,143.1593780517578
2023-04-04 00:00:00-04:00,143.84881591796875
2023-04-05 00:00:00-04:00,144.83506774902344
2023-04-06 00:00:00-04:00,145.75430297851562
2023-04-10 00:00:00-04:00,144.5478057861328
2023-04-11 00:00:00-04:00,144.2605438232422
2023-04-12 00:00:00-04:00,144.6531524658203
2023-04-13 00:00:00-04:00,145.32342529296875
2023-04-14 00:00:00-04:00,144.58609008789062
2023-04-17 00:00:00-04:00,144.6339874267578
2023-04-18 00:00:00-04:00,144.7871856689453
2023-04-19 00:00:00-04:00,144.81591796875
2023-04-20 00:00:00-04:00,145.34683227539062
2023-04-21 00:00:00-04:00,150.37637329101562
2023-04-24 00:00:00-04:00,150.6461639404297
2023-04-25 00:00:00-04:00,150.68467712402344
2023-04-26 00:00:00-04:00,148.9407196044922
2023-04-27 00:00:00-04:00,150.76177978515625
2023-04-28 00:00:00-04:00,150.67506408691406
2023-05-01 00:00:00-04:00,150.85812377929688
2023-05-02 00:00:00-04:00,150.72323608398438
2023-05-03 00:00:00-04:00,150.53053283691406
2023-05-04 00:00:00-04:00,149.8367919921875
2023-05-05 00:00:00-04:00,150.3378143310547
2023-05-08 00:00:00-04:00,149.6344757080078
2023-05-09 00:00:00-04:00,148.1024627685547
2023-05-10 00:00:00-04:00,148.41079711914062
2023-05-11 00:00:00-04:00,148.75765991210938
2023-05-12 00:00:00-04:00,150.27040100097656
2023-05-15 00:00:00-04:00,150.3185577392578
2023-05-16 00:00:00-04:00,150.05841064453125
2023-05-17 00:00:00-04:00,149.42250061035156
2023-05-18 00:00:00-04:00,146.9654998779297
2023-05-19 00:00:00-04:00,147.5821533203125
2023-05-22 00:00:00-04:00,143.7184600830078
2023-05-23 00:00:00-04:00,142.1671905517578
2023-05-24 00:00:00-04:00,140.99171447753906
2023-05-25 00:00:00-04:00,140.0860137939453
2023-05-26 00:00:00-04:00,140.09561157226562
2023-05-30 00:00:00-04:00,137.95660400390625
2023-05-31 00:00:00-04:00,137.30142211914062
2023-06-01 00:00:00-04:00,138.70819091796875
2023-06-02 00:00:00-04:00,141.17477416992188
2023-06-05 00:00:00-04:00,140.6159210205078
2023-06-06 00:00:00-04:00,139.2188262939453
2023-06-07 00:00:00-04:00,139.51751708984375
2023-06-08 00:00:00-04:00,141.09767150878906
2023-06-09 00:00:00-04:00,141.21328735351562
2023-06-12 00:00:00-04:00,140.10525512695312
2023-06-13 00:00:00-04:00,139.76803588867188
2023-06-14 00:00:00-04:00,141.07843017578125
2023-06-15 00:00:00-04:00,143.0343780517578
2023-06-16 00:00:00-04:00,144.08457946777344
2023-06-20 00:00:00-04:00,142.75494384765625
2023-06-21 00:00:00-04:00,143.98825073242188
2023-06-22 00:00:00-04:00,144.47964477539062
2023-06-23 00:00:00-04:00,143.04400634765625
2023-06-26 00:00:00-04:00,143.18853759765625
2023-06-27 00:00:00-04:00,144.54710388183594
2023-06-28 00:00:00-04:00,144.5181884765625
2023-06-29 00:00:00-04:00,143.93043518066406
2023-06-30 00:00:00-04:00,146.20433044433594
2023-07-03 00:00:00-04:00,146.93661499023438
2023-07-05 00:00:00-04:00,146.68609619140625
2023-07-06 00:00:00-04:00,146.44522094726562
2023-07-07 00:00:00-04:00,143.37158203125
2023-07-10 00:00:00-04:00,143.42941284179688
2023-07-11 00:00:00-04:00,142.67787170410156
2023-07-12 00:00:00-04:00,143.41976928710938
2023-07-13 00:00:00-04:00,143.51612854003906
2023-07-14 00:00:00-04:00,144.5759735107422
2023-07-17 00:00:00-04:00,143.5546875
2023-07-18 00:00:00-04:00,143.82444763183594
2023-07-19 00:00:00-04:00,144.80723571777344
2023-07-20 00:00:00-04:00,145.98141479492188
2023-07-21 00:00:00-04:00,148.27931213378906
2023-07-24 00:00:00-04:00,148.75442504882812
2023-07-25 00:00:00-04:00,149.10348510742188
2023-07-26 00:00:00-04:00,149.2586212158203
2023-07-27 00:00:00-04:00,147.4842987060547
2023-07-28 00:00:00-04:00,151.65350341796875
2023-07-31 00:00:00-04:00,151.54685974121094
2023-08-01 00:00:00-04:00,151.49838256835938
2023-08-02 00:00:00-04:00,151.82803344726562
2023-08-03 00:00:00-04:00,152.22557067871094
2023-08-04 00:00:00-04:00,150.557861328125
2023-08-07 00:00:00-04:00,152.14801025390625
2023-08-08 00:00:00-04:00,152.3128204345703
2023-08-09 00:00:00-04:00,152.11891174316406
2023-08-10 00:00:00-04:00,151.36264038085938
2023-08-11 00:00:00-04:00,152.2449493408203
2023-08-14 00:00:00-04:00,151.0523681640625
2023-08-15 00:00:00-04:00,150.082763671875
2023-08-16 00:00:00-04:00,148.55084228515625
2023-08-17 00:00:00-04:00,147.4842987060547
2023-08-18 00:00:00-04:00,147.90118408203125
2023-08-21 00:00:00-04:00,147.15460205078125
2023-08-22 00:00:00-04:00,147.21279907226562
2023-08-23 00:00:00-04:00,148.589599609375
2023-08-24 00:00:00-04:00,147.90118408203125
2023-08-25 00:00:00-04:00,148.87078857421875
2023-08-28 00:00:00-04:00,149.10348510742188
2023-08-29 00:00:00-04:00,149.1907501220703
2023-08-30 00:00:00-04:00,149.35557556152344
2023-08-31 00:00:00-04:00,149.64645385742188
2023-09-01 00:00:00-04:00,149.81129455566406
2023-09-05 00:00:00-04:00,147.8042449951172
2023-09-06 00:00:00-04:00,147.51333618164062
2023-09-07 00:00:00-04:00,148.9192657470703
2023-09-08 00:00:00-04:00,148.27931213378906
2023-09-11 00:00:00-04:00,150.0439910888672
2023-09-12 00:00:00-04:00,147.40670776367188
2023-09-13 00:00:00-04:00,148.43447875976562
2023-09-14 00:00:00-04:00,150.06336975097656
2023-09-15 00:00:00-04:00,148.8029327392578
2023-09-18 00:00:00-04:00,149.3652801513672
2023-09-19 00:00:00-04:00,148.92897033691406
2023-09-20 00:00:00-04:00,148.8029327392578
2023-09-21 00:00:00-04:00,147.51333618164062
2023-09-22 00:00:00-04:00,146.97039794921875
2023-09-25 00:00:00-04:00,146.078369140625
2023-09-26 00:00:00-04:00,144.7791290283203
2023-09-27 00:00:00-04:00,142.85931396484375
2023-09-28 00:00:00-04:00,141.8897247314453
2023-09-29 00:00:00-04:00,141.42434692382812
2023-10-02 00:00:00-04:00,140.7747039794922
2023-10-03 00:00:00-04:00,141.0655975341797
2023-10-04 00:00:00-04:00,141.53097534179688
2023-10-05 00:00:00-04:00,139.42697143554688
2023-10-06 00:00:00-04:00,139.70814514160156
2023-10-09 00:00:00-04:00,139.0003662109375
2023-10-10 00:00:00-04:00,140.37716674804688
2023-10-11 00:00:00-04:00,138.6513214111328
2023-10-12 00:00:00-04:00,138.9615936279297
2023-10-13 00:00:00-04:00,140.2899169921875
2023-10-16 00:00:00-04:00,141.62794494628906
2023-10-17 00:00:00-04:00,141.8121795654297
2023-10-18 00:00:00-04:00,145.467529296875
2023-10-19 00:00:00-04:00,144.64891052246094
2023-10-20 00:00:00-04:00,144.45376586914062
2023-10-23 00:00:00-04:00,144.55133056640625
2023-10-24 00:00:00-04:00,146.25881958007812
2023-10-25 00:00:00-04:00,146.9418182373047
2023-10-26 00:00:00-04:00,146.1612548828125
2023-10-27 00:00:00-04:00,143.58538818359375
2023-10-30 00:00:00-04:00,145.63436889648438
2023-10-31 00:00:00-04:00,146.3856658935547
2023-11-01 00:00:00-04:00,145.97586059570312
2023-11-02 00:00:00-04:00,147.7614288330078
2023-11-03 00:00:00-04:00,146.42469787597656
2023-11-06 00:00:00-05:00,147.2735595703125
2023-11-07 00:00:00-05:00,146.9320526123047
2023-11-08 00:00:00-05:00,146.36614990234375
2023-11-09 00:00:00-05:00,146.69790649414062
2023-11-10 00:00:00-05:00,147.73214721679688
2023-11-13 00:00:00-05:00,148.7566375732422
2023-11-14 00:00:00-05:00,148.42489624023438
2023-11-15 00:00:00-05:00,147.7418975830078
2023-11-16 00:00:00-05:00,149.11766052246094
2023-11-17 00:00:00-05:00,147.40040588378906
2023-11-20 00:00:00-05:00,146.61985778808594
2023-11-21 00:00:00-05:00,145.97586059570312
2023-11-22 00:00:00-05:00,147.35162353515625
2023-11-24 00:00:00-05:00,147.70286560058594
2023-11-27 00:00:00-05:00,147.5662841796875
2023-11-28 00:00:00-05:00,148.5907745361328
2023-11-29 00:00:00-05:00,147.45895385742188
2023-11-30 00:00:00-05:00,149.79090881347656
2023-12-01 00:00:00-05:00,148.9517822265625
2023-12-04 00:00:00-05:00,148.36636352539062
2023-12-05 00:00:00-05:00,143.19509887695312
2023-12-06 00:00:00-05:00,143.0877685546875
2023-12-07 00:00:00-05:00,142.94142150878906
2023-12-08 00:00:00-05:00,141.62420654296875
2023-12-11 00:00:00-05:00,142.27793884277344
2023-12-12 00:00:00-05:00,142.39501953125
2023-12-13 00:00:00-05:00,144.97088623046875
2023-12-14 00:00:00-05:00,141.14610290527344
2023-12-15 00:00:00-05:00,140.46311950683594
2023-12-18 00:00:00-05:00,142.6194305419922
2023-12-19 00:00:00-05:00,142.6194305419922
2023-12-20 00:00:00-05:00,140.41433715820312
2023-12-21 00:00:00-05:00,140.75582885742188
2023-12-22 00:00:00-05:00,141.75103759765625
2023-12-26 00:00:00-05:00,142.39501953125
2023-12-27 00:00:00-05:00,142.51210021972656
2023-12-28 00:00:00-05:00,142.1901092529297
2023-12-29 00:00:00-05:00,142.98043823242188
2024-01-02 00:00:00-05:00,145.1269989013672
2024-01-03 00:00:00-05:00,144.2488555908203
2024-01-04 00:00:00-05:00,145.0391845703125
2024-01-05 00:00:00-05:00,143.8390655517578
2024-01-08 00:00:00-05:00,145.07821655273438
2024-01-09 00:00:00-05:00,145.67340087890625
2024-01-10 00:00:00-05:00,146.2978515625
2024-01-11 00:00:00-05:00,146.85400390625
2024-01-12 00:00:00-05:00,146.9418182373047
2024-01-16 00:00:00-05:00,146.1514892578125
2024-01-17 00:00:00-05:00,146.2978515625
2024-01-18 00:00:00-05:00,145.45443725585938
2024-01-19 00:00:00-05:00,144.894775390625
2024-01-22 00:00:00-05:00,145.17950439453125
2024-01-23 00:00:00-05:00,151.18853759765625
2024-01-24 00:00:00-05:00,149.36227416992188
2024-01-25 00:00:00-05:00,152.79881286621094
2024-01-26 00:00:00-05:00,153.3094024658203
2024-01-29 00:00:00-05:00,153.3290252685547
2024-01-30 00:00:00-05:00,154.6349334716797
2024-01-31 00:00:00-05:00,154.291259765625
2024-02-01 00:00:00-05:00,156.29428100585938
2024-02-02 00:00:00-05:00,155.2240447998047
2024-02-05 00:00:00-05:00,155.34188842773438
2024-02-06 00:00:00-05:00,156.07827758789062
2024-02-07 00:00:00-05:00,156.23536682128906
2024-02-08 00:00:00-05:00,155.76406860351562
2024-02-09 00:00:00-05:00,154.56619262695312
2024-02-12 00:00:00-05:00,154.26181030273438
2024-02-13 00:00:00-05:00,153.43704223632812
2024-02-14 00:00:00-05:00,152.8086395263672
2024-02-15 00:00:00-05:00,154.1636199951172
2024-02-16 00:00:00-05:00,154.65455627441406
2024-02-20 00:00:00-05:00,155.6364288330078
2024-02-21 00:00:00-05:00,157.49215698242188
2024-02-22 00:00:00-05:00,157.64926147460938
2024-02-23 00:00:00-05:00,158.11074829101562
2024-02-26 00:00:00-05:00,157.31544494628906
2024-02-27 00:00:00-05:00,156.41212463378906
2024-02-28 00:00:00-05:00,157.1485137939453
2024-02-29 00:00:00-05:00,156.05862426757812
2024-03-01 00:00:00-05:00,155.97027587890625
2024-03-04 00:00:00-05:00,156.6674041748047
2024-03-05 00:00:00-05:00,156.43174743652344
2024-03-06 00:00:00-05:00,156.67723083496094
2024-03-07 00:00:00-05:00,157.7081756591797
2024-03-08 00:00:00-05:00,157.44308471679688
2024-03-11 00:00:00-04:00,158.621337890625
2024-03-12 00:00:00-04:00,158.9944305419922
2024-03-13 00:00:00-04:00,159.3577117919922
2024-03-14 00:00:00-04:00,158.57223510742188
2024-03-15 00:00:00-04:00,158.4544219970703
2024-03-18 00:00:00-04:00,158.28749084472656
2024-03-19 00:00:00-04:00,158.896240234375
2024-03-20 00:00:00-04:00,159.0533447265625
2024-03-21 00:00:00-04:00,158.9257049560547
2024-03-22 00:00:00-04:00,158.7293243408203
2024-03-25 00:00:00-04:00,157.28598022460938
2024-03-26 00:00:00-04:00,157.6394500732422
2024-03-27 00:00:00-04:00,159.662109375
2024-03-28 00:00:00-04:00,159.30862426757812
2024-04-01 00:00:00-04:00,157.6688995361328
2024-04-02 00:00:00-04:00,157.65908813476562
2024-04-03 00:00:00-04:00,153.3192138671875
2024-04-04 00:00:00-04:00,152.63189697265625
2024-04-05 00:00:00-04:00,153.27011108398438
2024-04-08 00:00:00-04:00,153.21119689941406
2024-04-09 00:00:00-04:00,153.81997680664062
2024-04-10 00:00:00-04:00,154.38946533203125
2024-04-11 00:00:00-04:00,153.01483154296875
2024-04-12 00:00:00-04:00,152.51406860351562
2024-04-15 00:00:00-04:00,152.63189697265625
2024-04-16 00:00:00-04:00,153.1228485107422
2024-04-17 00:00:00-04:00,154.11453247070312
2024-04-18 00:00:00-04:00,155.43576049804688
2024-04-19 00:00:00-04:00,156.2757568359375
2024-04-22 00:00:00-04:00,158.6474609375
2024-04-23 00:00:00-04:00,159.5961456298828
2024-04-24 00:00:00-04:00,160.6831817626953
2024-04-25 00:00:00-04:00,160.63377380371094
2024-04-26 00:00:00-04:00,159.38861083984375
2024-04-29 00:00:00-04:00,159.75425720214844
2024-04-30 00:00:00-04:00,161.27610778808594
2024-05-01 00:00:00-04:00,161.47373962402344
2024-05-02 00:00:00-04:00,161.90855407714844
2024-05-03 00:00:00-04:00,162.52125549316406
2024-05-06 00:00:00-04:00,162.50149536132812
2024-05-07 00:00:00-04:00,163.80592346191406
2024-05-08 00:00:00-04:00,163.12405395507812
2024-05-09 00:00:00-04:00,164.08262634277344
2024-05-10 00:00:00-04:00,164.88307189941406
2024-05-13 00:00:00-04:00,163.9146270751953
2024-05-14 00:00:00-04:00,163.80592346191406
2024-05-15 00:00:00-04:00,164.54708862304688
2024-05-16 00:00:00-04:00,165.88116455078125
2024-05-17 00:00:00-04:00,165.66375732421875
2024-05-20 00:00:00-04:00,165.337646484375
2024-05-21 00:00:00-04:00,166.3654022216797
2024-05-22 00:00:00-04:00,165.83175659179688
2024-05-23 00:00:00-04:00,163.5391082763672
2024-05-24 00:00:00-04:00,163.38099670410156
2024-05-28 00:00:00-04:00,161.18716430664062
2024-05-29 00:00:00-04:00,159.74436950683594
2024-05-30 00:00:00-04:00,160.6634063720703
2024-05-31 00:00:00-04:00,162.6002960205078
2024-06-03 00:00:00-04:00,162.70899963378906
2024-06-04 00:00:00-04:00,165.0411834716797
2024-06-05 00:00:00-04:00,164.09251403808594
2024-06-06 00:00:00-04:00,166.48397827148438
2024-06-07 00:00:00-04:00,165.09059143066406
2024-06-10 00:00:00-04:00,165.37718200683594
2024-06-11 00:00:00-04:00,165.50564575195312
2024-06-12 00:00:00-04:00,163.23275756835938
2024-06-13 00:00:00-04:00,164.44827270507812
2024-06-14 00:00:00-04:00,164.8237762451172
2024-06-17 00:00:00-04:00,165.52540588378906
2024-06-18 00:00:00-04:00,166.57290649414062
2024-06-20 00:00:00-04:00,165.6934051513672
2024-06-21 00:00:00-04:00,166.2764434814453
2024-06-24 00:00:00-04:00,166.46420288085938
2024-06-25 00:00:00-04:00,164.88307189941406
2024-06-26 00:00:00-04:00,165.4759979248047
2024-06-27 00:00:00-04:00,164.65577697753906
2024-06-28 00:00:00-04:00,162.975830078125
2024-07-01 00:00:00-04:00,160.8017578125
2024-07-02 00:00:00-04:00,161.96783447265625
2024-07-03 00:00:00-04:00,161.89866638183594
2024-07-05 00:00:00-04:00,163.26242065429688
2024-07-08 00:00:00-04:00,164.55697631835938
2024-07-09 00:00:00-04:00,163.7071075439453
2024-07-10 00:00:00-04:00,164.83367919921875
2024-07-11 00:00:00-04:00,163.5885009765625
2024-07-12 00:00:00-04:00,164.64590454101562
2024-07-15 00:00:00-04:00,162.63983154296875
2024-07-16 00:00:00-04:00,164.9818878173828
2024-07-17 00:00:00-04:00,167.44253540039062
2024-07-18 00:00:00-04:00,166.45433044433594
2024-07-19 00:00:00-04:00,166.97825622558594
2024-07-22 00:00:00-04:00,167.2665557861328
2024-07-23 00:00:00-04:00,165.6460723876953
2024-07-24 00:00:00-04:00,167.0180206298828
2024-07-25 00:00:00-04:00,165.9244384765625
2024-07-26 00:00:00-04:00,168.1215362548828
2024-07-29 00:00:00-04:00,168.93673706054688
2024-07-30 00:00:00-04:00,160.7548370361328
2024-07-31 00:00:00-04:00,159.82032775878906
2024-08-01 00:00:00-04:00,164.72152709960938
2024-08-02 00:00:00-04:00,169.0858612060547
2024-08-05 00:00:00-04:00,167.07766723632812
2024-08-06 00:00:00-04:00,167.10748291015625
2024-08-07 00:00:00-04:00,169.02621459960938
2024-08-08 00:00:00-04:00,169.87123107910156
2024-08-09 00:00:00-04:00,169.5431671142578
2024-08-12 00:00:00-04:00,165.83497619628906
2024-08-13 00:00:00-04:00,166.31216430664062
2024-08-14 00:00:00-04:00,167.81333923339844
2024-08-15 00:00:00-04:00,166.9384765625
2024-08-16 00:00:00-04:00,166.90866088867188
2024-08-19 00:00:00-04:00,167.43556213378906
2024-08-20 00:00:00-04:00,169.4139404296875
2024-08-21 00:00:00-04:00,169.16539001464844
2024-08-22 00:00:00-04:00,169.1554412841797
2024-08-23 00:00:00-04:00,168.18118286132812
2024-08-26 00:00:00-04:00,169.3542938232422
2024-08-27 00:00:00-04:00,168.26071166992188
2024-08-28 00:00:00-04:00,168.0718231201172
2024-08-29 00:00:00-04:00,169.03614807128906
2024-08-30 00:00:00-04:00,170.53732299804688
2024-09-03 00:00:00-04:00,173.49990844726562
2024-09-04 00:00:00-04:00,174.87184143066406
2024-09-05 00:00:00-04:00,174.44435119628906
2024-09-06 00:00:00-04:00,174.5636444091797
2024-09-09 00:00:00-04:00,175.03089904785156
2024-09-10 00:00:00-04:00,176.75079345703125
2024-09-11 00:00:00-04:00,172.90341186523438
2024-09-12 00:00:00-04:00,172.45603942871094
2024-09-13 00:00:00-04:00,173.06248474121094
2024-09-16 00:00:00-04:00,176.20401000976562
2024-09-17 00:00:00-04:00,174.85195922851562
2024-09-18 00:00:00-04:00,172.90341186523438
2024-09-19 00:00:00-04:00,170.53732299804688
2024-09-20 00:00:00-04:00,173.20166015625
2024-09-23 00:00:00-04:00,172.75430297851562
2024-09-24 00:00:00-04:00,172.22740173339844
2024-09-25 00:00:00-04:00,171.25311279296875
2024-09-26 00:00:00-04:00,172.19757080078125
2024-09-27 00:00:00-04:00,172.53558349609375
2024-09-30 00:00:00-04:00,172.1876220703125
2024-10-01 00:00:00-04:00,172.02854919433594
2024-10-02 00:00:00-04:00,170.91510009765625
2024-10-03 00:00:00-04:00,169.12562561035156
2024-10-04 00:00:00-04:00,167.89288330078125
2024-10-07 00:00:00-04:00,166.14315795898438
2024-10-08 00:00:00-04:00,167.17709350585938
2024-10-09 00:00:00-04:00,168.2805938720703
2024-10-10 00:00:00-04:00,167.96246337890625
2024-10-11 00:00:00-04:00,170.08995056152344
2024-10-14 00:00:00-04:00,171.50164794921875
2024-10-15 00:00:00-04:00,172.5554656982422
2024-10-16 00:00:00-04:00,171.37242126464844
2024-10-17 00:00:00-04:00,171.2729949951172
2024-10-18 00:00:00-04:00,171.27999877929688
2024-10-21 00:00:00-04:00,169.5399932861328
2024-10-22 00:00:00-04:00,169.6999969482422
2024-10-23 00:00:00-04:00,169.5800018310547
2024-10-24 00:00:00-04:00,169.6199951171875
2024-10-25 00:00:00-04:00,168.22000122070312
2024-10-28 00:00:00-04:00,169.3000030517578
2024-10-29 00:00:00-04:00,167.1699981689453
2024-10-30 00:00:00-04:00,166.16000366210938
