Date,QQQ
2017-11-09 00:00:00-05:00,146.52587890625
2017-11-10 00:00:00-05:00,146.51634216308594
2017-11-13 00:00:00-05:00,146.69749450683594
2017-11-14 00:00:00-05:00,146.16363525390625
2017-11-15 00:00:00-05:00,145.47720336914062
2017-11-16 00:00:00-05:00,147.33628845214844
2017-11-17 00:00:00-05:00,146.7737579345703
2017-11-20 00:00:00-05:00,146.6593475341797
2017-11-21 00:00:00-05:00,148.25155639648438
2017-11-22 00:00:00-05:00,148.43264770507812
2017-11-24 00:00:00-05:00,148.9761505126953
2017-11-27 00:00:00-05:00,148.9093780517578
2017-11-28 00:00:00-05:00,149.29075622558594
2017-11-29 00:00:00-05:00,146.68798828125
2017-11-30 00:00:00-05:00,147.91786193847656
2017-12-01 00:00:00-05:00,147.28863525390625
2017-12-04 00:00:00-05:00,145.59164428710938
2017-12-05 00:00:00-05:00,145.68695068359375
2017-12-06 00:00:00-05:00,146.3447723388672
2017-12-07 00:00:00-05:00,146.84051513671875
2017-12-08 00:00:00-05:00,147.48886108398438
2017-12-11 00:00:00-05:00,148.6328887939453
2017-12-12 00:00:00-05:00,148.43264770507812
2017-12-13 00:00:00-05:00,148.71868896484375
2017-12-14 00:00:00-05:00,148.61383056640625
2017-12-15 00:00:00-05:00,150.30133056640625
2017-12-18 00:00:00-05:00,151.5614776611328
2017-12-19 00:00:00-05:00,150.66339111328125
2017-12-20 00:00:00-05:00,150.50100708007812
2017-12-21 00:00:00-05:00,150.52011108398438
2017-12-22 00:00:00-05:00,150.34812927246094
2017-12-26 00:00:00-05:00,149.5360565185547
2017-12-27 00:00:00-05:00,149.55516052246094
2017-12-28 00:00:00-05:00,149.73672485351562
2017-12-29 00:00:00-05:00,148.8099822998047
2018-01-02 00:00:00-05:00,151.41815185546875
2018-01-03 00:00:00-05:00,152.88946533203125
2018-01-04 00:00:00-05:00,153.15695190429688
2018-01-05 00:00:00-05:00,154.69509887695312
2018-01-08 00:00:00-05:00,155.29698181152344
2018-01-09 00:00:00-05:00,155.30653381347656
2018-01-10 00:00:00-05:00,154.94349670410156
2018-01-11 00:00:00-05:00,156.00393676757812
2018-01-12 00:00:00-05:00,157.15042114257812
2018-01-16 00:00:00-05:00,156.70140075683594
2018-01-17 00:00:00-05:00,158.3924560546875
2018-01-18 00:00:00-05:00,158.4210968017578
2018-01-19 00:00:00-05:00,158.9178924560547
2018-01-22 00:00:00-05:00,160.6184844970703
2018-01-23 00:00:00-05:00,161.9464111328125
2018-01-24 00:00:00-05:00,160.8955078125
2018-01-25 00:00:00-05:00,160.83824157714844
2018-01-26 00:00:00-05:00,163.30307006835938
2018-01-29 00:00:00-05:00,162.5101318359375
2018-01-30 00:00:00-05:00,161.172607421875
2018-01-31 00:00:00-05:00,161.8413543701172
2018-02-01 00:00:00-05:00,160.46559143066406
2018-02-02 00:00:00-05:00,157.2650604248047
2018-02-05 00:00:00-05:00,151.064697265625
2018-02-06 00:00:00-05:00,155.06771850585938
2018-02-07 00:00:00-05:00,153.06141662597656
2018-02-08 00:00:00-05:00,146.6030731201172
2018-02-09 00:00:00-05:00,149.1348419189453
2018-02-12 00:00:00-05:00,151.78121948242188
2018-02-13 00:00:00-05:00,152.5646209716797
2018-02-14 00:00:00-05:00,155.42120361328125
2018-02-15 00:00:00-05:00,158.30645751953125
2018-02-16 00:00:00-05:00,157.59951782226562
2018-02-20 00:00:00-05:00,157.91473388671875
2018-02-21 00:00:00-05:00,157.46572875976562
2018-02-22 00:00:00-05:00,157.4466552734375
2018-02-23 00:00:00-05:00,160.66622924804688
2018-02-26 00:00:00-05:00,162.7967071533203
2018-02-27 00:00:00-05:00,160.7808837890625
2018-02-28 00:00:00-05:00,159.74905395507812
2018-03-01 00:00:00-05:00,157.14089965820312
2018-03-02 00:00:00-05:00,158.58349609375
2018-03-05 00:00:00-05:00,160.34140014648438
2018-03-06 00:00:00-05:00,161.01974487304688
2018-03-07 00:00:00-05:00,161.39227294921875
2018-03-08 00:00:00-05:00,162.28085327148438
2018-03-09 00:00:00-05:00,165.43359375
2018-03-12 00:00:00-04:00,166.3125457763672
2018-03-13 00:00:00-04:00,164.04830932617188
2018-03-14 00:00:00-04:00,164.0196075439453
2018-03-15 00:00:00-04:00,163.8763427734375
2018-03-16 00:00:00-04:00,163.3890380859375
2018-03-19 00:00:00-04:00,159.90298461914062
2018-03-20 00:00:00-04:00,160.42926025390625
2018-03-21 00:00:00-04:00,159.730712890625
2018-03-22 00:00:00-04:00,155.78814697265625
2018-03-23 00:00:00-04:00,151.68295288085938
2018-03-26 00:00:00-04:00,157.3192596435547
2018-03-27 00:00:00-04:00,152.2283935546875
2018-03-28 00:00:00-04:00,150.4772491455078
2018-03-29 00:00:00-04:00,153.23318481445312
2018-04-02 00:00:00-04:00,148.81211853027344
2018-04-03 00:00:00-04:00,150.48680114746094
2018-04-04 00:00:00-04:00,152.8599853515625
2018-04-05 00:00:00-04:00,153.73072814941406
2018-04-06 00:00:00-04:00,149.88392639160156
2018-04-09 00:00:00-04:00,150.93650817871094
2018-04-10 00:00:00-04:00,154.26669311523438
2018-04-11 00:00:00-04:00,153.376708984375
2018-04-12 00:00:00-04:00,155.22361755371094
2018-04-13 00:00:00-04:00,154.41978454589844
2018-04-16 00:00:00-04:00,155.59678649902344
2018-04-17 00:00:00-04:00,158.9460906982422
2018-04-18 00:00:00-04:00,159.27142333984375
2018-04-19 00:00:00-04:00,157.8073272705078
2018-04-20 00:00:00-04:00,155.30967712402344
2018-04-23 00:00:00-04:00,154.9173583984375
2018-04-24 00:00:00-04:00,151.63507080078125
2018-04-25 00:00:00-04:00,151.81690979003906
2018-04-26 00:00:00-04:00,155.0131072998047
2018-04-27 00:00:00-04:00,155.10874938964844
2018-04-30 00:00:00-04:00,154.00830078125
2018-05-01 00:00:00-04:00,155.76902770996094
2018-05-02 00:00:00-04:00,154.8503875732422
2018-05-03 00:00:00-04:00,154.8312530517578
2018-05-04 00:00:00-04:00,157.76901245117188
2018-05-07 00:00:00-04:00,159.0800018310547
2018-05-08 00:00:00-04:00,158.9173126220703
2018-05-09 00:00:00-04:00,160.64935302734375
2018-05-10 00:00:00-04:00,162.3144073486328
2018-05-11 00:00:00-04:00,162.16134643554688
2018-05-14 00:00:00-04:00,162.43881225585938
2018-05-15 00:00:00-04:00,160.63980102539062
2018-05-16 00:00:00-04:00,161.7019805908203
2018-05-17 00:00:00-04:00,161.08001708984375
2018-05-18 00:00:00-04:00,160.2474822998047
2018-05-21 00:00:00-04:00,161.14700317382812
2018-05-22 00:00:00-04:00,160.9364776611328
2018-05-23 00:00:00-04:00,162.29530334472656
2018-05-24 00:00:00-04:00,162.2474365234375
2018-05-25 00:00:00-04:00,162.41012573242188
2018-05-29 00:00:00-04:00,161.69241333007812
2018-05-30 00:00:00-04:00,162.8502960205078
2018-05-31 00:00:00-04:00,162.7450714111328
2018-06-01 00:00:00-04:00,165.30003356933594
2018-06-04 00:00:00-04:00,166.7929229736328
2018-06-05 00:00:00-04:00,167.3095703125
2018-06-06 00:00:00-04:00,168.28567504882812
2018-06-07 00:00:00-04:00,166.91726684570312
2018-06-08 00:00:00-04:00,166.9268341064453
2018-06-11 00:00:00-04:00,167.37660217285156
2018-06-12 00:00:00-04:00,168.25697326660156
2018-06-13 00:00:00-04:00,168.24740600585938
2018-06-14 00:00:00-04:00,169.95074462890625
2018-06-15 00:00:00-04:00,169.35743713378906
2018-06-18 00:00:00-04:00,169.25967407226562
2018-06-19 00:00:00-04:00,168.78012084960938
2018-06-20 00:00:00-04:00,169.97891235351562
2018-06-21 00:00:00-04:00,168.50204467773438
2018-06-22 00:00:00-04:00,168.12803649902344
2018-06-25 00:00:00-04:00,164.3400421142578
2018-06-26 00:00:00-04:00,165.0113525390625
2018-06-27 00:00:00-04:00,162.767333984375
2018-06-28 00:00:00-04:00,164.16746520996094
2018-06-29 00:00:00-04:00,164.6085968017578
2018-07-02 00:00:00-04:00,165.71139526367188
2018-07-03 00:00:00-04:00,163.79344177246094
2018-07-05 00:00:00-04:00,165.8264923095703
2018-07-06 00:00:00-04:00,168.40614318847656
2018-07-09 00:00:00-04:00,169.92132568359375
2018-07-10 00:00:00-04:00,170.04600524902344
2018-07-11 00:00:00-04:00,169.18289184570312
2018-07-12 00:00:00-04:00,172.09823608398438
2018-07-13 00:00:00-04:00,172.2420654296875
2018-07-16 00:00:00-04:00,171.8296661376953
2018-07-17 00:00:00-04:00,172.87501525878906
2018-07-18 00:00:00-04:00,172.54891967773438
2018-07-19 00:00:00-04:00,171.68582153320312
2018-07-20 00:00:00-04:00,171.64747619628906
2018-07-23 00:00:00-04:00,172.19412231445312
2018-07-24 00:00:00-04:00,172.9037322998047
2018-07-25 00:00:00-04:00,175.32037353515625
2018-07-26 00:00:00-04:00,172.66400146484375
2018-07-27 00:00:00-04:00,170.33367919921875
2018-07-30 00:00:00-04:00,167.92666625976562
2018-07-31 00:00:00-04:00,169.21170043945312
2018-08-01 00:00:00-04:00,169.85418701171875
2018-08-02 00:00:00-04:00,172.16537475585938
2018-08-03 00:00:00-04:00,172.69276428222656
2018-08-06 00:00:00-04:00,173.7092742919922
2018-08-07 00:00:00-04:00,174.34217834472656
2018-08-08 00:00:00-04:00,174.5531768798828
2018-08-09 00:00:00-04:00,174.4477081298828
2018-08-10 00:00:00-04:00,173.1147003173828
2018-08-13 00:00:00-04:00,172.92291259765625
2018-08-14 00:00:00-04:00,174.00657653808594
2018-08-15 00:00:00-04:00,171.8776092529297
2018-08-16 00:00:00-04:00,172.44345092773438
2018-08-17 00:00:00-04:00,172.48179626464844
2018-08-20 00:00:00-04:00,172.328369140625
2018-08-21 00:00:00-04:00,172.96127319335938
2018-08-22 00:00:00-04:00,173.63253784179688
2018-08-23 00:00:00-04:00,173.3832244873047
2018-08-24 00:00:00-04:00,174.9943084716797
2018-08-27 00:00:00-04:00,176.77801513671875
2018-08-28 00:00:00-04:00,177.0369415283203
2018-08-29 00:00:00-04:00,179.0795440673828
2018-08-30 00:00:00-04:00,178.76312255859375
2018-08-31 00:00:00-04:00,178.99325561523438
2018-09-04 00:00:00-04:00,178.22608947753906
2018-09-05 00:00:00-04:00,175.92453002929688
2018-09-06 00:00:00-04:00,174.35182189941406
2018-09-07 00:00:00-04:00,173.68048095703125
2018-09-10 00:00:00-04:00,174.26547241210938
2018-09-11 00:00:00-04:00,175.60809326171875
2018-09-12 00:00:00-04:00,175.09022521972656
2018-09-13 00:00:00-04:00,176.96017456054688
2018-09-14 00:00:00-04:00,176.44236755371094
2018-09-17 00:00:00-04:00,173.90109252929688
2018-09-18 00:00:00-04:00,175.33956909179688
2018-09-19 00:00:00-04:00,175.2052459716797
2018-09-20 00:00:00-04:00,177.14242553710938
2018-09-21 00:00:00-04:00,176.17384338378906
2018-09-24 00:00:00-04:00,176.66380310058594
2018-09-25 00:00:00-04:00,176.9039764404297
2018-09-26 00:00:00-04:00,177.0288848876953
2018-09-27 00:00:00-04:00,178.52761840820312
2018-09-28 00:00:00-04:00,178.48919677734375
2018-10-01 00:00:00-04:00,178.85421752929688
2018-10-02 00:00:00-04:00,178.45071411132812
2018-10-03 00:00:00-04:00,178.642822265625
2018-10-04 00:00:00-04:00,175.213134765625
2018-10-05 00:00:00-04:00,173.0707550048828
2018-10-08 00:00:00-04:00,172.0139923095703
2018-10-09 00:00:00-04:00,172.5712432861328
2018-10-10 00:00:00-04:00,164.9816436767578
2018-10-11 00:00:00-04:00,162.93533325195312
2018-10-12 00:00:00-04:00,167.46987915039062
2018-10-15 00:00:00-04:00,165.4427947998047
2018-10-16 00:00:00-04:00,170.2559356689453
2018-10-17 00:00:00-04:00,170.32315063476562
2018-10-18 00:00:00-04:00,166.37466430664062
2018-10-19 00:00:00-04:00,166.220947265625
2018-10-22 00:00:00-04:00,167.0759735107422
2018-10-23 00:00:00-04:00,166.46116638183594
2018-10-24 00:00:00-04:00,158.84275817871094
2018-10-25 00:00:00-04:00,164.33802795410156
2018-10-26 00:00:00-04:00,160.11087036132812
2018-10-29 00:00:00-04:00,156.81570434570312
2018-10-30 00:00:00-04:00,159.39999389648438
2018-10-31 00:00:00-04:00,163.146728515625
2018-11-01 00:00:00-04:00,165.29867553710938
2018-11-02 00:00:00-04:00,162.72401428222656
2018-11-05 00:00:00-05:00,162.32054138183594
2018-11-06 00:00:00-05:00,163.55023193359375
2018-11-07 00:00:00-05:00,168.68038940429688
2018-11-08 00:00:00-05:00,167.6043701171875
2018-11-09 00:00:00-05:00,164.77987670898438
2018-11-12 00:00:00-05:00,159.7938690185547
2018-11-13 00:00:00-05:00,159.9283447265625
2018-11-14 00:00:00-05:00,158.70828247070312
2018-11-15 00:00:00-05:00,161.4846649169922
2018-11-16 00:00:00-05:00,160.9178924560547
2018-11-19 00:00:00-05:00,155.69166564941406
2018-11-20 00:00:00-05:00,152.90557861328125
2018-11-21 00:00:00-05:00,154.06805419921875
2018-11-23 00:00:00-05:00,152.95362854003906
2018-11-26 00:00:00-05:00,156.489013671875
2018-11-27 00:00:00-05:00,157.0173797607422
2018-11-28 00:00:00-05:00,162.0707244873047
2018-11-29 00:00:00-05:00,161.54234313964844
2018-11-30 00:00:00-05:00,162.71435546875
2018-12-03 00:00:00-05:00,165.55807495117188
2018-12-04 00:00:00-05:00,159.20779418945312
2018-12-06 00:00:00-05:00,160.33184814453125
2018-12-07 00:00:00-05:00,155.03834533691406
2018-12-10 00:00:00-05:00,156.66197204589844
2018-12-11 00:00:00-05:00,157.1807403564453
2018-12-12 00:00:00-05:00,158.56411743164062
2018-12-13 00:00:00-05:00,158.61216735839844
2018-12-14 00:00:00-05:00,154.75018310546875
2018-12-17 00:00:00-05:00,151.2435760498047
2018-12-18 00:00:00-05:00,152.19467163085938
2018-12-19 00:00:00-05:00,148.4575653076172
2018-12-20 00:00:00-05:00,146.30555725097656
2018-12-21 00:00:00-05:00,141.77099609375
2018-12-24 00:00:00-05:00,138.25540161132812
2018-12-26 00:00:00-05:00,146.88795471191406
2018-12-27 00:00:00-05:00,147.4563751220703
2018-12-28 00:00:00-05:00,147.37930297851562
2018-12-31 00:00:00-05:00,148.6221466064453
2019-01-02 00:00:00-05:00,149.2195281982422
2019-01-03 00:00:00-05:00,144.3444366455078
2019-01-04 00:00:00-05:00,150.52015686035156
2019-01-07 00:00:00-05:00,152.31219482421875
2019-01-08 00:00:00-05:00,153.68992614746094
2019-01-09 00:00:00-05:00,154.9423828125
2019-01-10 00:00:00-05:00,155.3855743408203
2019-01-11 00:00:00-05:00,154.81715393066406
2019-01-14 00:00:00-05:00,153.4490509033203
2019-01-15 00:00:00-05:00,156.44541931152344
2019-01-16 00:00:00-05:00,156.41648864746094
2019-01-17 00:00:00-05:00,157.6497344970703
2019-01-18 00:00:00-05:00,159.2104949951172
2019-01-22 00:00:00-05:00,156.02146911621094
2019-01-23 00:00:00-05:00,156.22378540039062
2019-01-24 00:00:00-05:00,157.23544311523438
2019-01-25 00:00:00-05:00,159.1141357421875
2019-01-28 00:00:00-05:00,157.1487274169922
2019-01-29 00:00:00-05:00,155.6649932861328
2019-01-30 00:00:00-05:00,159.6248016357422
2019-01-31 00:00:00-05:00,162.01416015625
2019-02-01 00:00:00-05:00,161.33010864257812
2019-02-04 00:00:00-05:00,163.33413696289062
2019-02-05 00:00:00-05:00,164.77926635742188
2019-02-06 00:00:00-05:00,164.2879180908203
2019-02-07 00:00:00-05:00,162.08155822753906
2019-02-08 00:00:00-05:00,162.39950561523438
2019-02-11 00:00:00-05:00,162.24537658691406
2019-02-12 00:00:00-05:00,164.6443634033203
2019-02-13 00:00:00-05:00,164.75997924804688
2019-02-14 00:00:00-05:00,164.9623260498047
2019-02-15 00:00:00-05:00,165.656005859375
2019-02-19 00:00:00-05:00,165.9835662841797
2019-02-20 00:00:00-05:00,165.95469665527344
2019-02-21 00:00:00-05:00,165.3477020263672
2019-02-22 00:00:00-05:00,166.57127380371094
2019-02-25 00:00:00-05:00,167.17828369140625
2019-02-26 00:00:00-05:00,167.3516845703125
2019-02-27 00:00:00-05:00,167.24569702148438
2019-02-28 00:00:00-05:00,166.8603057861328
2019-03-01 00:00:00-05:00,168.01644897460938
2019-03-04 00:00:00-05:00,168.0453643798828
2019-03-05 00:00:00-05:00,168.1706085205078
2019-03-06 00:00:00-05:00,167.21682739257812
2019-03-07 00:00:00-05:00,165.16464233398438
2019-03-08 00:00:00-05:00,164.91415405273438
2019-03-11 00:00:00-04:00,168.3440399169922
2019-03-12 00:00:00-04:00,169.2689666748047
2019-03-13 00:00:00-04:00,170.5406951904297
2019-03-14 00:00:00-04:00,170.25167846679688
2019-03-15 00:00:00-04:00,171.83175659179688
2019-03-18 00:00:00-04:00,172.2409210205078
2019-03-19 00:00:00-04:00,172.82008361816406
2019-03-20 00:00:00-04:00,173.50540161132812
2019-03-21 00:00:00-04:00,176.21766662597656
2019-03-22 00:00:00-04:00,172.3471221923828
2019-03-25 00:00:00-04:00,172.01898193359375
2019-03-26 00:00:00-04:00,172.82008361816406
2019-03-27 00:00:00-04:00,171.71014404296875
2019-03-28 00:00:00-04:00,172.10586547851562
2019-03-29 00:00:00-04:00,173.4088897705078
2019-04-01 00:00:00-04:00,175.70603942871094
2019-04-02 00:00:00-04:00,176.37205505371094
2019-04-03 00:00:00-04:00,177.3855438232422
2019-04-04 00:00:00-04:00,177.31797790527344
2019-04-05 00:00:00-04:00,178.23487854003906
2019-04-08 00:00:00-04:00,178.68853759765625
2019-04-09 00:00:00-04:00,178.06118774414062
2019-04-10 00:00:00-04:00,179.0167236328125
2019-04-11 00:00:00-04:00,178.59202575683594
2019-04-12 00:00:00-04:00,179.36419677734375
2019-04-15 00:00:00-04:00,179.39315795898438
2019-04-16 00:00:00-04:00,180.0108642578125
2019-04-17 00:00:00-04:00,180.6382293701172
2019-04-18 00:00:00-04:00,180.86990356445312
2019-04-22 00:00:00-04:00,181.38143920898438
2019-04-23 00:00:00-04:00,183.6882781982422
2019-04-24 00:00:00-04:00,183.1091766357422
2019-04-25 00:00:00-04:00,183.85238647460938
2019-04-26 00:00:00-04:00,184.01649475097656
2019-04-29 00:00:00-04:00,184.3736114501953
2019-04-30 00:00:00-04:00,182.9451446533203
2019-05-01 00:00:00-04:00,182.35635375976562
2019-05-02 00:00:00-04:00,181.5648651123047
2019-05-03 00:00:00-04:00,184.4605255126953
2019-05-06 00:00:00-04:00,183.3311767578125
2019-05-07 00:00:00-04:00,179.7599334716797
2019-05-08 00:00:00-04:00,179.3062744140625
2019-05-09 00:00:00-04:00,178.341064453125
2019-05-10 00:00:00-04:00,178.56307983398438
2019-05-13 00:00:00-04:00,172.366455078125
2019-05-14 00:00:00-04:00,174.25827026367188
2019-05-15 00:00:00-04:00,176.7195281982422
2019-05-16 00:00:00-04:00,178.4954833984375
2019-05-17 00:00:00-04:00,176.6712646484375
2019-05-20 00:00:00-04:00,173.6887969970703
2019-05-21 00:00:00-04:00,175.50341796875
2019-05-22 00:00:00-04:00,174.72154235839844
2019-05-23 00:00:00-04:00,172.04794311523438
2019-05-24 00:00:00-04:00,171.96107482910156
2019-05-28 00:00:00-04:00,171.31439208984375
2019-05-29 00:00:00-04:00,169.90516662597656
2019-05-30 00:00:00-04:00,170.6194610595703
2019-05-31 00:00:00-04:00,167.8975372314453
2019-06-03 00:00:00-04:00,164.20079040527344
2019-06-04 00:00:00-04:00,168.8241729736328
2019-06-05 00:00:00-04:00,170.07887268066406
2019-06-06 00:00:00-04:00,171.43020629882812
2019-06-07 00:00:00-04:00,174.74087524414062
2019-06-10 00:00:00-04:00,176.77740478515625
2019-06-11 00:00:00-04:00,177.0187530517578
2019-06-12 00:00:00-04:00,175.99560546875
2019-06-13 00:00:00-04:00,177.0380401611328
2019-06-14 00:00:00-04:00,176.28518676757812
2019-06-17 00:00:00-04:00,177.34693908691406
2019-06-18 00:00:00-04:00,179.9240264892578
2019-06-19 00:00:00-04:00,180.59967041015625
2019-06-20 00:00:00-04:00,182.27911376953125
2019-06-21 00:00:00-04:00,182.0088653564453
2019-06-24 00:00:00-04:00,182.01466369628906
2019-06-25 00:00:00-04:00,178.89012145996094
2019-06-26 00:00:00-04:00,179.72206115722656
2019-06-27 00:00:00-04:00,180.40887451171875
2019-06-28 00:00:00-04:00,180.64102172851562
2019-07-01 00:00:00-04:00,183.0787353515625
2019-07-02 00:00:00-04:00,183.80422973632812
2019-07-03 00:00:00-04:00,185.1875457763672
2019-07-05 00:00:00-04:00,184.810302734375
2019-07-08 00:00:00-04:00,183.51402282714844
2019-07-09 00:00:00-04:00,184.43301391601562
2019-07-10 00:00:00-04:00,186.27096557617188
2019-07-11 00:00:00-04:00,186.13551330566406
2019-07-12 00:00:00-04:00,187.209228515625
2019-07-15 00:00:00-04:00,187.8090057373047
2019-07-16 00:00:00-04:00,186.84169006347656
2019-07-17 00:00:00-04:00,185.9226837158203
2019-07-18 00:00:00-04:00,186.13551330566406
2019-07-19 00:00:00-04:00,184.7715606689453
2019-07-22 00:00:00-04:00,186.2418975830078
2019-07-23 00:00:00-04:00,187.4608154296875
2019-07-24 00:00:00-04:00,188.7763671875
2019-07-25 00:00:00-04:00,186.98678588867188
2019-07-26 00:00:00-04:00,188.91180419921875
2019-07-29 00:00:00-04:00,188.26365661621094
2019-07-30 00:00:00-04:00,187.45111083984375
2019-07-31 00:00:00-04:00,184.85865783691406
2019-08-01 00:00:00-04:00,183.9396514892578
2019-08-02 00:00:00-04:00,181.23109436035156
2019-08-05 00:00:00-04:00,174.82733154296875
2019-08-06 00:00:00-04:00,177.27467346191406
2019-08-07 00:00:00-04:00,178.23236083984375
2019-08-08 00:00:00-04:00,182.1113739013672
2019-08-09 00:00:00-04:00,180.39918518066406
2019-08-12 00:00:00-04:00,178.3290557861328
2019-08-13 00:00:00-04:00,182.23712158203125
2019-08-14 00:00:00-04:00,176.79100036621094
2019-08-15 00:00:00-04:00,176.587890625
2019-08-16 00:00:00-04:00,179.42221069335938
2019-08-19 00:00:00-04:00,182.2758331298828
2019-08-20 00:00:00-04:00,180.86355590820312
2019-08-21 00:00:00-04:00,182.46929931640625
2019-08-22 00:00:00-04:00,181.87925720214844
2019-08-23 00:00:00-04:00,176.12356567382812
2019-08-26 00:00:00-04:00,178.78378295898438
2019-08-27 00:00:00-04:00,178.40646362304688
2019-08-28 00:00:00-04:00,179.04495239257812
2019-08-29 00:00:00-04:00,181.78248596191406
2019-08-30 00:00:00-04:00,181.3472137451172
2019-09-03 00:00:00-04:00,179.58663940429688
2019-09-04 00:00:00-04:00,182.17909240722656
2019-09-05 00:00:00-04:00,185.51641845703125
2019-09-06 00:00:00-04:00,185.33258056640625
2019-09-09 00:00:00-04:00,184.9456787109375
2019-09-10 00:00:00-04:00,184.4136505126953
2019-09-11 00:00:00-04:00,186.14523315429688
2019-09-12 00:00:00-04:00,186.9190673828125
2019-09-13 00:00:00-04:00,186.25160217285156
2019-09-16 00:00:00-04:00,185.41970825195312
2019-09-17 00:00:00-04:00,186.30963134765625
2019-09-18 00:00:00-04:00,186.23228454589844
2019-09-19 00:00:00-04:00,186.54180908203125
2019-09-20 00:00:00-04:00,184.56845092773438
2019-09-23 00:00:00-04:00,184.6498260498047
2019-09-24 00:00:00-04:00,182.19757080078125
2019-09-25 00:00:00-04:00,184.24273681640625
2019-09-26 00:00:00-04:00,183.564208984375
2019-09-27 00:00:00-04:00,181.28640747070312
2019-09-30 00:00:00-04:00,183.01173400878906
2019-10-01 00:00:00-04:00,181.51904296875
2019-10-02 00:00:00-04:00,178.39793395996094
2019-10-03 00:00:00-04:00,180.3559112548828
2019-10-04 00:00:00-04:00,183.01173400878906
2019-10-07 00:00:00-04:00,182.45925903320312
2019-10-08 00:00:00-04:00,179.725830078125
2019-10-09 00:00:00-04:00,181.4802703857422
2019-10-10 00:00:00-04:00,182.8857421875
2019-10-11 00:00:00-04:00,185.2411346435547
2019-10-14 00:00:00-04:00,185.2217254638672
2019-10-15 00:00:00-04:00,187.5771484375
2019-10-16 00:00:00-04:00,187.11183166503906
2019-10-17 00:00:00-04:00,187.60621643066406
2019-10-18 00:00:00-04:00,185.80332946777344
2019-10-21 00:00:00-04:00,187.4510955810547
2019-10-22 00:00:00-04:00,185.95838928222656
2019-10-23 00:00:00-04:00,186.3170623779297
2019-10-24 00:00:00-04:00,188.1295928955078
2019-10-25 00:00:00-04:00,189.63197326660156
2019-10-28 00:00:00-04:00,191.5027313232422
2019-10-29 00:00:00-04:00,190.01974487304688
2019-10-30 00:00:00-04:00,190.94053649902344
2019-10-31 00:00:00-04:00,191.0277862548828
2019-11-01 00:00:00-04:00,192.76278686523438
2019-11-04 00:00:00-05:00,193.95504760742188
2019-11-05 00:00:00-05:00,194.06167602539062
2019-11-06 00:00:00-05:00,193.62548828125
2019-11-07 00:00:00-05:00,194.27491760253906
2019-11-08 00:00:00-05:00,195.05035400390625
2019-11-11 00:00:00-05:00,194.7886505126953
2019-11-12 00:00:00-05:00,195.35081481933594
2019-11-13 00:00:00-05:00,195.39926147460938
2019-11-14 00:00:00-05:00,195.2441864013672
2019-11-15 00:00:00-05:00,196.6787567138672
2019-11-18 00:00:00-05:00,196.83383178710938
2019-11-19 00:00:00-05:00,197.12461853027344
2019-11-20 00:00:00-05:00,195.94207763671875
2019-11-21 00:00:00-05:00,195.50588989257812
2019-11-22 00:00:00-05:00,195.63194274902344
2019-11-25 00:00:00-05:00,197.94854736328125
2019-11-26 00:00:00-05:00,198.3265380859375
2019-11-27 00:00:00-05:00,199.71258544921875
2019-11-29 00:00:00-05:00,198.8014678955078
2019-12-02 00:00:00-05:00,196.76596069335938
2019-12-03 00:00:00-05:00,195.22482299804688
2019-12-04 00:00:00-05:00,196.2134552001953
2019-12-05 00:00:00-05:00,196.60122680664062
2019-12-06 00:00:00-05:00,198.7045440673828
2019-12-09 00:00:00-05:00,197.80316162109375
2019-12-10 00:00:00-05:00,197.6383514404297
2019-12-11 00:00:00-05:00,198.68519592285156
2019-12-12 00:00:00-05:00,200.16818237304688
2019-12-13 00:00:00-05:00,200.8273468017578
2019-12-16 00:00:00-05:00,202.84339904785156
2019-12-17 00:00:00-05:00,202.9597625732422
2019-12-18 00:00:00-05:00,203.1148223876953
2019-12-19 00:00:00-05:00,204.3845977783203
2019-12-20 00:00:00-05:00,205.2085418701172
2019-12-23 00:00:00-05:00,205.75054931640625
2019-12-24 00:00:00-05:00,205.85739135742188
2019-12-26 00:00:00-05:00,207.67388916015625
2019-12-27 00:00:00-05:00,207.49905395507812
2019-12-30 00:00:00-05:00,206.1391143798828
2019-12-31 00:00:00-05:00,206.52764892578125
2020-01-02 00:00:00-05:00,209.97610473632812
2020-01-03 00:00:00-05:00,208.052734375
2020-01-06 00:00:00-05:00,209.39328002929688
2020-01-07 00:00:00-05:00,209.3641357421875
2020-01-08 00:00:00-05:00,210.93775939941406
2020-01-09 00:00:00-05:00,212.7251434326172
2020-01-10 00:00:00-05:00,212.18112182617188
2020-01-13 00:00:00-05:00,214.62904357910156
2020-01-14 00:00:00-05:00,213.78396606445312
2020-01-15 00:00:00-05:00,213.8713836669922
2020-01-16 00:00:00-05:00,215.92103576660156
2020-01-17 00:00:00-05:00,216.9895477294922
2020-01-21 00:00:00-05:00,216.89242553710938
2020-01-22 00:00:00-05:00,217.46554565429688
2020-01-23 00:00:00-05:00,218.16493225097656
2020-01-24 00:00:00-05:00,216.32901000976562
2020-01-27 00:00:00-05:00,211.860595703125
2020-01-28 00:00:00-05:00,215.11477661132812
2020-01-29 00:00:00-05:00,215.4644775390625
2020-01-30 00:00:00-05:00,216.23187255859375
2020-01-31 00:00:00-05:00,212.80287170410156
2020-02-03 00:00:00-05:00,216.0181427001953
2020-02-04 00:00:00-05:00,220.9625244140625
2020-02-05 00:00:00-05:00,221.69110107421875
2020-02-06 00:00:00-05:00,223.60472106933594
2020-02-07 00:00:00-05:00,222.64305114746094
2020-02-10 00:00:00-05:00,225.3337860107422
2020-02-11 00:00:00-05:00,225.3726806640625
2020-02-12 00:00:00-05:00,227.5680389404297
2020-02-13 00:00:00-05:00,227.2765655517578
2020-02-14 00:00:00-05:00,227.92742919921875
2020-02-18 00:00:00-05:00,228.0148468017578
2020-02-19 00:00:00-05:00,230.2004852294922
2020-02-20 00:00:00-05:00,228.06341552734375
2020-02-21 00:00:00-05:00,223.6824493408203
2020-02-24 00:00:00-05:00,215.05650329589844
2020-02-25 00:00:00-05:00,209.208740234375
2020-02-26 00:00:00-05:00,210.2869415283203
2020-02-27 00:00:00-05:00,199.75704956054688
2020-02-28 00:00:00-05:00,199.91249084472656
2020-03-02 00:00:00-05:00,210.2286834716797
2020-03-03 00:00:00-05:00,203.48719787597656
2020-03-04 00:00:00-05:00,211.97714233398438
2020-03-05 00:00:00-05:00,205.53683471679688
2020-03-06 00:00:00-05:00,202.0689697265625
2020-03-09 00:00:00-04:00,188.03233337402344
2020-03-10 00:00:00-04:00,198.2707977294922
2020-03-11 00:00:00-04:00,189.63514709472656
2020-03-12 00:00:00-04:00,172.2472381591797
2020-03-13 00:00:00-04:00,186.8375244140625
2020-03-16 00:00:00-04:00,164.4566650390625
2020-03-17 00:00:00-04:00,176.92933654785156
2020-03-18 00:00:00-04:00,171.54786682128906
2020-03-19 00:00:00-04:00,172.57752990722656
2020-03-20 00:00:00-04:00,165.81661987304688
2020-03-23 00:00:00-04:00,165.9364013671875
2020-03-24 00:00:00-04:00,178.78607177734375
2020-03-25 00:00:00-04:00,177.462158203125
2020-03-26 00:00:00-04:00,186.807373046875
2020-03-27 00:00:00-04:00,180.38253784179688
2020-03-30 00:00:00-04:00,186.9436492919922
2020-03-31 00:00:00-04:00,185.34716796875
2020-04-01 00:00:00-04:00,177.47189331054688
2020-04-02 00:00:00-04:00,181.0736846923828
2020-04-03 00:00:00-04:00,178.5037384033203
2020-04-06 00:00:00-04:00,191.26580810546875
2020-04-07 00:00:00-04:00,191.18800354003906
2020-04-08 00:00:00-04:00,195.24729919433594
2020-04-09 00:00:00-04:00,195.52960205078125
2020-04-13 00:00:00-04:00,197.6420135498047
2020-04-14 00:00:00-04:00,206.23768615722656
2020-04-15 00:00:00-04:00,203.87216186523438
2020-04-16 00:00:00-04:00,207.59080505371094
2020-04-17 00:00:00-04:00,209.57667541503906
2020-04-20 00:00:00-04:00,207.09434509277344
2020-04-21 00:00:00-04:00,199.4526824951172
2020-04-22 00:00:00-04:00,205.37127685546875
2020-04-23 00:00:00-04:00,204.93325805664062
2020-04-24 00:00:00-04:00,208.1651611328125
2020-04-27 00:00:00-04:00,209.83949279785156
2020-04-28 00:00:00-04:00,205.88722229003906
2020-04-29 00:00:00-04:00,213.1881866455078
2020-04-30 00:00:00-04:00,213.10055541992188
2020-05-01 00:00:00-04:00,207.09434509277344
2020-05-04 00:00:00-04:00,209.5084991455078
2020-05-05 00:00:00-04:00,211.88377380371094
2020-05-06 00:00:00-04:00,213.1881866455078
2020-05-07 00:00:00-04:00,215.9333953857422
2020-05-08 00:00:00-04:00,218.89268493652344
2020-05-11 00:00:00-04:00,220.84933471679688
2020-05-12 00:00:00-04:00,216.2253875732422
2020-05-13 00:00:00-04:00,213.51919555664062
2020-05-14 00:00:00-04:00,215.94313049316406
2020-05-15 00:00:00-04:00,217.34487915039062
2020-05-18 00:00:00-04:00,221.39447021484375
2020-05-19 00:00:00-04:00,220.83961486816406
2020-05-20 00:00:00-04:00,225.24940490722656
2020-05-21 00:00:00-04:00,222.79624938964844
2020-05-22 00:00:00-04:00,223.56529235839844
2020-05-26 00:00:00-04:00,222.96173095703125
2020-05-27 00:00:00-04:00,224.17860412597656
2020-05-28 00:00:00-04:00,223.8865509033203
2020-05-29 00:00:00-04:00,227.16709899902344
2020-06-01 00:00:00-04:00,227.84854125976562
2020-06-02 00:00:00-04:00,229.3768768310547
2020-06-03 00:00:00-04:00,230.4087371826172
2020-06-04 00:00:00-04:00,228.7928009033203
2020-06-05 00:00:00-04:00,233.32913208007812
2020-06-08 00:00:00-04:00,235.13975524902344
2020-06-09 00:00:00-04:00,236.84332275390625
2020-06-10 00:00:00-04:00,239.68582153320312
2020-06-11 00:00:00-04:00,227.80958557128906
2020-06-12 00:00:00-04:00,229.62025451660156
2020-06-15 00:00:00-04:00,232.4140625
2020-06-16 00:00:00-04:00,236.40525817871094
2020-06-17 00:00:00-04:00,237.1548309326172
2020-06-18 00:00:00-04:00,237.79733276367188
2020-06-19 00:00:00-04:00,237.75840759277344
2020-06-22 00:00:00-04:00,240.60975646972656
2020-06-23 00:00:00-04:00,242.65753173828125
2020-06-24 00:00:00-04:00,237.65501403808594
2020-06-25 00:00:00-04:00,239.91737365722656
2020-06-26 00:00:00-04:00,234.25172424316406
2020-06-29 00:00:00-04:00,236.806640625
2020-06-30 00:00:00-04:00,241.44837951660156
2020-07-01 00:00:00-04:00,244.2665557861328
2020-07-02 00:00:00-04:00,245.92433166503906
2020-07-06 00:00:00-04:00,251.97030639648438
2020-07-07 00:00:00-04:00,250.23448181152344
2020-07-08 00:00:00-04:00,253.53050231933594
2020-07-09 00:00:00-04:00,255.66616821289062
2020-07-10 00:00:00-04:00,257.4117126464844
2020-07-13 00:00:00-04:00,252.1165771484375
2020-07-14 00:00:00-04:00,253.9010467529297
2020-07-15 00:00:00-04:00,254.4178924560547
2020-07-16 00:00:00-04:00,252.68212890625
2020-07-17 00:00:00-04:00,252.97470092773438
2020-07-20 00:00:00-04:00,260.15185546875
2020-07-21 00:00:00-04:00,257.44091796875
2020-07-22 00:00:00-04:00,258.34771728515625
2020-07-23 00:00:00-04:00,251.59971618652344
2020-07-24 00:00:00-04:00,249.21058654785156
2020-07-27 00:00:00-04:00,253.65733337402344
2020-07-28 00:00:00-04:00,250.42953491210938
2020-07-29 00:00:00-04:00,253.31602478027344
2020-07-30 00:00:00-04:00,254.64224243164062
2020-07-31 00:00:00-04:00,259.18646240234375
2020-08-03 00:00:00-04:00,262.68719482421875
2020-08-04 00:00:00-04:00,263.66241455078125
2020-08-05 00:00:00-04:00,264.31573486328125
2020-08-06 00:00:00-04:00,267.8165588378906
2020-08-07 00:00:00-04:00,264.725341796875
2020-08-10 00:00:00-04:00,263.5942077636719
2020-08-11 00:00:00-04:00,258.60137939453125
2020-08-12 00:00:00-04:00,265.1055603027344
2020-08-13 00:00:00-04:00,265.71026611328125
2020-08-14 00:00:00-04:00,265.3980712890625
2020-08-17 00:00:00-04:00,268.47967529296875
2020-08-18 00:00:00-04:00,271.0638427734375
2020-08-19 00:00:00-04:00,269.2402648925781
2020-08-20 00:00:00-04:00,272.97515869140625
2020-08-21 00:00:00-04:00,274.866943359375
2020-08-24 00:00:00-04:00,276.5831298828125
2020-08-25 00:00:00-04:00,278.75775146484375
2020-08-26 00:00:00-04:00,284.7062072753906
2020-08-27 00:00:00-04:00,283.81878662109375
2020-08-28 00:00:00-04:00,285.26214599609375
2020-08-31 00:00:00-04:00,287.5537109375
2020-09-01 00:00:00-04:00,292.468505859375
2020-09-02 00:00:00-04:00,295.2379150390625
2020-09-03 00:00:00-04:00,280.2692565917969
2020-09-04 00:00:00-04:00,276.5343933105469
2020-09-08 00:00:00-04:00,263.2430114746094
2020-09-09 00:00:00-04:00,270.9760437011719
2020-09-10 00:00:00-04:00,265.57373046875
2020-09-11 00:00:00-04:00,263.7306823730469
2020-09-14 00:00:00-04:00,268.3236999511719
2020-09-15 00:00:00-04:00,272.12677001953125
2020-09-16 00:00:00-04:00,267.7873229980469
2020-09-17 00:00:00-04:00,263.6038513183594
2020-09-18 00:00:00-04:00,260.2395935058594
2020-09-21 00:00:00-04:00,260.86370849609375
2020-09-22 00:00:00-04:00,265.71026611328125
2020-09-23 00:00:00-04:00,257.5970153808594
2020-09-24 00:00:00-04:00,258.7964172363281
2020-09-25 00:00:00-04:00,264.8131103515625
2020-09-28 00:00:00-04:00,270.3129577636719
2020-09-29 00:00:00-04:00,269.0940246582031
2020-09-30 00:00:00-04:00,270.93707275390625
2020-10-01 00:00:00-04:00,275.2375183105469
2020-10-02 00:00:00-04:00,267.4947204589844
2020-10-05 00:00:00-04:00,273.19940185546875
2020-10-06 00:00:00-04:00,268.3236999511719
2020-10-07 00:00:00-04:00,272.96533203125
2020-10-08 00:00:00-04:00,274.4183349609375
2020-10-09 00:00:00-04:00,278.61151123046875
2020-10-12 00:00:00-04:00,287.21234130859375
2020-10-13 00:00:00-04:00,287.2026672363281
2020-10-14 00:00:00-04:00,284.8037414550781
2020-10-15 00:00:00-04:00,282.8924865722656
2020-10-16 00:00:00-04:00,281.34197998046875
2020-10-19 00:00:00-04:00,276.74896240234375
2020-10-20 00:00:00-04:00,277.3437805175781
2020-10-21 00:00:00-04:00,277.1293029785156
2020-10-22 00:00:00-04:00,277.1195373535156
2020-10-23 00:00:00-04:00,277.6656188964844
2020-10-26 00:00:00-04:00,273.501708984375
2020-10-27 00:00:00-04:00,275.6373596191406
2020-10-28 00:00:00-04:00,264.89105224609375
2020-10-29 00:00:00-04:00,269.5230407714844
2020-10-30 00:00:00-04:00,262.68719482421875
2020-11-02 00:00:00-05:00,263.27239990234375
2020-11-03 00:00:00-05:00,267.8263244628906
2020-11-04 00:00:00-05:00,279.7816467285156
2020-11-05 00:00:00-05:00,287.07586669921875
2020-11-06 00:00:00-05:00,287.2903747558594
2020-11-09 00:00:00-05:00,281.4199523925781
2020-11-10 00:00:00-05:00,276.3784484863281
2020-11-11 00:00:00-05:00,282.56085205078125
2020-11-12 00:00:00-05:00,281.2347106933594
2020-11-13 00:00:00-05:00,283.7017822265625
2020-11-16 00:00:00-05:00,285.9153747558594
2020-11-17 00:00:00-05:00,285.0085754394531
2020-11-18 00:00:00-05:00,282.90216064453125
2020-11-19 00:00:00-05:00,285.1158447265625
2020-11-20 00:00:00-05:00,283.1655578613281
2020-11-23 00:00:00-05:00,283.17529296875
2020-11-24 00:00:00-05:00,287.1538391113281
2020-11-25 00:00:00-05:00,288.9188537597656
2020-11-27 00:00:00-05:00,291.5811462402344
2020-11-30 00:00:00-05:00,292.1759948730469
2020-12-01 00:00:00-05:00,295.9205017089844
2020-12-02 00:00:00-05:00,296.3008728027344
2020-12-03 00:00:00-05:00,296.7201843261719
2020-12-04 00:00:00-05:00,297.92938232421875
2020-12-07 00:00:00-05:00,299.6163024902344
2020-12-08 00:00:00-05:00,300.6304931640625
2020-12-09 00:00:00-05:00,293.8238830566406
2020-12-10 00:00:00-05:00,295.00384521484375
2020-12-11 00:00:00-05:00,294.3505554199219
2020-12-14 00:00:00-05:00,296.486083984375
2020-12-15 00:00:00-05:00,299.6553649902344
2020-12-16 00:00:00-05:00,301.3033142089844
2020-12-17 00:00:00-05:00,303.27313232421875
2020-12-18 00:00:00-05:00,302.35650634765625
2020-12-21 00:00:00-05:00,301.7909240722656
2020-12-22 00:00:00-05:00,302.61151123046875
2020-12-23 00:00:00-05:00,301.0875244140625
2020-12-24 00:00:00-05:00,302.4161071777344
2020-12-28 00:00:00-05:00,305.4640808105469
2020-12-29 00:00:00-05:00,305.7376403808594
2020-12-30 00:00:00-05:00,305.7474060058594
2020-12-31 00:00:00-05:00,306.4996032714844
2021-01-04 00:00:00-05:00,302.1719665527344
2021-01-05 00:00:00-05:00,304.6629943847656
2021-01-06 00:00:00-05:00,300.4427185058594
2021-01-07 00:00:00-05:00,307.7110595703125
2021-01-08 00:00:00-05:00,311.6675109863281
2021-01-11 00:00:00-05:00,307.1640319824219
2021-01-12 00:00:00-05:00,306.675537109375
2021-01-13 00:00:00-05:00,308.7466125488281
2021-01-14 00:00:00-05:00,307.09552001953125
2021-01-15 00:00:00-05:00,304.6629943847656
2021-01-19 00:00:00-05:00,309.1080322265625
2021-01-20 00:00:00-05:00,316.2981872558594
2021-01-21 00:00:00-05:00,318.828369140625
2021-01-22 00:00:00-05:00,317.91009521484375
2021-01-25 00:00:00-05:00,320.5379638671875
2021-01-26 00:00:00-05:00,321.0069885253906
2021-01-27 00:00:00-05:00,312.0583190917969
2021-01-28 00:00:00-05:00,313.9047546386719
2021-01-29 00:00:00-05:00,307.30072021484375
2021-02-01 00:00:00-05:00,314.9793701171875
2021-02-02 00:00:00-05:00,320.1179504394531
2021-02-03 00:00:00-05:00,318.8480224609375
2021-02-04 00:00:00-05:00,322.6188659667969
2021-02-05 00:00:00-05:00,323.7130126953125
2021-02-08 00:00:00-05:00,325.8818054199219
2021-02-09 00:00:00-05:00,325.8134460449219
2021-02-10 00:00:00-05:00,325.0709533691406
2021-02-11 00:00:00-05:00,326.8587341308594
2021-02-12 00:00:00-05:00,328.685546875
2021-02-16 00:00:00-05:00,327.7966003417969
2021-02-17 00:00:00-05:00,326.22369384765625
2021-02-18 00:00:00-05:00,324.7974548339844
2021-02-19 00:00:00-05:00,323.3808898925781
2021-02-22 00:00:00-05:00,314.99896240234375
2021-02-23 00:00:00-05:00,314.0610656738281
2021-02-24 00:00:00-05:00,316.6498718261719
2021-02-25 00:00:00-05:00,305.6106262207031
2021-02-26 00:00:00-05:00,306.8904113769531
2021-03-01 00:00:00-05:00,316.12237548828125
2021-03-02 00:00:00-05:00,311.0521240234375
2021-03-03 00:00:00-05:00,302.0253601074219
2021-03-04 00:00:00-05:00,297.0821228027344
2021-03-05 00:00:00-05:00,301.5564270019531
2021-03-08 00:00:00-05:00,293.0180969238281
2021-03-09 00:00:00-05:00,304.57513427734375
2021-03-10 00:00:00-05:00,303.7056884765625
2021-03-11 00:00:00-05:00,310.7004699707031
2021-03-12 00:00:00-05:00,308.1799621582031
2021-03-15 00:00:00-04:00,311.47222900390625
2021-03-16 00:00:00-04:00,313.18182373046875
2021-03-17 00:00:00-04:00,314.4713134765625
2021-03-18 00:00:00-04:00,304.83892822265625
2021-03-19 00:00:00-04:00,305.9135437011719
2021-03-22 00:00:00-04:00,311.6503601074219
2021-03-23 00:00:00-04:00,310.2907409667969
2021-03-24 00:00:00-04:00,305.0576171875
2021-03-25 00:00:00-04:00,304.5294189453125
2021-03-26 00:00:00-04:00,309.0974426269531
2021-03-29 00:00:00-04:00,309.0093688964844
2021-03-30 00:00:00-04:00,307.45416259765625
2021-03-31 00:00:00-04:00,312.1590576171875
2021-04-01 00:00:00-04:00,317.4801940917969
2021-04-05 00:00:00-04:00,323.8186340332031
2021-04-06 00:00:00-04:00,323.5937194824219
2021-04-07 00:00:00-04:00,324.3762512207031
2021-04-08 00:00:00-04:00,327.7606506347656
2021-04-09 00:00:00-04:00,329.746337890625
2021-04-12 00:00:00-04:00,329.31591796875
2021-04-13 00:00:00-04:00,333.16009521484375
2021-04-14 00:00:00-04:00,329.15936279296875
2021-04-15 00:00:00-04:00,334.1479187011719
2021-04-16 00:00:00-04:00,334.5392150878906
2021-04-19 00:00:00-04:00,331.4776611328125
2021-04-20 00:00:00-04:00,329.0616149902344
2021-04-21 00:00:00-04:00,331.878662109375
2021-04-22 00:00:00-04:00,327.8780517578125
2021-04-23 00:00:00-04:00,332.0058898925781
2021-04-26 00:00:00-04:00,334.16754150390625
2021-04-27 00:00:00-04:00,332.7198486328125
2021-04-28 00:00:00-04:00,331.5950012207031
2021-04-29 00:00:00-04:00,332.7883605957031
2021-04-30 00:00:00-04:00,330.6070861816406
2021-05-03 00:00:00-04:00,328.84637451171875
2021-05-04 00:00:00-04:00,322.9286193847656
2021-05-05 00:00:00-04:00,321.8428039550781
2021-05-06 00:00:00-04:00,324.2685852050781
2021-05-07 00:00:00-04:00,326.89990234375
2021-05-10 00:00:00-04:00,318.6441955566406
2021-05-11 00:00:00-04:00,318.2040100097656
2021-05-12 00:00:00-04:00,309.968017578125
2021-05-13 00:00:00-04:00,312.364501953125
2021-05-14 00:00:00-04:00,319.2604064941406
2021-05-17 00:00:00-04:00,317.32373046875
2021-05-18 00:00:00-04:00,315.1815490722656
2021-05-19 00:00:00-04:00,315.54351806640625
2021-05-20 00:00:00-04:00,321.6471252441406
2021-05-21 00:00:00-04:00,319.866943359375
2021-05-24 00:00:00-04:00,325.2467956542969
2021-05-25 00:00:00-04:00,325.69671630859375
2021-05-26 00:00:00-04:00,326.8313903808594
2021-05-27 00:00:00-04:00,325.6087341308594
2021-05-28 00:00:00-04:00,326.6357421875
2021-06-01 00:00:00-04:00,325.5500793457031
2021-06-02 00:00:00-04:00,326.185791015625
2021-06-03 00:00:00-04:00,322.7916259765625
2021-06-04 00:00:00-04:00,328.26922607421875
2021-06-07 00:00:00-04:00,329.24749755859375
2021-06-08 00:00:00-04:00,329.4039306640625
2021-06-09 00:00:00-04:00,329.48211669921875
2021-06-10 00:00:00-04:00,332.91552734375
2021-06-11 00:00:00-04:00,333.7860412597656
2021-06-14 00:00:00-04:00,336.984619140625
2021-06-15 00:00:00-04:00,334.7838439941406
2021-06-16 00:00:00-04:00,333.5611572265625
2021-06-17 00:00:00-04:00,337.7965393066406
2021-06-18 00:00:00-04:00,335.1457214355469
2021-06-21 00:00:00-04:00,337.2286682128906
2021-06-22 00:00:00-04:00,340.3721923828125
2021-06-23 00:00:00-04:00,340.53863525390625
2021-06-24 00:00:00-04:00,342.6441345214844
2021-06-25 00:00:00-04:00,342.2230224609375
2021-06-28 00:00:00-04:00,346.385009765625
2021-06-29 00:00:00-04:00,347.6385192871094
2021-06-30 00:00:00-04:00,347.09002685546875
2021-07-01 00:00:00-04:00,347.2272033691406
2021-07-02 00:00:00-04:00,351.212890625
2021-07-06 00:00:00-04:00,352.7308654785156
2021-07-07 00:00:00-04:00,353.4750671386719
2021-07-08 00:00:00-04:00,351.3402404785156
2021-07-09 00:00:00-04:00,353.53387451171875
2021-07-12 00:00:00-04:00,354.9146728515625
2021-07-13 00:00:00-04:00,354.9146728515625
2021-07-14 00:00:00-04:00,355.55120849609375
2021-07-15 00:00:00-04:00,353.0539245605469
2021-07-16 00:00:00-04:00,350.1944580078125
2021-07-19 00:00:00-04:00,347.3251647949219
2021-07-20 00:00:00-04:00,351.35986328125
2021-07-21 00:00:00-04:00,354.0724182128906
2021-07-22 00:00:00-04:00,356.4129638671875
2021-07-23 00:00:00-04:00,360.5749816894531
2021-07-26 00:00:00-04:00,360.8589172363281
2021-07-27 00:00:00-04:00,356.883056640625
2021-07-28 00:00:00-04:00,358.2539978027344
2021-07-29 00:00:00-04:00,358.890625
2021-07-30 00:00:00-04:00,357.0201416015625
2021-08-02 00:00:00-04:00,357.0495300292969
2021-08-03 00:00:00-04:00,359.2137145996094
2021-08-04 00:00:00-04:00,359.7327880859375
2021-08-05 00:00:00-04:00,362.01446533203125
2021-08-06 00:00:00-04:00,360.4280700683594
2021-08-09 00:00:00-04:00,361.093994140625
2021-08-10 00:00:00-04:00,359.2431640625
2021-08-11 00:00:00-04:00,358.6261901855469
2021-08-12 00:00:00-04:00,359.9187927246094
2021-08-13 00:00:00-04:00,361.18206787109375
2021-08-16 00:00:00-04:00,361.3388366699219
2021-08-17 00:00:00-04:00,358.1560974121094
2021-08-18 00:00:00-04:00,354.708984375
2021-08-19 00:00:00-04:00,356.4227294921875
2021-08-20 00:00:00-04:00,360.11468505859375
2021-08-23 00:00:00-04:00,365.5008544921875
2021-08-24 00:00:00-04:00,366.6171875
2021-08-25 00:00:00-04:00,367.03826904296875
2021-08-26 00:00:00-04:00,364.7075500488281
2021-08-27 00:00:00-04:00,368.2525939941406
2021-08-30 00:00:00-04:00,372.3852233886719
2021-08-31 00:00:00-04:00,372.0816345214844
2021-09-01 00:00:00-04:00,372.6986083984375
2021-09-02 00:00:00-04:00,372.52227783203125
2021-09-03 00:00:00-04:00,373.6680908203125
2021-09-07 00:00:00-04:00,374.1968688964844
2021-09-08 00:00:00-04:00,372.8944396972656
2021-09-09 00:00:00-04:00,371.6116027832031
2021-09-10 00:00:00-04:00,368.79119873046875
2021-09-13 00:00:00-04:00,368.5365905761719
2021-09-14 00:00:00-04:00,367.4888000488281
2021-09-15 00:00:00-04:00,370.220947265625
2021-09-16 00:00:00-04:00,370.47564697265625
2021-09-17 00:00:00-04:00,366.08831787109375
2021-09-20 00:00:00-04:00,358.52374267578125
2021-09-21 00:00:00-04:00,358.9649353027344
2021-09-22 00:00:00-04:00,362.3178405761719
2021-09-23 00:00:00-04:00,365.66094970703125
2021-09-24 00:00:00-04:00,366.0040588378906
2021-09-27 00:00:00-04:00,363.0824890136719
2021-09-28 00:00:00-04:00,352.8082275390625
2021-09-29 00:00:00-04:00,352.2297668457031
2021-09-30 00:00:00-04:00,350.9356689453125
2021-10-01 00:00:00-04:00,353.1120910644531
2021-10-04 00:00:00-04:00,345.7004699707031
2021-10-05 00:00:00-04:00,350.3670349121094
2021-10-06 00:00:00-04:00,352.61212158203125
2021-10-07 00:00:00-04:00,355.8473205566406
2021-10-08 00:00:00-04:00,354.07281494140625
2021-10-11 00:00:00-04:00,351.3572082519531
2021-10-12 00:00:00-04:00,350.1317443847656
2021-10-13 00:00:00-04:00,352.9356384277344
2021-10-14 00:00:00-04:00,359.435546875
2021-10-15 00:00:00-04:00,361.7001953125
2021-10-18 00:00:00-04:00,365.33740234375
2021-10-19 00:00:00-04:00,368.1020812988281
2021-10-20 00:00:00-04:00,367.6216735839844
2021-10-21 00:00:00-04:00,369.86669921875
2021-10-22 00:00:00-04:00,366.75897216796875
2021-10-25 00:00:00-04:00,370.5137634277344
2021-10-26 00:00:00-04:00,371.68048095703125
2021-10-27 00:00:00-04:00,372.5431823730469
2021-10-28 00:00:00-04:00,376.6803894042969
2021-10-29 00:00:00-04:00,378.5332336425781
2021-11-01 00:00:00-04:00,379.8273620605469
2021-11-02 00:00:00-04:00,381.41552734375
2021-11-03 00:00:00-04:00,385.4645690917969
2021-11-04 00:00:00-04:00,390.4056091308594
2021-11-05 00:00:00-04:00,390.7781066894531
2021-11-08 00:00:00-05:00,390.248779296875
2021-11-09 00:00:00-05:00,387.56256103515625
2021-11-10 00:00:00-05:00,381.8665771484375
2021-11-11 00:00:00-05:00,382.92535400390625
2021-11-12 00:00:00-05:00,386.9547119140625
2021-11-15 00:00:00-05:00,386.866455078125
2021-11-16 00:00:00-05:00,389.6213073730469
2021-11-17 00:00:00-05:00,389.8271789550781
2021-11-18 00:00:00-05:00,393.8663635253906
2021-11-19 00:00:00-05:00,396.0623474121094
2021-11-22 00:00:00-05:00,391.4643859863281
2021-11-23 00:00:00-05:00,389.6802062988281
2021-11-24 00:00:00-05:00,390.9350280761719
2021-11-26 00:00:00-05:00,383.52337646484375
2021-11-29 00:00:00-05:00,391.84674072265625
2021-11-30 00:00:00-05:00,386.0919494628906
2021-12-01 00:00:00-05:00,379.52337646484375
2021-12-02 00:00:00-05:00,382.2586975097656
2021-12-03 00:00:00-05:00,375.61175537109375
2021-12-06 00:00:00-05:00,378.62152099609375
2021-12-07 00:00:00-05:00,390.02325439453125
2021-12-08 00:00:00-05:00,391.768310546875
2021-12-09 00:00:00-05:00,386.0036926269531
2021-12-10 00:00:00-05:00,390.19976806640625
2021-12-13 00:00:00-05:00,384.5626525878906
2021-12-14 00:00:00-05:00,380.5823059082031
2021-12-15 00:00:00-05:00,389.2585144042969
2021-12-16 00:00:00-05:00,379.2489013671875
2021-12-17 00:00:00-05:00,377.3568115234375
2021-12-20 00:00:00-05:00,373.6962890625
2021-12-21 00:00:00-05:00,382.0597229003906
2021-12-22 00:00:00-05:00,386.7127380371094
2021-12-23 00:00:00-05:00,389.6281433105469
2021-12-27 00:00:00-05:00,396.0675964355469
2021-12-28 00:00:00-05:00,394.23193359375
2021-12-29 00:00:00-05:00,394.173095703125
2021-12-30 00:00:00-05:00,392.9950866699219
2021-12-31 00:00:00-05:00,390.5410461425781
2022-01-03 00:00:00-05:00,394.3006591796875
2022-01-04 00:00:00-05:00,389.1864318847656
2022-01-05 00:00:00-05:00,377.23016357421875
2022-01-06 00:00:00-05:00,376.9651184082031
2022-01-07 00:00:00-05:00,372.881591796875
2022-01-10 00:00:00-05:00,373.1269226074219
2022-01-11 00:00:00-05:00,378.7320861816406
2022-01-12 00:00:00-05:00,380.2339782714844
2022-01-13 00:00:00-05:00,370.72198486328125
2022-01-14 00:00:00-05:00,373.0287780761719
2022-01-18 00:00:00-05:00,363.74261474609375
2022-01-19 00:00:00-05:00,359.74737548828125
2022-01-20 00:00:00-05:00,355.0748596191406
2022-01-21 00:00:00-05:00,345.2290954589844
2022-01-24 00:00:00-05:00,346.8095703125
2022-01-25 00:00:00-05:00,338.76995849609375
2022-01-26 00:00:00-05:00,338.2398681640625
2022-01-27 00:00:00-05:00,334.8336181640625
2022-01-28 00:00:00-05:00,345.3370056152344
2022-01-31 00:00:00-05:00,356.38037109375
2022-02-01 00:00:00-05:00,358.8049621582031
2022-02-02 00:00:00-05:00,361.720458984375
2022-02-03 00:00:00-05:00,347.054931640625
2022-02-04 00:00:00-05:00,351.4330139160156
2022-02-07 00:00:00-05:00,348.60589599609375
2022-02-08 00:00:00-05:00,352.5226135253906
2022-02-09 00:00:00-05:00,359.9927673339844
2022-02-10 00:00:00-05:00,351.8452453613281
2022-02-11 00:00:00-05:00,340.6841125488281
2022-02-14 00:00:00-05:00,341.1062316894531
2022-02-15 00:00:00-05:00,349.5874938964844
2022-02-16 00:00:00-05:00,349.4991760253906
2022-02-17 00:00:00-05:00,339.1037902832031
2022-02-18 00:00:00-05:00,335.2361145019531
2022-02-22 00:00:00-05:00,331.869140625
2022-02-23 00:00:00-05:00,323.3681640625
2022-02-24 00:00:00-05:00,334.2348327636719
2022-02-25 00:00:00-05:00,339.4178161621094
2022-02-28 00:00:00-05:00,340.4288635253906
2022-03-01 00:00:00-05:00,335.2164306640625
2022-03-02 00:00:00-05:00,340.84124755859375
2022-03-03 00:00:00-05:00,335.9722900390625
2022-03-04 00:00:00-05:00,331.1034240722656
2022-03-07 00:00:00-05:00,318.8919677734375
2022-03-08 00:00:00-05:00,317.4096984863281
2022-03-09 00:00:00-05:00,328.83587646484375
2022-03-10 00:00:00-05:00,325.1841735839844
2022-03-11 00:00:00-05:00,318.44036865234375
2022-03-14 00:00:00-04:00,312.3249206542969
2022-03-15 00:00:00-04:00,322.1215515136719
2022-03-16 00:00:00-04:00,334.0679016113281
2022-03-17 00:00:00-04:00,338.1122741699219
2022-03-18 00:00:00-04:00,345.03271484375
2022-03-21 00:00:00-04:00,344.0735168457031
2022-03-22 00:00:00-04:00,350.8354797363281
2022-03-23 00:00:00-04:00,345.79351806640625
2022-03-24 00:00:00-04:00,353.4792785644531
2022-03-25 00:00:00-04:00,353.1844482421875
2022-03-28 00:00:00-04:00,358.6490478515625
2022-03-29 00:00:00-04:00,364.8213195800781
2022-03-30 00:00:00-04:00,360.7916259765625
2022-03-31 00:00:00-04:00,356.3197937011719
2022-04-01 00:00:00-04:00,355.6415710449219
2022-04-04 00:00:00-04:00,362.9637145996094
2022-04-05 00:00:00-04:00,354.9044189453125
2022-04-06 00:00:00-04:00,347.1989440917969
2022-04-07 00:00:00-04:00,348.0245666503906
2022-04-08 00:00:00-04:00,343.1593933105469
2022-04-11 00:00:00-04:00,335.0412292480469
2022-04-12 00:00:00-04:00,333.6258544921875
2022-04-13 00:00:00-04:00,340.40753173828125
2022-04-14 00:00:00-04:00,332.6233825683594
2022-04-18 00:00:00-04:00,332.8789367675781
2022-04-19 00:00:00-04:00,340.31903076171875
2022-04-20 00:00:00-04:00,335.3556823730469
2022-04-21 00:00:00-04:00,328.4168701171875
2022-04-22 00:00:00-04:00,319.8169860839844
2022-04-25 00:00:00-04:00,323.92523193359375
2022-04-26 00:00:00-04:00,311.69866943359375
2022-04-27 00:00:00-04:00,311.3251647949219
2022-04-28 00:00:00-04:00,322.3822021484375
2022-04-29 00:00:00-04:00,307.8753967285156
2022-05-02 00:00:00-04:00,313.01568603515625
2022-05-03 00:00:00-04:00,313.349853515625
2022-05-04 00:00:00-04:00,323.94488525390625
2022-05-05 00:00:00-04:00,307.62969970703125
2022-05-06 00:00:00-04:00,303.94403076171875
2022-05-09 00:00:00-04:00,292.0516052246094
2022-05-10 00:00:00-04:00,295.5997009277344
2022-05-11 00:00:00-04:00,286.832763671875
2022-05-12 00:00:00-04:00,286.1545715332031
2022-05-13 00:00:00-04:00,296.7594909667969
2022-05-16 00:00:00-04:00,293.3195495605469
2022-05-17 00:00:00-04:00,300.91693115234375
2022-05-18 00:00:00-04:00,286.144775390625
2022-05-19 00:00:00-04:00,284.61151123046875
2022-05-20 00:00:00-04:00,283.7269287109375
2022-05-23 00:00:00-04:00,288.444580078125
2022-05-24 00:00:00-04:00,282.31170654296875
2022-05-25 00:00:00-04:00,286.26275634765625
2022-05-26 00:00:00-04:00,294.1942443847656
2022-05-27 00:00:00-04:00,303.7966003417969
2022-05-31 00:00:00-04:00,302.99066162109375
2022-06-01 00:00:00-04:00,300.74981689453125
2022-06-02 00:00:00-04:00,308.98602294921875
2022-06-03 00:00:00-04:00,300.94635009765625
2022-06-06 00:00:00-04:00,301.9488830566406
2022-06-07 00:00:00-04:00,304.55340576171875
2022-06-08 00:00:00-04:00,302.36163330078125
2022-06-09 00:00:00-04:00,294.2630310058594
2022-06-10 00:00:00-04:00,283.88421630859375
2022-06-13 00:00:00-04:00,270.6846923828125
2022-06-14 00:00:00-04:00,271.1760559082031
2022-06-15 00:00:00-04:00,277.94781494140625
2022-06-16 00:00:00-04:00,266.7336730957031
2022-06-17 00:00:00-04:00,269.97698974609375
2022-06-21 00:00:00-04:00,276.788330078125
2022-06-22 00:00:00-04:00,276.384765625
2022-06-23 00:00:00-04:00,280.5008239746094
2022-06-24 00:00:00-04:00,290.11181640625
2022-06-27 00:00:00-04:00,287.9847717285156
2022-06-28 00:00:00-04:00,279.2108459472656
2022-06-29 00:00:00-04:00,279.46685791015625
2022-06-30 00:00:00-04:00,276.0006408691406
2022-07-01 00:00:00-04:00,277.8223876953125
2022-07-05 00:00:00-04:00,282.5786437988281
2022-07-06 00:00:00-04:00,284.3905334472656
2022-07-07 00:00:00-04:00,290.4761962890625
2022-07-08 00:00:00-04:00,290.84051513671875
2022-07-11 00:00:00-04:00,284.6268615722656
2022-07-12 00:00:00-04:00,281.86962890625
2022-07-13 00:00:00-04:00,281.28863525390625
2022-07-14 00:00:00-04:00,282.2930603027344
2022-07-15 00:00:00-04:00,287.4136962890625
2022-07-18 00:00:00-04:00,284.98138427734375
2022-07-19 00:00:00-04:00,293.7454528808594
2022-07-20 00:00:00-04:00,298.4032897949219
2022-07-21 00:00:00-04:00,302.6868591308594
2022-07-22 00:00:00-04:00,297.379150390625
2022-07-25 00:00:00-04:00,295.6854248046875
2022-07-26 00:00:00-04:00,289.8754577636719
2022-07-27 00:00:00-04:00,302.12554931640625
2022-07-28 00:00:00-04:00,305.0797424316406
2022-07-29 00:00:00-04:00,310.64349365234375
2022-08-01 00:00:00-04:00,310.4564208984375
2022-08-02 00:00:00-04:00,309.53070068359375
2022-08-03 00:00:00-04:00,317.9600524902344
2022-08-04 00:00:00-04:00,319.44696044921875
2022-08-05 00:00:00-04:00,316.83746337890625
2022-08-08 00:00:00-04:00,315.8132629394531
2022-08-09 00:00:00-04:00,312.2387390136719
2022-08-10 00:00:00-04:00,320.95361328125
2022-08-11 00:00:00-04:00,319.1318359375
2022-08-12 00:00:00-04:00,325.34552001953125
2022-08-15 00:00:00-04:00,327.97479248046875
2022-08-16 00:00:00-04:00,327.2066345214844
2022-08-17 00:00:00-04:00,323.4744567871094
2022-08-18 00:00:00-04:00,324.2525329589844
2022-08-19 00:00:00-04:00,317.93048095703125
2022-08-22 00:00:00-04:00,309.5602722167969
2022-08-23 00:00:00-04:00,309.30426025390625
2022-08-24 00:00:00-04:00,310.2003479003906
2022-08-25 00:00:00-04:00,315.685302734375
2022-08-26 00:00:00-04:00,302.74591064453125
2022-08-29 00:00:00-04:00,299.7621765136719
2022-08-30 00:00:00-04:00,296.4239196777344
2022-08-31 00:00:00-04:00,294.70068359375
2022-09-01 00:00:00-04:00,294.8286437988281
2022-09-02 00:00:00-04:00,290.6632995605469
2022-09-06 00:00:00-04:00,288.57568359375
2022-09-07 00:00:00-04:00,294.4052429199219
2022-09-08 00:00:00-04:00,295.93157958984375
2022-09-09 00:00:00-04:00,302.4012451171875
2022-09-12 00:00:00-04:00,305.9955139160156
2022-09-13 00:00:00-04:00,289.21575927734375
2022-09-14 00:00:00-04:00,291.5101318359375
2022-09-15 00:00:00-04:00,286.65545654296875
2022-09-16 00:00:00-04:00,284.902587890625
2022-09-19 00:00:00-04:00,287.1212158203125
2022-09-20 00:00:00-04:00,284.8325500488281
2022-09-21 00:00:00-04:00,279.7323303222656
2022-09-22 00:00:00-04:00,276.2894592285156
2022-09-23 00:00:00-04:00,271.791015625
2022-09-26 00:00:00-04:00,270.6664123535156
2022-09-27 00:00:00-04:00,270.7749328613281
2022-09-28 00:00:00-04:00,276.16119384765625
2022-09-29 00:00:00-04:00,268.2001647949219
2022-09-30 00:00:00-04:00,263.6523742675781
2022-10-03 00:00:00-04:00,269.8376770019531
2022-10-04 00:00:00-04:00,278.3216552734375
2022-10-05 00:00:00-04:00,278.17364501953125
2022-10-06 00:00:00-04:00,275.9836730957031
2022-10-07 00:00:00-04:00,265.4675598144531
2022-10-10 00:00:00-04:00,262.8138732910156
2022-10-11 00:00:00-04:00,259.2032470703125
2022-10-12 00:00:00-04:00,259.1144714355469
2022-10-13 00:00:00-04:00,265.1912841796875
2022-10-14 00:00:00-04:00,257.2203063964844
2022-10-17 00:00:00-04:00,265.71417236328125
2022-10-18 00:00:00-04:00,267.8153991699219
2022-10-19 00:00:00-04:00,266.8387145996094
2022-10-20 00:00:00-04:00,265.4773254394531
2022-10-21 00:00:00-04:00,271.70220947265625
2022-10-24 00:00:00-04:00,274.6913146972656
2022-10-25 00:00:00-04:00,280.37353515625
2022-10-26 00:00:00-04:00,274.1783142089844
2022-10-27 00:00:00-04:00,269.1866455078125
2022-10-28 00:00:00-04:00,277.4239196777344
2022-10-31 00:00:00-04:00,274.19805908203125
2022-11-01 00:00:00-04:00,271.39642333984375
2022-11-02 00:00:00-04:00,262.0937194824219
2022-11-03 00:00:00-04:00,256.9737548828125
2022-11-04 00:00:00-04:00,261.107177734375
2022-11-07 00:00:00-05:00,263.9779052734375
2022-11-08 00:00:00-05:00,265.9015808105469
2022-11-09 00:00:00-05:00,259.76556396484375
2022-11-10 00:00:00-05:00,278.9332580566406
2022-11-11 00:00:00-05:00,284.07293701171875
2022-11-14 00:00:00-05:00,281.5869445800781
2022-11-15 00:00:00-05:00,285.483642578125
2022-11-16 00:00:00-05:00,281.5869445800781
2022-11-17 00:00:00-05:00,280.9654541015625
2022-11-18 00:00:00-05:00,280.9753723144531
2022-11-21 00:00:00-05:00,278.08489990234375
2022-11-22 00:00:00-05:00,282.0900573730469
2022-11-23 00:00:00-05:00,284.9213562011719
2022-11-25 00:00:00-05:00,283.0469970703125
2022-11-28 00:00:00-05:00,278.893798828125
2022-11-29 00:00:00-05:00,276.7827453613281
2022-11-30 00:00:00-05:00,289.4000244140625
2022-12-01 00:00:00-05:00,289.75518798828125
2022-12-02 00:00:00-05:00,288.6009521484375
2022-12-05 00:00:00-05:00,283.75732421875
2022-12-06 00:00:00-05:00,277.8777160644531
2022-12-07 00:00:00-05:00,276.74322509765625
2022-12-08 00:00:00-05:00,280.0184020996094
2022-12-09 00:00:00-05:00,278.23284912109375
2022-12-12 00:00:00-05:00,281.7250061035156
2022-12-13 00:00:00-05:00,284.7536315917969
2022-12-14 00:00:00-05:00,282.6425476074219
2022-12-15 00:00:00-05:00,273.15240478515625
2022-12-16 00:00:00-05:00,270.54803466796875
2022-12-19 00:00:00-05:00,266.7458190917969
2022-12-20 00:00:00-05:00,266.5382080078125
2022-12-21 00:00:00-05:00,270.4046325683594
2022-12-22 00:00:00-05:00,263.78912353515625
2022-12-23 00:00:00-05:00,264.3824462890625
2022-12-27 00:00:00-05:00,260.6445617675781
2022-12-28 00:00:00-05:00,257.20330810546875
2022-12-29 00:00:00-05:00,263.47271728515625
2022-12-30 00:00:00-05:00,263.314453125
2023-01-03 00:00:00-05:00,261.5345458984375
2023-01-04 00:00:00-05:00,262.7804870605469
2023-01-05 00:00:00-05:00,258.6668395996094
2023-01-06 00:00:00-05:00,265.8064270019531
2023-01-09 00:00:00-05:00,267.52703857421875
2023-01-10 00:00:00-05:00,269.79150390625
2023-01-11 00:00:00-05:00,274.4589538574219
2023-01-12 00:00:00-05:00,275.9422912597656
2023-01-13 00:00:00-05:00,277.8409118652344
2023-01-17 00:00:00-05:00,278.4045715332031
2023-01-18 00:00:00-05:00,274.78533935546875
2023-01-19 00:00:00-05:00,272.085693359375
2023-01-20 00:00:00-05:00,279.53179931640625
2023-01-23 00:00:00-05:00,285.74188232421875
2023-01-24 00:00:00-05:00,285.1584167480469
2023-01-25 00:00:00-05:00,284.5256042480469
2023-01-26 00:00:00-05:00,290.0730895996094
2023-01-27 00:00:00-05:00,292.9606018066406
2023-01-30 00:00:00-05:00,287.0373229980469
2023-01-31 00:00:00-05:00,291.3388977050781
2023-02-01 00:00:00-05:00,297.5686950683594
2023-02-02 00:00:00-05:00,308.2484130859375
2023-02-03 00:00:00-05:00,302.7701110839844
2023-02-06 00:00:00-05:00,300.2089538574219
2023-02-07 00:00:00-05:00,306.42889404296875
2023-02-08 00:00:00-05:00,300.98028564453125
2023-02-09 00:00:00-05:00,298.3201904296875
2023-02-10 00:00:00-05:00,296.3622741699219
2023-02-13 00:00:00-05:00,301.1088562011719
2023-02-14 00:00:00-05:00,303.3337707519531
2023-02-15 00:00:00-05:00,305.6576232910156
2023-02-16 00:00:00-05:00,299.9222106933594
2023-02-17 00:00:00-05:00,297.8060302734375
2023-02-21 00:00:00-05:00,290.7554626464844
2023-02-22 00:00:00-05:00,290.97296142578125
2023-02-23 00:00:00-05:00,293.51434326171875
2023-02-24 00:00:00-05:00,288.5997009277344
2023-02-27 00:00:00-05:00,290.66644287109375
2023-02-28 00:00:00-05:00,290.2906799316406
2023-03-01 00:00:00-05:00,287.9569396972656
2023-03-02 00:00:00-05:00,290.340087890625
2023-03-03 00:00:00-05:00,296.3424987792969
2023-03-06 00:00:00-05:00,296.6787414550781
2023-03-07 00:00:00-05:00,293.0397033691406
2023-03-08 00:00:00-05:00,294.50323486328125
2023-03-09 00:00:00-05:00,289.4006652832031
2023-03-10 00:00:00-05:00,285.3364562988281
2023-03-13 00:00:00-04:00,287.4526062011719
2023-03-14 00:00:00-04:00,294.0582275390625
2023-03-15 00:00:00-04:00,295.60089111328125
2023-03-16 00:00:00-04:00,303.3930969238281
2023-03-17 00:00:00-04:00,301.959228515625
2023-03-20 00:00:00-04:00,303.03082275390625
2023-03-21 00:00:00-04:00,307.35888671875
2023-03-22 00:00:00-04:00,303.179443359375
2023-03-23 00:00:00-04:00,306.7745361328125
2023-03-24 00:00:00-04:00,307.9035949707031
2023-03-27 00:00:00-04:00,305.7940673828125
2023-03-28 00:00:00-04:00,304.1698303222656
2023-03-29 00:00:00-04:00,309.71600341796875
2023-03-30 00:00:00-04:00,312.6475830078125
2023-03-31 00:00:00-04:00,317.8471374511719
2023-04-03 00:00:00-04:00,317.07464599609375
2023-04-04 00:00:00-04:00,316.0050048828125
2023-04-05 00:00:00-04:00,312.88531494140625
2023-04-06 00:00:00-04:00,314.99481201171875
2023-04-10 00:00:00-04:00,314.8164978027344
2023-04-11 00:00:00-04:00,312.796142578125
2023-04-12 00:00:00-04:00,310.032958984375
2023-04-13 00:00:00-04:00,316.1040954589844
2023-04-14 00:00:00-04:00,315.50982666015625
2023-04-17 00:00:00-04:00,315.7772216796875
2023-04-18 00:00:00-04:00,315.7970275878906
2023-04-19 00:00:00-04:00,315.6484680175781
2023-04-20 00:00:00-04:00,313.2418518066406
2023-04-21 00:00:00-04:00,313.5686340332031
2023-04-24 00:00:00-04:00,312.91497802734375
2023-04-25 00:00:00-04:00,307.01226806640625
2023-04-26 00:00:00-04:00,308.8741760253906
2023-04-27 00:00:00-04:00,317.2727355957031
2023-04-28 00:00:00-04:00,319.46148681640625
2023-05-01 00:00:00-04:00,319.0950622558594
2023-05-02 00:00:00-04:00,316.3120422363281
2023-05-03 00:00:00-04:00,314.24212646484375
2023-05-04 00:00:00-04:00,313.13287353515625
2023-05-05 00:00:00-04:00,319.788330078125
2023-05-08 00:00:00-04:00,320.58062744140625
2023-05-09 00:00:00-04:00,318.5503234863281
2023-05-10 00:00:00-04:00,322.0167541503906
2023-05-11 00:00:00-04:00,323.06658935546875
2023-05-12 00:00:00-04:00,321.90777587890625
2023-05-15 00:00:00-04:00,323.6509094238281
2023-05-16 00:00:00-04:00,324.017333984375
2023-05-17 00:00:00-04:00,327.93927001953125
2023-05-18 00:00:00-04:00,334.03021240234375
2023-05-19 00:00:00-04:00,333.27752685546875
2023-05-22 00:00:00-04:00,334.39666748046875
2023-05-23 00:00:00-04:00,330.15777587890625
2023-05-24 00:00:00-04:00,328.4642028808594
2023-05-25 00:00:00-04:00,336.4566955566406
2023-05-26 00:00:00-04:00,345.0532531738281
2023-05-30 00:00:00-04:00,346.61810302734375
2023-05-31 00:00:00-04:00,344.647216796875
2023-06-01 00:00:00-04:00,348.62860107421875
2023-06-02 00:00:00-04:00,351.24322509765625
2023-06-05 00:00:00-04:00,351.4908142089844
2023-06-06 00:00:00-04:00,351.43145751953125
2023-06-07 00:00:00-04:00,345.4692687988281
2023-06-08 00:00:00-04:00,349.7575988769531
2023-06-09 00:00:00-04:00,351.0946960449219
2023-06-12 00:00:00-04:00,357.027099609375
2023-06-13 00:00:00-04:00,359.7705383300781
2023-06-14 00:00:00-04:00,362.3851623535156
2023-06-15 00:00:00-04:00,366.70330810546875
2023-06-16 00:00:00-04:00,364.3956604003906
2023-06-20 00:00:00-04:00,363.8740539550781
2023-06-21 00:00:00-04:00,358.9153137207031
2023-06-22 00:00:00-04:00,363.1500244140625
2023-06-23 00:00:00-04:00,359.5499572753906
2023-06-26 00:00:00-04:00,354.7300109863281
2023-06-27 00:00:00-04:00,360.8293151855469
2023-06-28 00:00:00-04:00,361.53350830078125
2023-06-29 00:00:00-04:00,360.8095397949219
2023-06-30 00:00:00-04:00,366.373291015625
2023-07-03 00:00:00-04:00,367.2360534667969
2023-07-05 00:00:00-04:00,367.22613525390625
2023-07-06 00:00:00-04:00,364.42938232421875
2023-07-07 00:00:00-04:00,363.219482421875
2023-07-10 00:00:00-04:00,363.3384704589844
2023-07-11 00:00:00-04:00,365.1335754394531
2023-07-12 00:00:00-04:00,369.7452392578125
2023-07-13 00:00:00-04:00,376.0229797363281
2023-07-14 00:00:00-04:00,375.9436950683594
2023-07-17 00:00:00-04:00,379.4544372558594
2023-07-18 00:00:00-04:00,382.5586242675781
2023-07-19 00:00:00-04:00,382.4693908691406
2023-07-20 00:00:00-04:00,373.6527404785156
2023-07-21 00:00:00-04:00,372.53204345703125
2023-07-24 00:00:00-04:00,373.1270751953125
2023-07-25 00:00:00-04:00,375.6560363769531
2023-07-26 00:00:00-04:00,374.4064025878906
2023-07-27 00:00:00-04:00,373.51385498046875
2023-07-28 00:00:00-04:00,380.3172607421875
2023-07-31 00:00:00-04:00,380.515625
2023-08-01 00:00:00-04:00,379.63299560546875
2023-08-02 00:00:00-04:00,371.3022766113281
2023-08-03 00:00:00-04:00,370.70721435546875
2023-08-04 00:00:00-04:00,368.9716491699219
2023-08-07 00:00:00-04:00,372.0956726074219
2023-08-08 00:00:00-04:00,368.93194580078125
2023-08-09 00:00:00-04:00,364.87567138671875
2023-08-10 00:00:00-04:00,365.5500793457031
2023-08-11 00:00:00-04:00,363.219482421875
2023-08-14 00:00:00-04:00,367.29559326171875
2023-08-15 00:00:00-04:00,363.3979797363281
2023-08-16 00:00:00-04:00,359.5499572753906
2023-08-17 00:00:00-04:00,355.62261962890625
2023-08-18 00:00:00-04:00,355.1763916015625
2023-08-21 00:00:00-04:00,360.8987731933594
2023-08-22 00:00:00-04:00,360.3830261230469
2023-08-23 00:00:00-04:00,366.0657958984375
2023-08-24 00:00:00-04:00,358.2408752441406
2023-08-25 00:00:00-04:00,361.01776123046875
2023-08-28 00:00:00-04:00,363.7351989746094
2023-08-29 00:00:00-04:00,371.6791076660156
2023-08-30 00:00:00-04:00,373.7518310546875
2023-08-31 00:00:00-04:00,374.87255859375
2023-09-01 00:00:00-04:00,374.4758605957031
2023-09-05 00:00:00-04:00,374.9519348144531
2023-09-06 00:00:00-04:00,371.64935302734375
2023-09-07 00:00:00-04:00,368.991455078125
2023-09-08 00:00:00-04:00,369.5071716308594
2023-09-11 00:00:00-04:00,373.8609619140625
2023-09-12 00:00:00-04:00,369.7154541015625
2023-09-13 00:00:00-04:00,371.123779296875
2023-09-14 00:00:00-04:00,374.1584777832031
2023-09-15 00:00:00-04:00,367.7518005371094
2023-09-18 00:00:00-04:00,368.1351318359375
2023-09-19 00:00:00-04:00,367.3504943847656
2023-09-20 00:00:00-04:00,362.05682373046875
2023-09-21 00:00:00-04:00,355.42230224609375
2023-09-22 00:00:00-04:00,355.47198486328125
2023-09-25 00:00:00-04:00,357.160400390625
2023-09-26 00:00:00-04:00,351.79718017578125
2023-09-27 00:00:00-04:00,352.6215515136719
2023-09-28 00:00:00-04:00,355.5713195800781
2023-09-29 00:00:00-04:00,355.82952880859375
2023-10-02 00:00:00-04:00,358.7991943359375
2023-10-03 00:00:00-04:00,352.50238037109375
2023-10-04 00:00:00-04:00,357.29949951171875
2023-10-05 00:00:00-04:00,356.2466735839844
2023-10-06 00:00:00-04:00,362.2157287597656
2023-10-09 00:00:00-04:00,364.0630798339844
2023-10-10 00:00:00-04:00,366.0791931152344
2023-10-11 00:00:00-04:00,368.6913146972656
2023-10-12 00:00:00-04:00,367.4101257324219
2023-10-13 00:00:00-04:00,362.7917785644531
2023-10-16 00:00:00-04:00,366.8936767578125
2023-10-17 00:00:00-04:00,365.6919250488281
2023-10-18 00:00:00-04:00,360.894775390625
2023-10-19 00:00:00-04:00,357.5179443359375
2023-10-20 00:00:00-04:00,352.18450927734375
2023-10-23 00:00:00-04:00,353.24725341796875
2023-10-24 00:00:00-04:00,356.68365478515625
2023-10-25 00:00:00-04:00,347.95355224609375
2023-10-26 00:00:00-04:00,341.3190612792969
2023-10-27 00:00:00-04:00,342.9577941894531
2023-10-30 00:00:00-04:00,346.8213195800781
2023-10-31 00:00:00-04:00,348.47998046875
2023-11-01 00:00:00-04:00,354.5284729003906
2023-11-02 00:00:00-04:00,360.9643249511719
2023-11-03 00:00:00-04:00,365.2052307128906
2023-11-06 00:00:00-05:00,366.6950378417969
2023-11-07 00:00:00-05:00,370.1612548828125
2023-11-08 00:00:00-05:00,370.3996276855469
2023-11-09 00:00:00-05:00,367.5491638183594
2023-11-10 00:00:00-05:00,375.8125305175781
2023-11-13 00:00:00-05:00,374.6405029296875
2023-11-14 00:00:00-05:00,382.7052001953125
2023-11-15 00:00:00-05:00,382.99322509765625
2023-11-16 00:00:00-05:00,383.3209533691406
2023-11-17 00:00:00-05:00,383.4103698730469
2023-11-20 00:00:00-05:00,388.0783386230469
2023-11-21 00:00:00-05:00,385.8238525390625
2023-11-22 00:00:00-05:00,387.40301513671875
2023-11-24 00:00:00-05:00,386.85675048828125
2023-11-27 00:00:00-05:00,386.5190734863281
2023-11-28 00:00:00-05:00,387.5321044921875
2023-11-29 00:00:00-05:00,387.1546936035156
2023-11-30 00:00:00-05:00,386.1813659667969
2023-12-01 00:00:00-05:00,387.2837829589844
2023-12-04 00:00:00-05:00,383.6884460449219
2023-12-05 00:00:00-05:00,384.6518859863281
2023-12-06 00:00:00-05:00,382.4271240234375
2023-12-07 00:00:00-05:00,387.7704772949219
2023-12-08 00:00:00-05:00,389.4986267089844
2023-12-11 00:00:00-05:00,392.8258056640625
2023-12-12 00:00:00-05:00,395.954345703125
2023-12-13 00:00:00-05:00,400.98980712890625
2023-12-14 00:00:00-05:00,400.6422119140625
2023-12-15 00:00:00-05:00,402.5788879394531
2023-12-18 00:00:00-05:00,405.1145935058594
2023-12-19 00:00:00-05:00,407.1846008300781
2023-12-20 00:00:00-05:00,401.1338806152344
2023-12-21 00:00:00-05:00,405.8013000488281
2023-12-22 00:00:00-05:00,406.4083557128906
2023-12-26 00:00:00-05:00,408.8962707519531
2023-12-27 00:00:00-05:00,409.7286682128906
2023-12-28 00:00:00-05:00,409.5295104980469
2023-12-29 00:00:00-05:00,407.7571716308594
2024-01-02 00:00:00-05:00,400.8570251464844
2024-01-03 00:00:00-05:00,396.6153564453125
2024-01-04 00:00:00-05:00,394.5741882324219
2024-01-05 00:00:00-05:00,395.0421447753906
2024-01-08 00:00:00-05:00,403.2068786621094
2024-01-09 00:00:00-05:00,404.0034484863281
2024-01-10 00:00:00-05:00,406.7415771484375
2024-01-11 00:00:00-05:00,407.58795166015625
2024-01-12 00:00:00-05:00,407.7970275878906
2024-01-16 00:00:00-05:00,407.7571716308594
2024-01-17 00:00:00-05:00,405.4571228027344
2024-01-18 00:00:00-05:00,411.2122802734375
2024-01-19 00:00:00-05:00,419.3669738769531
2024-01-22 00:00:00-05:00,419.9146728515625
2024-01-23 00:00:00-05:00,421.6571044921875
2024-01-24 00:00:00-05:00,423.9969787597656
2024-01-25 00:00:00-05:00,424.5147399902344
2024-01-26 00:00:00-05:00,421.9856872558594
2024-01-29 00:00:00-05:00,426.3070068359375
2024-01-30 00:00:00-05:00,423.4692687988281
2024-01-31 00:00:00-05:00,415.1751403808594
2024-02-01 00:00:00-05:00,420.0639953613281
2024-02-02 00:00:00-05:00,427.163330078125
2024-02-05 00:00:00-05:00,426.6057434082031
2024-02-06 00:00:00-05:00,425.7494201660156
2024-02-07 00:00:00-05:00,430.1304626464844
2024-02-08 00:00:00-05:00,430.9270324707031
2024-02-09 00:00:00-05:00,435.1686706542969
2024-02-12 00:00:00-05:00,433.4660339355469
2024-02-13 00:00:00-05:00,426.70526123046875
2024-02-14 00:00:00-05:00,431.35516357421875
2024-02-15 00:00:00-05:00,432.6396179199219
2024-02-16 00:00:00-05:00,428.7165832519531
2024-02-20 00:00:00-05:00,425.4805908203125
2024-02-21 00:00:00-05:00,423.77789306640625
2024-02-22 00:00:00-05:00,436.1842956542969
2024-02-23 00:00:00-05:00,434.89984130859375
2024-02-26 00:00:00-05:00,434.6708068847656
2024-02-27 00:00:00-05:00,435.7163391113281
2024-02-28 00:00:00-05:00,433.3963317871094
2024-02-29 00:00:00-05:00,437.1103210449219
2024-03-01 00:00:00-05:00,443.69183349609375
2024-03-04 00:00:00-05:00,442.1086730957031
2024-03-05 00:00:00-05:00,434.1729736328125
2024-03-06 00:00:00-05:00,436.9012145996094
2024-03-07 00:00:00-05:00,443.53253173828125
2024-03-08 00:00:00-05:00,437.1302185058594
2024-03-11 00:00:00-04:00,435.50726318359375
2024-03-12 00:00:00-04:00,441.750244140625
2024-03-13 00:00:00-04:00,438.35491943359375
2024-03-14 00:00:00-04:00,437.2497253417969
2024-03-15 00:00:00-04:00,432.05218505859375
2024-03-18 00:00:00-04:00,436.1728515625
2024-03-19 00:00:00-04:00,437.2595520019531
2024-03-20 00:00:00-04:00,442.4440002441406
2024-03-21 00:00:00-04:00,444.5377502441406
2024-03-22 00:00:00-04:00,445.0462341308594
2024-03-25 00:00:00-04:00,443.43109130859375
2024-03-26 00:00:00-04:00,441.9953918457031
2024-03-27 00:00:00-04:00,443.5008544921875
2024-03-28 00:00:00-04:00,442.6833190917969
2024-04-01 00:00:00-04:00,443.6205139160156
2024-04-02 00:00:00-04:00,439.7919616699219
2024-04-03 00:00:00-04:00,440.7790222167969
2024-04-04 00:00:00-04:00,434.0392150878906
2024-04-05 00:00:00-04:00,439.1539001464844
2024-04-08 00:00:00-04:00,439.28350830078125
2024-04-09 00:00:00-04:00,440.90863037109375
2024-04-10 00:00:00-04:00,437.0601806640625
2024-04-11 00:00:00-04:00,444.03924560546875
2024-04-12 00:00:00-04:00,436.96044921875
2024-04-15 00:00:00-04:00,429.7720031738281
2024-04-16 00:00:00-04:00,429.8118896484375
2024-04-17 00:00:00-04:00,424.5675964355469
2024-04-18 00:00:00-04:00,422.1448974609375
2024-04-19 00:00:00-04:00,413.4110107421875
2024-04-22 00:00:00-04:00,417.568603515625
2024-04-23 00:00:00-04:00,423.7998962402344
2024-04-24 00:00:00-04:00,425.2356262207031
2024-04-25 00:00:00-04:00,423.1817932128906
2024-04-26 00:00:00-04:00,429.7121887207031
2024-04-29 00:00:00-04:00,431.45697021484375
2024-04-30 00:00:00-04:00,423.3213195800781
2024-05-01 00:00:00-04:00,420.260498046875
2024-05-02 00:00:00-04:00,425.6244201660156
2024-05-03 00:00:00-04:00,434.1788330078125
2024-05-06 00:00:00-04:00,438.9345397949219
2024-05-07 00:00:00-04:00,439.00433349609375
2024-05-08 00:00:00-04:00,438.7451171875
2024-05-09 00:00:00-04:00,439.7022399902344
2024-05-10 00:00:00-04:00,440.7391357421875
2024-05-13 00:00:00-04:00,441.7560729980469
2024-05-14 00:00:00-04:00,444.5975646972656
2024-05-15 00:00:00-04:00,451.5467529296875
2024-05-16 00:00:00-04:00,450.6295166015625
2024-05-17 00:00:00-04:00,450.41015625
2024-05-20 00:00:00-04:00,453.5507507324219
2024-05-21 00:00:00-04:00,454.4380798339844
2024-05-22 00:00:00-04:00,454.34832763671875
2024-05-23 00:00:00-04:00,452.30450439453125
2024-05-24 00:00:00-04:00,456.5816650390625
2024-05-28 00:00:00-04:00,458.3064880371094
2024-05-29 00:00:00-04:00,455.076171875
2024-05-30 00:00:00-04:00,450.2007751464844
2024-05-31 00:00:00-04:00,449.36328125
2024-06-03 00:00:00-04:00,451.77606201171875
2024-06-04 00:00:00-04:00,453.0123596191406
2024-06-05 00:00:00-04:00,462.1449890136719
2024-06-06 00:00:00-04:00,461.9854736328125
2024-06-07 00:00:00-04:00,461.5766906738281
2024-06-10 00:00:00-04:00,463.44110107421875
2024-06-11 00:00:00-04:00,466.6215515136719
2024-06-12 00:00:00-04:00,472.7332458496094
2024-06-13 00:00:00-04:00,475.2955627441406
2024-06-14 00:00:00-04:00,477.7582092285156
2024-06-17 00:00:00-04:00,483.61065673828125
2024-06-18 00:00:00-04:00,483.76019287109375
2024-06-20 00:00:00-04:00,480.0314025878906
2024-06-21 00:00:00-04:00,478.7452392578125
2024-06-24 00:00:00-04:00,473.2948913574219
2024-06-25 00:00:00-04:00,478.7073059082031
2024-06-26 00:00:00-04:00,479.6958923339844
2024-06-27 00:00:00-04:00,480.93414306640625
2024-06-28 00:00:00-04:00,478.4376525878906
2024-07-01 00:00:00-04:00,481.2437438964844
2024-07-02 00:00:00-04:00,486.296630859375
2024-07-03 00:00:00-04:00,490.3509521484375
2024-07-05 00:00:00-04:00,495.4637451171875
2024-07-08 00:00:00-04:00,496.64208984375
2024-07-09 00:00:00-04:00,497.07147216796875
2024-07-10 00:00:00-04:00,502.25421142578125
2024-07-11 00:00:00-04:00,491.23968505859375
2024-07-12 00:00:00-04:00,494.1256408691406
2024-07-15 00:00:00-04:00,495.4537658691406
2024-07-16 00:00:00-04:00,495.64349365234375
2024-07-17 00:00:00-04:00,481.09393310546875
2024-07-18 00:00:00-04:00,478.817138671875
2024-07-19 00:00:00-04:00,474.5730895996094
2024-07-22 00:00:00-04:00,481.6431884765625
2024-07-23 00:00:00-04:00,479.945556640625
2024-07-24 00:00:00-04:00,462.7297668457031
2024-07-25 00:00:00-04:00,457.6269226074219
2024-07-26 00:00:00-04:00,462.3203430175781
2024-07-29 00:00:00-04:00,463.2490234375
2024-07-30 00:00:00-04:00,456.8879699707031
2024-07-31 00:00:00-04:00,470.4089660644531
2024-08-01 00:00:00-04:00,459.0149841308594
2024-08-02 00:00:00-04:00,448.1202697753906
2024-08-05 00:00:00-04:00,434.7590637207031
2024-08-06 00:00:00-04:00,438.9132080078125
2024-08-07 00:00:00-04:00,434.1598815917969
2024-08-08 00:00:00-04:00,447.4412536621094
2024-08-09 00:00:00-04:00,449.7779541015625
2024-08-12 00:00:00-04:00,450.74658203125
2024-08-13 00:00:00-04:00,461.93084716796875
2024-08-14 00:00:00-04:00,462.0806884765625
2024-08-15 00:00:00-04:00,473.7542724609375
2024-08-16 00:00:00-04:00,474.3634033203125
2024-08-19 00:00:00-04:00,480.5946350097656
2024-08-20 00:00:00-04:00,479.5860595703125
2024-08-21 00:00:00-04:00,481.8229064941406
2024-08-22 00:00:00-04:00,474.18365478515625
2024-08-23 00:00:00-04:00,479.326416015625
2024-08-26 00:00:00-04:00,474.6729736328125
2024-08-27 00:00:00-04:00,476.0909729003906
2024-08-28 00:00:00-04:00,470.6885681152344
2024-08-29 00:00:00-04:00,469.9995422363281
2024-08-30 00:00:00-04:00,475.6016540527344
2024-09-03 00:00:00-04:00,461.1619567871094
2024-09-04 00:00:00-04:00,459.963623046875
2024-09-05 00:00:00-04:00,460.3930358886719
2024-09-06 00:00:00-04:00,448.06036376953125
2024-09-09 00:00:00-04:00,453.822265625
2024-09-10 00:00:00-04:00,458.0163879394531
2024-09-11 00:00:00-04:00,467.96240234375
2024-09-12 00:00:00-04:00,472.5559387207031
2024-09-13 00:00:00-04:00,474.6729736328125
2024-09-16 00:00:00-04:00,472.5758972167969
2024-09-17 00:00:00-04:00,472.8255615234375
2024-09-18 00:00:00-04:00,470.7784423828125
2024-09-19 00:00:00-04:00,482.68170166015625
2024-09-20 00:00:00-04:00,481.76300048828125
2024-09-23 00:00:00-04:00,483.0400085449219
2024-09-24 00:00:00-04:00,485.3699951171875
2024-09-25 00:00:00-04:00,485.82000732421875
2024-09-26 00:00:00-04:00,489.4700012207031
2024-09-27 00:00:00-04:00,486.75
2024-09-30 00:00:00-04:00,488.07000732421875
2024-10-01 00:00:00-04:00,481.2699890136719
2024-10-02 00:00:00-04:00,481.95001220703125
2024-10-03 00:00:00-04:00,481.5899963378906
2024-10-04 00:00:00-04:00,487.32000732421875
2024-10-07 00:00:00-04:00,482.1000061035156
2024-10-08 00:00:00-04:00,489.29998779296875
2024-10-09 00:00:00-04:00,493.1499938964844
2024-10-10 00:00:00-04:00,492.5899963378906
2024-10-11 00:00:00-04:00,493.3599853515625
2024-10-14 00:00:00-04:00,497.5
2024-10-15 00:00:00-04:00,490.8500061035156
2024-10-16 00:00:00-04:00,490.9100036621094
2024-10-17 00:00:00-04:00,491.25
2024-10-18 00:00:00-04:00,494.4700012207031
2024-10-21 00:00:00-04:00,495.4200134277344
2024-10-22 00:00:00-04:00,495.9599914550781
2024-10-23 00:00:00-04:00,488.3599853515625
2024-10-24 00:00:00-04:00,492.32000732421875
2024-10-25 00:00:00-04:00,495.32000732421875
2024-10-28 00:00:00-04:00,495.3999938964844
2024-10-29 00:00:00-04:00,500.1600036621094
2024-10-30 00:00:00-04:00,496.3800048828125
