Date,SI=F
2017-11-09 00:00:00-05:00,16.94300079345703
2017-11-10 00:00:00-05:00,16.8439998626709
2017-11-13 00:00:00-05:00,17.023000717163086
2017-11-14 00:00:00-05:00,17.052000045776367
2017-11-15 00:00:00-05:00,16.950000762939453
2017-11-16 00:00:00-05:00,17.055999755859375
2017-11-17 00:00:00-05:00,17.357999801635742
2017-11-20 00:00:00-05:00,16.82699966430664
2017-11-21 00:00:00-05:00,16.948999404907227
2017-11-22 00:00:00-05:00,17.10099983215332
2017-11-24 00:00:00-05:00,16.981000900268555
2017-11-27 00:00:00-05:00,17.009000778198242
2017-11-28 00:00:00-05:00,16.81100082397461
2017-11-29 00:00:00-05:00,16.457000732421875
2017-11-30 00:00:00-05:00,16.381999969482422
2017-12-01 00:00:00-05:00,16.297000885009766
2017-12-04 00:00:00-05:00,16.284000396728516
2017-12-05 00:00:00-05:00,15.972999572753906
2017-12-06 00:00:00-05:00,15.868000030517578
2017-12-07 00:00:00-05:00,15.71500015258789
2017-12-08 00:00:00-05:00,15.736000061035156
2017-12-11 00:00:00-05:00,15.696999549865723
2017-12-12 00:00:00-05:00,15.581999778747559
2017-12-13 00:00:00-05:00,15.784000396728516
2017-12-14 00:00:00-05:00,15.850000381469727
2017-12-15 00:00:00-05:00,15.977999687194824
2017-12-18 00:00:00-05:00,16.1200008392334
2017-12-19 00:00:00-05:00,16.06599998474121
2017-12-20 00:00:00-05:00,16.187999725341797
2017-12-21 00:00:00-05:00,16.152000427246094
2017-12-22 00:00:00-05:00,16.35700035095215
2017-12-26 00:00:00-05:00,16.520000457763672
2017-12-27 00:00:00-05:00,16.618999481201172
2017-12-28 00:00:00-05:00,16.832000732421875
2017-12-29 00:00:00-05:00,17.059999465942383
2018-01-02 00:00:00-05:00,17.121000289916992
2018-01-03 00:00:00-05:00,17.184999465942383
2018-01-04 00:00:00-05:00,17.18899917602539
2018-01-05 00:00:00-05:00,17.204999923706055
2018-01-08 00:00:00-05:00,17.06399917602539
2018-01-09 00:00:00-05:00,16.93600082397461
2018-01-10 00:00:00-05:00,16.96299934387207
2018-01-11 00:00:00-05:00,16.893999099731445
2018-01-12 00:00:00-05:00,17.069000244140625
2018-01-16 00:00:00-05:00,17.121999740600586
2018-01-17 00:00:00-05:00,17.104999542236328
2018-01-18 00:00:00-05:00,16.89299964904785
2018-01-19 00:00:00-05:00,16.975000381469727
2018-01-22 00:00:00-05:00,16.930999755859375
2018-01-23 00:00:00-05:00,16.854999542236328
2018-01-24 00:00:00-05:00,17.424999237060547
2018-01-25 00:00:00-05:00,17.551000595092773
2018-01-26 00:00:00-05:00,17.381999969482422
2018-01-30 00:00:00-05:00,17.01300048828125
2018-01-31 00:00:00-05:00,17.20400047302246
2018-02-01 00:00:00-05:00,17.118000030517578
2018-02-02 00:00:00-05:00,16.676000595092773
2018-02-05 00:00:00-05:00,16.638999938964844
2018-02-06 00:00:00-05:00,16.54800033569336
2018-02-07 00:00:00-05:00,16.20599937438965
2018-02-08 00:00:00-05:00,16.31399917602539
2018-02-09 00:00:00-05:00,16.115999221801758
2018-02-12 00:00:00-05:00,16.54800033569336
2018-02-13 00:00:00-05:00,16.506999969482422
2018-02-14 00:00:00-05:00,16.857999801635742
2018-02-15 00:00:00-05:00,16.777000427246094
2018-02-16 00:00:00-05:00,16.69499969482422
2018-02-20 00:00:00-05:00,16.424999237060547
2018-02-21 00:00:00-05:00,16.604000091552734
2018-02-22 00:00:00-05:00,16.57900047302246
2018-02-23 00:00:00-05:00,16.47599983215332
2018-02-26 00:00:00-05:00,16.54199981689453
2018-02-27 00:00:00-05:00,16.34600067138672
2018-02-28 00:00:00-05:00,16.323999404907227
2018-03-01 00:00:00-05:00,16.200000762939453
2018-03-02 00:00:00-05:00,16.392000198364258
2018-03-05 00:00:00-05:00,16.33799934387207
2018-03-06 00:00:00-05:00,16.71500015258789
2018-03-07 00:00:00-05:00,16.42799949645996
2018-03-08 00:00:00-05:00,16.43600082397461
2018-03-09 00:00:00-05:00,16.54599952697754
2018-03-12 00:00:00-04:00,16.47100067138672
2018-03-13 00:00:00-04:00,16.55900001525879
2018-03-14 00:00:00-04:00,16.466999053955078
2018-03-15 00:00:00-04:00,16.35300064086914
2018-03-16 00:00:00-04:00,16.20199966430664
2018-03-19 00:00:00-04:00,16.2549991607666
2018-03-20 00:00:00-04:00,16.125
2018-03-21 00:00:00-04:00,16.35700035095215
2018-03-22 00:00:00-04:00,16.327999114990234
2018-03-23 00:00:00-04:00,16.530000686645508
2018-03-26 00:00:00-04:00,16.631999969482422
2018-03-27 00:00:00-04:00,16.48900032043457
2018-03-28 00:00:00-04:00,16.204999923706055
2018-03-29 00:00:00-04:00,16.222999572753906
2018-04-02 00:00:00-04:00,16.62700080871582
2018-04-03 00:00:00-04:00,16.347000122070312
2018-04-04 00:00:00-04:00,16.208999633789062
2018-04-05 00:00:00-04:00,16.31999969482422
2018-04-06 00:00:00-04:00,16.332000732421875
2018-04-09 00:00:00-04:00,16.499000549316406
2018-04-10 00:00:00-04:00,16.56599998474121
2018-04-11 00:00:00-04:00,16.738000869750977
2018-04-12 00:00:00-04:00,16.44300079345703
2018-04-13 00:00:00-04:00,16.628000259399414
2018-04-16 00:00:00-04:00,16.66200065612793
2018-04-17 00:00:00-04:00,16.77199935913086
2018-04-18 00:00:00-04:00,17.231000900268555
2018-04-19 00:00:00-04:00,17.222000122070312
2018-04-20 00:00:00-04:00,17.14699935913086
2018-04-23 00:00:00-04:00,16.570999145507812
2018-04-24 00:00:00-04:00,16.687000274658203
2018-04-25 00:00:00-04:00,16.486000061035156
2018-04-26 00:00:00-04:00,16.488000869750977
2018-04-27 00:00:00-04:00,16.4060001373291
2018-04-30 00:00:00-04:00,16.312000274658203
2018-05-01 00:00:00-04:00,16.038999557495117
2018-05-02 00:00:00-04:00,16.291000366210938
2018-05-03 00:00:00-04:00,16.36199951171875
2018-05-04 00:00:00-04:00,16.43400001525879
2018-05-07 00:00:00-04:00,16.413000106811523
2018-05-08 00:00:00-04:00,16.38800048828125
2018-05-09 00:00:00-04:00,16.45800018310547
2018-05-10 00:00:00-04:00,16.68000030517578
2018-05-11 00:00:00-04:00,16.676000595092773
2018-05-14 00:00:00-04:00,16.56999969482422
2018-05-15 00:00:00-04:00,16.194000244140625
2018-05-16 00:00:00-04:00,16.297000885009766
2018-05-17 00:00:00-04:00,16.413000106811523
2018-05-18 00:00:00-04:00,16.386999130249023
2018-05-21 00:00:00-04:00,16.45199966430664
2018-05-22 00:00:00-04:00,16.507999420166016
2018-05-23 00:00:00-04:00,16.33799934387207
2018-05-24 00:00:00-04:00,16.621000289916992
2018-05-25 00:00:00-04:00,16.481000900268555
2018-05-29 00:00:00-04:00,16.30500030517578
2018-05-30 00:00:00-04:00,16.479000091552734
2018-05-31 00:00:00-04:00,16.402000427246094
2018-06-01 00:00:00-04:00,16.38800048828125
2018-06-04 00:00:00-04:00,16.378999710083008
2018-06-05 00:00:00-04:00,16.490999221801758
2018-06-06 00:00:00-04:00,16.642000198364258
2018-06-07 00:00:00-04:00,16.766000747680664
2018-06-08 00:00:00-04:00,16.694000244140625
2018-06-11 00:00:00-04:00,16.905000686645508
2018-06-12 00:00:00-04:00,16.849000930786133
2018-06-13 00:00:00-04:00,16.952999114990234
2018-06-14 00:00:00-04:00,17.22599983215332
2018-06-15 00:00:00-04:00,16.45199966430664
2018-06-18 00:00:00-04:00,16.41200065612793
2018-06-19 00:00:00-04:00,16.30299949645996
2018-06-20 00:00:00-04:00,16.288999557495117
2018-06-21 00:00:00-04:00,16.305999755859375
2018-06-22 00:00:00-04:00,16.43899917602539
2018-06-25 00:00:00-04:00,16.308000564575195
2018-06-26 00:00:00-04:00,16.238000869750977
2018-06-27 00:00:00-04:00,16.138999938964844
2018-06-28 00:00:00-04:00,15.951000213623047
2018-06-29 00:00:00-04:00,16.104000091552734
2018-07-02 00:00:00-04:00,15.744000434875488
2018-07-03 00:00:00-04:00,15.95199966430664
2018-07-05 00:00:00-04:00,16.007999420166016
2018-07-06 00:00:00-04:00,15.980999946594238
2018-07-09 00:00:00-04:00,16.05299949645996
2018-07-10 00:00:00-04:00,16.003000259399414
2018-07-11 00:00:00-04:00,15.732000350952148
2018-07-12 00:00:00-04:00,15.89799976348877
2018-07-13 00:00:00-04:00,15.73900032043457
2018-07-16 00:00:00-04:00,15.734999656677246
2018-07-17 00:00:00-04:00,15.545999526977539
2018-07-18 00:00:00-04:00,15.503000259399414
2018-07-19 00:00:00-04:00,15.34000015258789
2018-07-20 00:00:00-04:00,15.489999771118164
2018-07-23 00:00:00-04:00,15.368000030517578
2018-07-24 00:00:00-04:00,15.463000297546387
2018-07-25 00:00:00-04:00,15.532999992370605
2018-07-26 00:00:00-04:00,15.437999725341797
2018-07-27 00:00:00-04:00,15.435999870300293
2018-07-30 00:00:00-04:00,15.475000381469727
2018-07-31 00:00:00-04:00,15.5
2018-08-01 00:00:00-04:00,15.394000053405762
2018-08-02 00:00:00-04:00,15.329000473022461
2018-08-03 00:00:00-04:00,15.406000137329102
2018-08-06 00:00:00-04:00,15.291999816894531
2018-08-07 00:00:00-04:00,15.317000389099121
2018-08-08 00:00:00-04:00,15.37600040435791
2018-08-09 00:00:00-04:00,15.418999671936035
2018-08-10 00:00:00-04:00,15.265999794006348
2018-08-13 00:00:00-04:00,14.95300006866455
2018-08-14 00:00:00-04:00,15.024999618530273
2018-08-15 00:00:00-04:00,14.420999526977539
2018-08-16 00:00:00-04:00,14.696999549865723
2018-08-17 00:00:00-04:00,14.616000175476074
2018-08-20 00:00:00-04:00,14.654999732971191
2018-08-21 00:00:00-04:00,14.75100040435791
2018-08-22 00:00:00-04:00,14.734999656677246
2018-08-23 00:00:00-04:00,14.527000427246094
2018-08-24 00:00:00-04:00,14.779000282287598
2018-08-27 00:00:00-04:00,14.843999862670898
2018-08-28 00:00:00-04:00,14.767000198364258
2018-08-29 00:00:00-04:00,14.687999725341797
2018-08-30 00:00:00-04:00,14.47700023651123
2018-08-31 00:00:00-04:00,14.437999725341797
2018-09-04 00:00:00-04:00,14.060999870300293
2018-09-05 00:00:00-04:00,14.118000030517578
2018-09-06 00:00:00-04:00,14.074999809265137
2018-09-07 00:00:00-04:00,14.067000389099121
2018-09-10 00:00:00-04:00,14.079000473022461
2018-09-11 00:00:00-04:00,14.052000045776367
2018-09-12 00:00:00-04:00,14.192000389099121
2018-09-13 00:00:00-04:00,14.142999649047852
2018-09-14 00:00:00-04:00,14.041999816894531
2018-09-17 00:00:00-04:00,14.121999740600586
2018-09-18 00:00:00-04:00,14.083999633789062
2018-09-19 00:00:00-04:00,14.189000129699707
2018-09-20 00:00:00-04:00,14.21500015258789
2018-09-21 00:00:00-04:00,14.269000053405762
2018-09-24 00:00:00-04:00,14.25100040435791
2018-09-25 00:00:00-04:00,14.39799976348877
2018-09-26 00:00:00-04:00,14.305000305175781
2018-09-27 00:00:00-04:00,14.201000213623047
2018-09-28 00:00:00-04:00,14.623000144958496
2018-10-01 00:00:00-04:00,14.42199993133545
2018-10-02 00:00:00-04:00,14.609999656677246
2018-10-03 00:00:00-04:00,14.59000015258789
2018-10-04 00:00:00-04:00,14.510000228881836
2018-10-05 00:00:00-04:00,14.569000244140625
2018-10-08 00:00:00-04:00,14.258999824523926
2018-10-09 00:00:00-04:00,14.329000473022461
2018-10-10 00:00:00-04:00,14.255000114440918
2018-10-11 00:00:00-04:00,14.53499984741211
2018-10-12 00:00:00-04:00,14.564000129699707
2018-10-15 00:00:00-04:00,14.656000137329102
2018-10-16 00:00:00-04:00,14.630000114440918
2018-10-17 00:00:00-04:00,14.592000007629395
2018-10-18 00:00:00-04:00,14.532999992370605
2018-10-19 00:00:00-04:00,14.579000473022461
2018-10-22 00:00:00-04:00,14.522000312805176
2018-10-23 00:00:00-04:00,14.727999687194824
2018-10-24 00:00:00-04:00,14.611000061035156
2018-10-25 00:00:00-04:00,14.5649995803833
2018-10-26 00:00:00-04:00,14.635000228881836
2018-10-29 00:00:00-04:00,14.376999855041504
2018-10-30 00:00:00-04:00,14.402999877929688
2018-10-31 00:00:00-04:00,14.229000091552734
2018-11-01 00:00:00-04:00,14.729000091552734
2018-11-02 00:00:00-04:00,14.706999778747559
2018-11-05 00:00:00-05:00,14.604000091552734
2018-11-06 00:00:00-05:00,14.458000183105469
2018-11-07 00:00:00-05:00,14.527999877929688
2018-11-08 00:00:00-05:00,14.38599967956543
2018-11-09 00:00:00-05:00,14.102999687194824
2018-11-12 00:00:00-05:00,13.973999977111816
2018-11-13 00:00:00-05:00,13.95199966430664
2018-11-14 00:00:00-05:00,14.055000305175781
2018-11-15 00:00:00-05:00,14.237000465393066
2018-11-16 00:00:00-05:00,14.357999801635742
2018-11-19 00:00:00-05:00,14.380999565124512
2018-11-20 00:00:00-05:00,14.246999740600586
2018-11-21 00:00:00-05:00,14.479999542236328
2018-11-23 00:00:00-05:00,14.220999717712402
2018-11-26 00:00:00-05:00,14.182999610900879
2018-11-27 00:00:00-05:00,14.062000274658203
2018-11-28 00:00:00-05:00,14.303000450134277
2018-11-29 00:00:00-05:00,14.27299976348877
2018-11-30 00:00:00-05:00,14.093999862670898
2018-12-03 00:00:00-05:00,14.380999565124512
2018-12-04 00:00:00-05:00,14.520999908447266
2018-12-06 00:00:00-05:00,14.390000343322754
2018-12-07 00:00:00-05:00,14.571999549865723
2018-12-10 00:00:00-05:00,14.477999687194824
2018-12-11 00:00:00-05:00,14.49899959564209
2018-12-12 00:00:00-05:00,14.725000381469727
2018-12-13 00:00:00-05:00,14.729000091552734
2018-12-14 00:00:00-05:00,14.512999534606934
2018-12-17 00:00:00-05:00,14.638999938964844
2018-12-18 00:00:00-05:00,14.585000038146973
2018-12-19 00:00:00-05:00,14.70199966430664
2018-12-20 00:00:00-05:00,14.753000259399414
2018-12-21 00:00:00-05:00,14.583000183105469
2018-12-24 00:00:00-05:00,14.701000213623047
2018-12-26 00:00:00-05:00,15.003999710083008
2018-12-27 00:00:00-05:00,15.190999984741211
2018-12-28 00:00:00-05:00,15.326000213623047
2018-12-31 00:00:00-05:00,15.432999610900879
2019-01-02 00:00:00-05:00,15.541999816894531
2019-01-03 00:00:00-05:00,15.706000328063965
2019-01-04 00:00:00-05:00,15.694999694824219
2019-01-07 00:00:00-05:00,15.668999671936035
2019-01-08 00:00:00-05:00,15.62600040435791
2019-01-09 00:00:00-05:00,15.652999877929688
2019-01-10 00:00:00-05:00,15.560999870300293
2019-01-11 00:00:00-05:00,15.57699966430664
2019-01-14 00:00:00-05:00,15.609000205993652
2019-01-15 00:00:00-05:00,15.545999526977539
2019-01-16 00:00:00-05:00,15.564000129699707
2019-01-17 00:00:00-05:00,15.467000007629395
2019-01-18 00:00:00-05:00,15.329999923706055
2019-01-22 00:00:00-05:00,15.258999824523926
2019-01-23 00:00:00-05:00,15.317000389099121
2019-01-24 00:00:00-05:00,15.23799991607666
2019-01-25 00:00:00-05:00,15.638999938964844
2019-01-28 00:00:00-05:00,15.708999633789062
2019-01-29 00:00:00-05:00,15.78600025177002
2019-01-30 00:00:00-05:00,15.880000114440918
2019-01-31 00:00:00-05:00,16.02199935913086
2019-02-01 00:00:00-05:00,15.880000114440918
2019-02-04 00:00:00-05:00,15.836999893188477
2019-02-05 00:00:00-05:00,15.789999961853027
2019-02-06 00:00:00-05:00,15.656000137329102
2019-02-07 00:00:00-05:00,15.675000190734863
2019-02-08 00:00:00-05:00,15.77299976348877
2019-02-11 00:00:00-05:00,15.656999588012695
2019-02-12 00:00:00-05:00,15.65999984741211
2019-02-13 00:00:00-05:00,15.62399959564209
2019-02-14 00:00:00-05:00,15.5
2019-02-15 00:00:00-05:00,15.722999572753906
2019-02-19 00:00:00-05:00,15.946999549865723
2019-02-20 00:00:00-05:00,16.156999588012695
2019-02-21 00:00:00-05:00,15.791000366210938
2019-02-22 00:00:00-05:00,15.907999992370605
2019-02-25 00:00:00-05:00,15.824999809265137
2019-02-26 00:00:00-05:00,15.82699966430664
2019-02-27 00:00:00-05:00,15.67199993133545
2019-02-28 00:00:00-05:00,15.538000106811523
2019-03-01 00:00:00-05:00,15.168999671936035
2019-03-04 00:00:00-05:00,15.017000198364258
2019-03-05 00:00:00-05:00,15.020000457763672
2019-03-06 00:00:00-05:00,15.003000259399414
2019-03-07 00:00:00-05:00,14.960000038146973
2019-03-08 00:00:00-05:00,15.272000312805176
2019-03-11 00:00:00-04:00,15.196999549865723
2019-03-12 00:00:00-04:00,15.338000297546387
2019-03-13 00:00:00-04:00,15.380999565124512
2019-03-14 00:00:00-04:00,15.10099983215332
2019-03-15 00:00:00-04:00,15.253000259399414
2019-03-18 00:00:00-04:00,15.25100040435791
2019-03-19 00:00:00-04:00,15.300999641418457
2019-03-20 00:00:00-04:00,15.244999885559082
2019-03-21 00:00:00-04:00,15.371999740600586
2019-03-22 00:00:00-04:00,15.345000267028809
2019-03-25 00:00:00-04:00,15.506999969482422
2019-03-26 00:00:00-04:00,15.371000289916992
2019-03-27 00:00:00-04:00,15.23900032043457
2019-03-28 00:00:00-04:00,14.920999526977539
2019-03-29 00:00:00-04:00,15.0600004196167
2019-04-01 00:00:00-04:00,15.050999641418457
2019-04-02 00:00:00-04:00,15.017999649047852
2019-04-03 00:00:00-04:00,15.059000015258789
2019-04-04 00:00:00-04:00,15.041000366210938
2019-04-05 00:00:00-04:00,15.043000221252441
2019-04-08 00:00:00-04:00,15.17300033569336
2019-04-09 00:00:00-04:00,15.168000221252441
2019-04-10 00:00:00-04:00,15.201000213623047
2019-04-11 00:00:00-04:00,14.824000358581543
2019-04-12 00:00:00-04:00,14.920000076293945
2019-04-15 00:00:00-04:00,14.947999954223633
2019-04-16 00:00:00-04:00,14.890999794006348
2019-04-17 00:00:00-04:00,14.920999526977539
2019-04-18 00:00:00-04:00,14.937000274658203
2019-04-22 00:00:00-04:00,14.956999778747559
2019-04-23 00:00:00-04:00,14.77299976348877
2019-04-24 00:00:00-04:00,14.89799976348877
2019-04-25 00:00:00-04:00,14.861000061035156
2019-04-26 00:00:00-04:00,15.001999855041504
2019-04-29 00:00:00-04:00,14.843999862670898
2019-04-30 00:00:00-04:00,14.899999618530273
2019-05-01 00:00:00-04:00,14.645000457763672
2019-05-02 00:00:00-04:00,14.539999961853027
2019-05-03 00:00:00-04:00,14.906999588012695
2019-05-06 00:00:00-04:00,14.857000350952148
2019-05-07 00:00:00-04:00,14.859999656677246
2019-05-08 00:00:00-04:00,14.791999816894531
2019-05-09 00:00:00-04:00,14.706999778747559
2019-05-10 00:00:00-04:00,14.72599983215332
2019-05-13 00:00:00-04:00,14.713000297546387
2019-05-14 00:00:00-04:00,14.751999855041504
2019-05-15 00:00:00-04:00,14.751999855041504
2019-05-16 00:00:00-04:00,14.479000091552734
2019-05-17 00:00:00-04:00,14.347999572753906
2019-05-20 00:00:00-04:00,14.409000396728516
2019-05-21 00:00:00-04:00,14.373000144958496
2019-05-22 00:00:00-04:00,14.413999557495117
2019-05-23 00:00:00-04:00,14.57699966430664
2019-05-24 00:00:00-04:00,14.520000457763672
2019-05-28 00:00:00-04:00,14.281000137329102
2019-05-29 00:00:00-04:00,14.371999740600586
2019-05-30 00:00:00-04:00,14.460000038146973
2019-05-31 00:00:00-04:00,14.529999732971191
2019-06-03 00:00:00-04:00,14.70300006866455
2019-06-04 00:00:00-04:00,14.732000350952148
2019-06-05 00:00:00-04:00,14.753999710083008
2019-06-06 00:00:00-04:00,14.868000030517578
2019-06-07 00:00:00-04:00,14.994000434875488
2019-06-10 00:00:00-04:00,14.604999542236328
2019-06-11 00:00:00-04:00,14.706000328063965
2019-06-12 00:00:00-04:00,14.722000122070312
2019-06-13 00:00:00-04:00,14.871000289916992
2019-06-14 00:00:00-04:00,14.781999588012695
2019-06-17 00:00:00-04:00,14.814000129699707
2019-06-18 00:00:00-04:00,14.979999542236328
2019-06-19 00:00:00-04:00,14.944999694824219
2019-06-20 00:00:00-04:00,15.468999862670898
2019-06-21 00:00:00-04:00,15.27299976348877
2019-06-24 00:00:00-04:00,15.368000030517578
2019-06-25 00:00:00-04:00,15.291000366210938
2019-06-26 00:00:00-04:00,15.282999992370605
2019-06-27 00:00:00-04:00,15.204999923706055
2019-06-28 00:00:00-04:00,15.253000259399414
2019-07-01 00:00:00-04:00,15.105999946594238
2019-07-02 00:00:00-04:00,15.154000282287598
2019-07-03 00:00:00-04:00,15.251999855041504
2019-07-05 00:00:00-04:00,14.918000221252441
2019-07-08 00:00:00-04:00,14.972000122070312
2019-07-09 00:00:00-04:00,15.067999839782715
2019-07-10 00:00:00-04:00,15.147000312805176
2019-07-11 00:00:00-04:00,15.067000389099121
2019-07-12 00:00:00-04:00,15.16100025177002
2019-07-15 00:00:00-04:00,15.289999961853027
2019-07-16 00:00:00-04:00,15.600000381469727
2019-07-17 00:00:00-04:00,15.892999649047852
2019-07-18 00:00:00-04:00,16.1200008392334
2019-07-19 00:00:00-04:00,16.117000579833984
2019-07-22 00:00:00-04:00,16.34000015258789
2019-07-23 00:00:00-04:00,16.405000686645508
2019-07-24 00:00:00-04:00,16.554000854492188
2019-07-25 00:00:00-04:00,16.339000701904297
2019-07-26 00:00:00-04:00,16.325000762939453
2019-07-29 00:00:00-04:00,16.368000030517578
2019-07-30 00:00:00-04:00,16.4950008392334
2019-07-31 00:00:00-04:00,16.34600067138672
2019-08-01 00:00:00-04:00,16.121000289916992
2019-08-02 00:00:00-04:00,16.222000122070312
2019-08-05 00:00:00-04:00,16.344999313354492
2019-08-06 00:00:00-04:00,16.405000686645508
2019-08-07 00:00:00-04:00,17.1560001373291
2019-08-08 00:00:00-04:00,16.900999069213867
2019-08-09 00:00:00-04:00,16.89699935913086
2019-08-12 00:00:00-04:00,17.038999557495117
2019-08-13 00:00:00-04:00,16.95599937438965
2019-08-14 00:00:00-04:00,17.253000259399414
2019-08-15 00:00:00-04:00,17.187999725341797
2019-08-16 00:00:00-04:00,17.09600067138672
2019-08-19 00:00:00-04:00,16.913999557495117
2019-08-20 00:00:00-04:00,17.121999740600586
2019-08-21 00:00:00-04:00,17.125
2019-08-22 00:00:00-04:00,17.013999938964844
2019-08-23 00:00:00-04:00,17.395000457763672
2019-08-26 00:00:00-04:00,17.624000549316406
2019-08-27 00:00:00-04:00,18.138999938964844
2019-08-28 00:00:00-04:00,18.304000854492188
2019-08-29 00:00:00-04:00,18.16699981689453
2019-08-30 00:00:00-04:00,18.184999465942383
2019-09-03 00:00:00-04:00,19.07900047302246
2019-09-04 00:00:00-04:00,19.391000747680664
2019-09-05 00:00:00-04:00,18.6560001373291
2019-09-06 00:00:00-04:00,17.968000411987305
2019-09-09 00:00:00-04:00,18.018999099731445
2019-09-10 00:00:00-04:00,18.041000366210938
2019-09-11 00:00:00-04:00,18.0310001373291
2019-09-12 00:00:00-04:00,18.041000366210938
2019-09-13 00:00:00-04:00,17.43600082397461
2019-09-16 00:00:00-04:00,17.900999069213867
2019-09-17 00:00:00-04:00,18.016000747680664
2019-09-18 00:00:00-04:00,17.795000076293945
2019-09-19 00:00:00-04:00,17.773000717163086
2019-09-20 00:00:00-04:00,17.738000869750977
2019-09-23 00:00:00-04:00,18.600000381469727
2019-09-24 00:00:00-04:00,18.517000198364258
2019-09-25 00:00:00-04:00,17.961999893188477
2019-09-26 00:00:00-04:00,17.801000595092773
2019-09-27 00:00:00-04:00,17.552000045776367
2019-09-30 00:00:00-04:00,16.898000717163086
2019-10-01 00:00:00-04:00,17.20199966430664
2019-10-02 00:00:00-04:00,17.591999053955078
2019-10-03 00:00:00-04:00,17.584999084472656
2019-10-04 00:00:00-04:00,17.540000915527344
2019-10-07 00:00:00-04:00,17.457000732421875
2019-10-08 00:00:00-04:00,17.617000579833984
2019-10-09 00:00:00-04:00,17.72800064086914
2019-10-10 00:00:00-04:00,17.520000457763672
2019-10-11 00:00:00-04:00,17.461999893188477
2019-10-14 00:00:00-04:00,17.634000778198242
2019-10-15 00:00:00-04:00,17.308000564575195
2019-10-16 00:00:00-04:00,17.35099983215332
2019-10-17 00:00:00-04:00,17.535999298095703
2019-10-18 00:00:00-04:00,17.50200080871582
2019-10-21 00:00:00-04:00,17.525999069213867
2019-10-22 00:00:00-04:00,17.437000274658203
2019-10-23 00:00:00-04:00,17.517000198364258
2019-10-24 00:00:00-04:00,17.73900032043457
2019-10-25 00:00:00-04:00,17.861000061035156
2019-10-28 00:00:00-04:00,17.81599998474121
2019-10-29 00:00:00-04:00,17.770999908447266
2019-10-30 00:00:00-04:00,17.815000534057617
2019-10-31 00:00:00-04:00,18.013999938964844
2019-11-01 00:00:00-04:00,18.003999710083008
2019-11-04 00:00:00-05:00,18.013999938964844
2019-11-05 00:00:00-05:00,17.516000747680664
2019-11-06 00:00:00-05:00,17.558000564575195
2019-11-07 00:00:00-05:00,16.969999313354492
2019-11-08 00:00:00-05:00,16.783000946044922
2019-11-11 00:00:00-05:00,16.761999130249023
2019-11-12 00:00:00-05:00,16.677000045776367
2019-11-13 00:00:00-05:00,16.898000717163086
2019-11-14 00:00:00-05:00,17.01300048828125
2019-11-15 00:00:00-05:00,16.933000564575195
2019-11-18 00:00:00-05:00,16.985000610351562
2019-11-19 00:00:00-05:00,17.10300064086914
2019-11-20 00:00:00-05:00,17.100000381469727
2019-11-21 00:00:00-05:00,17.049999237060547
2019-11-22 00:00:00-05:00,16.985000610351562
2019-11-25 00:00:00-05:00,16.871000289916992
2019-11-26 00:00:00-05:00,17.030000686645508
2019-11-27 00:00:00-05:00,16.91200065612793
2019-11-29 00:00:00-05:00,16.9689998626709
2019-12-02 00:00:00-05:00,16.836000442504883
2019-12-03 00:00:00-05:00,17.125
2019-12-04 00:00:00-05:00,16.797000885009766
2019-12-05 00:00:00-05:00,16.941999435424805
2019-12-06 00:00:00-05:00,16.481000900268555
2019-12-09 00:00:00-05:00,16.531999588012695
2019-12-10 00:00:00-05:00,16.59600067138672
2019-12-11 00:00:00-05:00,16.743999481201172
2019-12-12 00:00:00-05:00,16.844999313354492
2019-12-13 00:00:00-05:00,16.91200065612793
2019-12-16 00:00:00-05:00,17.018999099731445
2019-12-17 00:00:00-05:00,16.97800064086914
2019-12-18 00:00:00-05:00,16.952999114990234
2019-12-19 00:00:00-05:00,17.058000564575195
2019-12-20 00:00:00-05:00,17.128000259399414
2019-12-23 00:00:00-05:00,17.402999877929688
2019-12-24 00:00:00-05:00,17.756999969482422
2019-12-26 00:00:00-05:00,17.893999099731445
2019-12-27 00:00:00-05:00,17.849000930786133
2019-12-30 00:00:00-05:00,17.908000946044922
2019-12-31 00:00:00-05:00,17.827999114990234
2020-01-02 00:00:00-05:00,17.965999603271484
2020-01-03 00:00:00-05:00,18.06800079345703
2020-01-06 00:00:00-05:00,18.097000122070312
2020-01-07 00:00:00-05:00,18.31599998474121
2020-01-08 00:00:00-05:00,18.08799934387207
2020-01-09 00:00:00-05:00,17.860000610351562
2020-01-10 00:00:00-05:00,18.033000946044922
2020-01-13 00:00:00-05:00,17.926000595092773
2020-01-14 00:00:00-05:00,17.673999786376953
2020-01-15 00:00:00-05:00,17.92300033569336
2020-01-16 00:00:00-05:00,17.875
2020-01-17 00:00:00-05:00,18.01300048828125
2020-01-21 00:00:00-05:00,17.750999450683594
2020-01-22 00:00:00-05:00,17.770999908447266
2020-01-23 00:00:00-05:00,17.773000717163086
2020-01-24 00:00:00-05:00,18.05699920654297
2020-01-27 00:00:00-05:00,18.0
2020-01-28 00:00:00-05:00,17.402000427246094
2020-01-29 00:00:00-05:00,17.430999755859375
2020-01-30 00:00:00-05:00,17.95199966430664
2020-01-31 00:00:00-05:00,17.972000122070312
2020-02-03 00:00:00-05:00,17.639999389648438
2020-02-04 00:00:00-05:00,17.527999877929688
2020-02-05 00:00:00-05:00,17.569000244140625
2020-02-06 00:00:00-05:00,17.788999557495117
2020-02-07 00:00:00-05:00,17.665000915527344
2020-02-10 00:00:00-05:00,17.757999420166016
2020-02-11 00:00:00-05:00,17.572999954223633
2020-02-12 00:00:00-05:00,17.47800064086914
2020-02-13 00:00:00-05:00,17.600000381469727
2020-02-14 00:00:00-05:00,17.71500015258789
2020-02-18 00:00:00-05:00,18.131000518798828
2020-02-19 00:00:00-05:00,18.29199981689453
2020-02-20 00:00:00-05:00,18.30900001525879
2020-02-21 00:00:00-05:00,18.520999908447266
2020-02-24 00:00:00-05:00,18.868000030517578
2020-02-25 00:00:00-05:00,18.183000564575195
2020-02-26 00:00:00-05:00,17.826000213623047
2020-02-27 00:00:00-05:00,17.658000946044922
2020-02-28 00:00:00-05:00,16.386999130249023
2020-03-02 00:00:00-05:00,16.679000854492188
2020-03-03 00:00:00-05:00,17.128999710083008
2020-03-04 00:00:00-05:00,17.187000274658203
2020-03-05 00:00:00-05:00,17.341999053955078
2020-03-06 00:00:00-05:00,17.214000701904297
2020-03-09 00:00:00-04:00,17.000999450683594
2020-03-10 00:00:00-04:00,16.9060001373291
2020-03-11 00:00:00-04:00,16.729000091552734
2020-03-12 00:00:00-04:00,15.961000442504883
2020-03-13 00:00:00-04:00,14.456000328063965
2020-03-16 00:00:00-04:00,12.772000312805176
2020-03-17 00:00:00-04:00,12.468999862670898
2020-03-18 00:00:00-04:00,11.734999656677246
2020-03-19 00:00:00-04:00,12.097000122070312
2020-03-20 00:00:00-04:00,12.348999977111816
2020-03-23 00:00:00-04:00,13.225000381469727
2020-03-24 00:00:00-04:00,14.229000091552734
2020-03-25 00:00:00-04:00,14.836999893188477
2020-03-26 00:00:00-04:00,14.640000343322754
2020-03-27 00:00:00-04:00,14.498000144958496
2020-03-30 00:00:00-04:00,14.074000358581543
2020-03-31 00:00:00-04:00,14.097999572753906
2020-04-01 00:00:00-04:00,13.925999641418457
2020-04-02 00:00:00-04:00,14.595999717712402
2020-04-03 00:00:00-04:00,14.435999870300293
2020-04-06 00:00:00-04:00,15.111000061035156
2020-04-07 00:00:00-04:00,15.42199993133545
2020-04-08 00:00:00-04:00,15.147000312805176
2020-04-09 00:00:00-04:00,15.994999885559082
2020-04-13 00:00:00-04:00,15.479000091552734
2020-04-14 00:00:00-04:00,16.07200050354004
2020-04-15 00:00:00-04:00,15.446999549865723
2020-04-16 00:00:00-04:00,15.564000129699707
2020-04-17 00:00:00-04:00,15.237000465393066
2020-04-20 00:00:00-04:00,15.555999755859375
2020-04-21 00:00:00-04:00,14.817999839782715
2020-04-22 00:00:00-04:00,15.277000427246094
2020-04-23 00:00:00-04:00,15.347999572753906
2020-04-24 00:00:00-04:00,15.253999710083008
2020-04-27 00:00:00-04:00,15.201000213623047
2020-04-28 00:00:00-04:00,15.161999702453613
2020-04-29 00:00:00-04:00,15.15999984741211
2020-04-30 00:00:00-04:00,14.89799976348877
2020-05-01 00:00:00-04:00,14.86299991607666
2020-05-04 00:00:00-04:00,14.722000122070312
2020-05-05 00:00:00-04:00,15.057000160217285
2020-05-06 00:00:00-04:00,14.987000465393066
2020-05-07 00:00:00-04:00,15.562000274658203
2020-05-08 00:00:00-04:00,15.739999771118164
2020-05-11 00:00:00-04:00,15.63599967956543
2020-05-12 00:00:00-04:00,15.687000274658203
2020-05-13 00:00:00-04:00,15.663000106811523
2020-05-14 00:00:00-04:00,16.13599967956543
2020-05-15 00:00:00-04:00,17.04599952697754
2020-05-18 00:00:00-04:00,17.464000701904297
2020-05-19 00:00:00-04:00,17.892000198364258
2020-05-20 00:00:00-04:00,18.00200080871582
2020-05-21 00:00:00-04:00,17.334999084472656
2020-05-22 00:00:00-04:00,17.663999557495117
2020-05-26 00:00:00-04:00,17.565000534057617
2020-05-27 00:00:00-04:00,17.68600082397461
2020-05-28 00:00:00-04:00,17.895000457763672
2020-05-29 00:00:00-04:00,18.440000534057617
2020-06-01 00:00:00-04:00,18.76799964904785
2020-06-02 00:00:00-04:00,18.207000732421875
2020-06-03 00:00:00-04:00,17.92099952697754
2020-06-04 00:00:00-04:00,18.02400016784668
2020-06-05 00:00:00-04:00,17.44300079345703
2020-06-08 00:00:00-04:00,17.868000030517578
2020-06-09 00:00:00-04:00,17.77400016784668
2020-06-10 00:00:00-04:00,17.775999069213867
2020-06-11 00:00:00-04:00,17.868999481201172
2020-06-12 00:00:00-04:00,17.461999893188477
2020-06-15 00:00:00-04:00,17.378999710083008
2020-06-16 00:00:00-04:00,17.631999969482422
2020-06-17 00:00:00-04:00,17.756999969482422
2020-06-18 00:00:00-04:00,17.493000030517578
2020-06-19 00:00:00-04:00,17.832000732421875
2020-06-22 00:00:00-04:00,17.886999130249023
2020-06-23 00:00:00-04:00,18.051000595092773
2020-06-24 00:00:00-04:00,17.658000946044922
2020-06-25 00:00:00-04:00,17.882999420166016
2020-06-26 00:00:00-04:00,18.023000717163086
2020-06-29 00:00:00-04:00,17.979999542236328
2020-06-30 00:00:00-04:00,18.541000366210938
2020-07-01 00:00:00-04:00,18.132999420166016
2020-07-02 00:00:00-04:00,18.243999481201172
2020-07-06 00:00:00-04:00,18.503999710083008
2020-07-07 00:00:00-04:00,18.628000259399414
2020-07-08 00:00:00-04:00,19.08099937438965
2020-07-09 00:00:00-04:00,18.881999969482422
2020-07-10 00:00:00-04:00,18.982999801635742
2020-07-13 00:00:00-04:00,19.708999633789062
2020-07-14 00:00:00-04:00,19.451000213623047
2020-07-15 00:00:00-04:00,19.684999465942383
2020-07-16 00:00:00-04:00,19.496999740600586
2020-07-17 00:00:00-04:00,19.684999465942383
2020-07-20 00:00:00-04:00,20.124000549316406
2020-07-21 00:00:00-04:00,21.496999740600586
2020-07-22 00:00:00-04:00,23.08300018310547
2020-07-23 00:00:00-04:00,22.94499969482422
2020-07-24 00:00:00-04:00,22.808000564575195
2020-07-27 00:00:00-04:00,24.47599983215332
2020-07-28 00:00:00-04:00,24.266000747680664
2020-07-29 00:00:00-04:00,24.292999267578125
2020-07-30 00:00:00-04:00,23.34000015258789
2020-07-31 00:00:00-04:00,24.18899917602539
2020-08-03 00:00:00-04:00,24.389999389648438
2020-08-04 00:00:00-04:00,26.011999130249023
2020-08-05 00:00:00-04:00,26.87700080871582
2020-08-06 00:00:00-04:00,28.386999130249023
2020-08-07 00:00:00-04:00,27.533000946044922
2020-08-10 00:00:00-04:00,29.249000549316406
2020-08-11 00:00:00-04:00,26.03700065612793
2020-08-12 00:00:00-04:00,25.954999923706055
2020-08-13 00:00:00-04:00,27.694000244140625
2020-08-14 00:00:00-04:00,26.065000534057617
2020-08-17 00:00:00-04:00,27.64299964904785
2020-08-18 00:00:00-04:00,28.048999786376953
2020-08-19 00:00:00-04:00,27.315000534057617
2020-08-20 00:00:00-04:00,27.121999740600586
2020-08-21 00:00:00-04:00,26.707000732421875
2020-08-24 00:00:00-04:00,26.58799934387207
2020-08-25 00:00:00-04:00,26.253999710083008
2020-08-26 00:00:00-04:00,27.43000030517578
2020-08-27 00:00:00-04:00,27.010000228881836
2020-08-28 00:00:00-04:00,27.610000610351562
2020-08-31 00:00:00-04:00,28.437000274658203
2020-09-01 00:00:00-04:00,28.486000061035156
2020-09-02 00:00:00-04:00,27.249000549316406
2020-09-03 00:00:00-04:00,26.735000610351562
2020-09-04 00:00:00-04:00,26.576000213623047
2020-09-08 00:00:00-04:00,26.86400032043457
2020-09-09 00:00:00-04:00,26.954999923706055
2020-09-10 00:00:00-04:00,27.163000106811523
2020-09-11 00:00:00-04:00,26.73900032043457
2020-09-14 00:00:00-04:00,27.229000091552734
2020-09-15 00:00:00-04:00,27.34600067138672
2020-09-16 00:00:00-04:00,27.354999542236328
2020-09-17 00:00:00-04:00,26.985000610351562
2020-09-18 00:00:00-04:00,27.027999877929688
2020-09-21 00:00:00-04:00,24.298999786376953
2020-09-22 00:00:00-04:00,24.441999435424805
2020-09-23 00:00:00-04:00,23.013999938964844
2020-09-24 00:00:00-04:00,23.118000030517578
2020-09-25 00:00:00-04:00,23.017000198364258
2020-09-28 00:00:00-04:00,23.527999877929688
2020-09-29 00:00:00-04:00,24.3799991607666
2020-09-30 00:00:00-04:00,23.433000564575195
2020-10-01 00:00:00-04:00,24.19300079345703
2020-10-02 00:00:00-04:00,23.97100067138672
2020-10-05 00:00:00-04:00,24.50200080871582
2020-10-06 00:00:00-04:00,23.8700008392334
2020-10-07 00:00:00-04:00,23.847999572753906
2020-10-08 00:00:00-04:00,23.836999893188477
2020-10-09 00:00:00-04:00,25.069000244140625
2020-10-12 00:00:00-04:00,25.22599983215332
2020-10-13 00:00:00-04:00,24.086000442504883
2020-10-14 00:00:00-04:00,24.36400032043457
2020-10-15 00:00:00-04:00,24.19300079345703
2020-10-16 00:00:00-04:00,24.368999481201172
2020-10-19 00:00:00-04:00,24.656999588012695
2020-10-20 00:00:00-04:00,24.937000274658203
2020-10-21 00:00:00-04:00,25.19700050354004
2020-10-22 00:00:00-04:00,24.665000915527344
2020-10-23 00:00:00-04:00,24.62700080871582
2020-10-26 00:00:00-04:00,24.375999450683594
2020-10-27 00:00:00-04:00,24.525999069213867
2020-10-28 00:00:00-04:00,23.323999404907227
2020-10-29 00:00:00-04:00,23.339000701904297
2020-10-30 00:00:00-04:00,23.617000579833984
2020-11-02 00:00:00-05:00,24.006000518798828
2020-11-03 00:00:00-05:00,24.30500030517578
2020-11-04 00:00:00-05:00,23.86400032043457
2020-11-05 00:00:00-05:00,25.17099952697754
2020-11-06 00:00:00-05:00,25.645999908447266
2020-11-09 00:00:00-05:00,23.684999465942383
2020-11-10 00:00:00-05:00,24.445999145507812
2020-11-11 00:00:00-05:00,24.250999450683594
2020-11-12 00:00:00-05:00,24.290000915527344
2020-11-13 00:00:00-05:00,24.759000778198242
2020-11-16 00:00:00-05:00,24.785999298095703
2020-11-17 00:00:00-05:00,24.635000228881836
2020-11-18 00:00:00-05:00,24.433000564575195
2020-11-19 00:00:00-05:00,24.033000946044922
2020-11-20 00:00:00-05:00,24.347999572753906
2020-11-23 00:00:00-05:00,23.624000549316406
2020-11-24 00:00:00-05:00,23.29199981689453
2020-11-25 00:00:00-05:00,23.356000900268555
2020-11-27 00:00:00-05:00,22.55299949645996
2020-11-30 00:00:00-05:00,22.534000396728516
2020-12-01 00:00:00-05:00,24.033000946044922
2020-12-02 00:00:00-05:00,24.024999618530273
2020-12-03 00:00:00-05:00,24.086999893188477
2020-12-04 00:00:00-05:00,24.202999114990234
2020-12-07 00:00:00-05:00,24.740999221801758
2020-12-08 00:00:00-05:00,24.68400001525879
2020-12-09 00:00:00-05:00,23.93000030517578
2020-12-10 00:00:00-05:00,24.0310001373291
2020-12-11 00:00:00-05:00,24.031999588012695
2020-12-14 00:00:00-05:00,23.985000610351562
2020-12-15 00:00:00-05:00,24.58099937438965
2020-12-16 00:00:00-05:00,24.985000610351562
2020-12-17 00:00:00-05:00,26.100000381469727
2020-12-18 00:00:00-05:00,25.948999404907227
2020-12-21 00:00:00-05:00,26.277999877929688
2020-12-22 00:00:00-05:00,25.43400001525879
2020-12-23 00:00:00-05:00,25.823999404907227
2020-12-24 00:00:00-05:00,25.81100082397461
2020-12-28 00:00:00-05:00,26.459999084472656
2020-12-29 00:00:00-05:00,26.13800048828125
2020-12-30 00:00:00-05:00,26.488000869750977
2020-12-31 00:00:00-05:00,26.332000732421875
2021-01-04 00:00:00-05:00,27.284000396728516
2021-01-05 00:00:00-05:00,27.570999145507812
2021-01-06 00:00:00-05:00,26.972999572753906
2021-01-07 00:00:00-05:00,27.200000762939453
2021-01-08 00:00:00-05:00,24.582000732421875
2021-01-11 00:00:00-05:00,25.23900032043457
2021-01-12 00:00:00-05:00,25.384000778198242
2021-01-13 00:00:00-05:00,25.520000457763672
2021-01-14 00:00:00-05:00,25.746000289916992
2021-01-15 00:00:00-05:00,24.825000762939453
2021-01-19 00:00:00-05:00,25.27899932861328
2021-01-20 00:00:00-05:00,25.733999252319336
2021-01-21 00:00:00-05:00,25.82200050354004
2021-01-22 00:00:00-05:00,25.52400016784668
2021-01-25 00:00:00-05:00,25.454999923706055
2021-01-26 00:00:00-05:00,25.52899932861328
2021-01-27 00:00:00-05:00,25.375999450683594
2021-01-28 00:00:00-05:00,25.909000396728516
2021-01-29 00:00:00-05:00,26.899999618530273
2021-02-01 00:00:00-05:00,29.398000717163086
2021-02-02 00:00:00-05:00,26.384000778198242
2021-02-03 00:00:00-05:00,26.878000259399414
2021-02-04 00:00:00-05:00,26.222999572753906
2021-02-05 00:00:00-05:00,27.013999938964844
2021-02-08 00:00:00-05:00,27.56999969482422
2021-02-09 00:00:00-05:00,27.395999908447266
2021-02-10 00:00:00-05:00,27.073999404907227
2021-02-11 00:00:00-05:00,27.04199981689453
2021-02-12 00:00:00-05:00,27.322999954223633
2021-02-16 00:00:00-05:00,27.319000244140625
2021-02-17 00:00:00-05:00,27.31399917602539
2021-02-18 00:00:00-05:00,27.07699966430664
2021-02-19 00:00:00-05:00,27.25200080871582
2021-02-22 00:00:00-05:00,28.08300018310547
2021-02-23 00:00:00-05:00,27.68600082397461
2021-02-24 00:00:00-05:00,27.85700035095215
2021-02-25 00:00:00-05:00,27.636999130249023
2021-02-26 00:00:00-05:00,26.402000427246094
2021-03-01 00:00:00-05:00,26.64699935913086
2021-03-02 00:00:00-05:00,26.850000381469727
2021-03-03 00:00:00-05:00,26.35700035095215
2021-03-04 00:00:00-05:00,25.43400001525879
2021-03-05 00:00:00-05:00,25.256999969482422
2021-03-08 00:00:00-05:00,25.239999771118164
2021-03-09 00:00:00-05:00,26.148000717163086
2021-03-10 00:00:00-05:00,26.101999282836914
2021-03-11 00:00:00-05:00,26.16200065612793
2021-03-12 00:00:00-05:00,25.8799991607666
2021-03-15 00:00:00-04:00,26.253000259399414
2021-03-16 00:00:00-04:00,25.974000930786133
2021-03-17 00:00:00-04:00,26.030000686645508
2021-03-18 00:00:00-04:00,26.320999145507812
2021-03-19 00:00:00-04:00,26.29199981689453
2021-03-22 00:00:00-04:00,25.740999221801758
2021-03-23 00:00:00-04:00,25.200000762939453
2021-03-24 00:00:00-04:00,25.201000213623047
2021-03-25 00:00:00-04:00,25.02199935913086
2021-03-26 00:00:00-04:00,25.091999053955078
2021-03-29 00:00:00-04:00,24.746999740600586
2021-03-30 00:00:00-04:00,24.121000289916992
2021-03-31 00:00:00-04:00,24.517000198364258
2021-04-01 00:00:00-04:00,24.934999465942383
2021-04-05 00:00:00-04:00,24.76300048828125
2021-04-06 00:00:00-04:00,25.211999893188477
2021-04-07 00:00:00-04:00,25.232999801635742
2021-04-08 00:00:00-04:00,25.569000244140625
2021-04-09 00:00:00-04:00,25.31100082397461
2021-04-12 00:00:00-04:00,24.85300064086914
2021-04-13 00:00:00-04:00,25.41699981689453
2021-04-14 00:00:00-04:00,25.514999389648438
2021-04-15 00:00:00-04:00,25.95599937438965
2021-04-16 00:00:00-04:00,26.099000930786133
2021-04-19 00:00:00-04:00,25.83099937438965
2021-04-20 00:00:00-04:00,25.834999084472656
2021-04-21 00:00:00-04:00,26.565000534057617
2021-04-22 00:00:00-04:00,26.173999786376953
2021-04-23 00:00:00-04:00,26.07699966430664
2021-04-26 00:00:00-04:00,26.211000442504883
2021-04-27 00:00:00-04:00,26.41200065612793
2021-04-28 00:00:00-04:00,26.08099937438965
2021-04-29 00:00:00-04:00,26.05299949645996
2021-04-30 00:00:00-04:00,25.85300064086914
2021-05-03 00:00:00-04:00,26.94300079345703
2021-05-04 00:00:00-04:00,26.538999557495117
2021-05-05 00:00:00-04:00,26.50200080871582
2021-05-06 00:00:00-04:00,27.461999893188477
2021-05-07 00:00:00-04:00,27.461999893188477
2021-05-10 00:00:00-04:00,27.479000091552734
2021-05-11 00:00:00-04:00,27.656999588012695
2021-05-12 00:00:00-04:00,27.231000900268555
2021-05-13 00:00:00-04:00,27.04400062561035
2021-05-14 00:00:00-04:00,27.35300064086914
2021-05-17 00:00:00-04:00,28.260000228881836
2021-05-18 00:00:00-04:00,28.31399917602539
2021-05-19 00:00:00-04:00,28.007999420166016
2021-05-20 00:00:00-04:00,28.052000045776367
2021-05-21 00:00:00-04:00,27.472999572753906
2021-05-24 00:00:00-04:00,27.886999130249023
2021-05-25 00:00:00-04:00,28.03700065612793
2021-05-26 00:00:00-04:00,27.85300064086914
2021-05-27 00:00:00-04:00,27.91900062561035
2021-05-28 00:00:00-04:00,27.993000030517578
2021-06-01 00:00:00-04:00,28.08300018310547
2021-06-02 00:00:00-04:00,28.18600082397461
2021-06-03 00:00:00-04:00,27.459999084472656
2021-06-04 00:00:00-04:00,27.878999710083008
2021-06-07 00:00:00-04:00,28.000999450683594
2021-06-08 00:00:00-04:00,27.71500015258789
2021-06-09 00:00:00-04:00,27.985000610351562
2021-06-10 00:00:00-04:00,28.014999389648438
2021-06-11 00:00:00-04:00,28.131000518798828
2021-06-14 00:00:00-04:00,28.02400016784668
2021-06-15 00:00:00-04:00,27.679000854492188
2021-06-16 00:00:00-04:00,27.799999237060547
2021-06-17 00:00:00-04:00,25.8439998626709
2021-06-18 00:00:00-04:00,25.95800018310547
2021-06-21 00:00:00-04:00,26.014999389648438
2021-06-22 00:00:00-04:00,25.847999572753906
2021-06-23 00:00:00-04:00,26.107999801635742
2021-06-24 00:00:00-04:00,26.047000885009766
2021-06-25 00:00:00-04:00,26.082000732421875
2021-06-28 00:00:00-04:00,26.218000411987305
2021-06-29 00:00:00-04:00,25.871999740600586
2021-06-30 00:00:00-04:00,26.165000915527344
2021-07-01 00:00:00-04:00,26.075000762939453
2021-07-02 00:00:00-04:00,26.481000900268555
2021-07-06 00:00:00-04:00,26.15399932861328
2021-07-07 00:00:00-04:00,26.110000610351562
2021-07-08 00:00:00-04:00,25.966999053955078
2021-07-09 00:00:00-04:00,26.211000442504883
2021-07-12 00:00:00-04:00,26.216999053955078
2021-07-13 00:00:00-04:00,26.114999771118164
2021-07-14 00:00:00-04:00,26.246000289916992
2021-07-15 00:00:00-04:00,26.375
2021-07-16 00:00:00-04:00,25.777000427246094
2021-07-19 00:00:00-04:00,25.125999450683594
2021-07-20 00:00:00-04:00,24.976999282836914
2021-07-21 00:00:00-04:00,25.238000869750977
2021-07-22 00:00:00-04:00,25.364999771118164
2021-07-23 00:00:00-04:00,25.218000411987305
2021-07-26 00:00:00-04:00,25.295000076293945
2021-07-27 00:00:00-04:00,24.631999969482422
2021-07-28 00:00:00-04:00,24.856000900268555
2021-07-29 00:00:00-04:00,25.763999938964844
2021-07-30 00:00:00-04:00,25.527999877929688
2021-08-02 00:00:00-04:00,25.55699920654297
2021-08-03 00:00:00-04:00,25.56599998474121
2021-08-04 00:00:00-04:00,25.445999145507812
2021-08-05 00:00:00-04:00,25.277000427246094
2021-08-06 00:00:00-04:00,24.312000274658203
2021-08-09 00:00:00-04:00,23.2549991607666
2021-08-10 00:00:00-04:00,23.37700080871582
2021-08-11 00:00:00-04:00,23.474000930786133
2021-08-12 00:00:00-04:00,23.104999542236328
2021-08-13 00:00:00-04:00,23.76799964904785
2021-08-16 00:00:00-04:00,23.780000686645508
2021-08-17 00:00:00-04:00,23.648000717163086
2021-08-18 00:00:00-04:00,23.41200065612793
2021-08-19 00:00:00-04:00,23.219999313354492
2021-08-20 00:00:00-04:00,23.104999542236328
2021-08-23 00:00:00-04:00,23.64900016784668
2021-08-24 00:00:00-04:00,23.889999389648438
2021-08-25 00:00:00-04:00,23.770999908447266
2021-08-26 00:00:00-04:00,23.54599952697754
2021-08-27 00:00:00-04:00,24.059999465942383
2021-08-30 00:00:00-04:00,23.959999084472656
2021-08-31 00:00:00-04:00,23.959999084472656
2021-09-01 00:00:00-04:00,24.177000045776367
2021-09-02 00:00:00-04:00,23.875
2021-09-03 00:00:00-04:00,24.761999130249023
2021-09-07 00:00:00-04:00,24.333999633789062
2021-09-08 00:00:00-04:00,24.011999130249023
2021-09-09 00:00:00-04:00,24.132999420166016
2021-09-10 00:00:00-04:00,23.854999542236328
2021-09-13 00:00:00-04:00,23.753000259399414
2021-09-14 00:00:00-04:00,23.841999053955078
2021-09-15 00:00:00-04:00,23.759000778198242
2021-09-16 00:00:00-04:00,22.75200080871582
2021-09-17 00:00:00-04:00,22.295000076293945
2021-09-20 00:00:00-04:00,22.163000106811523
2021-09-21 00:00:00-04:00,22.572999954223633
2021-09-22 00:00:00-04:00,22.868999481201172
2021-09-23 00:00:00-04:00,22.642000198364258
2021-09-24 00:00:00-04:00,22.38800048828125
2021-09-27 00:00:00-04:00,22.656999588012695
2021-09-28 00:00:00-04:00,22.43000030517578
2021-09-29 00:00:00-04:00,21.458999633789062
2021-09-30 00:00:00-04:00,22.020999908447266
2021-10-01 00:00:00-04:00,22.510000228881836
2021-10-04 00:00:00-04:00,22.618000030517578
2021-10-05 00:00:00-04:00,22.582000732421875
2021-10-06 00:00:00-04:00,22.506000518798828
2021-10-07 00:00:00-04:00,22.631999969482422
2021-10-08 00:00:00-04:00,22.679000854492188
2021-10-11 00:00:00-04:00,22.639999389648438
2021-10-12 00:00:00-04:00,22.490999221801758
2021-10-13 00:00:00-04:00,23.14900016784668
2021-10-14 00:00:00-04:00,23.45599937438965
2021-10-15 00:00:00-04:00,23.327999114990234
2021-10-18 00:00:00-04:00,23.243000030517578
2021-10-19 00:00:00-04:00,23.86199951171875
2021-10-20 00:00:00-04:00,24.423999786376953
2021-10-21 00:00:00-04:00,24.149999618530273
2021-10-22 00:00:00-04:00,24.429000854492188
2021-10-25 00:00:00-04:00,24.57200050354004
2021-10-26 00:00:00-04:00,24.086000442504883
2021-10-27 00:00:00-04:00,24.18899917602539
2021-10-28 00:00:00-04:00,24.117000579833984
2021-10-29 00:00:00-04:00,23.94499969482422
2021-11-01 00:00:00-04:00,24.06399917602539
2021-11-02 00:00:00-04:00,23.5
2021-11-03 00:00:00-04:00,23.22599983215332
2021-11-04 00:00:00-04:00,23.9060001373291
2021-11-05 00:00:00-04:00,24.152000427246094
2021-11-08 00:00:00-05:00,24.53700065612793
2021-11-09 00:00:00-05:00,24.312999725341797
2021-11-10 00:00:00-05:00,24.767000198364258
2021-11-11 00:00:00-05:00,25.301000595092773
2021-11-12 00:00:00-05:00,25.3439998626709
2021-11-15 00:00:00-05:00,25.10700035095215
2021-11-16 00:00:00-05:00,24.944000244140625
2021-11-17 00:00:00-05:00,25.16699981689453
2021-11-18 00:00:00-05:00,24.900999069213867
2021-11-19 00:00:00-05:00,24.780000686645508
2021-11-22 00:00:00-05:00,24.297000885009766
2021-11-23 00:00:00-05:00,23.434999465942383
2021-11-24 00:00:00-05:00,23.496000289916992
2021-11-26 00:00:00-05:00,23.10700035095215
2021-11-29 00:00:00-05:00,22.798999786376953
2021-11-30 00:00:00-05:00,22.764999389648438
2021-12-01 00:00:00-05:00,22.298999786376953
2021-12-02 00:00:00-05:00,22.280000686645508
2021-12-03 00:00:00-05:00,22.44499969482422
2021-12-06 00:00:00-05:00,22.22800064086914
2021-12-07 00:00:00-05:00,22.48699951171875
2021-12-08 00:00:00-05:00,22.389999389648438
2021-12-09 00:00:00-05:00,21.974000930786133
2021-12-10 00:00:00-05:00,22.15999984741211
2021-12-13 00:00:00-05:00,22.290000915527344
2021-12-14 00:00:00-05:00,21.886999130249023
2021-12-15 00:00:00-05:00,21.507999420166016
2021-12-16 00:00:00-05:00,22.454999923706055
2021-12-17 00:00:00-05:00,22.506999969482422
2021-12-20 00:00:00-05:00,22.274999618530273
2021-12-21 00:00:00-05:00,22.50200080871582
2021-12-22 00:00:00-05:00,22.79199981689453
2021-12-23 00:00:00-05:00,22.930999755859375
2021-12-27 00:00:00-05:00,22.979000091552734
2021-12-28 00:00:00-05:00,23.111000061035156
2021-12-29 00:00:00-05:00,22.847999572753906
2021-12-30 00:00:00-05:00,23.027999877929688
2021-12-31 00:00:00-05:00,23.327999114990234
2022-01-03 00:00:00-05:00,22.790000915527344
2022-01-04 00:00:00-05:00,23.038000106811523
2022-01-05 00:00:00-05:00,23.149999618530273
2022-01-06 00:00:00-05:00,22.173999786376953
2022-01-07 00:00:00-05:00,22.393999099731445
2022-01-10 00:00:00-05:00,22.445999145507812
2022-01-11 00:00:00-05:00,22.805999755859375
2022-01-12 00:00:00-05:00,23.200000762939453
2022-01-13 00:00:00-05:00,23.155000686645508
2022-01-14 00:00:00-05:00,22.910999298095703
2022-01-18 00:00:00-05:00,23.48699951171875
2022-01-19 00:00:00-05:00,24.22599983215332
2022-01-20 00:00:00-05:00,24.711000442504883
2022-01-21 00:00:00-05:00,24.31399917602539
2022-01-24 00:00:00-05:00,23.795000076293945
2022-01-25 00:00:00-05:00,23.895999908447266
2022-01-26 00:00:00-05:00,23.80699920654297
2022-01-27 00:00:00-05:00,22.67300033569336
2022-01-28 00:00:00-05:00,22.302000045776367
2022-01-31 00:00:00-05:00,22.395000457763672
2022-02-01 00:00:00-05:00,22.59600067138672
2022-02-02 00:00:00-05:00,22.711000442504883
2022-02-03 00:00:00-05:00,22.375
2022-02-04 00:00:00-05:00,22.475000381469727
2022-02-07 00:00:00-05:00,23.076000213623047
2022-02-08 00:00:00-05:00,23.19499969482422
2022-02-09 00:00:00-05:00,23.336000442504883
2022-02-10 00:00:00-05:00,23.518999099731445
2022-02-11 00:00:00-05:00,23.365999221801758
2022-02-14 00:00:00-05:00,23.844999313354492
2022-02-15 00:00:00-05:00,23.33799934387207
2022-02-16 00:00:00-05:00,23.60099983215332
2022-02-17 00:00:00-05:00,23.874000549316406
2022-02-18 00:00:00-05:00,23.990999221801758
2022-02-22 00:00:00-05:00,24.31100082397461
2022-02-23 00:00:00-05:00,24.55500030517578
2022-02-24 00:00:00-05:00,24.68600082397461
2022-02-25 00:00:00-05:00,23.996999740600586
2022-02-28 00:00:00-05:00,24.361000061035156
2022-03-01 00:00:00-05:00,25.534000396728516
2022-03-02 00:00:00-05:00,25.183000564575195
2022-03-03 00:00:00-05:00,25.204999923706055
2022-03-04 00:00:00-05:00,25.781999588012695
2022-03-07 00:00:00-05:00,25.71299934387207
2022-03-08 00:00:00-05:00,26.88800048828125
2022-03-09 00:00:00-05:00,25.756999969482422
2022-03-10 00:00:00-05:00,26.20199966430664
2022-03-11 00:00:00-05:00,26.106000900268555
2022-03-14 00:00:00-04:00,25.243999481201172
2022-03-15 00:00:00-04:00,25.12299919128418
2022-03-16 00:00:00-04:00,24.670000076293945
2022-03-17 00:00:00-04:00,25.583999633789062
2022-03-18 00:00:00-04:00,25.05500030517578
2022-03-21 00:00:00-04:00,25.281999588012695
2022-03-22 00:00:00-04:00,24.885000228881836
2022-03-23 00:00:00-04:00,25.170000076293945
2022-03-24 00:00:00-04:00,25.899999618530273
2022-03-25 00:00:00-04:00,25.594999313354492
2022-03-28 00:00:00-04:00,25.176000595092773
2022-03-29 00:00:00-04:00,24.715999603271484
2022-03-30 00:00:00-04:00,25.10300064086914
2022-03-31 00:00:00-04:00,25.121000289916992
2022-04-01 00:00:00-04:00,24.642000198364258
2022-04-04 00:00:00-04:00,24.583999633789062
2022-04-05 00:00:00-04:00,24.527999877929688
2022-04-06 00:00:00-04:00,24.454999923706055
2022-04-07 00:00:00-04:00,24.732999801635742
2022-04-08 00:00:00-04:00,24.819000244140625
2022-04-11 00:00:00-04:00,24.97800064086914
2022-04-12 00:00:00-04:00,25.725000381469727
2022-04-13 00:00:00-04:00,26.020000457763672
2022-04-14 00:00:00-04:00,25.690000534057617
2022-04-18 00:00:00-04:00,26.139999389648438
2022-04-19 00:00:00-04:00,25.391000747680664
2022-04-20 00:00:00-04:00,25.270000457763672
2022-04-21 00:00:00-04:00,24.621000289916992
2022-04-22 00:00:00-04:00,24.256999969482422
2022-04-25 00:00:00-04:00,23.667999267578125
2022-04-26 00:00:00-04:00,23.54199981689453
2022-04-27 00:00:00-04:00,23.45800018310547
2022-04-28 00:00:00-04:00,23.128999710083008
2022-04-29 00:00:00-04:00,23.040000915527344
2022-05-02 00:00:00-04:00,22.54400062561035
2022-05-03 00:00:00-04:00,22.621000289916992
2022-05-04 00:00:00-04:00,22.36199951171875
2022-05-05 00:00:00-04:00,22.399999618530273
2022-05-06 00:00:00-04:00,22.325000762939453
2022-05-09 00:00:00-04:00,21.781999588012695
2022-05-10 00:00:00-04:00,21.389999389648438
2022-05-11 00:00:00-04:00,21.549999237060547
2022-05-12 00:00:00-04:00,20.756999969482422
2022-05-13 00:00:00-04:00,20.983999252319336
2022-05-16 00:00:00-04:00,21.53499984741211
2022-05-17 00:00:00-04:00,21.73699951171875
2022-05-18 00:00:00-04:00,21.533000946044922
2022-05-19 00:00:00-04:00,21.898000717163086
2022-05-20 00:00:00-04:00,21.66900062561035
2022-05-23 00:00:00-04:00,21.722999572753906
2022-05-24 00:00:00-04:00,22.062999725341797
2022-05-25 00:00:00-04:00,21.860000610351562
2022-05-26 00:00:00-04:00,21.94099998474121
2022-05-27 00:00:00-04:00,22.059999465942383
2022-05-31 00:00:00-04:00,21.650999069213867
2022-06-01 00:00:00-04:00,21.884000778198242
2022-06-02 00:00:00-04:00,22.253999710083008
2022-06-03 00:00:00-04:00,21.889999389648438
2022-06-06 00:00:00-04:00,22.073999404907227
2022-06-07 00:00:00-04:00,22.159000396728516
2022-06-08 00:00:00-04:00,22.073999404907227
2022-06-09 00:00:00-04:00,21.797000885009766
2022-06-10 00:00:00-04:00,21.913000106811523
2022-06-13 00:00:00-04:00,21.236000061035156
2022-06-14 00:00:00-04:00,20.93600082397461
2022-06-15 00:00:00-04:00,21.402000427246094
2022-06-16 00:00:00-04:00,21.867000579833984
2022-06-17 00:00:00-04:00,21.572999954223633
2022-06-21 00:00:00-04:00,21.753999710083008
2022-06-22 00:00:00-04:00,21.406999588012695
2022-06-23 00:00:00-04:00,21.031999588012695
2022-06-24 00:00:00-04:00,21.115999221801758
2022-06-27 00:00:00-04:00,21.159000396728516
2022-06-28 00:00:00-04:00,20.797000885009766
2022-06-29 00:00:00-04:00,20.667999267578125
2022-06-30 00:00:00-04:00,20.281999588012695
2022-07-01 00:00:00-04:00,19.597000122070312
2022-07-05 00:00:00-04:00,19.052000045776367
2022-07-06 00:00:00-04:00,19.084999084472656
2022-07-07 00:00:00-04:00,19.121999740600586
2022-07-08 00:00:00-04:00,19.16699981689453
2022-07-11 00:00:00-04:00,19.066999435424805
2022-07-12 00:00:00-04:00,18.89900016784668
2022-07-13 00:00:00-04:00,19.13800048828125
2022-07-14 00:00:00-04:00,18.16900062561035
2022-07-15 00:00:00-04:00,18.54800033569336
2022-07-18 00:00:00-04:00,18.791000366210938
2022-07-19 00:00:00-04:00,18.670000076293945
2022-07-20 00:00:00-04:00,18.638999938964844
2022-07-21 00:00:00-04:00,18.687000274658203
2022-07-22 00:00:00-04:00,18.584999084472656
2022-07-25 00:00:00-04:00,18.29400062561035
2022-07-26 00:00:00-04:00,18.48699951171875
2022-07-27 00:00:00-04:00,18.55299949645996
2022-07-28 00:00:00-04:00,19.82699966430664
2022-07-29 00:00:00-04:00,20.1560001373291
2022-08-01 00:00:00-04:00,20.32200050354004
2022-08-02 00:00:00-04:00,20.104999542236328
2022-08-03 00:00:00-04:00,19.864999771118164
2022-08-04 00:00:00-04:00,20.099000930786133
2022-08-05 00:00:00-04:00,19.819000244140625
2022-08-08 00:00:00-04:00,20.591999053955078
2022-08-09 00:00:00-04:00,20.45800018310547
2022-08-10 00:00:00-04:00,20.718000411987305
2022-08-11 00:00:00-04:00,20.326000213623047
2022-08-12 00:00:00-04:00,20.677000045776367
2022-08-15 00:00:00-04:00,20.250999450683594
2022-08-16 00:00:00-04:00,20.065000534057617
2022-08-17 00:00:00-04:00,19.711000442504883
2022-08-18 00:00:00-04:00,19.447999954223633
2022-08-19 00:00:00-04:00,19.058000564575195
2022-08-22 00:00:00-04:00,18.87299919128418
2022-08-23 00:00:00-04:00,19.011999130249023
2022-08-24 00:00:00-04:00,18.895000457763672
2022-08-25 00:00:00-04:00,19.111000061035156
2022-08-26 00:00:00-04:00,18.739999771118164
2022-08-29 00:00:00-04:00,18.55500030517578
2022-08-30 00:00:00-04:00,18.159000396728516
2022-08-31 00:00:00-04:00,17.761999130249023
2022-09-01 00:00:00-04:00,17.551000595092773
2022-09-02 00:00:00-04:00,17.775999069213867
2022-09-06 00:00:00-04:00,17.795000076293945
2022-09-07 00:00:00-04:00,18.136999130249023
2022-09-08 00:00:00-04:00,18.329999923706055
2022-09-09 00:00:00-04:00,18.658000946044922
2022-09-12 00:00:00-04:00,19.7549991607666
2022-09-13 00:00:00-04:00,19.389999389648438
2022-09-14 00:00:00-04:00,19.47100067138672
2022-09-15 00:00:00-04:00,19.174999237060547
2022-09-16 00:00:00-04:00,19.29599952697754
2022-09-19 00:00:00-04:00,19.273000717163086
2022-09-20 00:00:00-04:00,19.101999282836914
2022-09-21 00:00:00-04:00,19.410999298095703
2022-09-22 00:00:00-04:00,19.54800033569336
2022-09-23 00:00:00-04:00,18.840999603271484
2022-09-26 00:00:00-04:00,18.4060001373291
2022-09-27 00:00:00-04:00,18.256999969482422
2022-09-28 00:00:00-04:00,18.79599952697754
2022-09-29 00:00:00-04:00,18.611000061035156
2022-09-30 00:00:00-04:00,18.959999084472656
2022-10-03 00:00:00-04:00,20.518999099731445
2022-10-04 00:00:00-04:00,21.03700065612793
2022-10-05 00:00:00-04:00,20.479000091552734
2022-10-06 00:00:00-04:00,20.594999313354492
2022-10-07 00:00:00-04:00,20.191999435424805
2022-10-10 00:00:00-04:00,19.555999755859375
2022-10-11 00:00:00-04:00,19.427000045776367
2022-10-12 00:00:00-04:00,18.878000259399414
2022-10-13 00:00:00-04:00,18.857999801635742
2022-10-14 00:00:00-04:00,18.014999389648438
2022-10-17 00:00:00-04:00,18.673999786376953
2022-10-18 00:00:00-04:00,18.570999145507812
2022-10-19 00:00:00-04:00,18.336000442504883
2022-10-20 00:00:00-04:00,18.666000366210938
2022-10-21 00:00:00-04:00,19.042999267578125
2022-10-24 00:00:00-04:00,19.173999786376953
2022-10-25 00:00:00-04:00,19.339000701904297
2022-10-26 00:00:00-04:00,19.479999542236328
2022-10-27 00:00:00-04:00,19.47800064086914
2022-10-28 00:00:00-04:00,19.14699935913086
2022-10-31 00:00:00-04:00,19.125
2022-11-01 00:00:00-04:00,19.67300033569336
2022-11-02 00:00:00-04:00,19.600000381469727
2022-11-03 00:00:00-04:00,19.43600082397461
2022-11-04 00:00:00-04:00,20.790000915527344
2022-11-07 00:00:00-05:00,20.898000717163086
2022-11-08 00:00:00-05:00,21.476999282836914
2022-11-09 00:00:00-05:00,21.29800033569336
2022-11-10 00:00:00-05:00,21.677000045776367
2022-11-11 00:00:00-05:00,21.645999908447266
2022-11-14 00:00:00-05:00,22.091999053955078
2022-11-15 00:00:00-05:00,21.499000549316406
2022-11-16 00:00:00-05:00,21.503999710083008
2022-11-17 00:00:00-05:00,20.954999923706055
2022-11-18 00:00:00-05:00,20.97599983215332
2022-11-21 00:00:00-05:00,20.849000930786133
2022-11-22 00:00:00-05:00,21.034000396728516
2022-11-23 00:00:00-05:00,21.35700035095215
2022-11-25 00:00:00-05:00,21.424999237060547
2022-11-28 00:00:00-05:00,20.90999984741211
2022-11-29 00:00:00-05:00,21.20400047302246
2022-11-30 00:00:00-05:00,21.549999237060547
2022-12-01 00:00:00-05:00,22.636999130249023
2022-12-02 00:00:00-05:00,23.038000106811523
2022-12-05 00:00:00-05:00,22.198999404907227
2022-12-06 00:00:00-05:00,22.12299919128418
2022-12-07 00:00:00-05:00,22.709999084472656
2022-12-08 00:00:00-05:00,23.062999725341797
2022-12-09 00:00:00-05:00,23.53499984741211
2022-12-12 00:00:00-05:00,23.219999313354492
2022-12-13 00:00:00-05:00,23.801000595092773
2022-12-14 00:00:00-05:00,23.945999145507812
2022-12-15 00:00:00-05:00,23.128000259399414
2022-12-16 00:00:00-05:00,23.150999069213867
2022-12-19 00:00:00-05:00,23.02899932861328
2022-12-20 00:00:00-05:00,24.0939998626709
2022-12-21 00:00:00-05:00,24.03499984741211
2022-12-22 00:00:00-05:00,23.47599983215332
2022-12-23 00:00:00-05:00,23.763999938964844
2022-12-27 00:00:00-05:00,24.040000915527344
2022-12-28 00:00:00-05:00,23.663000106811523
2022-12-29 00:00:00-05:00,24.077999114990234
2022-12-30 00:00:00-05:00,23.86199951171875
2023-01-03 00:00:00-05:00,24.05900001525879
2023-01-04 00:00:00-05:00,23.79199981689453
2023-01-05 00:00:00-05:00,23.257999420166016
2023-01-06 00:00:00-05:00,23.82200050354004
2023-01-09 00:00:00-05:00,23.711999893188477
2023-01-10 00:00:00-05:00,23.506999969482422
2023-01-11 00:00:00-05:00,23.32699966430664
2023-01-12 00:00:00-05:00,23.863000869750977
2023-01-13 00:00:00-05:00,24.231000900268555
2023-01-17 00:00:00-05:00,23.944000244140625
2023-01-18 00:00:00-05:00,23.530000686645508
2023-01-19 00:00:00-05:00,23.753999710083008
2023-01-20 00:00:00-05:00,23.829999923706055
2023-01-23 00:00:00-05:00,23.45199966430664
2023-01-24 00:00:00-05:00,23.64900016784668
2023-01-25 00:00:00-05:00,23.839000701904297
2023-01-26 00:00:00-05:00,23.93000030517578
2023-01-27 00:00:00-05:00,23.527000427246094
2023-01-30 00:00:00-05:00,23.645000457763672
2023-01-31 00:00:00-05:00,23.74799919128418
2023-02-01 00:00:00-05:00,23.520999908447266
2023-02-02 00:00:00-05:00,23.534000396728516
2023-02-03 00:00:00-05:00,22.333999633789062
2023-02-06 00:00:00-05:00,22.177000045776367
2023-02-07 00:00:00-05:00,22.117000579833984
2023-02-08 00:00:00-05:00,22.367000579833984
2023-02-09 00:00:00-05:00,22.097000122070312
2023-02-10 00:00:00-05:00,22.034000396728516
2023-02-13 00:00:00-05:00,21.81800079345703
2023-02-14 00:00:00-05:00,21.841999053955078
2023-02-15 00:00:00-05:00,21.54599952697754
2023-02-16 00:00:00-05:00,21.68400001525879
2023-02-17 00:00:00-05:00,21.694000244140625
2023-02-21 00:00:00-05:00,21.868999481201172
2023-02-22 00:00:00-05:00,21.660999298095703
2023-02-23 00:00:00-05:00,21.298999786376953
2023-02-24 00:00:00-05:00,20.805999755859375
2023-02-27 00:00:00-05:00,20.670000076293945
2023-02-28 00:00:00-05:00,20.961000442504883
2023-03-01 00:00:00-05:00,20.958999633789062
2023-03-02 00:00:00-05:00,20.766000747680664
2023-03-03 00:00:00-05:00,21.093000411987305
2023-03-06 00:00:00-05:00,20.983999252319336
2023-03-07 00:00:00-05:00,20.054000854492188
2023-03-08 00:00:00-05:00,20.0049991607666
2023-03-09 00:00:00-05:00,20.024999618530273
2023-03-10 00:00:00-05:00,20.375
2023-03-13 00:00:00-04:00,21.792999267578125
2023-03-14 00:00:00-04:00,21.929000854492188
2023-03-15 00:00:00-04:00,21.77400016784668
2023-03-16 00:00:00-04:00,21.58799934387207
2023-03-17 00:00:00-04:00,22.35099983215332
2023-03-20 00:00:00-04:00,22.533000946044922
2023-03-21 00:00:00-04:00,22.323999404907227
2023-03-22 00:00:00-04:00,22.674999237060547
2023-03-23 00:00:00-04:00,23.143999099731445
2023-03-24 00:00:00-04:00,23.246999740600586
2023-03-27 00:00:00-04:00,23.054000854492188
2023-03-28 00:00:00-04:00,23.323999404907227
2023-03-29 00:00:00-04:00,23.375999450683594
2023-03-30 00:00:00-04:00,23.902000427246094
2023-03-31 00:00:00-04:00,24.076000213623047
2023-04-03 00:00:00-04:00,23.94099998474121
2023-04-04 00:00:00-04:00,25.02199935913086
2023-04-05 00:00:00-04:00,24.96299934387207
2023-04-06 00:00:00-04:00,25.024999618530273
2023-04-10 00:00:00-04:00,24.84600067138672
2023-04-11 00:00:00-04:00,25.131000518798828
2023-04-12 00:00:00-04:00,25.40399932861328
2023-04-13 00:00:00-04:00,25.874000549316406
2023-04-14 00:00:00-04:00,25.423999786376953
2023-04-17 00:00:00-04:00,25.05299949645996
2023-04-18 00:00:00-04:00,25.24799919128418
2023-04-19 00:00:00-04:00,25.365999221801758
2023-04-20 00:00:00-04:00,25.368000030517578
2023-04-21 00:00:00-04:00,25.05299949645996
2023-04-24 00:00:00-04:00,25.305999755859375
2023-04-25 00:00:00-04:00,24.87700080871582
2023-04-26 00:00:00-04:00,24.871000289916992
2023-04-27 00:00:00-04:00,24.982999801635742
2023-04-28 00:00:00-04:00,24.999000549316406
2023-05-01 00:00:00-04:00,25.009000778198242
2023-05-02 00:00:00-04:00,25.40399932861328
2023-05-03 00:00:00-04:00,25.47599983215332
2023-05-04 00:00:00-04:00,26.03499984741211
2023-05-05 00:00:00-04:00,25.743000030517578
2023-05-08 00:00:00-04:00,25.63599967956543
2023-05-09 00:00:00-04:00,25.697999954223633
2023-05-10 00:00:00-04:00,25.461000442504883
2023-05-11 00:00:00-04:00,24.2549991607666
2023-05-12 00:00:00-04:00,23.992000579833984
2023-05-15 00:00:00-04:00,24.12700080871582
2023-05-16 00:00:00-04:00,23.73699951171875
2023-05-17 00:00:00-04:00,23.75200080871582
2023-05-18 00:00:00-04:00,23.4950008392334
2023-05-19 00:00:00-04:00,23.920000076293945
2023-05-22 00:00:00-04:00,23.71500015258789
2023-05-23 00:00:00-04:00,23.474000930786133
2023-05-24 00:00:00-04:00,23.114999771118164
2023-05-25 00:00:00-04:00,22.785999298095703
2023-05-26 00:00:00-04:00,23.239999771118164
2023-05-30 00:00:00-04:00,23.125
2023-05-31 00:00:00-04:00,23.474000930786133
2023-06-01 00:00:00-04:00,23.875
2023-06-02 00:00:00-04:00,23.64299964904785
2023-06-05 00:00:00-04:00,23.534000396728516
2023-06-06 00:00:00-04:00,23.573999404907227
2023-06-07 00:00:00-04:00,23.43899917602539
2023-06-08 00:00:00-04:00,24.263999938964844
2023-06-09 00:00:00-04:00,24.333999633789062
2023-06-12 00:00:00-04:00,23.985000610351562
2023-06-13 00:00:00-04:00,23.756000518798828
2023-06-14 00:00:00-04:00,24.04400062561035
2023-06-15 00:00:00-04:00,23.891000747680664
2023-06-16 00:00:00-04:00,24.076000213623047
2023-06-20 00:00:00-04:00,23.19300079345703
2023-06-21 00:00:00-04:00,22.77400016784668
2023-06-22 00:00:00-04:00,22.43600082397461
2023-06-23 00:00:00-04:00,22.327999114990234
2023-06-26 00:00:00-04:00,22.80500030517578
2023-06-27 00:00:00-04:00,22.93899917602539
2023-06-28 00:00:00-04:00,22.868000030517578
2023-06-29 00:00:00-04:00,22.590999603271484
2023-06-30 00:00:00-04:00,22.809999465942383
2023-07-03 00:00:00-04:00,22.895999908447266
2023-07-05 00:00:00-04:00,23.19700050354004
2023-07-06 00:00:00-04:00,22.68600082397461
2023-07-07 00:00:00-04:00,23.091999053955078
2023-07-10 00:00:00-04:00,23.150999069213867
2023-07-11 00:00:00-04:00,23.086000442504883
2023-07-12 00:00:00-04:00,24.118999481201172
2023-07-13 00:00:00-04:00,24.76799964904785
2023-07-14 00:00:00-04:00,25.013999938964844
2023-07-17 00:00:00-04:00,24.8439998626709
2023-07-18 00:00:00-04:00,25.083999633789062
2023-07-19 00:00:00-04:00,25.2189998626709
2023-07-20 00:00:00-04:00,24.80500030517578
2023-07-21 00:00:00-04:00,24.697999954223633
2023-07-24 00:00:00-04:00,24.43600082397461
2023-07-25 00:00:00-04:00,24.68000030517578
2023-07-26 00:00:00-04:00,24.825000762939453
2023-07-27 00:00:00-04:00,24.236000061035156
2023-07-28 00:00:00-04:00,24.3700008392334
2023-07-31 00:00:00-04:00,24.854000091552734
2023-08-01 00:00:00-04:00,24.20800018310547
2023-08-02 00:00:00-04:00,23.753999710083008
2023-08-03 00:00:00-04:00,23.586000442504883
2023-08-04 00:00:00-04:00,23.617000579833984
2023-08-07 00:00:00-04:00,23.142000198364258
2023-08-08 00:00:00-04:00,22.716999053955078
2023-08-09 00:00:00-04:00,22.649999618530273
2023-08-10 00:00:00-04:00,22.746000289916992
2023-08-11 00:00:00-04:00,22.673999786376953
2023-08-14 00:00:00-04:00,22.643999099731445
2023-08-15 00:00:00-04:00,22.594999313354492
2023-08-16 00:00:00-04:00,22.479999542236328
2023-08-17 00:00:00-04:00,22.670000076293945
2023-08-18 00:00:00-04:00,22.69499969482422
2023-08-21 00:00:00-04:00,23.304000854492188
2023-08-22 00:00:00-04:00,23.420000076293945
2023-08-23 00:00:00-04:00,24.363000869750977
2023-08-24 00:00:00-04:00,24.211000442504883
2023-08-25 00:00:00-04:00,24.219999313354492
2023-08-28 00:00:00-04:00,24.238000869750977
2023-08-29 00:00:00-04:00,24.777000427246094
2023-08-30 00:00:00-04:00,24.733999252319336
2023-08-31 00:00:00-04:00,24.472000122070312
2023-09-01 00:00:00-04:00,24.23200035095215
2023-09-05 00:00:00-04:00,23.558000564575195
2023-09-06 00:00:00-04:00,23.20599937438965
2023-09-07 00:00:00-04:00,22.950000762939453
2023-09-08 00:00:00-04:00,22.892000198364258
2023-09-11 00:00:00-04:00,23.10300064086914
2023-09-12 00:00:00-04:00,23.12700080871582
2023-09-13 00:00:00-04:00,22.91200065612793
2023-09-14 00:00:00-04:00,22.74799919128418
2023-09-15 00:00:00-04:00,23.125999450683594
2023-09-18 00:00:00-04:00,23.23200035095215
2023-09-19 00:00:00-04:00,23.194000244140625
2023-09-20 00:00:00-04:00,23.57900047302246
2023-09-21 00:00:00-04:00,23.444000244140625
2023-09-22 00:00:00-04:00,23.59600067138672
2023-09-25 00:00:00-04:00,23.145000457763672
2023-09-26 00:00:00-04:00,22.950000762939453
2023-09-27 00:00:00-04:00,22.476999282836914
2023-09-28 00:00:00-04:00,22.514999389648438
2023-09-29 00:00:00-04:00,22.236000061035156
2023-10-02 00:00:00-04:00,21.218000411987305
2023-10-03 00:00:00-04:00,21.17799949645996
2023-10-04 00:00:00-04:00,20.95599937438965
2023-10-05 00:00:00-04:00,20.847999572753906
2023-10-06 00:00:00-04:00,21.540000915527344
2023-10-09 00:00:00-04:00,21.740999221801758
2023-10-10 00:00:00-04:00,21.775999069213867
2023-10-11 00:00:00-04:00,21.957000732421875
2023-10-12 00:00:00-04:00,21.79199981689453
2023-10-13 00:00:00-04:00,22.726999282836914
2023-10-16 00:00:00-04:00,22.610000610351562
2023-10-17 00:00:00-04:00,22.863000869750977
2023-10-18 00:00:00-04:00,22.944000244140625
2023-10-19 00:00:00-04:00,22.886999130249023
2023-10-20 00:00:00-04:00,23.35099983215332
2023-10-23 00:00:00-04:00,23.07200050354004
2023-10-24 00:00:00-04:00,22.979999542236328
2023-10-25 00:00:00-04:00,22.87700080871582
2023-10-26 00:00:00-04:00,22.78700065612793
2023-10-27 00:00:00-04:00,22.770000457763672
2023-10-30 00:00:00-04:00,23.281999588012695
2023-10-31 00:00:00-04:00,22.840999603271484
2023-11-01 00:00:00-04:00,22.684999465942383
2023-11-02 00:00:00-04:00,22.750999450683594
2023-11-03 00:00:00-04:00,23.201000213623047
2023-11-06 00:00:00-05:00,23.14900016784668
2023-11-07 00:00:00-05:00,22.507999420166016
2023-11-08 00:00:00-05:00,22.64699935913086
2023-11-09 00:00:00-05:00,22.83099937438965
2023-11-10 00:00:00-05:00,22.21500015258789
2023-11-13 00:00:00-05:00,22.298999786376953
2023-11-14 00:00:00-05:00,23.07900047302246
2023-11-15 00:00:00-05:00,23.485000610351562
2023-11-16 00:00:00-05:00,23.892000198364258
2023-11-17 00:00:00-05:00,23.80900001525879
2023-11-20 00:00:00-05:00,23.57900047302246
2023-11-21 00:00:00-05:00,23.843000411987305
2023-11-22 00:00:00-05:00,23.672000885009766
2023-11-24 00:00:00-05:00,24.32900047302246
2023-11-27 00:00:00-05:00,24.672000885009766
2023-11-28 00:00:00-05:00,24.93000030517578
2023-11-29 00:00:00-05:00,25.07200050354004
2023-11-30 00:00:00-05:00,25.292999267578125
2023-12-01 00:00:00-05:00,25.499000549316406
2023-12-04 00:00:00-05:00,24.55500030517578
2023-12-05 00:00:00-05:00,24.201000213623047
2023-12-06 00:00:00-05:00,23.888999938964844
2023-12-07 00:00:00-05:00,23.73200035095215
2023-12-08 00:00:00-05:00,22.97100067138672
2023-12-11 00:00:00-05:00,22.773000717163086
2023-12-12 00:00:00-05:00,22.72800064086914
2023-12-13 00:00:00-05:00,22.638999938964844
2023-12-14 00:00:00-05:00,24.09600067138672
2023-12-15 00:00:00-05:00,23.8700008392334
2023-12-18 00:00:00-05:00,23.83099937438965
2023-12-19 00:00:00-05:00,24.040000915527344
2023-12-20 00:00:00-05:00,24.347000122070312
2023-12-21 00:00:00-05:00,24.30699920654297
2023-12-22 00:00:00-05:00,24.290000915527344
2023-12-26 00:00:00-05:00,24.143999099731445
2023-12-27 00:00:00-05:00,24.375
2023-12-28 00:00:00-05:00,24.134000778198242
2023-12-29 00:00:00-05:00,23.85300064086914
2024-01-02 00:00:00-05:00,23.732999801635742
2024-01-03 00:00:00-05:00,22.945999145507812
2024-01-04 00:00:00-05:00,22.98900032043457
2024-01-05 00:00:00-05:00,23.121999740600586
2024-01-08 00:00:00-05:00,23.1200008392334
2024-01-09 00:00:00-05:00,22.90399932861328
2024-01-10 00:00:00-05:00,22.884000778198242
2024-01-11 00:00:00-05:00,22.53700065612793
2024-01-12 00:00:00-05:00,23.16200065612793
2024-01-16 00:00:00-05:00,22.933000564575195
2024-01-17 00:00:00-05:00,22.516000747680664
2024-01-18 00:00:00-05:00,22.66699981689453
2024-01-19 00:00:00-05:00,22.570999145507812
2024-01-22 00:00:00-05:00,22.163000106811523
2024-01-23 00:00:00-05:00,22.333999633789062
2024-01-24 00:00:00-05:00,22.7549991607666
2024-01-25 00:00:00-05:00,22.808000564575195
2024-01-26 00:00:00-05:00,22.7549991607666
2024-01-29 00:00:00-05:00,23.13800048828125
2024-01-30 00:00:00-05:00,23.10700035095215
2024-01-31 00:00:00-05:00,23.051000595092773
2024-02-01 00:00:00-05:00,23.1299991607666
2024-02-02 00:00:00-05:00,22.701000213623047
2024-02-05 00:00:00-05:00,22.334999084472656
2024-02-06 00:00:00-05:00,22.39299964904785
2024-02-07 00:00:00-05:00,22.277999877929688
2024-02-08 00:00:00-05:00,22.565000534057617
2024-02-09 00:00:00-05:00,22.527999877929688
2024-02-12 00:00:00-05:00,22.708999633789062
2024-02-13 00:00:00-05:00,22.09600067138672
2024-02-14 00:00:00-05:00,22.33099937438965
2024-02-15 00:00:00-05:00,22.91200065612793
2024-02-16 00:00:00-05:00,23.43899917602539
2024-02-20 00:00:00-05:00,23.106000900268555
2024-02-21 00:00:00-05:00,22.85099983215332
2024-02-22 00:00:00-05:00,22.764999389648438
2024-02-23 00:00:00-05:00,22.9689998626709
2024-02-26 00:00:00-05:00,22.517000198364258
2024-02-27 00:00:00-05:00,22.523000717163086
2024-02-28 00:00:00-05:00,22.40999984741211
2024-02-29 00:00:00-05:00,22.666000366210938
2024-03-01 00:00:00-05:00,23.149999618530273
2024-03-04 00:00:00-05:00,23.77899932861328
2024-03-05 00:00:00-05:00,23.76300048828125
2024-03-06 00:00:00-05:00,24.27199935913086
2024-03-07 00:00:00-05:00,24.3700008392334
2024-03-08 00:00:00-05:00,24.339000701904297
2024-03-11 00:00:00-04:00,24.511999130249023
2024-03-12 00:00:00-04:00,24.194000244140625
2024-03-13 00:00:00-04:00,24.958999633789062
2024-03-14 00:00:00-04:00,24.874000549316406
2024-03-15 00:00:00-04:00,25.200000762939453
2024-03-18 00:00:00-04:00,25.090999603271484
2024-03-19 00:00:00-04:00,24.964000701904297
2024-03-20 00:00:00-04:00,24.933000564575195
2024-03-21 00:00:00-04:00,24.849000930786133
2024-03-22 00:00:00-04:00,24.691999435424805
2024-03-25 00:00:00-04:00,24.7450008392334
2024-03-26 00:00:00-04:00,24.482999801635742
2024-03-27 00:00:00-04:00,24.625
2024-03-28 00:00:00-04:00,24.797000885009766
2024-04-01 00:00:00-04:00,24.95400047302246
2024-04-02 00:00:00-04:00,25.804000854492188
2024-04-03 00:00:00-04:00,26.94499969482422
2024-04-04 00:00:00-04:00,27.139999389648438
2024-04-05 00:00:00-04:00,27.399999618530273
2024-04-08 00:00:00-04:00,27.711999893188477
2024-04-09 00:00:00-04:00,27.891000747680664
2024-04-10 00:00:00-04:00,27.961000442504883
2024-04-11 00:00:00-04:00,28.176000595092773
2024-04-12 00:00:00-04:00,28.2549991607666
2024-04-15 00:00:00-04:00,28.650999069213867
2024-04-16 00:00:00-04:00,28.31800079345703
2024-04-17 00:00:00-04:00,28.34600067138672
2024-04-18 00:00:00-04:00,28.32900047302246
2024-04-19 00:00:00-04:00,28.808000564575195
2024-04-22 00:00:00-04:00,27.21299934387207
2024-04-23 00:00:00-04:00,27.33099937438965
2024-04-24 00:00:00-04:00,27.323999404907227
2024-04-25 00:00:00-04:00,27.341999053955078
2024-04-26 00:00:00-04:00,27.240999221801758
2024-04-29 00:00:00-04:00,27.37299919128418
2024-04-30 00:00:00-04:00,26.391000747680664
2024-05-01 00:00:00-04:00,26.48900032043457
2024-05-02 00:00:00-04:00,26.58300018310547
2024-05-03 00:00:00-04:00,26.44499969482422
2024-05-06 00:00:00-04:00,27.368999481201172
2024-05-07 00:00:00-04:00,27.30299949645996
2024-05-08 00:00:00-04:00,27.361000061035156
2024-05-09 00:00:00-04:00,28.131999969482422
2024-05-10 00:00:00-04:00,28.274999618530273
2024-05-13 00:00:00-04:00,28.22100067138672
2024-05-14 00:00:00-04:00,28.485000610351562
2024-05-15 00:00:00-04:00,29.513999938964844
2024-05-16 00:00:00-04:00,29.665000915527344
2024-05-17 00:00:00-04:00,31.047000885009766
2024-05-20 00:00:00-04:00,32.20500183105469
2024-05-21 00:00:00-04:00,31.868000030517578
2024-05-22 00:00:00-04:00,31.295000076293945
2024-05-23 00:00:00-04:00,30.284000396728516
2024-05-24 00:00:00-04:00,30.329999923706055
2024-05-28 00:00:00-04:00,31.97100067138672
2024-05-29 00:00:00-04:00,32.202999114990234
2024-05-30 00:00:00-04:00,31.38800048828125
2024-05-31 00:00:00-04:00,30.297000885009766
2024-06-03 00:00:00-04:00,30.641000747680664
2024-06-04 00:00:00-04:00,29.488000869750977
2024-06-05 00:00:00-04:00,29.947999954223633
2024-06-06 00:00:00-04:00,31.246999740600586
2024-06-07 00:00:00-04:00,29.334999084472656
2024-06-10 00:00:00-04:00,29.768999099731445
2024-06-11 00:00:00-04:00,29.132999420166016
2024-06-12 00:00:00-04:00,30.176000595092773
2024-06-13 00:00:00-04:00,28.989999771118164
2024-06-14 00:00:00-04:00,29.402000427246094
2024-06-17 00:00:00-04:00,29.325000762939453
2024-06-18 00:00:00-04:00,29.5049991607666
2024-06-20 00:00:00-04:00,30.775999069213867
2024-06-21 00:00:00-04:00,29.572999954223633
2024-06-24 00:00:00-04:00,29.48900032043457
2024-06-25 00:00:00-04:00,28.836999893188477
2024-06-26 00:00:00-04:00,28.909000396728516
2024-06-27 00:00:00-04:00,28.917999267578125
2024-06-28 00:00:00-04:00,29.23699951171875
2024-07-01 00:00:00-04:00,29.299999237060547
2024-07-02 00:00:00-04:00,29.35300064086914
2024-07-03 00:00:00-04:00,30.54800033569336
2024-07-05 00:00:00-04:00,31.38800048828125
2024-07-08 00:00:00-04:00,30.618000030517578
2024-07-09 00:00:00-04:00,30.77199935913086
2024-07-10 00:00:00-04:00,30.726999282836914
2024-07-11 00:00:00-04:00,31.393999099731445
2024-07-12 00:00:00-04:00,30.88599967956543
2024-07-15 00:00:00-04:00,30.672000885009766
2024-07-16 00:00:00-04:00,31.19499969482422
2024-07-17 00:00:00-04:00,30.136999130249023
2024-07-18 00:00:00-04:00,29.9950008392334
2024-07-19 00:00:00-04:00,29.08799934387207
2024-07-22 00:00:00-04:00,29.124000549316406
2024-07-23 00:00:00-04:00,29.131999969482422
2024-07-24 00:00:00-04:00,29.115999221801758
2024-07-25 00:00:00-04:00,27.80699920654297
2024-07-26 00:00:00-04:00,27.860000610351562
2024-07-29 00:00:00-04:00,27.702999114990234
2024-07-30 00:00:00-04:00,28.364999771118164
2024-07-31 00:00:00-04:00,28.777999877929688
2024-08-01 00:00:00-04:00,28.33099937438965
2024-08-02 00:00:00-04:00,28.246000289916992
2024-08-05 00:00:00-04:00,27.076000213623047
2024-08-06 00:00:00-04:00,27.09600067138672
2024-08-07 00:00:00-04:00,26.829999923706055
2024-08-08 00:00:00-04:00,27.5
2024-08-09 00:00:00-04:00,27.48699951171875
2024-08-12 00:00:00-04:00,27.91699981689453
2024-08-13 00:00:00-04:00,27.69499969482422
2024-08-14 00:00:00-04:00,27.253999710083008
2024-08-15 00:00:00-04:00,28.341999053955078
2024-08-16 00:00:00-04:00,28.777999877929688
2024-08-19 00:00:00-04:00,29.239999771118164
2024-08-20 00:00:00-04:00,29.454999923706055
2024-08-21 00:00:00-04:00,29.47599983215332
2024-08-22 00:00:00-04:00,29.006000518798828
2024-08-23 00:00:00-04:00,29.785999298095703
2024-08-26 00:00:00-04:00,29.976999282836914
2024-08-27 00:00:00-04:00,29.951000213623047
2024-08-28 00:00:00-04:00,29.176000595092773
2024-08-29 00:00:00-04:00,29.55699920654297
2024-08-30 00:00:00-04:00,28.731000900268555
2024-09-03 00:00:00-04:00,27.951000213623047
2024-09-04 00:00:00-04:00,28.16699981689453
2024-09-05 00:00:00-04:00,28.719999313354492
2024-09-06 00:00:00-04:00,27.808000564575195
2024-09-09 00:00:00-04:00,28.291000366210938
2024-09-10 00:00:00-04:00,28.256999969482422
2024-09-11 00:00:00-04:00,28.562999725341797
2024-09-12 00:00:00-04:00,29.743000030517578
2024-09-13 00:00:00-04:00,30.698999404907227
2024-09-16 00:00:00-04:00,30.770999908447266
2024-09-17 00:00:00-04:00,30.618999481201172
2024-09-18 00:00:00-04:00,30.340999603271484
2024-09-19 00:00:00-04:00,31.0939998626709
2024-09-20 00:00:00-04:00,31.176000595092773
2024-09-23 00:00:00-04:00,30.767000198364258
2024-09-24 00:00:00-04:00,32.111000061035156
2024-09-25 00:00:00-04:00,31.697999954223633
2024-09-26 00:00:00-04:00,32.025001525878906
2024-09-27 00:00:00-04:00,31.518999099731445
2024-09-30 00:00:00-04:00,31.163999557495117
2024-10-01 00:00:00-04:00,31.44499969482422
2024-10-02 00:00:00-04:00,31.628000259399414
2024-10-03 00:00:00-04:00,32.18899917602539
2024-10-04 00:00:00-04:00,32.12799835205078
2024-10-07 00:00:00-04:00,31.7450008392334
2024-10-08 00:00:00-04:00,30.354999542236328
2024-10-09 00:00:00-04:00,30.424999237060547
2024-10-10 00:00:00-04:00,31.0049991607666
2024-10-11 00:00:00-04:00,31.520000457763672
2024-10-14 00:00:00-04:00,31.08300018310547
2024-10-15 00:00:00-04:00,31.527000427246094
2024-10-16 00:00:00-04:00,31.760000228881836
2024-10-17 00:00:00-04:00,31.572999954223633
2024-10-18 00:00:00-04:00,33.03200149536133
2024-10-21 00:00:00-04:00,33.86899948120117
2024-10-22 00:00:00-04:00,34.83100128173828
2024-10-23 00:00:00-04:00,33.63999938964844
2024-10-24 00:00:00-04:00,33.611000061035156
2024-10-25 00:00:00-04:00,33.60300064086914
2024-10-28 00:00:00-04:00,33.83000183105469
2024-10-29 00:00:00-04:00,34.26900100708008
2024-10-30 00:00:00-04:00,33.91400146484375
