Date,SPY
2017-11-09 00:00:00-05:00,230.12831115722656
2017-11-10 00:00:00-05:00,230.05699157714844
2017-11-13 00:00:00-05:00,230.27088928222656
2017-11-14 00:00:00-05:00,229.73609924316406
2017-11-15 00:00:00-05:00,228.58619689941406
2017-11-16 00:00:00-05:00,230.52943420410156
2017-11-17 00:00:00-05:00,229.85189819335938
2017-11-20 00:00:00-05:00,230.24415588378906
2017-11-21 00:00:00-05:00,231.75059509277344
2017-11-22 00:00:00-05:00,231.54554748535156
2017-11-24 00:00:00-05:00,232.0803985595703
2017-11-27 00:00:00-05:00,231.9645233154297
2017-11-28 00:00:00-05:00,234.31776428222656
2017-11-29 00:00:00-05:00,234.17515563964844
2017-11-30 00:00:00-05:00,236.22537231445312
2017-12-01 00:00:00-05:00,235.7350616455078
2017-12-04 00:00:00-05:00,235.44989013671875
2017-12-05 00:00:00-05:00,234.60302734375
2017-12-06 00:00:00-05:00,234.64761352539062
2017-12-07 00:00:00-05:00,235.38748168945312
2017-12-08 00:00:00-05:00,236.67098999023438
2017-12-11 00:00:00-05:00,237.3841094970703
2017-12-12 00:00:00-05:00,237.8031005859375
2017-12-13 00:00:00-05:00,237.77635192871094
2017-12-14 00:00:00-05:00,236.8048095703125
2017-12-15 00:00:00-05:00,238.77674865722656
2017-12-18 00:00:00-05:00,240.2908172607422
2017-12-19 00:00:00-05:00,239.36810302734375
2017-12-20 00:00:00-05:00,239.2425994873047
2017-12-21 00:00:00-05:00,239.73533630371094
2017-12-22 00:00:00-05:00,239.67276000976562
2017-12-26 00:00:00-05:00,239.38592529296875
2017-12-27 00:00:00-05:00,239.50247192382812
2017-12-28 00:00:00-05:00,239.99517822265625
2017-12-29 00:00:00-05:00,239.0902862548828
2018-01-02 00:00:00-05:00,240.80157470703125
2018-01-03 00:00:00-05:00,242.3246307373047
2018-01-04 00:00:00-05:00,243.34596252441406
2018-01-05 00:00:00-05:00,244.96763610839844
2018-01-08 00:00:00-05:00,245.41563415527344
2018-01-09 00:00:00-05:00,245.97113037109375
2018-01-10 00:00:00-05:00,245.59481811523438
2018-01-11 00:00:00-05:00,247.3866729736328
2018-01-12 00:00:00-05:00,248.99937438964844
2018-01-16 00:00:00-05:00,248.148193359375
2018-01-17 00:00:00-05:00,250.5135040283203
2018-01-18 00:00:00-05:00,250.0924835205078
2018-01-19 00:00:00-05:00,251.230224609375
2018-01-22 00:00:00-05:00,253.2729949951172
2018-01-23 00:00:00-05:00,253.81057739257812
2018-01-24 00:00:00-05:00,253.71205139160156
2018-01-25 00:00:00-05:00,253.81959533691406
2018-01-26 00:00:00-05:00,256.7581481933594
2018-01-29 00:00:00-05:00,255.05584716796875
2018-01-30 00:00:00-05:00,252.4397735595703
2018-01-31 00:00:00-05:00,252.5652313232422
2018-02-01 00:00:00-05:00,252.2785186767578
2018-02-02 00:00:00-05:00,246.78643798828125
2018-02-05 00:00:00-05:00,236.4651641845703
2018-02-06 00:00:00-05:00,241.1240692138672
2018-02-07 00:00:00-05:00,239.8159942626953
2018-02-08 00:00:00-05:00,230.82081604003906
2018-02-09 00:00:00-05:00,234.2880859375
2018-02-12 00:00:00-05:00,237.72845458984375
2018-02-13 00:00:00-05:00,238.31976318359375
2018-02-14 00:00:00-05:00,241.53619384765625
2018-02-15 00:00:00-05:00,244.61825561523438
2018-02-16 00:00:00-05:00,244.6898956298828
2018-02-20 00:00:00-05:00,243.1578369140625
2018-02-21 00:00:00-05:00,241.94830322265625
2018-02-22 00:00:00-05:00,242.2618865966797
2018-02-23 00:00:00-05:00,246.12338256835938
2018-02-26 00:00:00-05:00,248.9814453125
2018-02-27 00:00:00-05:00,245.87257385253906
2018-02-28 00:00:00-05:00,243.38177490234375
2018-03-01 00:00:00-05:00,239.84291076660156
2018-03-02 00:00:00-05:00,241.0792236328125
2018-03-05 00:00:00-05:00,243.86569213867188
2018-03-06 00:00:00-05:00,244.4838409423828
2018-03-07 00:00:00-05:00,244.394287109375
2018-03-08 00:00:00-05:00,245.57684326171875
2018-03-09 00:00:00-05:00,249.85052490234375
2018-03-12 00:00:00-04:00,249.5369415283203
2018-03-13 00:00:00-04:00,247.9242401123047
2018-03-14 00:00:00-04:00,246.65206909179688
2018-03-15 00:00:00-04:00,246.38320922851562
2018-03-16 00:00:00-04:00,246.65037536621094
2018-03-19 00:00:00-04:00,243.31314086914062
2018-03-20 00:00:00-04:00,243.72691345214844
2018-03-21 00:00:00-04:00,243.25917053222656
2018-03-22 00:00:00-04:00,237.17837524414062
2018-03-23 00:00:00-04:00,232.12298583984375
2018-03-26 00:00:00-04:00,238.47369384765625
2018-03-27 00:00:00-04:00,234.41685485839844
2018-03-28 00:00:00-04:00,233.72415161132812
2018-03-29 00:00:00-04:00,236.7105712890625
2018-04-02 00:00:00-04:00,231.60130310058594
2018-04-03 00:00:00-04:00,234.56971740722656
2018-04-04 00:00:00-04:00,237.07940673828125
2018-04-05 00:00:00-04:00,238.95046997070312
2018-04-06 00:00:00-04:00,233.62521362304688
2018-04-09 00:00:00-04:00,234.77664184570312
2018-04-10 00:00:00-04:00,238.5096893310547
2018-04-11 00:00:00-04:00,237.25930786132812
2018-04-12 00:00:00-04:00,239.21127319335938
2018-04-13 00:00:00-04:00,238.5096893310547
2018-04-16 00:00:00-04:00,240.47064208984375
2018-04-17 00:00:00-04:00,243.04331970214844
2018-04-18 00:00:00-04:00,243.22325134277344
2018-04-19 00:00:00-04:00,241.87391662597656
2018-04-20 00:00:00-04:00,239.8229217529297
2018-04-23 00:00:00-04:00,239.78692626953125
2018-04-24 00:00:00-04:00,236.55772399902344
2018-04-25 00:00:00-04:00,237.1423797607422
2018-04-26 00:00:00-04:00,239.5531005859375
2018-04-27 00:00:00-04:00,239.77801513671875
2018-04-30 00:00:00-04:00,237.93402099609375
2018-05-01 00:00:00-04:00,238.35679626464844
2018-05-02 00:00:00-04:00,236.75563049316406
2018-05-03 00:00:00-04:00,236.23388671875
2018-05-04 00:00:00-04:00,239.2923126220703
2018-05-07 00:00:00-04:00,240.10186767578125
2018-05-08 00:00:00-04:00,240.10186767578125
2018-05-09 00:00:00-04:00,242.42263793945312
2018-05-10 00:00:00-04:00,244.6894073486328
2018-05-11 00:00:00-04:00,245.43603515625
2018-05-14 00:00:00-04:00,245.55299377441406
2018-05-15 00:00:00-04:00,243.8618621826172
2018-05-16 00:00:00-04:00,244.8873291015625
2018-05-17 00:00:00-04:00,244.68045043945312
2018-05-18 00:00:00-04:00,244.06869506835938
2018-05-21 00:00:00-04:00,245.9037628173828
2018-05-22 00:00:00-04:00,245.22010803222656
2018-05-23 00:00:00-04:00,245.89479064941406
2018-05-24 00:00:00-04:00,245.39108276367188
2018-05-25 00:00:00-04:00,244.8063201904297
2018-05-29 00:00:00-04:00,241.99082946777344
2018-05-30 00:00:00-04:00,245.22010803222656
2018-05-31 00:00:00-04:00,243.7178955078125
2018-06-01 00:00:00-04:00,246.11073303222656
2018-06-04 00:00:00-04:00,247.280029296875
2018-06-05 00:00:00-04:00,247.45997619628906
2018-06-06 00:00:00-04:00,249.52891540527344
2018-06-07 00:00:00-04:00,249.5018768310547
2018-06-08 00:00:00-04:00,250.239501953125
2018-06-11 00:00:00-04:00,250.57232666015625
2018-06-12 00:00:00-04:00,250.89617919921875
2018-06-13 00:00:00-04:00,250.0955810546875
2018-06-14 00:00:00-04:00,250.72525024414062
2018-06-15 00:00:00-04:00,250.40542602539062
2018-06-18 00:00:00-04:00,249.89041137695312
2018-06-19 00:00:00-04:00,248.9326629638672
2018-06-20 00:00:00-04:00,249.3572540283203
2018-06-21 00:00:00-04:00,247.79408264160156
2018-06-22 00:00:00-04:00,248.2458953857422
2018-06-25 00:00:00-04:00,244.8665008544922
2018-06-26 00:00:00-04:00,245.40870666503906
2018-06-27 00:00:00-04:00,243.3756866455078
2018-06-28 00:00:00-04:00,244.76710510253906
2018-06-29 00:00:00-04:00,245.1195526123047
2018-07-02 00:00:00-04:00,245.6435546875
2018-07-03 00:00:00-04:00,244.7761993408203
2018-07-05 00:00:00-04:00,246.7729949951172
2018-07-06 00:00:00-04:00,248.86029052734375
2018-07-09 00:00:00-04:00,251.1011505126953
2018-07-10 00:00:00-04:00,252.004638671875
2018-07-11 00:00:00-04:00,250.1614532470703
2018-07-12 00:00:00-04:00,252.42942810058594
2018-07-13 00:00:00-04:00,252.6282501220703
2018-07-16 00:00:00-04:00,252.4022979736328
2018-07-17 00:00:00-04:00,253.42337036132812
2018-07-18 00:00:00-04:00,253.9564208984375
2018-07-19 00:00:00-04:00,252.9986572265625
2018-07-20 00:00:00-04:00,252.70956420898438
2018-07-23 00:00:00-04:00,253.17933654785156
2018-07-24 00:00:00-04:00,254.45335388183594
2018-07-25 00:00:00-04:00,256.6219787597656
2018-07-26 00:00:00-04:00,256.01654052734375
2018-07-27 00:00:00-04:00,254.2816925048828
2018-07-30 00:00:00-04:00,252.9534454345703
2018-07-31 00:00:00-04:00,254.2003173828125
2018-08-01 00:00:00-04:00,253.77565002441406
2018-08-02 00:00:00-04:00,255.15814208984375
2018-08-03 00:00:00-04:00,256.2514953613281
2018-08-06 00:00:00-04:00,257.1912536621094
2018-08-07 00:00:00-04:00,258.0404968261719
2018-08-08 00:00:00-04:00,257.9321594238281
2018-08-09 00:00:00-04:00,257.5797424316406
2018-08-10 00:00:00-04:00,255.8538360595703
2018-08-13 00:00:00-04:00,254.89614868164062
2018-08-14 00:00:00-04:00,256.5225830078125
2018-08-15 00:00:00-04:00,254.60694885253906
2018-08-16 00:00:00-04:00,256.6671447753906
2018-08-17 00:00:00-04:00,257.5706481933594
2018-08-20 00:00:00-04:00,258.12188720703125
2018-08-21 00:00:00-04:00,258.7272644042969
2018-08-22 00:00:00-04:00,258.57373046875
2018-08-23 00:00:00-04:00,258.2303161621094
2018-08-24 00:00:00-04:00,259.7843933105469
2018-08-27 00:00:00-04:00,261.8355407714844
2018-08-28 00:00:00-04:00,261.9620056152344
2018-08-29 00:00:00-04:00,263.3716125488281
2018-08-30 00:00:00-04:00,262.30548095703125
2018-08-31 00:00:00-04:00,262.3145446777344
2018-09-04 00:00:00-04:00,261.86260986328125
2018-09-05 00:00:00-04:00,261.1578063964844
2018-09-06 00:00:00-04:00,260.3716735839844
2018-09-07 00:00:00-04:00,259.86578369140625
2018-09-10 00:00:00-04:00,260.3175048828125
2018-09-11 00:00:00-04:00,261.1759033203125
2018-09-12 00:00:00-04:00,261.2391357421875
2018-09-13 00:00:00-04:00,262.78424072265625
2018-09-14 00:00:00-04:00,262.8294372558594
2018-09-17 00:00:00-04:00,261.43792724609375
2018-09-18 00:00:00-04:00,262.85650634765625
2018-09-19 00:00:00-04:00,263.13671875
2018-09-20 00:00:00-04:00,265.2690734863281
2018-09-21 00:00:00-04:00,265.0267028808594
2018-09-24 00:00:00-04:00,264.1463317871094
2018-09-25 00:00:00-04:00,263.9012145996094
2018-09-26 00:00:00-04:00,263.11163330078125
2018-09-27 00:00:00-04:00,263.8468017578125
2018-09-28 00:00:00-04:00,263.87396240234375
2018-10-01 00:00:00-04:00,264.7908020019531
2018-10-02 00:00:00-04:00,264.6364440917969
2018-10-03 00:00:00-04:00,264.7816467285156
2018-10-04 00:00:00-04:00,262.712158203125
2018-10-05 00:00:00-04:00,261.2417907714844
2018-10-08 00:00:00-04:00,261.2417907714844
2018-10-09 00:00:00-04:00,260.8604736328125
2018-10-10 00:00:00-04:00,252.600830078125
2018-10-11 00:00:00-04:00,247.03700256347656
2018-10-12 00:00:00-04:00,250.46792602539062
2018-10-15 00:00:00-04:00,249.06109619140625
2018-10-16 00:00:00-04:00,254.5069580078125
2018-10-17 00:00:00-04:00,254.5524139404297
2018-10-18 00:00:00-04:00,250.87625122070312
2018-10-19 00:00:00-04:00,250.74020385742188
2018-10-22 00:00:00-04:00,249.61468505859375
2018-10-23 00:00:00-04:00,248.3440399169922
2018-10-24 00:00:00-04:00,240.8194580078125
2018-10-25 00:00:00-04:00,245.13998413085938
2018-10-26 00:00:00-04:00,240.8285675048828
2018-10-29 00:00:00-04:00,239.49429321289062
2018-10-30 00:00:00-04:00,243.04324340820312
2018-10-31 00:00:00-04:00,245.63917541503906
2018-11-01 00:00:00-04:00,248.25320434570312
2018-11-02 00:00:00-04:00,246.7827911376953
2018-11-05 00:00:00-05:00,248.1443634033203
2018-11-06 00:00:00-05:00,249.71456909179688
2018-11-07 00:00:00-05:00,255.06060791015625
2018-11-08 00:00:00-05:00,254.59774780273438
2018-11-09 00:00:00-05:00,252.11082458496094
2018-11-12 00:00:00-05:00,247.40000915527344
2018-11-13 00:00:00-05:00,246.93714904785156
2018-11-14 00:00:00-05:00,245.24887084960938
2018-11-15 00:00:00-05:00,247.80848693847656
2018-11-16 00:00:00-05:00,248.4529571533203
2018-11-19 00:00:00-05:00,244.25047302246094
2018-11-20 00:00:00-05:00,239.73031616210938
2018-11-21 00:00:00-05:00,240.5471954345703
2018-11-23 00:00:00-05:00,238.94064331054688
2018-11-26 00:00:00-05:00,242.79823303222656
2018-11-27 00:00:00-05:00,243.61508178710938
2018-11-28 00:00:00-05:00,249.2244110107422
2018-11-29 00:00:00-05:00,248.67982482910156
2018-11-30 00:00:00-05:00,250.19566345214844
2018-12-03 00:00:00-05:00,253.508544921875
2018-12-04 00:00:00-05:00,245.2942657470703
2018-12-06 00:00:00-05:00,244.92210388183594
2018-12-07 00:00:00-05:00,239.2311248779297
2018-12-10 00:00:00-05:00,239.68495178222656
2018-12-11 00:00:00-05:00,239.73936462402344
2018-12-12 00:00:00-05:00,240.94659423828125
2018-12-13 00:00:00-05:00,240.8648681640625
2018-12-14 00:00:00-05:00,236.41738891601562
2018-12-17 00:00:00-05:00,231.77926635742188
2018-12-18 00:00:00-05:00,231.52511596679688
2018-12-19 00:00:00-05:00,228.057861328125
2018-12-20 00:00:00-05:00,224.3455352783203
2018-12-21 00:00:00-05:00,219.748779296875
2018-12-24 00:00:00-05:00,213.94236755371094
2018-12-26 00:00:00-05:00,224.7517852783203
2018-12-27 00:00:00-05:00,226.47731018066406
2018-12-28 00:00:00-05:00,226.18516540527344
2018-12-31 00:00:00-05:00,228.16627502441406
2019-01-02 00:00:00-05:00,228.40362548828125
2019-01-03 00:00:00-05:00,222.95326232910156
2019-01-04 00:00:00-05:00,230.42129516601562
2019-01-07 00:00:00-05:00,232.2381134033203
2019-01-08 00:00:00-05:00,234.42001342773438
2019-01-09 00:00:00-05:00,235.51559448242188
2019-01-10 00:00:00-05:00,236.34634399414062
2019-01-11 00:00:00-05:00,236.43763732910156
2019-01-14 00:00:00-05:00,234.99520874023438
2019-01-15 00:00:00-05:00,237.68838500976562
2019-01-16 00:00:00-05:00,238.26358032226562
2019-01-17 00:00:00-05:00,240.07125854492188
2019-01-18 00:00:00-05:00,243.26658630371094
2019-01-22 00:00:00-05:00,239.97991943359375
2019-01-23 00:00:00-05:00,240.48207092285156
2019-01-24 00:00:00-05:00,240.60984802246094
2019-01-25 00:00:00-05:00,242.6457977294922
2019-01-28 00:00:00-05:00,240.8015899658203
2019-01-29 00:00:00-05:00,240.48207092285156
2019-01-30 00:00:00-05:00,244.28909301757812
2019-01-31 00:00:00-05:00,246.43453979492188
2019-02-01 00:00:00-05:00,246.55325317382812
2019-02-04 00:00:00-05:00,248.28785705566406
2019-02-05 00:00:00-05:00,249.32858276367188
2019-02-06 00:00:00-05:00,249.0
2019-02-07 00:00:00-05:00,246.62625122070312
2019-02-08 00:00:00-05:00,246.92752075195312
2019-02-11 00:00:00-05:00,247.064453125
2019-02-12 00:00:00-05:00,250.24156188964844
2019-02-13 00:00:00-05:00,251.05406188964844
2019-02-14 00:00:00-05:00,250.49725341796875
2019-02-15 00:00:00-05:00,253.2269287109375
2019-02-19 00:00:00-05:00,253.66514587402344
2019-02-20 00:00:00-05:00,254.17645263671875
2019-02-21 00:00:00-05:00,253.27259826660156
2019-02-22 00:00:00-05:00,254.8429412841797
2019-02-25 00:00:00-05:00,255.18978881835938
2019-02-26 00:00:00-05:00,255.00721740722656
2019-02-27 00:00:00-05:00,254.897705078125
2019-02-28 00:00:00-05:00,254.42286682128906
2019-03-01 00:00:00-05:00,256.0114440917969
2019-03-04 00:00:00-05:00,255.08026123046875
2019-03-05 00:00:00-05:00,254.73324584960938
2019-03-06 00:00:00-05:00,253.1903533935547
2019-03-07 00:00:00-05:00,251.0723876953125
2019-03-08 00:00:00-05:00,250.57022094726562
2019-03-11 00:00:00-04:00,254.20384216308594
2019-03-12 00:00:00-04:00,255.16250610351562
2019-03-13 00:00:00-04:00,256.85137939453125
2019-03-14 00:00:00-04:00,256.68701171875
2019-03-15 00:00:00-04:00,257.95526123046875
2019-03-18 00:00:00-04:00,258.8905029296875
2019-03-19 00:00:00-04:00,258.95477294921875
2019-03-20 00:00:00-04:00,258.1753845214844
2019-03-21 00:00:00-04:00,261.09136962890625
2019-03-22 00:00:00-04:00,256.0663146972656
2019-03-25 00:00:00-04:00,255.87367248535156
2019-03-26 00:00:00-04:00,257.781005859375
2019-03-27 00:00:00-04:00,256.43310546875
2019-03-28 00:00:00-04:00,257.405029296875
2019-03-29 00:00:00-04:00,259.028076171875
2019-04-01 00:00:00-04:00,262.1000671386719
2019-04-02 00:00:00-04:00,262.2283020019531
2019-04-03 00:00:00-04:00,262.6409912109375
2019-04-04 00:00:00-04:00,263.33782958984375
2019-04-05 00:00:00-04:00,264.6124572753906
2019-04-08 00:00:00-04:00,264.814208984375
2019-04-09 00:00:00-04:00,263.45709228515625
2019-04-10 00:00:00-04:00,264.3557434082031
2019-04-11 00:00:00-04:00,264.2823486328125
2019-04-12 00:00:00-04:00,266.0704650878906
2019-04-15 00:00:00-04:00,265.8963623046875
2019-04-16 00:00:00-04:00,266.0704650878906
2019-04-17 00:00:00-04:00,265.41943359375
2019-04-18 00:00:00-04:00,265.94207763671875
2019-04-22 00:00:00-04:00,266.17132568359375
2019-04-23 00:00:00-04:00,268.5647277832031
2019-04-24 00:00:00-04:00,267.9687194824219
2019-04-25 00:00:00-04:00,267.8035888671875
2019-04-26 00:00:00-04:00,269.05072021484375
2019-04-29 00:00:00-04:00,269.4725646972656
2019-04-30 00:00:00-04:00,269.6100158691406
2019-05-01 00:00:00-04:00,267.58343505859375
2019-05-02 00:00:00-04:00,267.0058288574219
2019-05-03 00:00:00-04:00,269.6191711425781
2019-05-06 00:00:00-04:00,268.5097351074219
2019-05-07 00:00:00-04:00,264.02569580078125
2019-05-08 00:00:00-04:00,263.6588134765625
2019-05-09 00:00:00-04:00,262.861083984375
2019-05-10 00:00:00-04:00,264.1815490722656
2019-05-13 00:00:00-04:00,257.5425720214844
2019-05-14 00:00:00-04:00,259.8716735839844
2019-05-15 00:00:00-04:00,261.3939208984375
2019-05-16 00:00:00-04:00,263.8146057128906
2019-05-17 00:00:00-04:00,262.109130859375
2019-05-20 00:00:00-04:00,260.3760986328125
2019-05-21 00:00:00-04:00,262.7235412597656
2019-05-22 00:00:00-04:00,261.9166259765625
2019-05-23 00:00:00-04:00,258.7163391113281
2019-05-24 00:00:00-04:00,259.3031921386719
2019-05-28 00:00:00-04:00,256.8915710449219
2019-05-29 00:00:00-04:00,255.1676025390625
2019-05-30 00:00:00-04:00,255.8645477294922
2019-05-31 00:00:00-04:00,252.4166717529297
2019-06-03 00:00:00-04:00,251.77484130859375
2019-06-04 00:00:00-04:00,257.23992919921875
2019-06-05 00:00:00-04:00,259.4682922363281
2019-06-06 00:00:00-04:00,261.15545654296875
2019-06-07 00:00:00-04:00,263.76885986328125
2019-06-10 00:00:00-04:00,264.97918701171875
2019-06-11 00:00:00-04:00,264.91510009765625
2019-06-12 00:00:00-04:00,264.44744873046875
2019-06-13 00:00:00-04:00,265.5386047363281
2019-06-14 00:00:00-04:00,265.2452697753906
2019-06-17 00:00:00-04:00,265.3460388183594
2019-06-18 00:00:00-04:00,268.12451171875
2019-06-19 00:00:00-04:00,268.7296447753906
2019-06-20 00:00:00-04:00,271.2972412109375
2019-06-21 00:00:00-04:00,270.9028625488281
2019-06-24 00:00:00-04:00,270.5712585449219
2019-06-25 00:00:00-04:00,267.9173278808594
2019-06-26 00:00:00-04:00,267.65020751953125
2019-06-27 00:00:00-04:00,268.5992431640625
2019-06-28 00:00:00-04:00,269.9814758300781
2019-07-01 00:00:00-04:00,272.4324951171875
2019-07-02 00:00:00-04:00,273.1419677734375
2019-07-03 00:00:00-04:00,275.32574462890625
2019-07-05 00:00:00-04:00,275.0124816894531
2019-07-08 00:00:00-04:00,273.5013732910156
2019-07-09 00:00:00-04:00,273.8422546386719
2019-07-10 00:00:00-04:00,275.15069580078125
2019-07-11 00:00:00-04:00,275.7958068847656
2019-07-12 00:00:00-04:00,277.030517578125
2019-07-15 00:00:00-04:00,277.12255859375
2019-07-16 00:00:00-04:00,276.22882080078125
2019-07-17 00:00:00-04:00,274.3490905761719
2019-07-18 00:00:00-04:00,275.35345458984375
2019-07-19 00:00:00-04:00,273.8238525390625
2019-07-22 00:00:00-04:00,274.4964599609375
2019-07-23 00:00:00-04:00,276.4591369628906
2019-07-24 00:00:00-04:00,277.75836181640625
2019-07-25 00:00:00-04:00,276.4314880371094
2019-07-26 00:00:00-04:00,278.2835998535156
2019-07-29 00:00:00-04:00,277.77679443359375
2019-07-30 00:00:00-04:00,277.094970703125
2019-07-31 00:00:00-04:00,274.0634460449219
2019-08-01 00:00:00-04:00,271.6768798828125
2019-08-02 00:00:00-04:00,269.6313171386719
2019-08-05 00:00:00-04:00,261.5226745605469
2019-08-06 00:00:00-04:00,265.1899719238281
2019-08-07 00:00:00-04:00,265.3466491699219
2019-08-08 00:00:00-04:00,270.5527648925781
2019-08-09 00:00:00-04:00,268.7098693847656
2019-08-12 00:00:00-04:00,265.43878173828125
2019-08-13 00:00:00-04:00,269.5667724609375
2019-08-14 00:00:00-04:00,261.5964050292969
2019-08-15 00:00:00-04:00,262.2873840332031
2019-08-16 00:00:00-04:00,266.1575012207031
2019-08-19 00:00:00-04:00,269.3640441894531
2019-08-20 00:00:00-04:00,267.3000793457031
2019-08-21 00:00:00-04:00,269.47467041015625
2019-08-22 00:00:00-04:00,269.3916931152344
2019-08-23 00:00:00-04:00,262.4717712402344
2019-08-26 00:00:00-04:00,265.3742980957031
2019-08-27 00:00:00-04:00,264.3330078125
2019-08-28 00:00:00-04:00,266.1943359375
2019-08-29 00:00:00-04:00,269.59442138671875
2019-08-30 00:00:00-04:00,269.47467041015625
2019-09-03 00:00:00-04:00,267.89898681640625
2019-09-04 00:00:00-04:00,270.9397277832031
2019-09-05 00:00:00-04:00,274.4228210449219
2019-09-06 00:00:00-04:00,274.6346435546875
2019-09-09 00:00:00-04:00,274.7729797363281
2019-09-10 00:00:00-04:00,274.70849609375
2019-09-11 00:00:00-04:00,276.6618347167969
2019-09-12 00:00:00-04:00,277.6202087402344
2019-09-13 00:00:00-04:00,277.4359130859375
2019-09-16 00:00:00-04:00,276.5789794921875
2019-09-17 00:00:00-04:00,277.279296875
2019-09-18 00:00:00-04:00,277.4450988769531
2019-09-19 00:00:00-04:00,277.4266052246094
2019-09-20 00:00:00-04:00,276.11590576171875
2019-09-23 00:00:00-04:00,276.05108642578125
2019-09-24 00:00:00-04:00,273.8850402832031
2019-09-25 00:00:00-04:00,275.5048828125
2019-09-26 00:00:00-04:00,274.9310302734375
2019-09-27 00:00:00-04:00,273.4498596191406
2019-09-30 00:00:00-04:00,274.71807861328125
2019-10-01 00:00:00-04:00,271.45037841796875
2019-10-02 00:00:00-04:00,266.65533447265625
2019-10-03 00:00:00-04:00,268.8399963378906
2019-10-04 00:00:00-04:00,272.4779357910156
2019-10-07 00:00:00-04:00,271.3022766113281
2019-10-08 00:00:00-04:00,267.0904235839844
2019-10-09 00:00:00-04:00,269.62677001953125
2019-10-10 00:00:00-04:00,271.45037841796875
2019-10-11 00:00:00-04:00,274.2644958496094
2019-10-14 00:00:00-04:00,273.9590148925781
2019-10-15 00:00:00-04:00,276.6713562011719
2019-10-16 00:00:00-04:00,276.22698974609375
2019-10-17 00:00:00-04:00,277.0415954589844
2019-10-18 00:00:00-04:00,275.82891845703125
2019-10-21 00:00:00-04:00,277.69879150390625
2019-10-22 00:00:00-04:00,276.7916564941406
2019-10-23 00:00:00-04:00,277.5969543457031
2019-10-24 00:00:00-04:00,278.0505676269531
2019-10-25 00:00:00-04:00,279.189208984375
2019-10-28 00:00:00-04:00,280.7628479003906
2019-10-29 00:00:00-04:00,280.6794738769531
2019-10-30 00:00:00-04:00,281.5404052734375
2019-10-31 00:00:00-04:00,280.7906799316406
2019-11-01 00:00:00-04:00,283.3918762207031
2019-11-04 00:00:00-05:00,284.5304870605469
2019-11-05 00:00:00-05:00,284.2156982421875
2019-11-06 00:00:00-05:00,284.2805480957031
2019-11-07 00:00:00-05:00,285.2802429199219
2019-11-08 00:00:00-05:00,285.9837341308594
2019-11-11 00:00:00-05:00,285.4377136230469
2019-11-12 00:00:00-05:00,286.0393981933594
2019-11-13 00:00:00-05:00,286.13189697265625
2019-11-14 00:00:00-05:00,286.5484619140625
2019-11-15 00:00:00-05:00,288.62200927734375
2019-11-18 00:00:00-05:00,288.8349304199219
2019-11-19 00:00:00-05:00,288.7516174316406
2019-11-20 00:00:00-05:00,287.677734375
2019-11-21 00:00:00-05:00,287.2149658203125
2019-11-22 00:00:00-05:00,287.85369873046875
2019-11-25 00:00:00-05:00,290.0845947265625
2019-11-26 00:00:00-05:00,290.7418518066406
2019-11-27 00:00:00-05:00,292.0378723144531
2019-11-29 00:00:00-05:00,290.9547424316406
2019-12-02 00:00:00-05:00,288.4832458496094
2019-12-03 00:00:00-05:00,286.5484619140625
2019-12-04 00:00:00-05:00,288.3164978027344
2019-12-05 00:00:00-05:00,288.8349304199219
2019-12-06 00:00:00-05:00,291.4731750488281
2019-12-09 00:00:00-05:00,290.5567932128906
2019-12-10 00:00:00-05:00,290.23272705078125
2019-12-11 00:00:00-05:00,291.0566101074219
2019-12-12 00:00:00-05:00,293.565185546875
2019-12-13 00:00:00-05:00,293.7410888671875
2019-12-16 00:00:00-05:00,295.7591247558594
2019-12-17 00:00:00-05:00,295.82391357421875
2019-12-18 00:00:00-05:00,295.8424377441406
2019-12-19 00:00:00-05:00,297.0550842285156
2019-12-20 00:00:00-05:00,298.3574523925781
2019-12-23 00:00:00-05:00,298.8132629394531
2019-12-24 00:00:00-05:00,298.8226013183594
2019-12-26 00:00:00-05:00,300.41326904296875
2019-12-27 00:00:00-05:00,300.3388977050781
2019-12-30 00:00:00-05:00,298.68292236328125
2019-12-31 00:00:00-05:00,299.40850830078125
2020-01-02 00:00:00-05:00,302.2086181640625
2020-01-03 00:00:00-05:00,299.9203186035156
2020-01-06 00:00:00-05:00,301.064453125
2020-01-07 00:00:00-05:00,300.2179870605469
2020-01-08 00:00:00-05:00,301.8179626464844
2020-01-09 00:00:00-05:00,303.8644104003906
2020-01-10 00:00:00-05:00,302.9900207519531
2020-01-13 00:00:00-05:00,305.0738220214844
2020-01-14 00:00:00-05:00,304.60870361328125
2020-01-15 00:00:00-05:00,305.2970275878906
2020-01-16 00:00:00-05:00,307.8365478515625
2020-01-17 00:00:00-05:00,308.7947692871094
2020-01-21 00:00:00-05:00,308.19012451171875
2020-01-22 00:00:00-05:00,308.22735595703125
2020-01-23 00:00:00-05:00,308.580810546875
2020-01-24 00:00:00-05:00,305.83660888671875
2020-01-27 00:00:00-05:00,300.9342041015625
2020-01-28 00:00:00-05:00,304.08770751953125
2020-01-29 00:00:00-05:00,303.8365173339844
2020-01-30 00:00:00-05:00,304.8226013183594
2020-01-31 00:00:00-05:00,299.28765869140625
2020-02-03 00:00:00-05:00,301.5109558105469
2020-02-04 00:00:00-05:00,306.1063232421875
2020-02-05 00:00:00-05:00,309.6413269042969
2020-02-06 00:00:00-05:00,310.68316650390625
2020-02-07 00:00:00-05:00,309.02734375
2020-02-10 00:00:00-05:00,311.33428955078125
2020-02-11 00:00:00-05:00,311.87384033203125
2020-02-12 00:00:00-05:00,313.88323974609375
2020-02-13 00:00:00-05:00,313.5483093261719
2020-02-14 00:00:00-05:00,314.05059814453125
2020-02-18 00:00:00-05:00,313.2413635253906
2020-02-19 00:00:00-05:00,314.73907470703125
2020-02-20 00:00:00-05:00,313.446044921875
2020-02-21 00:00:00-05:00,310.2180480957031
2020-02-24 00:00:00-05:00,299.9295959472656
2020-02-25 00:00:00-05:00,290.8410339355469
2020-02-26 00:00:00-05:00,289.7713317871094
2020-02-27 00:00:00-05:00,276.7571105957031
2020-02-28 00:00:00-05:00,275.5943603515625
2020-03-02 00:00:00-05:00,287.52935791015625
2020-03-03 00:00:00-05:00,279.29669189453125
2020-03-04 00:00:00-05:00,291.0363464355469
2020-03-05 00:00:00-05:00,281.36181640625
2020-03-06 00:00:00-05:00,276.7105712890625
2020-03-09 00:00:00-04:00,255.10101318359375
2020-03-10 00:00:00-04:00,268.30120849609375
2020-03-11 00:00:00-04:00,255.2220001220703
2020-03-12 00:00:00-04:00,230.80303955078125
2020-03-13 00:00:00-04:00,250.53350830078125
2020-03-16 00:00:00-04:00,223.1192169189453
2020-03-17 00:00:00-04:00,235.16590881347656
2020-03-18 00:00:00-04:00,223.25875854492188
2020-03-19 00:00:00-04:00,223.733154296875
2020-03-20 00:00:00-04:00,214.09152221679688
2020-03-23 00:00:00-04:00,208.6175994873047
2020-03-24 00:00:00-04:00,227.51907348632812
2020-03-25 00:00:00-04:00,230.92506408691406
2020-03-26 00:00:00-04:00,244.40872192382812
2020-03-27 00:00:00-04:00,237.12887573242188
2020-03-30 00:00:00-04:00,244.82984924316406
2020-03-31 00:00:00-04:00,241.18051147460938
2020-04-01 00:00:00-04:00,230.3262176513672
2020-04-02 00:00:00-04:00,235.64109802246094
2020-04-03 00:00:00-04:00,232.2350616455078
2020-04-06 00:00:00-04:00,247.83349609375
2020-04-07 00:00:00-04:00,248.0861358642578
2020-04-08 00:00:00-04:00,256.4139709472656
2020-04-09 00:00:00-04:00,260.31591796875
2020-04-13 00:00:00-04:00,257.939208984375
2020-04-14 00:00:00-04:00,265.5465393066406
2020-04-15 00:00:00-04:00,259.9041442871094
2020-04-16 00:00:00-04:00,261.1580810546875
2020-04-17 00:00:00-04:00,268.2133483886719
2020-04-20 00:00:00-04:00,263.4880065917969
2020-04-21 00:00:00-04:00,255.48760986328125
2020-04-22 00:00:00-04:00,261.1580810546875
2020-04-23 00:00:00-04:00,261.1393127441406
2020-04-24 00:00:00-04:00,264.7792053222656
2020-04-27 00:00:00-04:00,268.5970153808594
2020-04-28 00:00:00-04:00,267.3618469238281
2020-04-29 00:00:00-04:00,274.3609313964844
2020-04-30 00:00:00-04:00,271.8064880371094
2020-05-01 00:00:00-04:00,264.61077880859375
2020-05-04 00:00:00-04:00,265.3406677246094
2020-05-05 00:00:00-04:00,267.79229736328125
2020-05-06 00:00:00-04:00,265.9769592285156
2020-05-07 00:00:00-04:00,269.18646240234375
2020-05-08 00:00:00-04:00,273.64044189453125
2020-05-11 00:00:00-04:00,273.696533203125
2020-05-12 00:00:00-04:00,268.2414245605469
2020-05-13 00:00:00-04:00,263.497314453125
2020-05-14 00:00:00-04:00,266.6506652832031
2020-05-15 00:00:00-04:00,267.8764953613281
2020-05-18 00:00:00-04:00,276.03594970703125
2020-05-19 00:00:00-04:00,273.20068359375
2020-05-20 00:00:00-04:00,277.8418273925781
2020-05-21 00:00:00-04:00,275.9236145019531
2020-05-22 00:00:00-04:00,276.4476623535156
2020-05-26 00:00:00-04:00,279.8536376953125
2020-05-27 00:00:00-04:00,284.01751708984375
2020-05-28 00:00:00-04:00,283.49359130859375
2020-05-29 00:00:00-04:00,284.75677490234375
2020-06-01 00:00:00-04:00,285.90765380859375
2020-06-02 00:00:00-04:00,288.2750549316406
2020-06-03 00:00:00-04:00,292.11151123046875
2020-06-04 00:00:00-04:00,291.3441467285156
2020-06-05 00:00:00-04:00,298.8112487792969
2020-06-08 00:00:00-04:00,302.4230651855469
2020-06-09 00:00:00-04:00,300.16796875
2020-06-10 00:00:00-04:00,298.4931335449219
2020-06-11 00:00:00-04:00,281.2851867675781
2020-06-12 00:00:00-04:00,284.65374755859375
2020-06-15 00:00:00-04:00,287.3112487792969
2020-06-16 00:00:00-04:00,292.84136962890625
2020-06-17 00:00:00-04:00,291.62493896484375
2020-06-18 00:00:00-04:00,291.73724365234375
2020-06-19 00:00:00-04:00,290.0699768066406
2020-06-22 00:00:00-04:00,291.9307556152344
2020-06-23 00:00:00-04:00,293.27471923828125
2020-06-24 00:00:00-04:00,285.793701171875
2020-06-25 00:00:00-04:00,288.8575439453125
2020-06-26 00:00:00-04:00,281.9967956542969
2020-06-29 00:00:00-04:00,286.14141845703125
2020-06-30 00:00:00-04:00,289.8067932128906
2020-07-01 00:00:00-04:00,291.8367919921875
2020-07-02 00:00:00-04:00,293.4439392089844
2020-07-06 00:00:00-04:00,297.97393798828125
2020-07-07 00:00:00-04:00,294.90069580078125
2020-07-08 00:00:00-04:00,297.15625
2020-07-09 00:00:00-04:00,295.4645690917969
2020-07-10 00:00:00-04:00,298.4814453125
2020-07-13 00:00:00-04:00,295.8968811035156
2020-07-14 00:00:00-04:00,299.7314758300781
2020-07-15 00:00:00-04:00,302.48516845703125
2020-07-16 00:00:00-04:00,301.4889221191406
2020-07-17 00:00:00-04:00,302.3630065917969
2020-07-20 00:00:00-04:00,304.8065490722656
2020-07-21 00:00:00-04:00,305.45501708984375
2020-07-22 00:00:00-04:00,307.1936950683594
2020-07-23 00:00:00-04:00,303.5282897949219
2020-07-24 00:00:00-04:00,301.5735168457031
2020-07-27 00:00:00-04:00,303.7726745605469
2020-07-28 00:00:00-04:00,301.8460388183594
2020-07-29 00:00:00-04:00,305.5583801269531
2020-07-30 00:00:00-04:00,304.4681701660156
2020-07-31 00:00:00-04:00,306.8741149902344
2020-08-03 00:00:00-04:00,309.0075988769531
2020-08-04 00:00:00-04:00,310.2010498046875
2020-08-05 00:00:00-04:00,312.1278076171875
2020-08-06 00:00:00-04:00,314.2142028808594
2020-08-07 00:00:00-04:00,314.4398193359375
2020-08-10 00:00:00-04:00,315.3796691894531
2020-08-11 00:00:00-04:00,312.77630615234375
2020-08-12 00:00:00-04:00,317.13714599609375
2020-08-13 00:00:00-04:00,316.5638122558594
2020-08-14 00:00:00-04:00,316.5732116699219
2020-08-17 00:00:00-04:00,317.578857421875
2020-08-18 00:00:00-04:00,318.2649841308594
2020-08-19 00:00:00-04:00,316.93975830078125
2020-08-20 00:00:00-04:00,317.92657470703125
2020-08-21 00:00:00-04:00,319.0544128417969
2020-08-24 00:00:00-04:00,322.28741455078125
2020-08-25 00:00:00-04:00,323.4151916503906
2020-08-26 00:00:00-04:00,326.65765380859375
2020-08-27 00:00:00-04:00,327.3718566894531
2020-08-28 00:00:00-04:00,329.4864807128906
2020-08-31 00:00:00-04:00,328.2929382324219
2020-09-01 00:00:00-04:00,331.385009765625
2020-09-02 00:00:00-04:00,336.17816162109375
2020-09-03 00:00:00-04:00,324.6087341308594
2020-09-04 00:00:00-04:00,321.9584655761719
2020-09-08 00:00:00-04:00,313.16162109375
2020-09-09 00:00:00-04:00,319.3457946777344
2020-09-10 00:00:00-04:00,313.80078125
2020-09-11 00:00:00-04:00,313.96044921875
2020-09-14 00:00:00-04:00,318.0957336425781
2020-09-15 00:00:00-04:00,319.7029113769531
2020-09-16 00:00:00-04:00,318.4341125488281
2020-09-17 00:00:00-04:00,315.6334228515625
2020-09-18 00:00:00-04:00,311.99957275390625
2020-09-21 00:00:00-04:00,308.5272216796875
2020-09-22 00:00:00-04:00,311.6693420410156
2020-09-23 00:00:00-04:00,304.44146728515625
2020-09-24 00:00:00-04:00,305.2529602050781
2020-09-25 00:00:00-04:00,310.1878967285156
2020-09-28 00:00:00-04:00,315.3399353027344
2020-09-29 00:00:00-04:00,313.6226806640625
2020-09-30 00:00:00-04:00,316.00048828125
2020-10-01 00:00:00-04:00,318.0291442871094
2020-10-02 00:00:00-04:00,315.0096740722656
2020-10-05 00:00:00-04:00,320.5957946777344
2020-10-06 00:00:00-04:00,316.0382385253906
2020-10-07 00:00:00-04:00,321.5393371582031
2020-10-08 00:00:00-04:00,324.3890075683594
2020-10-09 00:00:00-04:00,327.2858581542969
2020-10-12 00:00:00-04:00,332.551025390625
2020-10-13 00:00:00-04:00,330.3808288574219
2020-10-14 00:00:00-04:00,328.30487060546875
2020-10-15 00:00:00-04:00,327.899169921875
2020-10-16 00:00:00-04:00,327.7010192871094
2020-10-19 00:00:00-04:00,322.71881103515625
2020-10-20 00:00:00-04:00,324.0115661621094
2020-10-21 00:00:00-04:00,323.39825439453125
2020-10-22 00:00:00-04:00,325.1721496582031
2020-10-23 00:00:00-04:00,326.2762451171875
2020-10-26 00:00:00-04:00,320.2466735839844
2020-10-27 00:00:00-04:00,319.1426086425781
2020-10-28 00:00:00-04:00,308.2346496582031
2020-10-29 00:00:00-04:00,311.367431640625
2020-10-30 00:00:00-04:00,308.12139892578125
2020-11-02 00:00:00-05:00,311.5749816894531
2020-11-03 00:00:00-05:00,317.07611083984375
2020-11-04 00:00:00-05:00,324.16253662109375
2020-11-05 00:00:00-05:00,330.4845886230469
2020-11-06 00:00:00-05:00,330.40911865234375
2020-11-09 00:00:00-05:00,334.5608825683594
2020-11-10 00:00:00-05:00,334.0703125
2020-11-11 00:00:00-05:00,336.55194091796875
2020-11-12 00:00:00-05:00,333.2870178222656
2020-11-13 00:00:00-05:00,337.9012451171875
2020-11-16 00:00:00-05:00,342.1191101074219
2020-11-17 00:00:00-05:00,340.2790832519531
2020-11-18 00:00:00-05:00,336.18389892578125
2020-11-19 00:00:00-05:00,337.5993347167969
2020-11-20 00:00:00-05:00,335.2874755859375
2020-11-23 00:00:00-05:00,337.2973937988281
2020-11-24 00:00:00-05:00,342.73248291015625
2020-11-25 00:00:00-05:00,342.20404052734375
2020-11-27 00:00:00-05:00,343.1570739746094
2020-11-30 00:00:00-05:00,341.63787841796875
2020-12-01 00:00:00-05:00,345.37457275390625
2020-12-02 00:00:00-05:00,346.10113525390625
2020-12-03 00:00:00-05:00,346.0068054199219
2020-12-04 00:00:00-05:00,348.988525390625
2020-12-07 00:00:00-05:00,348.27142333984375
2020-12-08 00:00:00-05:00,349.29052734375
2020-12-09 00:00:00-05:00,346.15777587890625
2020-12-10 00:00:00-05:00,346.04449462890625
2020-12-11 00:00:00-05:00,345.63873291015625
2020-12-14 00:00:00-05:00,344.09124755859375
2020-12-15 00:00:00-05:00,348.74310302734375
2020-12-16 00:00:00-05:00,349.29052734375
2020-12-17 00:00:00-05:00,351.24371337890625
2020-12-18 00:00:00-05:00,349.8411560058594
2020-12-21 00:00:00-05:00,348.59033203125
2020-12-22 00:00:00-05:00,348.0028381347656
2020-12-23 00:00:00-05:00,348.3155517578125
2020-12-24 00:00:00-05:00,349.6706237792969
2020-12-28 00:00:00-05:00,352.6745300292969
2020-12-29 00:00:00-05:00,352.00177001953125
2020-12-30 00:00:00-05:00,352.5039978027344
2020-12-31 00:00:00-05:00,354.2950134277344
2021-01-04 00:00:00-05:00,349.4717102050781
2021-01-05 00:00:00-05:00,351.8785400390625
2021-01-06 00:00:00-05:00,353.9822998046875
2021-01-07 00:00:00-05:00,359.2415466308594
2021-01-08 00:00:00-05:00,361.2884521484375
2021-01-11 00:00:00-05:00,358.8530578613281
2021-01-12 00:00:00-05:00,358.9288024902344
2021-01-13 00:00:00-05:00,359.8954772949219
2021-01-14 00:00:00-05:00,358.63507080078125
2021-01-15 00:00:00-05:00,356.01971435546875
2021-01-19 00:00:00-05:00,358.81512451171875
2021-01-20 00:00:00-05:00,363.7806701660156
2021-01-21 00:00:00-05:00,364.1123352050781
2021-01-22 00:00:00-05:00,362.82354736328125
2021-01-25 00:00:00-05:00,364.2544860839844
2021-01-26 00:00:00-05:00,363.6859130859375
2021-01-27 00:00:00-05:00,354.7972412109375
2021-01-28 00:00:00-05:00,357.8486328125
2021-01-29 00:00:00-05:00,350.6846008300781
2021-02-01 00:00:00-05:00,356.52191162109375
2021-02-02 00:00:00-05:00,361.563232421875
2021-02-03 00:00:00-05:00,361.8475646972656
2021-02-04 00:00:00-05:00,365.96014404296875
2021-02-05 00:00:00-05:00,367.4005432128906
2021-02-08 00:00:00-05:00,370.0539245605469
2021-02-09 00:00:00-05:00,369.80743408203125
2021-02-10 00:00:00-05:00,369.6463928222656
2021-02-11 00:00:00-05:00,370.2433776855469
2021-02-12 00:00:00-05:00,372.0723571777344
2021-02-16 00:00:00-05:00,371.7501220703125
2021-02-17 00:00:00-05:00,371.8354187011719
2021-02-18 00:00:00-05:00,370.2528991699219
2021-02-19 00:00:00-05:00,369.59906005859375
2021-02-22 00:00:00-05:00,366.7562255859375
2021-02-23 00:00:00-05:00,367.20159912109375
2021-02-24 00:00:00-05:00,371.24786376953125
2021-02-25 00:00:00-05:00,362.3023376464844
2021-02-26 00:00:00-05:00,360.4355163574219
2021-03-01 00:00:00-05:00,369.172607421875
2021-03-02 00:00:00-05:00,366.2918701171875
2021-03-03 00:00:00-05:00,361.4400939941406
2021-03-04 00:00:00-05:00,356.96728515625
2021-03-05 00:00:00-05:00,363.5342712402344
2021-03-08 00:00:00-05:00,361.7243347167969
2021-03-09 00:00:00-05:00,366.8888244628906
2021-03-10 00:00:00-05:00,369.172607421875
2021-03-11 00:00:00-05:00,372.91571044921875
2021-03-12 00:00:00-05:00,373.4179382324219
2021-03-15 00:00:00-04:00,375.6448669433594
2021-03-16 00:00:00-04:00,375.17108154296875
2021-03-17 00:00:00-04:00,376.4503479003906
2021-03-18 00:00:00-04:00,370.97308349609375
2021-03-19 00:00:00-04:00,370.2865905761719
2021-03-22 00:00:00-04:00,373.2433776855469
2021-03-23 00:00:00-04:00,370.30560302734375
2021-03-24 00:00:00-04:00,368.42327880859375
2021-03-25 00:00:00-04:00,370.495849609375
2021-03-26 00:00:00-04:00,376.4664306640625
2021-03-29 00:00:00-04:00,376.2762451171875
2021-03-30 00:00:00-04:00,375.2779541015625
2021-03-31 00:00:00-04:00,376.7991027832031
2021-04-01 00:00:00-04:00,380.86822509765625
2021-04-05 00:00:00-04:00,386.3348693847656
2021-04-06 00:00:00-04:00,386.1065979003906
2021-04-07 00:00:00-04:00,386.5534973144531
2021-04-08 00:00:00-04:00,388.3883972167969
2021-04-09 00:00:00-04:00,391.2120056152344
2021-04-12 00:00:00-04:00,391.35467529296875
2021-04-13 00:00:00-04:00,392.51446533203125
2021-04-14 00:00:00-04:00,391.17401123046875
2021-04-15 00:00:00-04:00,395.3761901855469
2021-04-16 00:00:00-04:00,396.6977233886719
2021-04-19 00:00:00-04:00,394.74871826171875
2021-04-20 00:00:00-04:00,391.8585510253906
2021-04-21 00:00:00-04:00,395.5663757324219
2021-04-22 00:00:00-04:00,391.9535827636719
2021-04-23 00:00:00-04:00,396.2033386230469
2021-04-26 00:00:00-04:00,397.0304260253906
2021-04-27 00:00:00-04:00,396.9448547363281
2021-04-28 00:00:00-04:00,396.830810546875
2021-04-29 00:00:00-04:00,399.3597412109375
2021-04-30 00:00:00-04:00,396.7357177734375
2021-05-03 00:00:00-04:00,397.5914001464844
2021-05-04 00:00:00-04:00,395.1385192871094
2021-05-05 00:00:00-04:00,395.2620849609375
2021-05-06 00:00:00-04:00,398.4185485839844
2021-05-07 00:00:00-04:00,401.3181457519531
2021-05-10 00:00:00-04:00,397.34423828125
2021-05-11 00:00:00-04:00,393.7979431152344
2021-05-12 00:00:00-04:00,385.431640625
2021-05-13 00:00:00-04:00,390.0616455078125
2021-05-14 00:00:00-04:00,396.05126953125
2021-05-17 00:00:00-04:00,395.0434265136719
2021-05-18 00:00:00-04:00,391.6398620605469
2021-05-19 00:00:00-04:00,390.6130676269531
2021-05-20 00:00:00-04:00,394.8152770996094
2021-05-21 00:00:00-04:00,394.4919738769531
2021-05-24 00:00:00-04:00,398.5135803222656
2021-05-25 00:00:00-04:00,397.6293640136719
2021-05-26 00:00:00-04:00,398.4185485839844
2021-05-27 00:00:00-04:00,398.6276550292969
2021-05-28 00:00:00-04:00,399.3407287597656
2021-06-01 00:00:00-04:00,398.9889221191406
2021-06-02 00:00:00-04:00,399.6163635253906
2021-06-03 00:00:00-04:00,398.1332702636719
2021-06-04 00:00:00-04:00,401.77459716796875
2021-06-07 00:00:00-04:00,401.38470458984375
2021-06-08 00:00:00-04:00,401.4703369140625
2021-06-09 00:00:00-04:00,400.87139892578125
2021-06-10 00:00:00-04:00,402.7347717285156
2021-06-11 00:00:00-04:00,403.4002685546875
2021-06-14 00:00:00-04:00,404.30340576171875
2021-06-15 00:00:00-04:00,403.5619201660156
2021-06-16 00:00:00-04:00,401.3086242675781
2021-06-17 00:00:00-04:00,401.1756591796875
2021-06-18 00:00:00-04:00,395.7635803222656
2021-06-21 00:00:00-04:00,401.42926025390625
2021-06-22 00:00:00-04:00,403.5754089355469
2021-06-23 00:00:00-04:00,403.0890197753906
2021-06-24 00:00:00-04:00,405.4736022949219
2021-06-25 00:00:00-04:00,406.91387939453125
2021-06-28 00:00:00-04:00,407.7341003417969
2021-06-29 00:00:00-04:00,407.9535217285156
2021-06-30 00:00:00-04:00,408.2968444824219
2021-07-01 00:00:00-04:00,410.5574645996094
2021-07-02 00:00:00-04:00,413.695556640625
2021-07-06 00:00:00-04:00,412.9420166015625
2021-07-07 00:00:00-04:00,414.4013977050781
2021-07-08 00:00:00-04:00,411.0248718261719
2021-07-09 00:00:00-04:00,415.4123840332031
2021-07-12 00:00:00-04:00,416.9005126953125
2021-07-13 00:00:00-04:00,415.4791564941406
2021-07-14 00:00:00-04:00,416.0992126464844
2021-07-15 00:00:00-04:00,414.6780700683594
2021-07-16 00:00:00-04:00,411.4254150390625
2021-07-19 00:00:00-04:00,405.34954833984375
2021-07-20 00:00:00-04:00,411.15838623046875
2021-07-21 00:00:00-04:00,414.4871826171875
2021-07-22 00:00:00-04:00,415.3552551269531
2021-07-23 00:00:00-04:00,419.62841796875
2021-07-26 00:00:00-04:00,420.6585693359375
2021-07-27 00:00:00-04:00,418.7413024902344
2021-07-28 00:00:00-04:00,418.5696105957031
2021-07-29 00:00:00-04:00,420.30560302734375
2021-07-30 00:00:00-04:00,418.2644958496094
2021-08-02 00:00:00-04:00,417.3868713378906
2021-08-03 00:00:00-04:00,420.78253173828125
2021-08-04 00:00:00-04:00,418.7127380371094
2021-08-05 00:00:00-04:00,421.3643798828125
2021-08-06 00:00:00-04:00,422.0606994628906
2021-08-09 00:00:00-04:00,421.71734619140625
2021-08-10 00:00:00-04:00,422.2419128417969
2021-08-11 00:00:00-04:00,423.2911376953125
2021-08-12 00:00:00-04:00,424.5597229003906
2021-08-13 00:00:00-04:00,425.33233642578125
2021-08-16 00:00:00-04:00,426.3338317871094
2021-08-17 00:00:00-04:00,423.5391540527344
2021-08-18 00:00:00-04:00,418.9035339355469
2021-08-19 00:00:00-04:00,419.5520324707031
2021-08-20 00:00:00-04:00,422.8904724121094
2021-08-23 00:00:00-04:00,426.6104431152344
2021-08-24 00:00:00-04:00,427.2876281738281
2021-08-25 00:00:00-04:00,428.18426513671875
2021-08-26 00:00:00-04:00,425.6566467285156
2021-08-27 00:00:00-04:00,429.46240234375
2021-08-30 00:00:00-04:00,431.3509216308594
2021-08-31 00:00:00-04:00,430.7119445800781
2021-09-01 00:00:00-04:00,430.9408264160156
2021-09-02 00:00:00-04:00,432.2666931152344
2021-09-03 00:00:00-04:00,432.1617126464844
2021-09-07 00:00:00-04:00,430.6165466308594
2021-09-08 00:00:00-04:00,430.0919494628906
2021-09-09 00:00:00-04:00,428.2510986328125
2021-09-10 00:00:00-04:00,424.87445068359375
2021-09-13 00:00:00-04:00,425.9617614746094
2021-09-14 00:00:00-04:00,423.6631164550781
2021-09-15 00:00:00-04:00,427.20184326171875
2021-09-16 00:00:00-04:00,426.5246276855469
2021-09-17 00:00:00-04:00,422.3698425292969
2021-09-20 00:00:00-04:00,415.3271484375
2021-09-21 00:00:00-04:00,414.934814453125
2021-09-22 00:00:00-04:00,418.982421875
2021-09-23 00:00:00-04:00,424.07305908203125
2021-09-24 00:00:00-04:00,424.7715759277344
2021-09-27 00:00:00-04:00,423.55633544921875
2021-09-28 00:00:00-04:00,415.0209045410156
2021-09-29 00:00:00-04:00,415.719482421875
2021-09-30 00:00:00-04:00,410.63836669921875
2021-10-01 00:00:00-04:00,415.51849365234375
2021-10-04 00:00:00-04:00,410.15997314453125
2021-10-05 00:00:00-04:00,414.4276428222656
2021-10-06 00:00:00-04:00,416.1500244140625
2021-10-07 00:00:00-04:00,419.7479553222656
2021-10-08 00:00:00-04:00,418.982421875
2021-10-11 00:00:00-04:00,415.9490966796875
2021-10-12 00:00:00-04:00,414.92523193359375
2021-10-13 00:00:00-04:00,416.41796875
2021-10-14 00:00:00-04:00,423.4223937988281
2021-10-15 00:00:00-04:00,426.6470642089844
2021-10-18 00:00:00-04:00,427.91021728515625
2021-10-19 00:00:00-04:00,431.21148681640625
2021-10-20 00:00:00-04:00,432.90509033203125
2021-10-21 00:00:00-04:00,434.03424072265625
2021-10-22 00:00:00-04:00,433.5845031738281
2021-10-25 00:00:00-04:00,435.90972900390625
2021-10-26 00:00:00-04:00,436.3020324707031
2021-10-27 00:00:00-04:00,434.3691711425781
2021-10-28 00:00:00-04:00,438.5603332519531
2021-10-29 00:00:00-04:00,439.4502868652344
2021-11-01 00:00:00-04:00,440.2062072753906
2021-11-02 00:00:00-04:00,441.9859924316406
2021-11-03 00:00:00-04:00,444.6844787597656
2021-11-04 00:00:00-04:00,446.7799987792969
2021-11-05 00:00:00-04:00,448.33013916015625
2021-11-08 00:00:00-05:00,448.712890625
2021-11-09 00:00:00-05:00,447.229736328125
2021-11-10 00:00:00-05:00,443.6318054199219
2021-11-11 00:00:00-05:00,443.7753601074219
2021-11-12 00:00:00-05:00,447.12451171875
2021-11-15 00:00:00-05:00,447.2775573730469
2021-11-16 00:00:00-05:00,449.0477600097656
2021-11-17 00:00:00-05:00,447.95697021484375
2021-11-18 00:00:00-05:00,449.4783935546875
2021-11-19 00:00:00-05:00,448.6745910644531
2021-11-22 00:00:00-05:00,447.4115905761719
2021-11-23 00:00:00-05:00,448.0047302246094
2021-11-24 00:00:00-05:00,449.200927734375
2021-11-26 00:00:00-05:00,439.1822814941406
2021-11-29 00:00:00-05:00,444.5695495605469
2021-11-30 00:00:00-05:00,435.9192810058594
2021-12-01 00:00:00-05:00,431.07745361328125
2021-12-02 00:00:00-05:00,437.67999267578125
2021-12-03 00:00:00-05:00,433.8716735839844
2021-12-06 00:00:00-05:00,439.0101318359375
2021-12-07 00:00:00-05:00,448.09088134765625
2021-12-08 00:00:00-05:00,449.2774963378906
2021-12-09 00:00:00-05:00,446.2441101074219
2021-12-10 00:00:00-05:00,450.4448547363281
2021-12-13 00:00:00-05:00,446.45465087890625
2021-12-14 00:00:00-05:00,443.383056640625
2021-12-15 00:00:00-05:00,450.3109130859375
2021-12-16 00:00:00-05:00,446.33984375
2021-12-17 00:00:00-05:00,441.5894775390625
2021-12-20 00:00:00-05:00,436.89385986328125
2021-12-21 00:00:00-05:00,444.65264892578125
2021-12-22 00:00:00-05:00,449.0986328125
2021-12-23 00:00:00-05:00,451.8929748535156
2021-12-27 00:00:00-05:00,458.2882080078125
2021-12-28 00:00:00-05:00,457.9137268066406
2021-12-29 00:00:00-05:00,458.49951171875
2021-12-30 00:00:00-05:00,457.2319641113281
2021-12-31 00:00:00-05:00,456.0796203613281
2022-01-03 00:00:00-05:00,458.72027587890625
2022-01-04 00:00:00-05:00,458.56671142578125
2022-01-05 00:00:00-05:00,449.7611999511719
2022-01-06 00:00:00-05:00,449.33868408203125
2022-01-07 00:00:00-05:00,447.56219482421875
2022-01-10 00:00:00-05:00,447.00531005859375
2022-01-11 00:00:00-05:00,451.0766906738281
2022-01-12 00:00:00-05:00,452.2962646484375
2022-01-13 00:00:00-05:00,446.0642395019531
2022-01-14 00:00:00-05:00,446.24676513671875
2022-01-18 00:00:00-05:00,438.3438415527344
2022-01-19 00:00:00-05:00,433.79229736328125
2022-01-20 00:00:00-05:00,428.99102783203125
2022-01-21 00:00:00-05:00,420.5696716308594
2022-01-24 00:00:00-05:00,422.3556823730469
2022-01-25 00:00:00-05:00,417.19915771484375
2022-01-26 00:00:00-05:00,416.1524963378906
2022-01-27 00:00:00-05:00,414.09759521484375
2022-01-28 00:00:00-05:00,424.3818359375
2022-01-31 00:00:00-05:00,432.02545166015625
2022-02-01 00:00:00-05:00,434.94464111328125
2022-02-02 00:00:00-05:00,439.169677734375
2022-02-03 00:00:00-05:00,428.8470153808594
2022-02-04 00:00:00-05:00,430.8634948730469
2022-02-07 00:00:00-05:00,429.48077392578125
2022-02-08 00:00:00-05:00,433.01446533203125
2022-02-09 00:00:00-05:00,439.35211181640625
2022-02-10 00:00:00-05:00,431.45892333984375
2022-02-11 00:00:00-05:00,422.9510803222656
2022-02-14 00:00:00-05:00,421.5683288574219
2022-02-15 00:00:00-05:00,428.3669128417969
2022-02-16 00:00:00-05:00,428.8470153808594
2022-02-17 00:00:00-05:00,419.6861877441406
2022-02-18 00:00:00-05:00,416.96875
2022-02-22 00:00:00-05:00,412.49395751953125
2022-02-23 00:00:00-05:00,405.1769104003906
2022-02-24 00:00:00-05:00,411.2744140625
2022-02-25 00:00:00-05:00,420.3487548828125
2022-02-28 00:00:00-05:00,419.2732849121094
2022-03-01 00:00:00-05:00,412.88763427734375
2022-03-02 00:00:00-05:00,420.4832763671875
2022-03-03 00:00:00-05:00,418.38983154296875
2022-03-04 00:00:00-05:00,414.9905700683594
2022-03-07 00:00:00-05:00,402.7570495605469
2022-03-08 00:00:00-05:00,399.70343017578125
2022-03-09 00:00:00-05:00,410.4197998046875
2022-03-10 00:00:00-05:00,408.5665588378906
2022-03-11 00:00:00-05:00,403.37158203125
2022-03-14 00:00:00-04:00,400.4236755371094
2022-03-15 00:00:00-04:00,409.2290954589844
2022-03-16 00:00:00-04:00,418.3034973144531
2022-03-17 00:00:00-04:00,423.5367736816406
2022-03-18 00:00:00-04:00,428.1757507324219
2022-03-21 00:00:00-04:00,428.05047607421875
2022-03-22 00:00:00-04:00,433.0592956542969
2022-03-23 00:00:00-04:00,427.482177734375
2022-03-24 00:00:00-04:00,433.9262390136719
2022-03-25 00:00:00-04:00,436.04534912109375
2022-03-28 00:00:00-04:00,439.1469421386719
2022-03-29 00:00:00-04:00,444.5795593261719
2022-03-30 00:00:00-04:00,441.8343811035156
2022-03-31 00:00:00-04:00,435.033935546875
2022-04-01 00:00:00-04:00,436.2668762207031
2022-04-04 00:00:00-04:00,440.00421142578125
2022-04-05 00:00:00-04:00,434.4463806152344
2022-04-06 00:00:00-04:00,430.1021728515625
2022-04-07 00:00:00-04:00,432.26947021484375
2022-04-08 00:00:00-04:00,431.1135559082031
2022-04-11 00:00:00-04:00,423.74481201171875
2022-04-12 00:00:00-04:00,422.1748046875
2022-04-13 00:00:00-04:00,427.0102233886719
2022-04-14 00:00:00-04:00,421.6932067871094
2022-04-18 00:00:00-04:00,421.8665771484375
2022-04-19 00:00:00-04:00,428.6766052246094
2022-04-20 00:00:00-04:00,428.35870361328125
2022-04-21 00:00:00-04:00,421.9532470703125
2022-04-22 00:00:00-04:00,410.375244140625
2022-04-25 00:00:00-04:00,412.7544250488281
2022-04-26 00:00:00-04:00,400.8006591796875
2022-04-27 00:00:00-04:00,401.92767333984375
2022-04-28 00:00:00-04:00,412.0801086425781
2022-04-29 00:00:00-04:00,396.8514404296875
2022-05-02 00:00:00-04:00,399.240234375
2022-05-03 00:00:00-04:00,401.07037353515625
2022-05-04 00:00:00-04:00,413.28411865234375
2022-05-05 00:00:00-04:00,398.59490966796875
2022-05-06 00:00:00-04:00,396.2156982421875
2022-05-09 00:00:00-04:00,383.52996826171875
2022-05-10 00:00:00-04:00,384.41607666015625
2022-05-11 00:00:00-04:00,378.3092041015625
2022-05-12 00:00:00-04:00,377.914306640625
2022-05-13 00:00:00-04:00,386.94940185546875
2022-05-16 00:00:00-04:00,385.37933349609375
2022-05-17 00:00:00-04:00,393.3067626953125
2022-05-18 00:00:00-04:00,377.45196533203125
2022-05-19 00:00:00-04:00,375.14019775390625
2022-05-20 00:00:00-04:00,375.303955078125
2022-05-23 00:00:00-04:00,382.32586669921875
2022-05-24 00:00:00-04:00,379.4073181152344
2022-05-25 00:00:00-04:00,382.75933837890625
2022-05-26 00:00:00-04:00,390.4074401855469
2022-05-27 00:00:00-04:00,399.9915771484375
2022-05-31 00:00:00-04:00,397.7471923828125
2022-06-01 00:00:00-04:00,394.530029296875
2022-06-02 00:00:00-04:00,402.0433044433594
2022-06-03 00:00:00-04:00,395.4450988769531
2022-06-06 00:00:00-04:00,396.6492004394531
2022-06-07 00:00:00-04:00,400.4538879394531
2022-06-08 00:00:00-04:00,396.1001281738281
2022-06-09 00:00:00-04:00,386.6797180175781
2022-06-10 00:00:00-04:00,375.4676208496094
2022-06-13 00:00:00-04:00,361.2118225097656
2022-06-14 00:00:00-04:00,360.1234130859375
2022-06-15 00:00:00-04:00,365.2574768066406
2022-06-16 00:00:00-04:00,353.1688232421875
2022-06-17 00:00:00-04:00,353.9302673339844
2022-06-21 00:00:00-04:00,362.8399658203125
2022-06-22 00:00:00-04:00,362.1820373535156
2022-06-23 00:00:00-04:00,365.732421875
2022-06-24 00:00:00-04:00,377.3604431152344
2022-06-27 00:00:00-04:00,375.9190368652344
2022-06-28 00:00:00-04:00,368.238037109375
2022-06-29 00:00:00-04:00,367.9380798339844
2022-06-30 00:00:00-04:00,364.9488525390625
2022-07-01 00:00:00-04:00,368.8087158203125
2022-07-05 00:00:00-04:00,369.5052490234375
2022-07-06 00:00:00-04:00,370.7532043457031
2022-07-07 00:00:00-04:00,376.30596923828125
2022-07-08 00:00:00-04:00,375.9964904785156
2022-07-11 00:00:00-04:00,371.70123291015625
2022-07-12 00:00:00-04:00,368.41204833984375
2022-07-13 00:00:00-04:00,366.477294921875
2022-07-14 00:00:00-04:00,365.5873107910156
2022-07-15 00:00:00-04:00,372.5719299316406
2022-07-18 00:00:00-04:00,369.49566650390625
2022-07-19 00:00:00-04:00,379.47906494140625
2022-07-20 00:00:00-04:00,381.8974914550781
2022-07-21 00:00:00-04:00,385.78643798828125
2022-07-22 00:00:00-04:00,382.2071228027344
2022-07-25 00:00:00-04:00,382.6715087890625
2022-07-26 00:00:00-04:00,378.1440734863281
2022-07-27 00:00:00-04:00,387.9631042480469
2022-07-28 00:00:00-04:00,392.8290710449219
2022-07-29 00:00:00-04:00,398.55609130859375
2022-08-01 00:00:00-04:00,397.3758239746094
2022-08-02 00:00:00-04:00,394.7541809082031
2022-08-03 00:00:00-04:00,400.93585205078125
2022-08-04 00:00:00-04:00,400.66497802734375
2022-08-05 00:00:00-04:00,399.9878234863281
2022-08-08 00:00:00-04:00,399.5234680175781
2022-08-09 00:00:00-04:00,397.93695068359375
2022-08-10 00:00:00-04:00,406.295166015625
2022-08-11 00:00:00-04:00,406.295166015625
2022-08-12 00:00:00-04:00,413.17333984375
2022-08-15 00:00:00-04:00,414.87591552734375
2022-08-16 00:00:00-04:00,415.6885986328125
2022-08-17 00:00:00-04:00,412.738037109375
2022-08-18 00:00:00-04:00,413.9375915527344
2022-08-19 00:00:00-04:00,408.375
2022-08-22 00:00:00-04:00,399.8717041015625
2022-08-23 00:00:00-04:00,398.9043273925781
2022-08-24 00:00:00-04:00,400.1812744140625
2022-08-25 00:00:00-04:00,405.8307800292969
2022-08-26 00:00:00-04:00,392.0938720703125
2022-08-29 00:00:00-04:00,389.50128173828125
2022-08-30 00:00:00-04:00,385.22540283203125
2022-08-31 00:00:00-04:00,382.294189453125
2022-09-01 00:00:00-04:00,383.4937438964844
2022-09-02 00:00:00-04:00,379.4500427246094
2022-09-06 00:00:00-04:00,378.018310546875
2022-09-07 00:00:00-04:00,384.80938720703125
2022-09-08 00:00:00-04:00,387.32464599609375
2022-09-09 00:00:00-04:00,393.34185791015625
2022-09-12 00:00:00-04:00,397.5692443847656
2022-09-13 00:00:00-04:00,380.2820129394531
2022-09-14 00:00:00-04:00,381.7331237792969
2022-09-15 00:00:00-04:00,377.3992004394531
2022-09-16 00:00:00-04:00,374.52001953125
2022-09-19 00:00:00-04:00,377.4244079589844
2022-09-20 00:00:00-04:00,373.0921325683594
2022-09-21 00:00:00-04:00,366.5839538574219
2022-09-22 00:00:00-04:00,363.5047302246094
2022-09-23 00:00:00-04:00,357.414306640625
2022-09-26 00:00:00-04:00,353.8785095214844
2022-09-27 00:00:00-04:00,352.9751281738281
2022-09-28 00:00:00-04:00,359.9203796386719
2022-09-29 00:00:00-04:00,352.4019775390625
2022-09-30 00:00:00-04:00,346.9526672363281
2022-10-03 00:00:00-04:00,356.1126708984375
2022-10-04 00:00:00-04:00,367.1473693847656
2022-10-05 00:00:00-04:00,366.29254150390625
2022-10-06 00:00:00-04:00,362.5139465332031
2022-10-07 00:00:00-04:00,352.4019775390625
2022-10-10 00:00:00-04:00,349.7113037109375
2022-10-11 00:00:00-04:00,347.4966125488281
2022-10-12 00:00:00-04:00,346.3504333496094
2022-10-13 00:00:00-04:00,355.490966796875
2022-10-14 00:00:00-04:00,347.3897705078125
2022-10-17 00:00:00-04:00,356.316650390625
2022-10-18 00:00:00-04:00,360.50323486328125
2022-10-19 00:00:00-04:00,357.94854736328125
2022-10-20 00:00:00-04:00,354.9469909667969
2022-10-21 00:00:00-04:00,363.5727233886719
2022-10-24 00:00:00-04:00,368.0216064453125
2022-10-25 00:00:00-04:00,373.89837646484375
2022-10-26 00:00:00-04:00,371.0813903808594
2022-10-27 00:00:00-04:00,369.099853515625
2022-10-28 00:00:00-04:00,377.8809509277344
2022-10-31 00:00:00-04:00,375.1513977050781
2022-11-01 00:00:00-04:00,373.5097961425781
2022-11-02 00:00:00-04:00,364.1361389160156
2022-11-03 00:00:00-04:00,360.3866882324219
2022-11-04 00:00:00-04:00,365.57379150390625
2022-11-07 00:00:00-05:00,369.0706787109375
2022-11-08 00:00:00-05:00,371.06195068359375
2022-11-09 00:00:00-05:00,363.41729736328125
2022-11-10 00:00:00-05:00,383.38861083984375
2022-11-11 00:00:00-05:00,387.0992431640625
2022-11-14 00:00:00-05:00,383.8063049316406
2022-11-15 00:00:00-05:00,387.079833984375
2022-11-16 00:00:00-05:00,384.1268310546875
2022-11-17 00:00:00-05:00,382.9514465332031
2022-11-18 00:00:00-05:00,384.6902160644531
2022-11-21 00:00:00-05:00,383.29150390625
2022-11-22 00:00:00-05:00,388.44940185546875
2022-11-23 00:00:00-05:00,390.89727783203125
2022-11-25 00:00:00-05:00,390.8098449707031
2022-11-28 00:00:00-05:00,384.5736999511719
2022-11-29 00:00:00-05:00,383.9131774902344
2022-11-30 00:00:00-05:00,396.0066833496094
2022-12-01 00:00:00-05:00,395.7152404785156
2022-12-02 00:00:00-05:00,395.2586975097656
2022-12-05 00:00:00-05:00,388.1483154296875
2022-12-06 00:00:00-05:00,382.5532531738281
2022-12-07 00:00:00-05:00,381.90240478515625
2022-12-08 00:00:00-05:00,384.89422607421875
2022-12-09 00:00:00-05:00,382.0190124511719
2022-12-12 00:00:00-05:00,387.526611328125
2022-12-13 00:00:00-05:00,390.4601135253906
2022-12-14 00:00:00-05:00,387.9637145996094
2022-12-15 00:00:00-05:00,378.4735107421875
2022-12-16 00:00:00-05:00,374.00518798828125
2022-12-19 00:00:00-05:00,370.833740234375
2022-12-20 00:00:00-05:00,371.3412170410156
2022-12-21 00:00:00-05:00,376.8936767578125
2022-12-22 00:00:00-05:00,371.5168151855469
2022-12-23 00:00:00-05:00,373.6539001464844
2022-12-27 00:00:00-05:00,372.18035888671875
2022-12-28 00:00:00-05:00,367.5549621582031
2022-12-29 00:00:00-05:00,374.17108154296875
2022-12-30 00:00:00-05:00,373.18548583984375
2023-01-03 00:00:00-05:00,371.6143798828125
2023-01-04 00:00:00-05:00,374.4833679199219
2023-01-05 00:00:00-05:00,370.2091979980469
2023-01-06 00:00:00-05:00,378.6988830566406
2023-01-09 00:00:00-05:00,378.4842529296875
2023-01-10 00:00:00-05:00,381.13848876953125
2023-01-11 00:00:00-05:00,385.95904541015625
2023-01-12 00:00:00-05:00,387.3642578125
2023-01-13 00:00:00-05:00,388.86700439453125
2023-01-17 00:00:00-05:00,388.15472412109375
2023-01-18 00:00:00-05:00,382.0264587402344
2023-01-19 00:00:00-05:00,379.2453918457031
2023-01-20 00:00:00-05:00,386.3103332519531
2023-01-23 00:00:00-05:00,390.945556640625
2023-01-24 00:00:00-05:00,390.5259704589844
2023-01-25 00:00:00-05:00,390.67230224609375
2023-01-26 00:00:00-05:00,394.9659423828125
2023-01-27 00:00:00-05:00,395.8734130859375
2023-01-30 00:00:00-05:00,390.906494140625
2023-01-31 00:00:00-05:00,396.6541442871094
2023-02-01 00:00:00-05:00,400.86968994140625
2023-02-02 00:00:00-05:00,406.70513916015625
2023-02-03 00:00:00-05:00,402.38226318359375
2023-02-06 00:00:00-05:00,399.9231262207031
2023-02-07 00:00:00-05:00,405.153564453125
2023-02-08 00:00:00-05:00,400.7233581542969
2023-02-09 00:00:00-05:00,397.2493896484375
2023-02-10 00:00:00-05:00,398.1764221191406
2023-02-13 00:00:00-05:00,402.8505859375
2023-02-14 00:00:00-05:00,402.6652526855469
2023-02-15 00:00:00-05:00,403.97283935546875
2023-02-16 00:00:00-05:00,398.41058349609375
2023-02-17 00:00:00-05:00,397.415283203125
2023-02-21 00:00:00-05:00,389.4427795410156
2023-02-22 00:00:00-05:00,388.9060974121094
2023-02-23 00:00:00-05:00,390.9748229980469
2023-02-24 00:00:00-05:00,386.79827880859375
2023-02-27 00:00:00-05:00,388.1156921386719
2023-02-28 00:00:00-05:00,386.68121337890625
2023-03-01 00:00:00-05:00,385.1979064941406
2023-03-02 00:00:00-05:00,388.1937255859375
2023-03-03 00:00:00-05:00,394.4194641113281
2023-03-06 00:00:00-05:00,394.6927490234375
2023-03-07 00:00:00-05:00,388.6426086425781
2023-03-08 00:00:00-05:00,389.27691650390625
2023-03-09 00:00:00-05:00,382.09478759765625
2023-03-10 00:00:00-05:00,376.58135986328125
2023-03-13 00:00:00-04:00,376.0446472167969
2023-03-14 00:00:00-04:00,382.26068115234375
2023-03-15 00:00:00-04:00,379.869873046875
2023-03-16 00:00:00-04:00,386.5348205566406
2023-03-17 00:00:00-04:00,382.0151672363281
2023-03-20 00:00:00-04:00,385.6884460449219
2023-03-21 00:00:00-04:00,390.7527770996094
2023-03-22 00:00:00-04:00,384.091796875
2023-03-23 00:00:00-04:00,385.13018798828125
2023-03-24 00:00:00-04:00,387.6573791503906
2023-03-27 00:00:00-04:00,388.38226318359375
2023-03-28 00:00:00-04:00,387.51043701171875
2023-03-29 00:00:00-04:00,393.14288330078125
2023-03-30 00:00:00-04:00,395.44482421875
2023-03-31 00:00:00-04:00,401.0184631347656
2023-04-03 00:00:00-04:00,402.5466003417969
2023-04-04 00:00:00-04:00,400.3132019042969
2023-04-05 00:00:00-04:00,399.26507568359375
2023-04-06 00:00:00-04:00,400.8225402832031
2023-04-10 00:00:00-04:00,401.2339172363281
2023-04-11 00:00:00-04:00,401.34173583984375
2023-04-12 00:00:00-04:00,399.70587158203125
2023-04-13 00:00:00-04:00,405.0150451660156
2023-04-14 00:00:00-04:00,404.0256652832031
2023-04-17 00:00:00-04:00,405.4754333496094
2023-04-18 00:00:00-04:00,405.7398681640625
2023-04-19 00:00:00-04:00,405.67132568359375
2023-04-20 00:00:00-04:00,403.4575500488281
2023-04-21 00:00:00-04:00,403.7710266113281
2023-04-24 00:00:00-04:00,404.1922302246094
2023-04-25 00:00:00-04:00,397.776123046875
2023-04-26 00:00:00-04:00,396.0912780761719
2023-04-27 00:00:00-04:00,403.9767150878906
2023-04-28 00:00:00-04:00,407.42474365234375
2023-05-01 00:00:00-04:00,407.0132751464844
2023-05-02 00:00:00-04:00,402.4388122558594
2023-05-03 00:00:00-04:00,399.6764831542969
2023-05-04 00:00:00-04:00,396.8455810546875
2023-05-05 00:00:00-04:00,404.1922302246094
2023-05-08 00:00:00-04:00,404.2999572753906
2023-05-09 00:00:00-04:00,402.5269470214844
2023-05-10 00:00:00-04:00,404.40771484375
2023-05-11 00:00:00-04:00,403.7024230957031
2023-05-12 00:00:00-04:00,403.1734619140625
2023-05-15 00:00:00-04:00,404.564453125
2023-05-16 00:00:00-04:00,401.8608703613281
2023-05-17 00:00:00-04:00,406.7390441894531
2023-05-18 00:00:00-04:00,410.6572570800781
2023-05-19 00:00:00-04:00,410.05975341796875
2023-05-22 00:00:00-04:00,410.2262268066406
2023-05-23 00:00:00-04:00,405.6223449707031
2023-05-24 00:00:00-04:00,402.6837463378906
2023-05-25 00:00:00-04:00,406.1708984375
2023-05-26 00:00:00-04:00,411.4310607910156
2023-05-30 00:00:00-04:00,411.5877990722656
2023-05-31 00:00:00-04:00,409.30548095703125
2023-06-01 00:00:00-04:00,413.1943054199219
2023-06-02 00:00:00-04:00,419.1695861816406
2023-06-05 00:00:00-04:00,418.3663024902344
2023-06-06 00:00:00-04:00,419.2773132324219
2023-06-07 00:00:00-04:00,417.8275451660156
2023-06-08 00:00:00-04:00,420.3548278808594
2023-06-09 00:00:00-04:00,421.10906982421875
2023-06-12 00:00:00-04:00,424.92926025390625
2023-06-13 00:00:00-04:00,427.7308349609375
2023-06-14 00:00:00-04:00,428.24017333984375
2023-06-15 00:00:00-04:00,433.5493469238281
2023-06-16 00:00:00-04:00,432.0726013183594
2023-06-20 00:00:00-04:00,429.8309326171875
2023-06-21 00:00:00-04:00,427.6285705566406
2023-06-22 00:00:00-04:00,429.17218017578125
2023-06-23 00:00:00-04:00,425.9276123046875
2023-06-26 00:00:00-04:00,424.1874694824219
2023-06-27 00:00:00-04:00,428.8379211425781
2023-06-28 00:00:00-04:00,429.0542297363281
2023-06-29 00:00:00-04:00,430.74530029296875
2023-06-30 00:00:00-04:00,435.828369140625
2023-07-03 00:00:00-04:00,436.3298034667969
2023-07-05 00:00:00-04:00,435.680908203125
2023-07-06 00:00:00-04:00,432.26922607421875
2023-07-07 00:00:00-04:00,431.1778869628906
2023-07-10 00:00:00-04:00,432.26922607421875
2023-07-11 00:00:00-04:00,435.02215576171875
2023-07-12 00:00:00-04:00,438.5223388671875
2023-07-13 00:00:00-04:00,442.0028076171875
2023-07-14 00:00:00-04:00,441.7275085449219
2023-07-17 00:00:00-04:00,443.2613525390625
2023-07-18 00:00:00-04:00,446.5549621582031
2023-07-19 00:00:00-04:00,447.54803466796875
2023-07-20 00:00:00-04:00,444.5787658691406
2023-07-21 00:00:00-04:00,444.5787658691406
2023-07-24 00:00:00-04:00,446.5648193359375
2023-07-25 00:00:00-04:00,447.78399658203125
2023-07-26 00:00:00-04:00,447.85284423828125
2023-07-27 00:00:00-04:00,444.883544921875
2023-07-28 00:00:00-04:00,449.23907470703125
2023-07-31 00:00:00-04:00,450.094482421875
2023-08-01 00:00:00-04:00,448.8065185546875
2023-08-02 00:00:00-04:00,442.5632629394531
2023-08-03 00:00:00-04:00,441.294921875
2023-08-04 00:00:00-04:00,439.299072265625
2023-08-07 00:00:00-04:00,443.13348388671875
2023-08-08 00:00:00-04:00,441.20648193359375
2023-08-09 00:00:00-04:00,438.2568664550781
2023-08-10 00:00:00-04:00,438.4141845703125
2023-08-11 00:00:00-04:00,438.1585388183594
2023-08-14 00:00:00-04:00,440.5771789550781
2023-08-15 00:00:00-04:00,435.4449462890625
2023-08-16 00:00:00-04:00,432.24957275390625
2023-08-17 00:00:00-04:00,428.9559020996094
2023-08-18 00:00:00-04:00,429.1623840332031
2023-08-21 00:00:00-04:00,431.95465087890625
2023-08-22 00:00:00-04:00,430.78460693359375
2023-08-23 00:00:00-04:00,435.5826110839844
2023-08-24 00:00:00-04:00,429.5458068847656
2023-08-25 00:00:00-04:00,432.57403564453125
2023-08-28 00:00:00-04:00,435.3171691894531
2023-08-29 00:00:00-04:00,441.60955810546875
2023-08-30 00:00:00-04:00,443.428466796875
2023-08-31 00:00:00-04:00,442.779541015625
2023-09-01 00:00:00-04:00,443.6054382324219
2023-09-05 00:00:00-04:00,441.688232421875
2023-09-06 00:00:00-04:00,438.7189636230469
2023-09-07 00:00:00-04:00,437.37200927734375
2023-09-08 00:00:00-04:00,438.0307312011719
2023-09-11 00:00:00-04:00,440.9114990234375
2023-09-12 00:00:00-04:00,438.4928283691406
2023-09-13 00:00:00-04:00,439.00408935546875
2023-09-14 00:00:00-04:00,442.7893371582031
2023-09-15 00:00:00-04:00,437.4544982910156
2023-09-18 00:00:00-04:00,437.7110290527344
2023-09-19 00:00:00-04:00,436.8033142089844
2023-09-20 00:00:00-04:00,432.7876281738281
2023-09-21 00:00:00-04:00,425.63433837890625
2023-09-22 00:00:00-04:00,424.67730712890625
2023-09-25 00:00:00-04:00,426.463134765625
2023-09-26 00:00:00-04:00,420.1979064941406
2023-09-27 00:00:00-04:00,420.3656005859375
2023-09-28 00:00:00-04:00,422.8026428222656
2023-09-29 00:00:00-04:00,421.7765197753906
2023-10-02 00:00:00-04:00,421.6087951660156
2023-10-03 00:00:00-04:00,415.965087890625
2023-10-04 00:00:00-04:00,418.994140625
2023-10-05 00:00:00-04:00,418.8362731933594
2023-10-06 00:00:00-04:00,423.80902099609375
2023-10-09 00:00:00-04:00,426.5223083496094
2023-10-10 00:00:00-04:00,428.7423400878906
2023-10-11 00:00:00-04:00,430.4985656738281
2023-10-12 00:00:00-04:00,427.8740539550781
2023-10-13 00:00:00-04:00,425.74285888671875
2023-10-16 00:00:00-04:00,430.22235107421875
2023-10-17 00:00:00-04:00,430.2026062011719
2023-10-18 00:00:00-04:00,424.4700622558594
2023-10-19 00:00:00-04:00,420.74053955078125
2023-10-20 00:00:00-04:00,415.5704345703125
2023-10-23 00:00:00-04:00,414.85015869140625
2023-10-24 00:00:00-04:00,417.9778747558594
2023-10-25 00:00:00-04:00,411.97900390625
2023-10-26 00:00:00-04:00,407.04571533203125
2023-10-27 00:00:00-04:00,405.2006530761719
2023-10-30 00:00:00-04:00,410.0451354980469
2023-10-31 00:00:00-04:00,412.6203308105469
2023-11-01 00:00:00-04:00,417.0208435058594
2023-11-02 00:00:00-04:00,425.01275634765625
2023-11-03 00:00:00-04:00,428.89031982421875
2023-11-06 00:00:00-05:00,429.8769836425781
2023-11-07 00:00:00-05:00,431.10040283203125
2023-11-08 00:00:00-05:00,431.4161682128906
2023-11-09 00:00:00-05:00,428.0516357421875
2023-11-10 00:00:00-05:00,434.7313232421875
2023-11-13 00:00:00-05:00,434.3169250488281
2023-11-14 00:00:00-05:00,442.7430114746094
2023-11-15 00:00:00-05:00,443.6802978515625
2023-11-16 00:00:00-05:00,444.22296142578125
2023-11-17 00:00:00-05:00,444.7755126953125
2023-11-20 00:00:00-05:00,448.19921875
2023-11-21 00:00:00-05:00,447.2223815917969
2023-11-22 00:00:00-05:00,448.9490661621094
2023-11-24 00:00:00-05:00,449.225341796875
2023-11-27 00:00:00-05:00,448.4162902832031
2023-11-28 00:00:00-05:00,448.8602600097656
2023-11-29 00:00:00-05:00,448.5445556640625
2023-11-30 00:00:00-05:00,450.3106384277344
2023-12-01 00:00:00-05:00,452.9746398925781
2023-12-04 00:00:00-05:00,450.5968017578125
2023-12-05 00:00:00-05:00,450.50799560546875
2023-12-06 00:00:00-05:00,448.69256591796875
2023-12-07 00:00:00-05:00,452.1162414550781
2023-12-08 00:00:00-05:00,454.0599365234375
2023-12-11 00:00:00-05:00,455.8260498046875
2023-12-12 00:00:00-05:00,457.907958984375
2023-12-13 00:00:00-05:00,464.2225341796875
2023-12-14 00:00:00-05:00,465.7124328613281
2023-12-15 00:00:00-05:00,464.9455871582031
2023-12-18 00:00:00-05:00,467.56097412109375
2023-12-19 00:00:00-05:00,470.4041442871094
2023-12-20 00:00:00-05:00,463.8855895996094
2023-12-21 00:00:00-05:00,468.2841491699219
2023-12-22 00:00:00-05:00,469.2252502441406
2023-12-26 00:00:00-05:00,471.20654296875
2023-12-27 00:00:00-05:00,472.05853271484375
2023-12-28 00:00:00-05:00,472.2368469238281
2023-12-29 00:00:00-05:00,470.8697509765625
2024-01-02 00:00:00-05:00,468.234619140625
2024-01-03 00:00:00-05:00,464.4106750488281
2024-01-04 00:00:00-05:00,462.9147644042969
2024-01-05 00:00:00-05:00,463.5487976074219
2024-01-08 00:00:00-05:00,470.1663818359375
2024-01-09 00:00:00-05:00,469.453125
2024-01-10 00:00:00-05:00,472.1080627441406
2024-01-11 00:00:00-05:00,471.9000244140625
2024-01-12 00:00:00-05:00,472.2269287109375
2024-01-16 00:00:00-05:00,470.4932861328125
2024-01-17 00:00:00-05:00,467.8779602050781
2024-01-18 00:00:00-05:00,472.0386962890625
2024-01-19 00:00:00-05:00,477.9232177734375
2024-01-22 00:00:00-05:00,478.9337158203125
2024-01-23 00:00:00-05:00,480.3305358886719
2024-01-24 00:00:00-05:00,480.8555908203125
2024-01-25 00:00:00-05:00,483.4709167480469
2024-01-26 00:00:00-05:00,482.8567199707031
2024-01-29 00:00:00-05:00,486.6806640625
2024-01-30 00:00:00-05:00,486.3042297363281
2024-01-31 00:00:00-05:00,478.3690490722656
2024-02-01 00:00:00-05:00,484.6299743652344
2024-02-02 00:00:00-05:00,489.73187255859375
2024-02-05 00:00:00-05:00,487.94866943359375
2024-02-06 00:00:00-05:00,489.3653564453125
2024-02-07 00:00:00-05:00,493.44683837890625
2024-02-08 00:00:00-05:00,493.6647644042969
2024-02-09 00:00:00-05:00,496.5179138183594
2024-02-12 00:00:00-05:00,496.2999572753906
2024-02-13 00:00:00-05:00,489.4643859863281
2024-02-14 00:00:00-05:00,493.9124450683594
2024-02-15 00:00:00-05:00,497.3203430175781
2024-02-16 00:00:00-05:00,494.8437194824219
2024-02-20 00:00:00-05:00,492.119384765625
2024-02-21 00:00:00-05:00,492.56512451171875
2024-02-22 00:00:00-05:00,502.759033203125
2024-02-23 00:00:00-05:00,503.1057434082031
2024-02-26 00:00:00-05:00,501.26312255859375
2024-02-27 00:00:00-05:00,502.1943664550781
2024-02-28 00:00:00-05:00,501.5306396484375
2024-02-29 00:00:00-05:00,503.3335876464844
2024-03-01 00:00:00-05:00,508.0590515136719
2024-03-04 00:00:00-05:00,507.5141906738281
2024-03-05 00:00:00-05:00,502.4419860839844
2024-03-06 00:00:00-05:00,504.9880065917969
2024-03-07 00:00:00-05:00,510.0007019042969
2024-03-08 00:00:00-05:00,506.9396057128906
2024-03-11 00:00:00-04:00,506.50372314453125
2024-03-12 00:00:00-04:00,511.95233154296875
2024-03-13 00:00:00-04:00,511.1499328613281
2024-03-14 00:00:00-04:00,510.1394348144531
2024-03-15 00:00:00-04:00,506.6365051269531
2024-03-18 00:00:00-04:00,509.6475524902344
2024-03-19 00:00:00-04:00,512.479736328125
2024-03-20 00:00:00-04:00,517.2198486328125
2024-03-21 00:00:00-04:00,518.9290161132812
2024-03-22 00:00:00-04:00,517.9452514648438
2024-03-25 00:00:00-04:00,516.5142822265625
2024-03-26 00:00:00-04:00,515.5602416992188
2024-03-27 00:00:00-04:00,519.8929443359375
2024-03-28 00:00:00-04:00,519.7936401367188
2024-04-01 00:00:00-04:00,518.8892211914062
2024-04-02 00:00:00-04:00,515.5901489257812
2024-04-03 00:00:00-04:00,516.156494140625
2024-04-04 00:00:00-04:00,509.85626220703125
2024-04-05 00:00:00-04:00,515.1826171875
2024-04-08 00:00:00-04:00,515.4708251953125
2024-04-09 00:00:00-04:00,516.067138671875
2024-04-10 00:00:00-04:00,510.8996276855469
2024-04-11 00:00:00-04:00,514.75537109375
2024-04-12 00:00:00-04:00,507.650146484375
2024-04-15 00:00:00-04:00,501.2902526855469
2024-04-16 00:00:00-04:00,500.3760070800781
2024-04-17 00:00:00-04:00,497.4146423339844
2024-04-18 00:00:00-04:00,496.39111328125
2024-04-19 00:00:00-04:00,492.05841064453125
2024-04-22 00:00:00-04:00,496.58984375
2024-04-23 00:00:00-04:00,502.4826965332031
2024-04-24 00:00:00-04:00,502.24420166015625
2024-04-25 00:00:00-04:00,500.33624267578125
2024-04-26 00:00:00-04:00,505.0763854980469
2024-04-29 00:00:00-04:00,506.8650817871094
2024-04-30 00:00:00-04:00,498.8357238769531
2024-05-01 00:00:00-04:00,497.2159118652344
2024-05-02 00:00:00-04:00,501.8665771484375
2024-05-03 00:00:00-04:00,508.08740234375
2024-05-06 00:00:00-04:00,513.3343505859375
2024-05-07 00:00:00-04:00,513.9007568359375
2024-05-08 00:00:00-04:00,513.9503784179688
2024-05-09 00:00:00-04:00,516.9117431640625
2024-05-10 00:00:00-04:00,517.57763671875
2024-05-13 00:00:00-04:00,517.6470947265625
2024-05-14 00:00:00-04:00,520.0220947265625
2024-05-15 00:00:00-04:00,526.4616088867188
2024-05-16 00:00:00-04:00,525.3783569335938
2024-05-17 00:00:00-04:00,526.1336059570312
2024-05-20 00:00:00-04:00,526.7398071289062
2024-05-21 00:00:00-04:00,528.0316772460938
2024-05-22 00:00:00-04:00,526.51123046875
2024-05-23 00:00:00-04:00,522.66552734375
2024-05-24 00:00:00-04:00,526.1237182617188
2024-05-28 00:00:00-04:00,526.4913940429688
2024-05-29 00:00:00-04:00,522.8045654296875
2024-05-30 00:00:00-04:00,519.3364868164062
2024-05-31 00:00:00-04:00,524.066650390625
2024-06-03 00:00:00-04:00,524.4939575195312
2024-06-04 00:00:00-04:00,525.0802612304688
2024-06-05 00:00:00-04:00,531.3209228515625
2024-06-06 00:00:00-04:00,531.3109741210938
2024-06-07 00:00:00-04:00,530.6651000976562
2024-06-10 00:00:00-04:00,532.3046875
2024-06-11 00:00:00-04:00,533.5866088867188
2024-06-12 00:00:00-04:00,537.9690551757812
2024-06-13 00:00:00-04:00,539.05224609375
2024-06-14 00:00:00-04:00,539.380126953125
2024-06-17 00:00:00-04:00,543.6730346679688
2024-06-18 00:00:00-04:00,545.0543212890625
2024-06-20 00:00:00-04:00,543.57373046875
2024-06-21 00:00:00-04:00,542.844970703125
2024-06-24 00:00:00-04:00,541.080322265625
2024-06-25 00:00:00-04:00,543.1640014648438
2024-06-26 00:00:00-04:00,543.8419189453125
2024-06-27 00:00:00-04:00,544.6992797851562
2024-06-28 00:00:00-04:00,542.5557861328125
2024-07-01 00:00:00-04:00,543.6724243164062
2024-07-02 00:00:00-04:00,547.3311767578125
2024-07-03 00:00:00-04:00,549.7737426757812
2024-07-05 00:00:00-04:00,552.9439697265625
2024-07-08 00:00:00-04:00,553.58203125
2024-07-09 00:00:00-04:00,554.120361328125
2024-07-10 00:00:00-04:00,559.6035766601562
2024-07-11 00:00:00-04:00,554.7783203125
2024-07-12 00:00:00-04:00,558.277587890625
2024-07-15 00:00:00-04:00,559.8129272460938
2024-07-16 00:00:00-04:00,563.1326904296875
2024-07-17 00:00:00-04:00,555.2369384765625
2024-07-18 00:00:00-04:00,550.969970703125
2024-07-19 00:00:00-04:00,547.3112182617188
2024-07-22 00:00:00-04:00,552.9539794921875
2024-07-23 00:00:00-04:00,552.0866088867188
2024-07-24 00:00:00-04:00,539.574951171875
2024-07-25 00:00:00-04:00,536.7635498046875
2024-07-26 00:00:00-04:00,542.775146484375
2024-07-29 00:00:00-04:00,543.0941772460938
2024-07-30 00:00:00-04:00,540.3425903320312
2024-07-31 00:00:00-04:00,549.1256713867188
2024-08-01 00:00:00-04:00,541.3495483398438
2024-08-02 00:00:00-04:00,531.2704467773438
2024-08-05 00:00:00-04:00,515.7979125976562
2024-08-06 00:00:00-04:00,520.5533447265625
2024-08-07 00:00:00-04:00,517.073974609375
2024-08-08 00:00:00-04:00,529.02734375
2024-08-09 00:00:00-04:00,531.3601684570312
2024-08-12 00:00:00-04:00,531.6393432617188
2024-08-13 00:00:00-04:00,540.3824462890625
2024-08-14 00:00:00-04:00,542.0872802734375
2024-08-15 00:00:00-04:00,551.3787841796875
2024-08-16 00:00:00-04:00,552.614990234375
2024-08-19 00:00:00-04:00,557.8987426757812
2024-08-20 00:00:00-04:00,556.9915771484375
2024-08-21 00:00:00-04:00,558.9057006835938
2024-08-22 00:00:00-04:00,554.5191040039062
2024-08-23 00:00:00-04:00,560.4110717773438
2024-08-26 00:00:00-04:00,559.0751342773438
2024-08-27 00:00:00-04:00,559.8428344726562
2024-08-28 00:00:00-04:00,556.5927734375
2024-08-29 00:00:00-04:00,556.642578125
2024-08-30 00:00:00-04:00,561.956298828125
2024-09-03 00:00:00-04:00,550.3917846679688
2024-09-04 00:00:00-04:00,549.2652587890625
2024-09-05 00:00:00-04:00,547.9293212890625
2024-09-06 00:00:00-04:00,538.7076416015625
2024-09-09 00:00:00-04:00,544.7391357421875
2024-09-10 00:00:00-04:00,547.11181640625
2024-09-11 00:00:00-04:00,552.724609375
2024-09-12 00:00:00-04:00,557.38037109375
2024-09-13 00:00:00-04:00,560.2914428710938
2024-09-16 00:00:00-04:00,561.118896484375
2024-09-17 00:00:00-04:00,561.3482055664062
2024-09-18 00:00:00-04:00,559.683349609375
2024-09-19 00:00:00-04:00,569.2340087890625
2024-09-20 00:00:00-04:00,568.25
2024-09-23 00:00:00-04:00,569.6699829101562
2024-09-24 00:00:00-04:00,571.2999877929688
2024-09-25 00:00:00-04:00,570.0399780273438
2024-09-26 00:00:00-04:00,572.2999877929688
2024-09-27 00:00:00-04:00,571.469970703125
2024-09-30 00:00:00-04:00,573.760009765625
2024-10-01 00:00:00-04:00,568.6199951171875
2024-10-02 00:00:00-04:00,568.8599853515625
2024-10-03 00:00:00-04:00,567.8200073242188
2024-10-04 00:00:00-04:00,572.97998046875
2024-10-07 00:00:00-04:00,567.7999877929688
2024-10-08 00:00:00-04:00,573.1699829101562
2024-10-09 00:00:00-04:00,577.1400146484375
2024-10-10 00:00:00-04:00,576.1300048828125
2024-10-11 00:00:00-04:00,579.5800170898438
2024-10-14 00:00:00-04:00,584.3200073242188
2024-10-15 00:00:00-04:00,579.780029296875
2024-10-16 00:00:00-04:00,582.2999877929688
2024-10-17 00:00:00-04:00,582.3499755859375
2024-10-18 00:00:00-04:00,584.5900268554688
2024-10-21 00:00:00-04:00,583.6300048828125
2024-10-22 00:00:00-04:00,583.3200073242188
2024-10-23 00:00:00-04:00,577.989990234375
2024-10-24 00:00:00-04:00,579.239990234375
2024-10-25 00:00:00-04:00,579.0399780273438
2024-10-28 00:00:00-04:00,580.8300170898438
2024-10-29 00:00:00-04:00,581.77001953125
2024-10-30 00:00:00-04:00,580.010009765625
