Date,VTI
2017-11-09 00:00:00-05:00,118.0440902709961
2017-11-10 00:00:00-05:00,118.06185913085938
2017-11-13 00:00:00-05:00,118.12421417236328
2017-11-14 00:00:00-05:00,117.91043853759766
2017-11-15 00:00:00-05:00,117.30471801757812
2017-11-16 00:00:00-05:00,118.37364196777344
2017-11-17 00:00:00-05:00,118.15095520019531
2017-11-20 00:00:00-05:00,118.45380401611328
2017-11-21 00:00:00-05:00,119.2733383178711
2017-11-22 00:00:00-05:00,119.18423461914062
2017-11-24 00:00:00-05:00,119.46038818359375
2017-11-27 00:00:00-05:00,119.33567810058594
2017-11-28 00:00:00-05:00,120.52037811279297
2017-11-29 00:00:00-05:00,120.52037811279297
2017-11-30 00:00:00-05:00,121.44679260253906
2017-12-01 00:00:00-05:00,121.20629119873047
2017-12-04 00:00:00-05:00,121.04594421386719
2017-12-05 00:00:00-05:00,120.529296875
2017-12-06 00:00:00-05:00,120.45801544189453
2017-12-07 00:00:00-05:00,120.9390869140625
2017-12-08 00:00:00-05:00,121.57147216796875
2017-12-11 00:00:00-05:00,121.85655975341797
2017-12-12 00:00:00-05:00,121.99015045166016
2017-12-13 00:00:00-05:00,122.00796508789062
2017-12-14 00:00:00-05:00,121.43788146972656
2017-12-15 00:00:00-05:00,122.52462005615234
2017-12-18 00:00:00-05:00,123.37084197998047
2017-12-19 00:00:00-05:00,122.87200164794922
2017-12-20 00:00:00-05:00,122.86305236816406
2017-12-21 00:00:00-05:00,123.14330291748047
2017-12-22 00:00:00-05:00,123.0985107421875
2017-12-26 00:00:00-05:00,123.00003814697266
2017-12-27 00:00:00-05:00,123.04484558105469
2017-12-28 00:00:00-05:00,123.31334686279297
2017-12-29 00:00:00-05:00,122.85685729980469
2018-01-02 00:00:00-05:00,123.72509002685547
2018-01-03 00:00:00-05:00,124.44120025634766
2018-01-04 00:00:00-05:00,124.9156265258789
2018-01-05 00:00:00-05:00,125.6496353149414
2018-01-08 00:00:00-05:00,125.93606567382812
2018-01-09 00:00:00-05:00,126.1688232421875
2018-01-10 00:00:00-05:00,125.97187042236328
2018-01-11 00:00:00-05:00,127.03709411621094
2018-01-12 00:00:00-05:00,127.78006744384766
2018-01-16 00:00:00-05:00,127.21611022949219
2018-01-17 00:00:00-05:00,128.38876342773438
2018-01-18 00:00:00-05:00,128.1649627685547
2018-01-19 00:00:00-05:00,128.82736206054688
2018-01-22 00:00:00-05:00,129.84780883789062
2018-01-23 00:00:00-05:00,130.1700897216797
2018-01-24 00:00:00-05:00,130.04473876953125
2018-01-25 00:00:00-05:00,130.09844970703125
2018-01-26 00:00:00-05:00,131.45907592773438
2018-01-29 00:00:00-05:00,130.59974670410156
2018-01-30 00:00:00-05:00,129.23912048339844
2018-01-31 00:00:00-05:00,129.283935546875
2018-02-01 00:00:00-05:00,129.2301788330078
2018-02-02 00:00:00-05:00,126.48213195800781
2018-02-05 00:00:00-05:00,121.50518035888672
2018-02-06 00:00:00-05:00,123.49238586425781
2018-02-07 00:00:00-05:00,122.94637298583984
2018-02-08 00:00:00-05:00,118.5243911743164
2018-02-09 00:00:00-05:00,120.15354919433594
2018-02-12 00:00:00-05:00,121.755859375
2018-02-13 00:00:00-05:00,122.14073944091797
2018-02-14 00:00:00-05:00,123.85042572021484
2018-02-15 00:00:00-05:00,125.36319732666016
2018-02-16 00:00:00-05:00,125.41694641113281
2018-02-20 00:00:00-05:00,124.66502380371094
2018-02-21 00:00:00-05:00,124.0831527709961
2018-02-22 00:00:00-05:00,124.16375732421875
2018-02-23 00:00:00-05:00,126.08830261230469
2018-02-26 00:00:00-05:00,127.41304779052734
2018-02-27 00:00:00-05:00,125.81078338623047
2018-02-28 00:00:00-05:00,124.42327880859375
2018-03-01 00:00:00-05:00,122.94637298583984
2018-03-02 00:00:00-05:00,123.74298858642578
2018-03-05 00:00:00-05:00,125.1394271850586
2018-03-06 00:00:00-05:00,125.59593200683594
2018-03-07 00:00:00-05:00,125.70331573486328
2018-03-08 00:00:00-05:00,126.17779541015625
2018-03-09 00:00:00-05:00,128.27235412597656
2018-03-12 00:00:00-04:00,128.20079040527344
2018-03-13 00:00:00-04:00,127.40410614013672
2018-03-14 00:00:00-04:00,126.75962829589844
2018-03-15 00:00:00-04:00,126.58955383300781
2018-03-16 00:00:00-04:00,126.80438995361328
2018-03-19 00:00:00-04:00,125.17523193359375
2018-03-20 00:00:00-04:00,125.36319732666016
2018-03-21 00:00:00-04:00,125.25578308105469
2018-03-22 00:00:00-04:00,122.1874008178711
2018-03-23 00:00:00-04:00,119.62593078613281
2018-03-26 00:00:00-04:00,122.78056335449219
2018-03-27 00:00:00-04:00,120.60555267333984
2018-03-28 00:00:00-04:00,120.32697296142578
2018-03-29 00:00:00-04:00,121.98066711425781
2018-04-02 00:00:00-04:00,119.2034683227539
2018-04-03 00:00:00-04:00,120.68646240234375
2018-04-04 00:00:00-04:00,122.0435791015625
2018-04-05 00:00:00-04:00,122.89739990234375
2018-04-06 00:00:00-04:00,120.31792449951172
2018-04-09 00:00:00-04:00,120.72242736816406
2018-04-10 00:00:00-04:00,122.68169403076172
2018-04-11 00:00:00-04:00,122.11547088623047
2018-04-12 00:00:00-04:00,123.10413360595703
2018-04-13 00:00:00-04:00,122.75360870361328
2018-04-16 00:00:00-04:00,123.77821350097656
2018-04-17 00:00:00-04:00,125.08142852783203
2018-04-18 00:00:00-04:00,125.252197265625
2018-04-19 00:00:00-04:00,124.56916809082031
2018-04-20 00:00:00-04:00,123.58050537109375
2018-04-23 00:00:00-04:00,123.53556060791016
2018-04-24 00:00:00-04:00,122.05260467529297
2018-04-25 00:00:00-04:00,122.1874008178711
2018-04-26 00:00:00-04:00,123.34683227539062
2018-04-27 00:00:00-04:00,123.4277114868164
2018-04-30 00:00:00-04:00,122.52892303466797
2018-05-01 00:00:00-04:00,122.7176513671875
2018-05-02 00:00:00-04:00,122.00762939453125
2018-05-03 00:00:00-04:00,121.67510986328125
2018-05-04 00:00:00-04:00,123.24799346923828
2018-05-07 00:00:00-04:00,123.78717803955078
2018-05-08 00:00:00-04:00,123.83213806152344
2018-05-09 00:00:00-04:00,125.00054168701172
2018-05-10 00:00:00-04:00,126.08808135986328
2018-05-11 00:00:00-04:00,126.33972930908203
2018-05-14 00:00:00-04:00,126.40257263183594
2018-05-15 00:00:00-04:00,125.63870239257812
2018-05-16 00:00:00-04:00,126.24979400634766
2018-05-17 00:00:00-04:00,126.28575897216797
2018-05-18 00:00:00-04:00,126.00717163085938
2018-05-21 00:00:00-04:00,126.95085144042969
2018-05-22 00:00:00-04:00,126.48348999023438
2018-05-23 00:00:00-04:00,126.81605529785156
2018-05-24 00:00:00-04:00,126.60932159423828
2018-05-25 00:00:00-04:00,126.36666107177734
2018-05-29 00:00:00-04:00,125.11740112304688
2018-05-30 00:00:00-04:00,126.73513793945312
2018-05-31 00:00:00-04:00,125.86337280273438
2018-06-01 00:00:00-04:00,127.1755599975586
2018-06-04 00:00:00-04:00,127.76876068115234
2018-06-05 00:00:00-04:00,127.95745086669922
2018-06-06 00:00:00-04:00,129.08995056152344
2018-06-07 00:00:00-04:00,128.90115356445312
2018-06-08 00:00:00-04:00,129.34161376953125
2018-06-11 00:00:00-04:00,129.53033447265625
2018-06-12 00:00:00-04:00,129.79995727539062
2018-06-13 00:00:00-04:00,129.3146209716797
2018-06-14 00:00:00-04:00,129.68310546875
2018-06-15 00:00:00-04:00,129.5572967529297
2018-06-18 00:00:00-04:00,129.41348266601562
2018-06-19 00:00:00-04:00,128.98207092285156
2018-06-20 00:00:00-04:00,129.27867126464844
2018-06-21 00:00:00-04:00,128.38890075683594
2018-06-22 00:00:00-04:00,128.57208251953125
2018-06-25 00:00:00-04:00,126.76692962646484
2018-06-26 00:00:00-04:00,127.05579376220703
2018-06-27 00:00:00-04:00,125.87342834472656
2018-06-28 00:00:00-04:00,126.65861511230469
2018-06-29 00:00:00-04:00,126.7488784790039
2018-07-02 00:00:00-04:00,127.05579376220703
2018-07-03 00:00:00-04:00,126.73081970214844
2018-07-05 00:00:00-04:00,127.8049545288086
2018-07-06 00:00:00-04:00,128.8789520263672
2018-07-09 00:00:00-04:00,130.0523223876953
2018-07-10 00:00:00-04:00,130.3863067626953
2018-07-11 00:00:00-04:00,129.45663452148438
2018-07-12 00:00:00-04:00,130.52171325683594
2018-07-13 00:00:00-04:00,130.60292053222656
2018-07-16 00:00:00-04:00,130.39532470703125
2018-07-17 00:00:00-04:00,130.99102783203125
2018-07-18 00:00:00-04:00,131.2798614501953
2018-07-19 00:00:00-04:00,130.96397399902344
2018-07-20 00:00:00-04:00,130.7292938232422
2018-07-23 00:00:00-04:00,130.9368438720703
2018-07-24 00:00:00-04:00,131.22569274902344
2018-07-25 00:00:00-04:00,132.3449249267578
2018-07-26 00:00:00-04:00,132.12826538085938
2018-07-27 00:00:00-04:00,131.072265625
2018-07-30 00:00:00-04:00,130.21481323242188
2018-07-31 00:00:00-04:00,130.95489501953125
2018-08-01 00:00:00-04:00,130.80148315429688
2018-08-02 00:00:00-04:00,131.57769775390625
2018-08-03 00:00:00-04:00,132.0199737548828
2018-08-06 00:00:00-04:00,132.61570739746094
2018-08-07 00:00:00-04:00,133.0489044189453
2018-08-08 00:00:00-04:00,132.92254638671875
2018-08-09 00:00:00-04:00,132.832275390625
2018-08-10 00:00:00-04:00,132.0019073486328
2018-08-13 00:00:00-04:00,131.4964599609375
2018-08-14 00:00:00-04:00,132.36293029785156
2018-08-15 00:00:00-04:00,131.31593322753906
2018-08-16 00:00:00-04:00,132.3449249267578
2018-08-17 00:00:00-04:00,132.832275390625
2018-08-20 00:00:00-04:00,133.08499145507812
2018-08-21 00:00:00-04:00,133.58139038085938
2018-08-22 00:00:00-04:00,133.62652587890625
2018-08-23 00:00:00-04:00,133.36480712890625
2018-08-24 00:00:00-04:00,134.19515991210938
2018-08-27 00:00:00-04:00,135.16094970703125
2018-08-28 00:00:00-04:00,135.24215698242188
2018-08-29 00:00:00-04:00,135.9552001953125
2018-08-30 00:00:00-04:00,135.39561462402344
2018-08-31 00:00:00-04:00,135.4497833251953
2018-09-04 00:00:00-04:00,135.26019287109375
2018-09-05 00:00:00-04:00,134.81793212890625
2018-09-06 00:00:00-04:00,134.4118194580078
2018-09-07 00:00:00-04:00,134.1049041748047
2018-09-10 00:00:00-04:00,134.3937225341797
2018-09-11 00:00:00-04:00,134.84500122070312
2018-09-12 00:00:00-04:00,134.85409545898438
2018-09-13 00:00:00-04:00,135.53099060058594
2018-09-14 00:00:00-04:00,135.63929748535156
2018-09-17 00:00:00-04:00,134.78182983398438
2018-09-18 00:00:00-04:00,135.50393676757812
2018-09-19 00:00:00-04:00,135.52195739746094
2018-09-20 00:00:00-04:00,136.56895446777344
2018-09-21 00:00:00-04:00,136.43360900878906
2018-09-24 00:00:00-04:00,135.93714904785156
2018-09-25 00:00:00-04:00,135.8649139404297
2018-09-26 00:00:00-04:00,135.34141540527344
2018-09-27 00:00:00-04:00,135.65736389160156
2018-09-28 00:00:00-04:00,135.7153778076172
2018-10-01 00:00:00-04:00,135.9239959716797
2018-10-02 00:00:00-04:00,135.72445678710938
2018-10-03 00:00:00-04:00,135.90585327148438
2018-10-04 00:00:00-04:00,134.7540740966797
2018-10-05 00:00:00-04:00,133.88348388671875
2018-10-08 00:00:00-04:00,133.78370666503906
2018-10-09 00:00:00-04:00,133.5479278564453
2018-10-10 00:00:00-04:00,129.29461669921875
2018-10-11 00:00:00-04:00,126.53772735595703
2018-10-12 00:00:00-04:00,128.20635986328125
2018-10-15 00:00:00-04:00,127.6350326538086
2018-10-16 00:00:00-04:00,130.4463653564453
2018-10-17 00:00:00-04:00,130.41012573242188
2018-10-18 00:00:00-04:00,128.5238037109375
2018-10-19 00:00:00-04:00,128.188232421875
2018-10-22 00:00:00-04:00,127.68036651611328
2018-10-23 00:00:00-04:00,126.92766571044922
2018-10-24 00:00:00-04:00,122.98272705078125
2018-10-25 00:00:00-04:00,125.29528045654297
2018-10-26 00:00:00-04:00,123.1278076171875
2018-10-29 00:00:00-04:00,122.4476547241211
2018-10-30 00:00:00-04:00,124.36117553710938
2018-10-31 00:00:00-04:00,125.65803527832031
2018-11-01 00:00:00-04:00,127.08183288574219
2018-11-02 00:00:00-04:00,126.56490325927734
2018-11-05 00:00:00-05:00,127.18157958984375
2018-11-06 00:00:00-05:00,127.90711212158203
2018-11-07 00:00:00-05:00,130.51893615722656
2018-11-08 00:00:00-05:00,130.26502990722656
2018-11-09 00:00:00-05:00,128.93186950683594
2018-11-12 00:00:00-05:00,126.45610809326172
2018-11-13 00:00:00-05:00,126.27471923828125
2018-11-14 00:00:00-05:00,125.34970092773438
2018-11-15 00:00:00-05:00,126.76444244384766
2018-11-16 00:00:00-05:00,127.03649139404297
2018-11-19 00:00:00-05:00,124.83277893066406
2018-11-20 00:00:00-05:00,122.61090850830078
2018-11-21 00:00:00-05:00,123.20940399169922
2018-11-23 00:00:00-05:00,122.54740142822266
2018-11-26 00:00:00-05:00,124.45185089111328
2018-11-27 00:00:00-05:00,124.60604858398438
2018-11-28 00:00:00-05:00,127.50804901123047
2018-11-29 00:00:00-05:00,127.27228546142578
2018-11-30 00:00:00-05:00,128.188232421875
2018-12-03 00:00:00-05:00,129.68458557128906
2018-12-04 00:00:00-05:00,125.44941711425781
2018-12-06 00:00:00-05:00,125.29528045654297
2018-12-07 00:00:00-05:00,122.33882141113281
2018-12-10 00:00:00-05:00,122.47486114501953
2018-12-11 00:00:00-05:00,122.4476547241211
2018-12-12 00:00:00-05:00,123.14595031738281
2018-12-13 00:00:00-05:00,122.8467025756836
2018-12-14 00:00:00-05:00,120.72456359863281
2018-12-17 00:00:00-05:00,118.14900970458984
2018-12-18 00:00:00-05:00,118.11274719238281
2018-12-19 00:00:00-05:00,116.29896545410156
2018-12-20 00:00:00-05:00,114.4217300415039
2018-12-21 00:00:00-05:00,111.99125671386719
2018-12-24 00:00:00-05:00,109.19168090820312
2018-12-26 00:00:00-05:00,114.44600677490234
2018-12-27 00:00:00-05:00,115.47682189941406
2018-12-28 00:00:00-05:00,115.33086395263672
2018-12-31 00:00:00-05:00,116.42552947998047
2019-01-02 00:00:00-05:00,116.51673889160156
2019-01-03 00:00:00-05:00,113.81659698486328
2019-01-04 00:00:00-05:00,117.58403015136719
2019-01-07 00:00:00-05:00,118.76988983154297
2019-01-08 00:00:00-05:00,119.99227142333984
2019-01-09 00:00:00-05:00,120.55781555175781
2019-01-10 00:00:00-05:00,121.15079498291016
2019-01-11 00:00:00-05:00,121.17815399169922
2019-01-14 00:00:00-05:00,120.41187286376953
2019-01-15 00:00:00-05:00,121.72547912597656
2019-01-16 00:00:00-05:00,122.07210540771484
2019-01-17 00:00:00-05:00,123.05728912353516
2019-01-18 00:00:00-05:00,124.65363311767578
2019-01-22 00:00:00-05:00,122.94784545898438
2019-01-23 00:00:00-05:00,123.07552337646484
2019-01-24 00:00:00-05:00,123.33097076416016
2019-01-25 00:00:00-05:00,124.48948669433594
2019-01-28 00:00:00-05:00,123.5772705078125
2019-01-29 00:00:00-05:00,123.4039306640625
2019-01-30 00:00:00-05:00,125.26487731933594
2019-01-31 00:00:00-05:00,126.36859893798828
2019-02-01 00:00:00-05:00,126.55105590820312
2019-02-04 00:00:00-05:00,127.45414733886719
2019-02-05 00:00:00-05:00,127.98326873779297
2019-02-06 00:00:00-05:00,127.85551452636719
2019-02-07 00:00:00-05:00,126.64228820800781
2019-02-08 00:00:00-05:00,126.76998138427734
2019-02-11 00:00:00-05:00,127.03451538085938
2019-02-12 00:00:00-05:00,128.62179565429688
2019-02-13 00:00:00-05:00,129.02316284179688
2019-02-14 00:00:00-05:00,128.79510498046875
2019-02-15 00:00:00-05:00,130.20904541015625
2019-02-19 00:00:00-05:00,130.46444702148438
2019-02-20 00:00:00-05:00,130.73809814453125
2019-02-21 00:00:00-05:00,130.2911376953125
2019-02-22 00:00:00-05:00,131.1486053466797
2019-02-25 00:00:00-05:00,131.34017944335938
2019-02-26 00:00:00-05:00,131.0939178466797
2019-02-27 00:00:00-05:00,131.13949584960938
2019-02-28 00:00:00-05:00,130.86582946777344
2019-03-01 00:00:00-05:00,131.74154663085938
2019-03-04 00:00:00-05:00,131.13037109375
2019-03-05 00:00:00-05:00,130.8840789794922
2019-03-06 00:00:00-05:00,129.88975524902344
2019-03-07 00:00:00-05:00,128.87718200683594
2019-03-08 00:00:00-05:00,128.6126708984375
2019-03-11 00:00:00-04:00,130.5009307861328
2019-03-12 00:00:00-04:00,130.9388427734375
2019-03-13 00:00:00-04:00,131.7780303955078
2019-03-14 00:00:00-04:00,131.66859436035156
2019-03-15 00:00:00-04:00,132.27978515625
2019-03-18 00:00:00-04:00,132.77235412597656
2019-03-19 00:00:00-04:00,132.7449951171875
2019-03-20 00:00:00-04:00,132.1976318359375
2019-03-21 00:00:00-04:00,133.74838256835938
2019-03-22 00:00:00-04:00,130.95703125
2019-03-25 00:00:00-04:00,130.8671417236328
2019-03-26 00:00:00-04:00,131.8760223388672
2019-03-27 00:00:00-04:00,131.27072143554688
2019-03-28 00:00:00-04:00,131.84852600097656
2019-03-29 00:00:00-04:00,132.7198028564453
2019-04-01 00:00:00-04:00,134.26058959960938
2019-04-02 00:00:00-04:00,134.25143432617188
2019-04-03 00:00:00-04:00,134.57240295410156
2019-04-04 00:00:00-04:00,134.8567352294922
2019-04-05 00:00:00-04:00,135.535400390625
2019-04-08 00:00:00-04:00,135.65467834472656
2019-04-09 00:00:00-04:00,134.83840942382812
2019-04-10 00:00:00-04:00,135.46205139160156
2019-04-11 00:00:00-04:00,135.45289611816406
2019-04-12 00:00:00-04:00,136.36085510253906
2019-04-15 00:00:00-04:00,136.2508087158203
2019-04-16 00:00:00-04:00,136.2874755859375
2019-04-17 00:00:00-04:00,135.7830047607422
2019-04-18 00:00:00-04:00,135.98484802246094
2019-04-22 00:00:00-04:00,136.0215301513672
2019-04-23 00:00:00-04:00,137.38803100585938
2019-04-24 00:00:00-04:00,137.2046356201172
2019-04-25 00:00:00-04:00,136.97532653808594
2019-04-26 00:00:00-04:00,137.71826171875
2019-04-29 00:00:00-04:00,137.92001342773438
2019-04-30 00:00:00-04:00,137.9291534423828
2019-05-01 00:00:00-04:00,136.9019775390625
2019-05-02 00:00:00-04:00,136.6726837158203
2019-05-03 00:00:00-04:00,138.1492919921875
2019-05-06 00:00:00-04:00,137.70907592773438
2019-05-07 00:00:00-04:00,135.33364868164062
2019-05-08 00:00:00-04:00,135.11355590820312
2019-05-09 00:00:00-04:00,134.68246459960938
2019-05-10 00:00:00-04:00,135.30609130859375
2019-05-13 00:00:00-04:00,131.8852081298828
2019-05-14 00:00:00-04:00,133.0774688720703
2019-05-15 00:00:00-04:00,133.86622619628906
2019-05-16 00:00:00-04:00,135.07684326171875
2019-05-17 00:00:00-04:00,134.12301635742188
2019-05-20 00:00:00-04:00,133.16920471191406
2019-05-21 00:00:00-04:00,134.47149658203125
2019-05-22 00:00:00-04:00,133.98545837402344
2019-05-23 00:00:00-04:00,132.2795867919922
2019-05-24 00:00:00-04:00,132.6005401611328
2019-05-28 00:00:00-04:00,131.435791015625
2019-05-29 00:00:00-04:00,130.5369873046875
2019-05-30 00:00:00-04:00,130.7938232421875
2019-05-31 00:00:00-04:00,129.03286743164062
2019-06-03 00:00:00-04:00,128.77606201171875
2019-06-04 00:00:00-04:00,131.66506958007812
2019-06-05 00:00:00-04:00,132.67391967773438
2019-06-06 00:00:00-04:00,133.41683959960938
2019-06-07 00:00:00-04:00,134.62742614746094
2019-06-10 00:00:00-04:00,135.37950134277344
2019-06-11 00:00:00-04:00,135.25112915039062
2019-06-12 00:00:00-04:00,135.0677032470703
2019-06-13 00:00:00-04:00,135.69134521484375
2019-06-14 00:00:00-04:00,135.39784240722656
2019-06-17 00:00:00-04:00,135.49635314941406
2019-06-18 00:00:00-04:00,136.9784393310547
2019-06-19 00:00:00-04:00,137.4479217529297
2019-06-20 00:00:00-04:00,138.70907592773438
2019-06-21 00:00:00-04:00,138.72752380371094
2019-06-24 00:00:00-04:00,137.9542236328125
2019-06-25 00:00:00-04:00,136.64707946777344
2019-06-26 00:00:00-04:00,136.3892822265625
2019-06-27 00:00:00-04:00,137.20860290527344
2019-06-28 00:00:00-04:00,138.16595458984375
2019-07-01 00:00:00-04:00,139.1417236328125
2019-07-02 00:00:00-04:00,139.4639434814453
2019-07-03 00:00:00-04:00,140.51336669921875
2019-07-05 00:00:00-04:00,140.43051147460938
2019-07-08 00:00:00-04:00,139.67564392089844
2019-07-09 00:00:00-04:00,139.92422485351562
2019-07-10 00:00:00-04:00,140.4949951171875
2019-07-11 00:00:00-04:00,140.6882781982422
2019-07-12 00:00:00-04:00,141.4062957763672
2019-07-15 00:00:00-04:00,141.31423950195312
2019-07-16 00:00:00-04:00,140.9552459716797
2019-07-17 00:00:00-04:00,140.0254669189453
2019-07-18 00:00:00-04:00,140.54095458984375
2019-07-19 00:00:00-04:00,139.74009704589844
2019-07-22 00:00:00-04:00,140.0714874267578
2019-07-23 00:00:00-04:00,141.01048278808594
2019-07-24 00:00:00-04:00,141.8758087158203
2019-07-25 00:00:00-04:00,141.1209259033203
2019-07-26 00:00:00-04:00,142.1427459716797
2019-07-29 00:00:00-04:00,141.80213928222656
2019-07-30 00:00:00-04:00,141.66407775878906
2019-07-31 00:00:00-04:00,140.1175537109375
2019-08-01 00:00:00-04:00,138.8195343017578
2019-08-02 00:00:00-04:00,137.6964569091797
2019-08-05 00:00:00-04:00,133.6092071533203
2019-08-06 00:00:00-04:00,135.3490447998047
2019-08-07 00:00:00-04:00,135.49635314941406
2019-08-08 00:00:00-04:00,138.0739288330078
2019-08-09 00:00:00-04:00,137.08892822265625
2019-08-12 00:00:00-04:00,135.39511108398438
2019-08-13 00:00:00-04:00,137.32821655273438
2019-08-14 00:00:00-04:00,133.36065673828125
2019-08-15 00:00:00-04:00,133.6092071533203
2019-08-16 00:00:00-04:00,135.6344451904297
2019-08-19 00:00:00-04:00,137.24539184570312
2019-08-20 00:00:00-04:00,136.1959686279297
2019-08-21 00:00:00-04:00,137.3466796875
2019-08-22 00:00:00-04:00,137.22695922851562
2019-08-23 00:00:00-04:00,133.7657012939453
2019-08-26 00:00:00-04:00,135.1189422607422
2019-08-27 00:00:00-04:00,134.49295043945312
2019-08-28 00:00:00-04:00,135.45033264160156
2019-08-29 00:00:00-04:00,137.24539184570312
2019-08-30 00:00:00-04:00,137.19937133789062
2019-09-03 00:00:00-04:00,136.30645751953125
2019-09-04 00:00:00-04:00,137.76087951660156
2019-09-05 00:00:00-04:00,139.60205078125
2019-09-06 00:00:00-04:00,139.62962341308594
2019-09-09 00:00:00-04:00,139.7124786376953
2019-09-10 00:00:00-04:00,139.85057067871094
2019-09-11 00:00:00-04:00,140.9920654296875
2019-09-12 00:00:00-04:00,141.41549682617188
2019-09-13 00:00:00-04:00,141.2774200439453
2019-09-16 00:00:00-04:00,140.99075317382812
2019-09-17 00:00:00-04:00,141.33290100097656
2019-09-18 00:00:00-04:00,141.3144073486328
2019-09-19 00:00:00-04:00,141.2219696044922
2019-09-20 00:00:00-04:00,140.60235595703125
2019-09-23 00:00:00-04:00,140.67630004882812
2019-09-24 00:00:00-04:00,139.37237548828125
2019-09-25 00:00:00-04:00,140.2509002685547
2019-09-26 00:00:00-04:00,139.82554626464844
2019-09-27 00:00:00-04:00,138.9932403564453
2019-09-30 00:00:00-04:00,139.6405792236328
2019-10-01 00:00:00-04:00,137.8188018798828
2019-10-02 00:00:00-04:00,135.58084106445312
2019-10-03 00:00:00-04:00,136.68130493164062
2019-10-04 00:00:00-04:00,138.46607971191406
2019-10-07 00:00:00-04:00,137.9204864501953
2019-10-08 00:00:00-04:00,135.69178771972656
2019-10-09 00:00:00-04:00,136.94024658203125
2019-10-10 00:00:00-04:00,137.8188018798828
2019-10-11 00:00:00-04:00,139.2984161376953
2019-10-14 00:00:00-04:00,139.16893005371094
2019-10-15 00:00:00-04:00,140.53759765625
2019-10-16 00:00:00-04:00,140.27867126464844
2019-10-17 00:00:00-04:00,140.7410430908203
2019-10-18 00:00:00-04:00,140.17694091796875
2019-10-21 00:00:00-04:00,141.09249877929688
2019-10-22 00:00:00-04:00,140.6670684814453
2019-10-23 00:00:00-04:00,140.9537811279297
2019-10-24 00:00:00-04:00,141.34213256835938
2019-10-25 00:00:00-04:00,141.90626525878906
2019-10-28 00:00:00-04:00,142.76632690429688
2019-10-29 00:00:00-04:00,142.7385711669922
2019-10-30 00:00:00-04:00,143.0807342529297
2019-10-31 00:00:00-04:00,142.58135986328125
2019-11-01 00:00:00-04:00,144.1072235107422
2019-11-04 00:00:00-05:00,144.63433837890625
2019-11-05 00:00:00-05:00,144.50489807128906
2019-11-06 00:00:00-05:00,144.4401092529297
2019-11-07 00:00:00-05:00,144.93026733398438
2019-11-08 00:00:00-05:00,145.33718872070312
2019-11-11 00:00:00-05:00,145.05052185058594
2019-11-12 00:00:00-05:00,145.3002166748047
2019-11-13 00:00:00-05:00,145.36492919921875
2019-11-14 00:00:00-05:00,145.51290893554688
2019-11-15 00:00:00-05:00,146.62261962890625
2019-11-18 00:00:00-05:00,146.70587158203125
2019-11-19 00:00:00-05:00,146.75209045410156
2019-11-20 00:00:00-05:00,146.2896728515625
2019-11-21 00:00:00-05:00,145.9197540283203
2019-11-22 00:00:00-05:00,146.2434539794922
2019-11-25 00:00:00-05:00,147.63059997558594
2019-11-26 00:00:00-05:00,147.94505310058594
2019-11-27 00:00:00-05:00,148.64785766601562
2019-11-29 00:00:00-05:00,147.98202514648438
2019-12-02 00:00:00-05:00,146.64109802246094
2019-12-03 00:00:00-05:00,145.7718505859375
2019-12-04 00:00:00-05:00,146.71507263183594
2019-12-05 00:00:00-05:00,146.9277801513672
2019-12-06 00:00:00-05:00,148.23170471191406
2019-12-09 00:00:00-05:00,147.76007080078125
2019-12-10 00:00:00-05:00,147.63059997558594
2019-12-11 00:00:00-05:00,147.98202514648438
2019-12-12 00:00:00-05:00,149.19349670410156
2019-12-13 00:00:00-05:00,149.19349670410156
2019-12-16 00:00:00-05:00,150.2847137451172
2019-12-17 00:00:00-05:00,150.34019470214844
2019-12-18 00:00:00-05:00,150.40493774414062
2019-12-19 00:00:00-05:00,151.06155395507812
2019-12-20 00:00:00-05:00,151.83836364746094
2019-12-23 00:00:00-05:00,151.93081665039062
2019-12-24 00:00:00-05:00,151.96429443359375
2019-12-26 00:00:00-05:00,152.69879150390625
2019-12-27 00:00:00-05:00,152.55929565429688
2019-12-30 00:00:00-05:00,151.7318572998047
2019-12-31 00:00:00-05:00,152.13160705566406
2020-01-02 00:00:00-05:00,153.3961181640625
2020-01-03 00:00:00-05:00,152.41983032226562
2020-01-06 00:00:00-05:00,152.94058227539062
2020-01-07 00:00:00-05:00,152.5779266357422
2020-01-08 00:00:00-05:00,153.33103942871094
2020-01-09 00:00:00-05:00,154.28872680664062
2020-01-10 00:00:00-05:00,153.84243774414062
2020-01-13 00:00:00-05:00,154.8931121826172
2020-01-14 00:00:00-05:00,154.80943298339844
2020-01-15 00:00:00-05:00,155.19064331054688
2020-01-16 00:00:00-05:00,156.52020263671875
2020-01-17 00:00:00-05:00,156.9107208251953
2020-01-21 00:00:00-05:00,156.5760040283203
2020-01-22 00:00:00-05:00,156.66897583007812
2020-01-23 00:00:00-05:00,156.84564208984375
2020-01-24 00:00:00-05:00,155.3579864501953
2020-01-27 00:00:00-05:00,153.0242462158203
2020-01-28 00:00:00-05:00,154.50259399414062
2020-01-29 00:00:00-05:00,154.4003448486328
2020-01-30 00:00:00-05:00,154.77223205566406
2020-01-31 00:00:00-05:00,152.03866577148438
2020-02-03 00:00:00-05:00,153.37753295898438
2020-02-04 00:00:00-05:00,155.7949981689453
2020-02-05 00:00:00-05:00,157.3291778564453
2020-02-06 00:00:00-05:00,157.76614379882812
2020-02-07 00:00:00-05:00,156.86424255371094
2020-02-10 00:00:00-05:00,158.01718139648438
2020-02-11 00:00:00-05:00,158.4541778564453
2020-02-12 00:00:00-05:00,159.44906616210938
2020-02-13 00:00:00-05:00,159.3839569091797
2020-02-14 00:00:00-05:00,159.6443328857422
2020-02-18 00:00:00-05:00,159.2724151611328
2020-02-19 00:00:00-05:00,160.08132934570312
2020-02-20 00:00:00-05:00,159.59779357910156
2020-02-21 00:00:00-05:00,157.96141052246094
2020-02-24 00:00:00-05:00,152.763916015625
2020-02-25 00:00:00-05:00,148.0963897705078
2020-02-26 00:00:00-05:00,147.27813720703125
2020-02-27 00:00:00-05:00,140.82542419433594
2020-02-28 00:00:00-05:00,139.8770751953125
2020-03-02 00:00:00-05:00,145.66958618164062
2020-03-03 00:00:00-05:00,141.9132537841797
2020-03-04 00:00:00-05:00,147.58499145507812
2020-03-05 00:00:00-05:00,142.66641235351562
2020-03-06 00:00:00-05:00,140.01651000976562
2020-03-09 00:00:00-04:00,128.77537536621094
2020-03-10 00:00:00-04:00,135.1630401611328
2020-03-11 00:00:00-04:00,128.31976318359375
2020-03-12 00:00:00-04:00,115.84207153320312
2020-03-13 00:00:00-04:00,126.38584899902344
2020-03-16 00:00:00-04:00,112.00205993652344
2020-03-17 00:00:00-04:00,117.61797332763672
2020-03-18 00:00:00-04:00,110.8398208618164
2020-03-19 00:00:00-04:00,111.65803527832031
2020-03-20 00:00:00-04:00,107.10208892822266
2020-03-23 00:00:00-04:00,104.05237579345703
2020-03-24 00:00:00-04:00,113.92671966552734
2020-03-25 00:00:00-04:00,115.49806213378906
2020-03-26 00:00:00-04:00,122.50984191894531
2020-03-27 00:00:00-04:00,118.60401153564453
2020-03-30 00:00:00-04:00,122.20146942138672
2020-03-31 00:00:00-04:00,120.45413208007812
2020-04-01 00:00:00-04:00,114.8944320678711
2020-04-02 00:00:00-04:00,117.2864990234375
2020-04-03 00:00:00-04:00,115.28688049316406
2020-04-06 00:00:00-04:00,123.35079956054688
2020-04-07 00:00:00-04:00,123.49098205566406
2020-04-08 00:00:00-04:00,127.82658386230469
2020-04-09 00:00:00-04:00,130.21864318847656
2020-04-13 00:00:00-04:00,128.6675567626953
2020-04-14 00:00:00-04:00,132.5733642578125
2020-04-15 00:00:00-04:00,129.46177673339844
2020-04-16 00:00:00-04:00,130.06918334960938
2020-04-17 00:00:00-04:00,133.75071716308594
2020-04-20 00:00:00-04:00,131.58290100097656
2020-04-21 00:00:00-04:00,127.49952697753906
2020-04-22 00:00:00-04:00,130.37747192382812
2020-04-23 00:00:00-04:00,130.39620971679688
2020-04-24 00:00:00-04:00,132.3397674560547
2020-04-27 00:00:00-04:00,134.68511962890625
2020-04-28 00:00:00-04:00,134.26461791992188
2020-04-29 00:00:00-04:00,138.06764221191406
2020-04-30 00:00:00-04:00,136.27362060546875
2020-05-01 00:00:00-04:00,132.50796508789062
2020-05-04 00:00:00-04:00,133.0125274658203
2020-05-05 00:00:00-04:00,134.2459716796875
2020-05-06 00:00:00-04:00,133.50778198242188
2020-05-07 00:00:00-04:00,135.25511169433594
2020-05-08 00:00:00-04:00,137.79672241210938
2020-05-11 00:00:00-04:00,137.81536865234375
2020-05-12 00:00:00-04:00,134.88137817382812
2020-05-13 00:00:00-04:00,132.1715545654297
2020-05-14 00:00:00-04:00,133.5918731689453
2020-05-15 00:00:00-04:00,134.3954620361328
2020-05-18 00:00:00-04:00,138.85255432128906
2020-05-19 00:00:00-04:00,137.376220703125
2020-05-20 00:00:00-04:00,139.91778564453125
2020-05-21 00:00:00-04:00,139.07681274414062
2020-05-22 00:00:00-04:00,139.46926879882812
2020-05-26 00:00:00-04:00,141.412841796875
2020-05-27 00:00:00-04:00,143.6460723876953
2020-05-28 00:00:00-04:00,143.15084838867188
2020-05-29 00:00:00-04:00,143.6273956298828
2020-06-01 00:00:00-04:00,144.5991668701172
2020-06-02 00:00:00-04:00,145.69241333007812
2020-06-03 00:00:00-04:00,147.9630126953125
2020-06-04 00:00:00-04:00,147.4958038330078
2020-06-05 00:00:00-04:00,151.28016662597656
2020-06-08 00:00:00-04:00,153.33584594726562
2020-06-09 00:00:00-04:00,151.93421936035156
2020-06-10 00:00:00-04:00,150.80361938476562
2020-06-11 00:00:00-04:00,141.9080810546875
2020-06-12 00:00:00-04:00,143.87034606933594
2020-06-15 00:00:00-04:00,145.41207885742188
2020-06-16 00:00:00-04:00,148.20596313476562
2020-06-17 00:00:00-04:00,147.48648071289062
2020-06-18 00:00:00-04:00,147.60794067382812
2020-06-19 00:00:00-04:00,146.77635192871094
2020-06-22 00:00:00-04:00,147.79481506347656
2020-06-23 00:00:00-04:00,148.3741455078125
2020-06-24 00:00:00-04:00,144.34686279296875
2020-06-25 00:00:00-04:00,146.09278869628906
2020-06-26 00:00:00-04:00,142.69485473632812
2020-06-29 00:00:00-04:00,144.78802490234375
2020-06-30 00:00:00-04:00,146.92820739746094
2020-07-01 00:00:00-04:00,147.7823486328125
2020-07-02 00:00:00-04:00,148.37374877929688
2020-07-06 00:00:00-04:00,150.7110137939453
2020-07-07 00:00:00-04:00,149.1809539794922
2020-07-08 00:00:00-04:00,150.4011993408203
2020-07-09 00:00:00-04:00,149.47195434570312
2020-07-10 00:00:00-04:00,151.07705688476562
2020-07-13 00:00:00-04:00,149.44378662109375
2020-07-14 00:00:00-04:00,151.4055633544922
2020-07-15 00:00:00-04:00,153.28286743164062
2020-07-16 00:00:00-04:00,152.59768676757812
2020-07-17 00:00:00-04:00,153.17965698242188
2020-07-20 00:00:00-04:00,154.3529815673828
2020-07-21 00:00:00-04:00,154.79412841796875
2020-07-22 00:00:00-04:00,155.6013641357422
2020-07-23 00:00:00-04:00,153.9024200439453
2020-07-24 00:00:00-04:00,152.71034240722656
2020-07-27 00:00:00-04:00,154.02439880371094
2020-07-28 00:00:00-04:00,152.8980255126953
2020-07-29 00:00:00-04:00,154.92555236816406
2020-07-30 00:00:00-04:00,154.57821655273438
2020-07-31 00:00:00-04:00,155.36672973632812
2020-08-03 00:00:00-04:00,156.71839904785156
2020-08-04 00:00:00-04:00,157.33790588378906
2020-08-05 00:00:00-04:00,158.48304748535156
2020-08-06 00:00:00-04:00,159.2527618408203
2020-08-07 00:00:00-04:00,159.3842010498047
2020-08-10 00:00:00-04:00,159.8253631591797
2020-08-11 00:00:00-04:00,158.5393829345703
2020-08-12 00:00:00-04:00,160.66078186035156
2020-08-13 00:00:00-04:00,160.5387420654297
2020-08-14 00:00:00-04:00,160.49180603027344
2020-08-17 00:00:00-04:00,161.17703247070312
2020-08-18 00:00:00-04:00,161.4210662841797
2020-08-19 00:00:00-04:00,160.79217529296875
2020-08-20 00:00:00-04:00,161.2520751953125
2020-08-21 00:00:00-04:00,161.6557159423828
2020-08-24 00:00:00-04:00,163.20449829101562
2020-08-25 00:00:00-04:00,163.7489013671875
2020-08-26 00:00:00-04:00,165.2319793701172
2020-08-27 00:00:00-04:00,165.62625122070312
2020-08-28 00:00:00-04:00,166.78076171875
2020-08-31 00:00:00-04:00,166.40533447265625
2020-09-01 00:00:00-04:00,167.87901306152344
2020-09-02 00:00:00-04:00,170.12242126464844
2020-09-03 00:00:00-04:00,164.20887756347656
2020-09-04 00:00:00-04:00,162.81027221679688
2020-09-08 00:00:00-04:00,158.23899841308594
2020-09-09 00:00:00-04:00,161.33657836914062
2020-09-10 00:00:00-04:00,158.68954467773438
2020-09-11 00:00:00-04:00,158.7458953857422
2020-09-14 00:00:00-04:00,161.2239532470703
2020-09-15 00:00:00-04:00,162.14385986328125
2020-09-16 00:00:00-04:00,161.6087646484375
2020-09-17 00:00:00-04:00,160.27587890625
2020-09-18 00:00:00-04:00,158.71775817871094
2020-09-21 00:00:00-04:00,156.8028564453125
2020-09-22 00:00:00-04:00,158.36105346679688
2020-09-23 00:00:00-04:00,154.54067993164062
2020-09-24 00:00:00-04:00,154.86923217773438
2020-09-25 00:00:00-04:00,157.36123657226562
2020-09-28 00:00:00-04:00,160.217041015625
2020-09-29 00:00:00-04:00,159.32162475585938
2020-09-30 00:00:00-04:00,160.5186004638672
2020-10-01 00:00:00-04:00,161.8569793701172
2020-10-02 00:00:00-04:00,160.5940399169922
2020-10-05 00:00:00-04:00,163.487548828125
2020-10-06 00:00:00-04:00,161.47055053710938
2020-10-07 00:00:00-04:00,164.28868103027344
2020-10-08 00:00:00-04:00,165.73069763183594
2020-10-09 00:00:00-04:00,167.12562561035156
2020-10-12 00:00:00-04:00,169.60438537597656
2020-10-13 00:00:00-04:00,168.70901489257812
2020-10-14 00:00:00-04:00,167.5874481201172
2020-10-15 00:00:00-04:00,167.6439971923828
2020-10-16 00:00:00-04:00,167.34237670898438
2020-10-19 00:00:00-04:00,164.9484100341797
2020-10-20 00:00:00-04:00,165.52334594726562
2020-10-21 00:00:00-04:00,164.95782470703125
2020-10-22 00:00:00-04:00,166.1265411376953
2020-10-23 00:00:00-04:00,166.67320251464844
2020-10-26 00:00:00-04:00,163.6477813720703
2020-10-27 00:00:00-04:00,162.98797607421875
2020-10-28 00:00:00-04:00,157.58740234375
2020-10-29 00:00:00-04:00,159.0765838623047
2020-10-30 00:00:00-04:00,157.38951110839844
2020-11-02 00:00:00-05:00,159.0294647216797
2020-11-03 00:00:00-05:00,162.0832061767578
2020-11-04 00:00:00-05:00,165.61758422851562
2020-11-05 00:00:00-05:00,169.03892517089844
2020-11-06 00:00:00-05:00,168.95408630371094
2020-11-09 00:00:00-05:00,170.9616241455078
2020-11-10 00:00:00-05:00,170.67889404296875
2020-11-11 00:00:00-05:00,172.06436157226562
2020-11-12 00:00:00-05:00,170.3678436279297
2020-11-13 00:00:00-05:00,172.78065490722656
2020-11-16 00:00:00-05:00,174.89183044433594
2020-11-17 00:00:00-05:00,174.49600219726562
2020-11-18 00:00:00-05:00,172.6487579345703
2020-11-19 00:00:00-05:00,173.61007690429688
2020-11-20 00:00:00-05:00,172.69583129882812
2020-11-23 00:00:00-05:00,174.10958862304688
2020-11-24 00:00:00-05:00,176.80516052246094
2020-11-25 00:00:00-05:00,176.7392120361328
2020-11-27 00:00:00-05:00,177.36126708984375
2020-11-30 00:00:00-05:00,175.9663543701172
2020-12-01 00:00:00-05:00,178.20005798339844
2020-12-02 00:00:00-05:00,178.3508758544922
2020-12-03 00:00:00-05:00,178.70904541015625
2020-12-04 00:00:00-05:00,180.49978637695312
2020-12-07 00:00:00-05:00,180.30186462402344
2020-12-08 00:00:00-05:00,181.08416748046875
2020-12-09 00:00:00-05:00,179.3028106689453
2020-12-10 00:00:00-05:00,179.5667266845703
2020-12-11 00:00:00-05:00,179.24624633789062
2020-12-14 00:00:00-05:00,178.7373809814453
2020-12-15 00:00:00-05:00,181.1878662109375
2020-12-16 00:00:00-05:00,181.44232177734375
2020-12-17 00:00:00-05:00,182.86549377441406
2020-12-18 00:00:00-05:00,182.34713745117188
2020-12-21 00:00:00-05:00,181.8193359375
2020-12-22 00:00:00-05:00,181.85702514648438
2020-12-23 00:00:00-05:00,182.16802978515625
2020-12-24 00:00:00-05:00,182.47280883789062
2020-12-28 00:00:00-05:00,183.62730407714844
2020-12-29 00:00:00-05:00,182.86077880859375
2020-12-30 00:00:00-05:00,183.35287475585938
2020-12-31 00:00:00-05:00,184.19509887695312
2021-01-04 00:00:00-05:00,181.57373046875
2021-01-05 00:00:00-05:00,183.04058837890625
2021-01-06 00:00:00-05:00,184.6871795654297
2021-01-07 00:00:00-05:00,187.64923095703125
2021-01-08 00:00:00-05:00,188.55772399902344
2021-01-11 00:00:00-05:00,187.43154907226562
2021-01-12 00:00:00-05:00,188.09400939941406
2021-01-13 00:00:00-05:00,188.3022003173828
2021-01-14 00:00:00-05:00,188.12240600585938
2021-01-15 00:00:00-05:00,186.48524475097656
2021-01-19 00:00:00-05:00,188.18862915039062
2021-01-20 00:00:00-05:00,190.56396484375
2021-01-21 00:00:00-05:00,190.42202758789062
2021-01-22 00:00:00-05:00,190.1097412109375
2021-01-25 00:00:00-05:00,190.6491241455078
2021-01-26 00:00:00-05:00,189.9582977294922
2021-01-27 00:00:00-05:00,185.39694213867188
2021-01-28 00:00:00-05:00,186.85430908203125
2021-01-29 00:00:00-05:00,183.57998657226562
2021-02-01 00:00:00-05:00,186.71240234375
2021-02-02 00:00:00-05:00,189.39051818847656
2021-02-03 00:00:00-05:00,189.6743621826172
2021-02-04 00:00:00-05:00,192.07810974121094
2021-02-05 00:00:00-05:00,193.15692138671875
2021-02-08 00:00:00-05:00,194.88870239257812
2021-02-09 00:00:00-05:00,194.9644317626953
2021-02-10 00:00:00-05:00,194.87925720214844
2021-02-11 00:00:00-05:00,195.34295654296875
2021-02-12 00:00:00-05:00,196.3555450439453
2021-02-16 00:00:00-05:00,196.00537109375
2021-02-17 00:00:00-05:00,195.5985107421875
2021-02-18 00:00:00-05:00,194.4723358154297
2021-02-19 00:00:00-05:00,194.91709899902344
2021-02-22 00:00:00-05:00,193.06231689453125
2021-02-23 00:00:00-05:00,193.03392028808594
2021-02-24 00:00:00-05:00,195.2010040283203
2021-02-25 00:00:00-05:00,190.1002655029297
2021-02-26 00:00:00-05:00,189.3431854248047
2021-03-01 00:00:00-05:00,194.2073516845703
2021-03-02 00:00:00-05:00,192.38092041015625
2021-03-03 00:00:00-05:00,189.608154296875
2021-03-04 00:00:00-05:00,186.60826110839844
2021-03-05 00:00:00-05:00,189.97723388671875
2021-03-08 00:00:00-05:00,189.0498504638672
2021-03-09 00:00:00-05:00,191.9834747314453
2021-03-10 00:00:00-05:00,193.3556365966797
2021-03-11 00:00:00-05:00,195.8824005126953
2021-03-12 00:00:00-05:00,196.27037048339844
2021-03-15 00:00:00-04:00,197.642578125
2021-03-16 00:00:00-04:00,196.84762573242188
2021-03-17 00:00:00-04:00,197.59524536132812
2021-03-18 00:00:00-04:00,193.9991455078125
2021-03-19 00:00:00-04:00,194.2451934814453
2021-03-22 00:00:00-04:00,195.29563903808594
2021-03-23 00:00:00-04:00,193.07176208496094
2021-03-24 00:00:00-04:00,191.47247314453125
2021-03-25 00:00:00-04:00,192.88909912109375
2021-03-26 00:00:00-04:00,196.04139709472656
2021-03-29 00:00:00-04:00,195.12039184570312
2021-03-30 00:00:00-04:00,195.0634002685547
2021-03-31 00:00:00-04:00,196.2502899169922
2021-04-01 00:00:00-04:00,198.70945739746094
2021-04-05 00:00:00-04:00,201.0261993408203
2021-04-06 00:00:00-04:00,201.10218811035156
2021-04-07 00:00:00-04:00,200.9312744140625
2021-04-08 00:00:00-04:00,202.0991668701172
2021-04-09 00:00:00-04:00,203.32400512695312
2021-04-12 00:00:00-04:00,203.3809356689453
2021-04-13 00:00:00-04:00,203.95065307617188
2021-04-14 00:00:00-04:00,203.49488830566406
2021-04-15 00:00:00-04:00,205.6597442626953
2021-04-16 00:00:00-04:00,206.18194580078125
2021-04-19 00:00:00-04:00,204.83367919921875
2021-04-20 00:00:00-04:00,202.9536895751953
2021-04-21 00:00:00-04:00,205.37489318847656
2021-04-22 00:00:00-04:00,203.77027893066406
2021-04-23 00:00:00-04:00,206.2389373779297
2021-04-26 00:00:00-04:00,206.98902893066406
2021-04-27 00:00:00-04:00,206.89407348632812
2021-04-28 00:00:00-04:00,206.8656005859375
2021-04-29 00:00:00-04:00,207.65365600585938
2021-04-30 00:00:00-04:00,206.13449096679688
2021-05-03 00:00:00-04:00,206.4952850341797
2021-05-04 00:00:00-04:00,204.9476318359375
2021-05-05 00:00:00-04:00,204.90963745117188
2021-05-06 00:00:00-04:00,205.95407104492188
2021-05-07 00:00:00-04:00,207.701171875
2021-05-10 00:00:00-04:00,205.26095581054688
2021-05-11 00:00:00-04:00,203.60885620117188
2021-05-12 00:00:00-04:00,199.02279663085938
2021-05-13 00:00:00-04:00,201.21612548828125
2021-05-14 00:00:00-04:00,204.6532745361328
2021-05-17 00:00:00-04:00,204.2165069580078
2021-05-18 00:00:00-04:00,202.621337890625
2021-05-19 00:00:00-04:00,202.0326690673828
2021-05-20 00:00:00-04:00,204.22601318359375
2021-05-21 00:00:00-04:00,204.11207580566406
2021-05-24 00:00:00-04:00,206.17245483398438
2021-05-25 00:00:00-04:00,205.60275268554688
2021-05-26 00:00:00-04:00,206.34336853027344
2021-05-27 00:00:00-04:00,206.72317504882812
2021-05-28 00:00:00-04:00,207.07447814941406
2021-06-01 00:00:00-04:00,207.15994262695312
2021-06-02 00:00:00-04:00,207.43528747558594
2021-06-03 00:00:00-04:00,206.51431274414062
2021-06-04 00:00:00-04:00,208.30880737304688
2021-06-07 00:00:00-04:00,208.47972106933594
2021-06-08 00:00:00-04:00,208.906982421875
2021-06-09 00:00:00-04:00,208.31829833984375
2021-06-10 00:00:00-04:00,209.2393035888672
2021-06-11 00:00:00-04:00,209.85646057128906
2021-06-14 00:00:00-04:00,210.17933654785156
2021-06-15 00:00:00-04:00,209.6285858154297
2021-06-16 00:00:00-04:00,208.5841827392578
2021-06-17 00:00:00-04:00,208.38478088378906
2021-06-18 00:00:00-04:00,205.80215454101562
2021-06-21 00:00:00-04:00,208.6411590576172
2021-06-22 00:00:00-04:00,209.8280029296875
2021-06-23 00:00:00-04:00,209.7425537109375
2021-06-24 00:00:00-04:00,211.16639709472656
2021-06-25 00:00:00-04:00,211.95687866210938
2021-06-28 00:00:00-04:00,212.1949920654297
2021-06-29 00:00:00-04:00,212.20448303222656
2021-06-30 00:00:00-04:00,212.2140350341797
2021-07-01 00:00:00-04:00,213.36643981933594
2021-07-02 00:00:00-04:00,214.5474090576172
2021-07-06 00:00:00-04:00,214.0807342529297
2021-07-07 00:00:00-04:00,214.366455078125
2021-07-08 00:00:00-04:00,212.556884765625
2021-07-09 00:00:00-04:00,215.1283721923828
2021-07-12 00:00:00-04:00,215.72836303710938
2021-07-13 00:00:00-04:00,214.52835083007812
2021-07-14 00:00:00-04:00,214.23313903808594
2021-07-15 00:00:00-04:00,213.48069763183594
2021-07-16 00:00:00-04:00,211.8044891357422
2021-07-19 00:00:00-04:00,208.79490661621094
2021-07-20 00:00:00-04:00,212.40451049804688
2021-07-21 00:00:00-04:00,214.30929565429688
2021-07-22 00:00:00-04:00,214.49026489257812
2021-07-23 00:00:00-04:00,216.63320922851562
2021-07-26 00:00:00-04:00,217.07127380371094
2021-07-27 00:00:00-04:00,215.89984130859375
2021-07-28 00:00:00-04:00,216.23313903808594
2021-07-29 00:00:00-04:00,217.18556213378906
2021-07-30 00:00:00-04:00,215.89984130859375
2021-08-02 00:00:00-04:00,215.59506225585938
2021-08-03 00:00:00-04:00,217.1379852294922
2021-08-04 00:00:00-04:00,216.16648864746094
2021-08-05 00:00:00-04:00,217.70938110351562
2021-08-06 00:00:00-04:00,217.97605895996094
2021-08-09 00:00:00-04:00,217.89036560058594
2021-08-10 00:00:00-04:00,218.03317260742188
2021-08-11 00:00:00-04:00,218.46177673339844
2021-08-12 00:00:00-04:00,219.0712890625
2021-08-13 00:00:00-04:00,219.19512939453125
2021-08-16 00:00:00-04:00,219.28086853027344
2021-08-17 00:00:00-04:00,217.65225219726562
2021-08-18 00:00:00-04:00,215.4807586669922
2021-08-19 00:00:00-04:00,215.31884765625
2021-08-20 00:00:00-04:00,217.25221252441406
2021-08-23 00:00:00-04:00,219.35704040527344
2021-08-24 00:00:00-04:00,220.1380157470703
2021-08-25 00:00:00-04:00,220.76657104492188
2021-08-26 00:00:00-04:00,219.29034423828125
2021-08-27 00:00:00-04:00,221.65232849121094
2021-08-30 00:00:00-04:00,222.4904327392578
2021-08-31 00:00:00-04:00,222.07138061523438
2021-09-01 00:00:00-04:00,222.4618682861328
2021-09-02 00:00:00-04:00,223.2142791748047
2021-09-03 00:00:00-04:00,223.13804626464844
2021-09-07 00:00:00-04:00,222.1761474609375
2021-09-08 00:00:00-04:00,221.65232849121094
2021-09-09 00:00:00-04:00,220.880859375
2021-09-10 00:00:00-04:00,219.1284637451172
2021-09-13 00:00:00-04:00,219.6237030029297
2021-09-14 00:00:00-04:00,218.2998809814453
2021-09-15 00:00:00-04:00,220.0998992919922
2021-09-16 00:00:00-04:00,219.89990234375
2021-09-17 00:00:00-04:00,218.1379852294922
2021-09-20 00:00:00-04:00,214.35694885253906
2021-09-21 00:00:00-04:00,214.33787536621094
2021-09-22 00:00:00-04:00,216.49984741210938
2021-09-23 00:00:00-04:00,219.13800048828125
2021-09-24 00:00:00-04:00,219.39974975585938
2021-09-27 00:00:00-04:00,218.9220428466797
2021-09-28 00:00:00-04:00,214.33612060546875
2021-09-29 00:00:00-04:00,214.47943115234375
2021-09-30 00:00:00-04:00,212.15777587890625
2021-10-01 00:00:00-04:00,215.0813751220703
2021-10-04 00:00:00-04:00,211.84246826171875
2021-10-05 00:00:00-04:00,213.8201904296875
2021-10-06 00:00:00-04:00,214.7086944580078
2021-10-07 00:00:00-04:00,216.77239990234375
2021-10-08 00:00:00-04:00,216.29466247558594
2021-10-11 00:00:00-04:00,214.7373504638672
2021-10-12 00:00:00-04:00,214.58450317382812
2021-10-13 00:00:00-04:00,215.55899047851562
2021-10-14 00:00:00-04:00,219.14183044433594
2021-10-15 00:00:00-04:00,220.44117736816406
2021-10-18 00:00:00-04:00,221.24371337890625
2021-10-19 00:00:00-04:00,222.8583221435547
2021-10-20 00:00:00-04:00,223.72776794433594
2021-10-21 00:00:00-04:00,224.33920288085938
2021-10-22 00:00:00-04:00,223.9093017578125
2021-10-25 00:00:00-04:00,225.28509521484375
2021-10-26 00:00:00-04:00,225.1990966796875
2021-10-27 00:00:00-04:00,223.660888671875
2021-10-28 00:00:00-04:00,226.04937744140625
2021-10-29 00:00:00-04:00,226.3455810546875
2021-11-01 00:00:00-04:00,227.4729461669922
2021-11-02 00:00:00-04:00,228.17996215820312
2021-11-03 00:00:00-04:00,229.7946014404297
2021-11-04 00:00:00-04:00,230.6640167236328
2021-11-05 00:00:00-04:00,231.55255126953125
2021-11-08 00:00:00-05:00,231.93470764160156
2021-11-09 00:00:00-05:00,231.26593017578125
2021-11-10 00:00:00-05:00,228.99205017089844
2021-11-11 00:00:00-05:00,229.26914978027344
2021-11-12 00:00:00-05:00,230.9697265625
2021-11-15 00:00:00-05:00,230.9697265625
2021-11-16 00:00:00-05:00,231.96336364746094
2021-11-17 00:00:00-05:00,231.00794982910156
2021-11-18 00:00:00-05:00,231.3710174560547
2021-11-19 00:00:00-05:00,230.71180725097656
2021-11-22 00:00:00-05:00,229.60354614257812
2021-11-23 00:00:00-05:00,229.679931640625
2021-11-24 00:00:00-05:00,230.45379638671875
2021-11-26 00:00:00-05:00,225.4665985107422
2021-11-29 00:00:00-05:00,227.5876007080078
2021-11-30 00:00:00-05:00,223.0398712158203
2021-12-01 00:00:00-05:00,219.89654541015625
2021-12-02 00:00:00-05:00,223.4698028564453
2021-12-03 00:00:00-05:00,220.88064575195312
2021-12-06 00:00:00-05:00,223.7182159423828
2021-12-07 00:00:00-05:00,228.50479125976562
2021-12-08 00:00:00-05:00,229.4888458251953
2021-12-09 00:00:00-05:00,227.30099487304688
2021-12-10 00:00:00-05:00,228.84873962402344
2021-12-13 00:00:00-05:00,226.76596069335938
2021-12-14 00:00:00-05:00,225.06533813476562
2021-12-15 00:00:00-05:00,228.533447265625
2021-12-16 00:00:00-05:00,225.97300720214844
2021-12-17 00:00:00-05:00,224.9410858154297
2021-12-20 00:00:00-05:00,221.7787322998047
2021-12-21 00:00:00-05:00,226.12583923339844
2021-12-22 00:00:00-05:00,228.36151123046875
2021-12-23 00:00:00-05:00,229.9379119873047
2021-12-27 00:00:00-05:00,232.95726013183594
2021-12-28 00:00:00-05:00,232.47787475585938
2021-12-29 00:00:00-05:00,232.61207580566406
2021-12-30 00:00:00-05:00,232.2381591796875
2021-12-31 00:00:00-05:00,231.4998321533203
2022-01-03 00:00:00-05:00,232.96685791015625
2022-01-04 00:00:00-05:00,232.5258026123047
2022-01-05 00:00:00-05:00,227.48233032226562
2022-01-06 00:00:00-05:00,227.4248046875
2022-01-07 00:00:00-05:00,226.3892822265625
2022-01-10 00:00:00-05:00,225.99615478515625
2022-01-11 00:00:00-05:00,228.24940490722656
2022-01-12 00:00:00-05:00,228.6041717529297
2022-01-13 00:00:00-05:00,225.25784301757812
2022-01-14 00:00:00-05:00,225.34414672851562
2022-01-18 00:00:00-05:00,220.96231079101562
2022-01-19 00:00:00-05:00,218.6419219970703
2022-01-20 00:00:00-05:00,216.09144592285156
2022-01-21 00:00:00-05:00,211.81507873535156
2022-01-24 00:00:00-05:00,213.17660522460938
2022-01-25 00:00:00-05:00,210.1946563720703
2022-01-26 00:00:00-05:00,209.37965393066406
2022-01-27 00:00:00-05:00,207.8263397216797
2022-01-28 00:00:00-05:00,212.94647216796875
2022-01-31 00:00:00-05:00,217.4721221923828
2022-02-01 00:00:00-05:00,219.13092041015625
2022-02-02 00:00:00-05:00,220.57876586914062
2022-02-03 00:00:00-05:00,215.33396911621094
2022-02-04 00:00:00-05:00,216.76263427734375
2022-02-07 00:00:00-05:00,216.21609497070312
2022-02-08 00:00:00-05:00,218.20086669921875
2022-02-09 00:00:00-05:00,221.74855041503906
2022-02-10 00:00:00-05:00,217.9899444580078
2022-02-11 00:00:00-05:00,213.76150512695312
2022-02-14 00:00:00-05:00,212.97525024414062
2022-02-15 00:00:00-05:00,216.76263427734375
2022-02-16 00:00:00-05:00,216.96397399902344
2022-02-17 00:00:00-05:00,212.03561401367188
2022-02-18 00:00:00-05:00,210.3384552001953
2022-02-22 00:00:00-05:00,207.9222412109375
2022-02-23 00:00:00-05:00,204.0964813232422
2022-02-24 00:00:00-05:00,207.67291259765625
2022-02-25 00:00:00-05:00,212.29449462890625
2022-02-28 00:00:00-05:00,212.06436157226562
2022-03-01 00:00:00-05:00,208.7563934326172
2022-03-02 00:00:00-05:00,212.7163848876953
2022-03-03 00:00:00-05:00,211.095947265625
2022-03-04 00:00:00-05:00,208.9865264892578
2022-03-07 00:00:00-05:00,202.543212890625
2022-03-08 00:00:00-05:00,201.4021759033203
2022-03-09 00:00:00-05:00,206.99212646484375
2022-03-10 00:00:00-05:00,206.06207275390625
2022-03-11 00:00:00-05:00,203.2623291015625
2022-03-14 00:00:00-04:00,201.2583770751953
2022-03-15 00:00:00-04:00,205.45803833007812
2022-03-16 00:00:00-04:00,210.59735107421875
2022-03-17 00:00:00-04:00,213.41629028320312
2022-03-18 00:00:00-04:00,215.9092559814453
2022-03-21 00:00:00-04:00,215.70791625976562
2022-03-22 00:00:00-04:00,218.35427856445312
2022-03-23 00:00:00-04:00,215.3803253173828
2022-03-24 00:00:00-04:00,218.4485321044922
2022-03-25 00:00:00-04:00,219.38150024414062
2022-03-28 00:00:00-04:00,220.80499267578125
2022-03-29 00:00:00-04:00,224.1521453857422
2022-03-30 00:00:00-04:00,222.33428955078125
2022-03-31 00:00:00-04:00,218.9775390625
2022-04-01 00:00:00-04:00,219.852783203125
2022-04-04 00:00:00-04:00,221.71875
2022-04-05 00:00:00-04:00,218.4773712158203
2022-04-06 00:00:00-04:00,215.967041015625
2022-04-07 00:00:00-04:00,216.78456115722656
2022-04-08 00:00:00-04:00,216.111328125
2022-04-11 00:00:00-04:00,212.7353057861328
2022-04-12 00:00:00-04:00,212.081298828125
2022-04-13 00:00:00-04:00,214.86093139648438
2022-04-14 00:00:00-04:00,212.24478149414062
2022-04-18 00:00:00-04:00,211.87930297851562
2022-04-19 00:00:00-04:00,215.6111602783203
2022-04-20 00:00:00-04:00,215.33224487304688
2022-04-21 00:00:00-04:00,211.81199645996094
2022-04-22 00:00:00-04:00,206.0410614013672
2022-04-25 00:00:00-04:00,207.1663818359375
2022-04-26 00:00:00-04:00,201.2608184814453
2022-04-27 00:00:00-04:00,201.6551513671875
2022-04-28 00:00:00-04:00,206.57008361816406
2022-04-29 00:00:00-04:00,198.98130798339844
2022-05-02 00:00:00-04:00,200.48178100585938
2022-05-03 00:00:00-04:00,201.43392944335938
2022-05-04 00:00:00-04:00,207.3395233154297
2022-05-05 00:00:00-04:00,199.6930389404297
2022-05-06 00:00:00-04:00,198.08680725097656
2022-05-09 00:00:00-04:00,191.06549072265625
2022-05-10 00:00:00-04:00,191.45025634765625
2022-05-11 00:00:00-04:00,187.98768615722656
2022-05-12 00:00:00-04:00,188.18968200683594
2022-05-13 00:00:00-04:00,193.2296142578125
2022-05-16 00:00:00-04:00,192.2774200439453
2022-05-17 00:00:00-04:00,196.38436889648438
2022-05-18 00:00:00-04:00,188.699462890625
2022-05-19 00:00:00-04:00,187.86270141601562
2022-05-20 00:00:00-04:00,187.86270141601562
2022-05-23 00:00:00-04:00,191.0751495361328
2022-05-24 00:00:00-04:00,189.1611328125
2022-05-25 00:00:00-04:00,191.26747131347656
2022-05-26 00:00:00-04:00,195.18211364746094
2022-05-27 00:00:00-04:00,200.1258544921875
2022-05-31 00:00:00-04:00,198.48114013671875
2022-06-01 00:00:00-04:00,197.17308044433594
2022-06-02 00:00:00-04:00,201.1934814453125
2022-06-03 00:00:00-04:00,197.98101806640625
2022-06-06 00:00:00-04:00,198.5677032470703
2022-06-07 00:00:00-04:00,200.7222137451172
2022-06-08 00:00:00-04:00,198.47154235839844
2022-06-09 00:00:00-04:00,193.7201690673828
2022-06-10 00:00:00-04:00,187.96844482421875
2022-06-13 00:00:00-04:00,180.29315185546875
2022-06-14 00:00:00-04:00,179.78338623046875
2022-06-15 00:00:00-04:00,182.39952087402344
2022-06-16 00:00:00-04:00,176.0323028564453
2022-06-17 00:00:00-04:00,176.69595336914062
2022-06-21 00:00:00-04:00,180.97604370117188
2022-06-22 00:00:00-04:00,180.94717407226562
2022-06-23 00:00:00-04:00,182.58782958984375
2022-06-24 00:00:00-04:00,188.488037109375
2022-06-27 00:00:00-04:00,187.90866088867188
2022-06-28 00:00:00-04:00,184.03634643554688
2022-06-29 00:00:00-04:00,183.72732543945312
2022-06-30 00:00:00-04:00,182.14361572265625
2022-07-01 00:00:00-04:00,184.06529235839844
2022-07-05 00:00:00-04:00,184.72193908691406
2022-07-06 00:00:00-04:00,185.08892822265625
2022-07-07 00:00:00-04:00,188.1404266357422
2022-07-08 00:00:00-04:00,187.94729614257812
2022-07-11 00:00:00-04:00,185.57174682617188
2022-07-12 00:00:00-04:00,183.96873474121094
2022-07-13 00:00:00-04:00,183.16726684570312
2022-07-14 00:00:00-04:00,182.3560791015625
2022-07-15 00:00:00-04:00,185.9000701904297
2022-07-18 00:00:00-04:00,184.61572265625
2022-07-19 00:00:00-04:00,189.77239990234375
2022-07-20 00:00:00-04:00,191.30780029296875
2022-07-21 00:00:00-04:00,193.2005157470703
2022-07-22 00:00:00-04:00,191.10499572753906
2022-07-25 00:00:00-04:00,191.36573791503906
2022-07-26 00:00:00-04:00,188.99986267089844
2022-07-27 00:00:00-04:00,193.96334838867188
2022-07-28 00:00:00-04:00,196.49342346191406
2022-07-29 00:00:00-04:00,199.16830444335938
2022-08-01 00:00:00-04:00,198.7047882080078
2022-08-02 00:00:00-04:00,197.63290405273438
2022-08-03 00:00:00-04:00,200.80995178222656
2022-08-04 00:00:00-04:00,200.61679077148438
2022-08-05 00:00:00-04:00,200.54920959472656
2022-08-08 00:00:00-04:00,200.73268127441406
2022-08-09 00:00:00-04:00,199.46768188476562
2022-08-10 00:00:00-04:00,204.0159454345703
2022-08-11 00:00:00-04:00,204.0255889892578
2022-08-12 00:00:00-04:00,207.55990600585938
2022-08-15 00:00:00-04:00,208.37109375
2022-08-16 00:00:00-04:00,208.81532287597656
2022-08-17 00:00:00-04:00,206.94187927246094
2022-08-18 00:00:00-04:00,207.48268127441406
2022-08-19 00:00:00-04:00,204.51806640625
2022-08-22 00:00:00-04:00,200.1436309814453
2022-08-23 00:00:00-04:00,199.76699829101562
2022-08-24 00:00:00-04:00,200.60716247558594
2022-08-25 00:00:00-04:00,203.51380920410156
2022-08-26 00:00:00-04:00,196.7734375
2022-08-29 00:00:00-04:00,195.33462524414062
2022-08-30 00:00:00-04:00,193.161865234375
2022-08-31 00:00:00-04:00,191.74234008789062
2022-09-01 00:00:00-04:00,191.8582305908203
2022-09-02 00:00:00-04:00,189.9558868408203
2022-09-06 00:00:00-04:00,189.183349609375
2022-09-07 00:00:00-04:00,192.67904663085938
2022-09-08 00:00:00-04:00,194.2047882080078
2022-09-09 00:00:00-04:00,197.43011474609375
2022-09-12 00:00:00-04:00,199.5545654296875
2022-09-13 00:00:00-04:00,190.9794921875
2022-09-14 00:00:00-04:00,191.72303771972656
2022-09-15 00:00:00-04:00,189.6758270263672
2022-09-16 00:00:00-04:00,187.94729614257812
2022-09-19 00:00:00-04:00,189.27987670898438
2022-09-20 00:00:00-04:00,187.07818603515625
2022-09-21 00:00:00-04:00,183.8818359375
2022-09-22 00:00:00-04:00,181.82496643066406
2022-09-23 00:00:00-04:00,178.6887664794922
2022-09-26 00:00:00-04:00,176.72982788085938
2022-09-27 00:00:00-04:00,176.46800231933594
2022-09-28 00:00:00-04:00,180.1821746826172
2022-09-29 00:00:00-04:00,176.4389190673828
2022-09-30 00:00:00-04:00,174.04356384277344
2022-10-03 00:00:00-04:00,178.46571350097656
2022-10-04 00:00:00-04:00,184.197021484375
2022-10-05 00:00:00-04:00,183.847900390625
2022-10-06 00:00:00-04:00,182.09262084960938
2022-10-07 00:00:00-04:00,176.8849639892578
2022-10-10 00:00:00-04:00,175.4788360595703
2022-10-11 00:00:00-04:00,174.35389709472656
2022-10-12 00:00:00-04:00,173.8787078857422
2022-10-13 00:00:00-04:00,178.1941680908203
2022-10-14 00:00:00-04:00,173.9950714111328
2022-10-17 00:00:00-04:00,178.64024353027344
2022-10-18 00:00:00-04:00,180.82225036621094
2022-10-19 00:00:00-04:00,179.28030395507812
2022-10-20 00:00:00-04:00,177.72869873046875
2022-10-21 00:00:00-04:00,181.82107543945312
2022-10-24 00:00:00-04:00,183.78001403808594
2022-10-25 00:00:00-04:00,187.10630798339844
2022-10-26 00:00:00-04:00,185.9522705078125
2022-10-27 00:00:00-04:00,185.07949829101562
2022-10-28 00:00:00-04:00,189.38523864746094
2022-10-31 00:00:00-04:00,188.16336059570312
2022-11-01 00:00:00-04:00,187.58148193359375
2022-11-02 00:00:00-04:00,182.64537048339844
2022-11-03 00:00:00-04:00,180.89981079101562
2022-11-04 00:00:00-04:00,183.2272491455078
2022-11-07 00:00:00-05:00,184.89524841308594
2022-11-08 00:00:00-05:00,185.86502075195312
2022-11-09 00:00:00-05:00,181.85987854003906
2022-11-10 00:00:00-05:00,192.1490936279297
2022-11-11 00:00:00-05:00,194.10800170898438
2022-11-14 00:00:00-05:00,192.3527374267578
2022-11-15 00:00:00-05:00,194.3019561767578
2022-11-16 00:00:00-05:00,192.32363891601562
2022-11-17 00:00:00-05:00,191.5187225341797
2022-11-18 00:00:00-05:00,192.42062377929688
2022-11-21 00:00:00-05:00,191.60601806640625
2022-11-22 00:00:00-05:00,194.11767578125
2022-11-23 00:00:00-05:00,195.30079650878906
2022-11-25 00:00:00-05:00,195.44627380371094
2022-11-28 00:00:00-05:00,192.27516174316406
2022-11-29 00:00:00-05:00,191.9745330810547
2022-11-30 00:00:00-05:00,197.89007568359375
2022-12-01 00:00:00-05:00,198.00645446777344
2022-12-02 00:00:00-05:00,197.8221893310547
2022-12-05 00:00:00-05:00,193.93344116210938
2022-12-06 00:00:00-05:00,191.02413940429688
2022-12-07 00:00:00-05:00,190.71383666992188
2022-12-08 00:00:00-05:00,192.3624267578125
2022-12-09 00:00:00-05:00,190.75262451171875
2022-12-12 00:00:00-05:00,193.4970703125
2022-12-13 00:00:00-05:00,194.94198608398438
2022-12-14 00:00:00-05:00,193.85586547851562
2022-12-15 00:00:00-05:00,189.0264434814453
2022-12-16 00:00:00-05:00,186.86387634277344
2022-12-19 00:00:00-05:00,184.98251342773438
2022-12-20 00:00:00-05:00,185.37042236328125
2022-12-21 00:00:00-05:00,188.1730194091797
2022-12-22 00:00:00-05:00,185.50405883789062
2022-12-23 00:00:00-05:00,186.52723693847656
2022-12-27 00:00:00-05:00,185.74765014648438
2022-12-28 00:00:00-05:00,183.40902709960938
2022-12-29 00:00:00-05:00,186.78057861328125
2022-12-30 00:00:00-05:00,186.30308532714844
2023-01-03 00:00:00-05:00,185.54302978515625
2023-01-04 00:00:00-05:00,187.18983459472656
2023-01-05 00:00:00-05:00,184.9973602294922
2023-01-06 00:00:00-05:00,189.0802459716797
2023-01-09 00:00:00-05:00,189.158203125
2023-01-10 00:00:00-05:00,190.64907836914062
2023-01-11 00:00:00-05:00,193.1631317138672
2023-01-12 00:00:00-05:00,194.09861755371094
2023-01-13 00:00:00-05:00,194.92689514160156
2023-01-17 00:00:00-05:00,194.66380310058594
2023-01-18 00:00:00-05:00,191.59429931640625
2023-01-19 00:00:00-05:00,190.03521728515625
2023-01-20 00:00:00-05:00,193.67959594726562
2023-01-23 00:00:00-05:00,196.1352081298828
2023-01-24 00:00:00-05:00,195.81362915039062
2023-01-25 00:00:00-05:00,195.91107177734375
2023-01-26 00:00:00-05:00,197.9281463623047
2023-01-27 00:00:00-05:00,198.7272186279297
2023-01-30 00:00:00-05:00,196.06698608398438
2023-01-31 00:00:00-05:00,199.20469665527344
2023-02-01 00:00:00-05:00,201.6310272216797
2023-02-02 00:00:00-05:00,204.6420440673828
2023-02-03 00:00:00-05:00,202.52752685546875
2023-02-06 00:00:00-05:00,201.0074005126953
2023-02-07 00:00:00-05:00,203.54095458984375
2023-02-08 00:00:00-05:00,201.36793518066406
2023-02-09 00:00:00-05:00,199.4093017578125
2023-02-10 00:00:00-05:00,199.7698211669922
2023-02-13 00:00:00-05:00,202.14749145507812
2023-02-14 00:00:00-05:00,202.22544860839844
2023-02-15 00:00:00-05:00,203.1316680908203
2023-02-16 00:00:00-05:00,200.42271423339844
2023-02-17 00:00:00-05:00,199.83807373046875
2023-02-21 00:00:00-05:00,195.6967010498047
2023-02-22 00:00:00-05:00,195.53103637695312
2023-02-23 00:00:00-05:00,196.5736846923828
2023-02-24 00:00:00-05:00,194.38119506835938
2023-02-27 00:00:00-05:00,195.07305908203125
2023-02-28 00:00:00-05:00,194.42019653320312
2023-03-01 00:00:00-05:00,194.88790893554688
2023-03-02 00:00:00-05:00,195.18995666503906
2023-03-03 00:00:00-05:00,198.3666534423828
2023-03-06 00:00:00-05:00,198.1035614013672
2023-03-07 00:00:00-05:00,195.15101623535156
2023-03-08 00:00:00-05:00,195.4043731689453
2023-03-09 00:00:00-05:00,191.5456085205078
2023-03-10 00:00:00-05:00,188.32017517089844
2023-03-13 00:00:00-04:00,187.54063415527344
2023-03-14 00:00:00-04:00,190.8829803466797
2023-03-15 00:00:00-04:00,189.4115753173828
2023-03-16 00:00:00-04:00,192.68568420410156
2023-03-17 00:00:00-04:00,190.20086669921875
2023-03-20 00:00:00-04:00,191.85739135742188
2023-03-21 00:00:00-04:00,194.59556579589844
2023-03-22 00:00:00-04:00,191.11683654785156
2023-03-23 00:00:00-04:00,191.4651336669922
2023-03-24 00:00:00-04:00,192.66851806640625
2023-03-27 00:00:00-04:00,193.15768432617188
2023-03-28 00:00:00-04:00,192.8837432861328
2023-03-29 00:00:00-04:00,195.66229248046875
2023-03-30 00:00:00-04:00,196.71890258789062
2023-03-31 00:00:00-04:00,199.683349609375
2023-04-03 00:00:00-04:00,200.211669921875
2023-04-04 00:00:00-04:00,198.87132263183594
2023-04-05 00:00:00-04:00,198.14730834960938
2023-04-06 00:00:00-04:00,198.80282592773438
2023-04-10 00:00:00-04:00,199.25286865234375
2023-04-11 00:00:00-04:00,199.4582977294922
2023-04-12 00:00:00-04:00,198.616943359375
2023-04-13 00:00:00-04:00,201.19979858398438
2023-04-14 00:00:00-04:00,200.6421356201172
2023-04-17 00:00:00-04:00,201.4443817138672
2023-04-18 00:00:00-04:00,201.542236328125
2023-04-19 00:00:00-04:00,201.64007568359375
2023-04-20 00:00:00-04:00,200.38775634765625
2023-04-21 00:00:00-04:00,200.5638885498047
2023-04-24 00:00:00-04:00,200.6421356201172
2023-04-25 00:00:00-04:00,197.296142578125
2023-04-26 00:00:00-04:00,196.4058380126953
2023-04-27 00:00:00-04:00,200.09425354003906
2023-04-28 00:00:00-04:00,201.83575439453125
2023-05-01 00:00:00-04:00,201.73789978027344
2023-05-02 00:00:00-04:00,199.27243041992188
2023-05-03 00:00:00-04:00,198.1082000732422
2023-05-04 00:00:00-04:00,196.63087463378906
2023-05-05 00:00:00-04:00,200.26058959960938
2023-05-08 00:00:00-04:00,200.475830078125
2023-05-09 00:00:00-04:00,199.6540069580078
2023-05-10 00:00:00-04:00,200.53451538085938
2023-05-11 00:00:00-04:00,200.27035522460938
2023-05-12 00:00:00-04:00,199.80075073242188
2023-05-15 00:00:00-04:00,200.6519317626953
2023-05-16 00:00:00-04:00,199.0963592529297
2023-05-17 00:00:00-04:00,201.67919921875
2023-05-18 00:00:00-04:00,203.68484497070312
2023-05-19 00:00:00-04:00,203.1956787109375
2023-05-22 00:00:00-04:00,203.54786682128906
2023-05-23 00:00:00-04:00,201.39549255371094
2023-05-24 00:00:00-04:00,199.83987426757812
2023-05-25 00:00:00-04:00,201.19979858398438
2023-05-26 00:00:00-04:00,203.8511505126953
2023-05-30 00:00:00-04:00,203.9196319580078
2023-05-31 00:00:00-04:00,202.6967010498047
2023-06-01 00:00:00-04:00,204.72190856933594
2023-06-02 00:00:00-04:00,208.10704040527344
2023-06-05 00:00:00-04:00,207.5591583251953
2023-06-06 00:00:00-04:00,208.50814819335938
2023-06-07 00:00:00-04:00,208.0972442626953
2023-06-08 00:00:00-04:00,209.07559204101562
2023-06-09 00:00:00-04:00,209.30062866210938
2023-06-12 00:00:00-04:00,211.17909240722656
2023-06-13 00:00:00-04:00,212.73468017578125
2023-06-14 00:00:00-04:00,212.73468017578125
2023-06-15 00:00:00-04:00,215.32733154296875
2023-06-16 00:00:00-04:00,214.51527404785156
2023-06-20 00:00:00-04:00,213.45864868164062
2023-06-21 00:00:00-04:00,212.2846221923828
2023-06-22 00:00:00-04:00,212.85206604003906
2023-06-23 00:00:00-04:00,211.0911865234375
2023-06-26 00:00:00-04:00,210.3546142578125
2023-06-27 00:00:00-04:00,212.91787719726562
2023-06-28 00:00:00-04:00,213.09463500976562
2023-06-29 00:00:00-04:00,214.11602783203125
2023-06-30 00:00:00-04:00,216.33555603027344
2023-07-03 00:00:00-04:00,216.98373413085938
2023-07-05 00:00:00-04:00,216.3257293701172
2023-07-06 00:00:00-04:00,214.40081787109375
2023-07-07 00:00:00-04:00,214.13568115234375
2023-07-10 00:00:00-04:00,215.06866455078125
2023-07-11 00:00:00-04:00,216.75787353515625
2023-07-12 00:00:00-04:00,218.41758728027344
2023-07-13 00:00:00-04:00,220.263916015625
2023-07-14 00:00:00-04:00,219.93983459472656
2023-07-17 00:00:00-04:00,220.77462768554688
2023-07-18 00:00:00-04:00,222.5325469970703
2023-07-19 00:00:00-04:00,223.1119842529297
2023-07-20 00:00:00-04:00,221.50137329101562
2023-07-21 00:00:00-04:00,221.48175048828125
2023-07-24 00:00:00-04:00,222.26742553710938
2023-07-25 00:00:00-04:00,222.8271942138672
2023-07-26 00:00:00-04:00,222.99415588378906
2023-07-27 00:00:00-04:00,221.27548217773438
2023-07-28 00:00:00-04:00,223.5834197998047
2023-07-31 00:00:00-04:00,224.26107788085938
2023-08-01 00:00:00-04:00,223.65216064453125
2023-08-02 00:00:00-04:00,220.47999572753906
2023-08-03 00:00:00-04:00,219.84164428710938
2023-08-04 00:00:00-04:00,218.90866088867188
2023-08-07 00:00:00-04:00,220.58802795410156
2023-08-08 00:00:00-04:00,219.56666564941406
2023-08-09 00:00:00-04:00,217.99530029296875
2023-08-10 00:00:00-04:00,218.03457641601562
2023-08-11 00:00:00-04:00,217.82833862304688
2023-08-14 00:00:00-04:00,218.90866088867188
2023-08-15 00:00:00-04:00,216.42393493652344
2023-08-16 00:00:00-04:00,214.63653564453125
2023-08-17 00:00:00-04:00,212.8785858154297
2023-08-18 00:00:00-04:00,213.1240997314453
2023-08-21 00:00:00-04:00,214.35171508789062
2023-08-22 00:00:00-04:00,213.7821044921875
2023-08-23 00:00:00-04:00,216.1195068359375
2023-08-24 00:00:00-04:00,213.22232055664062
2023-08-25 00:00:00-04:00,214.6758270263672
2023-08-28 00:00:00-04:00,216.05078125
2023-08-29 00:00:00-04:00,219.19345092773438
2023-08-30 00:00:00-04:00,220.1657257080078
2023-08-31 00:00:00-04:00,219.93002319335938
2023-09-01 00:00:00-04:00,220.65676879882812
2023-09-05 00:00:00-04:00,219.34075927734375
2023-09-06 00:00:00-04:00,217.96583557128906
2023-09-07 00:00:00-04:00,217.21942138671875
2023-09-08 00:00:00-04:00,217.45513916015625
2023-09-11 00:00:00-04:00,218.82025146484375
2023-09-12 00:00:00-04:00,217.75958251953125
2023-09-13 00:00:00-04:00,217.78904724121094
2023-09-14 00:00:00-04:00,219.655029296875
2023-09-15 00:00:00-04:00,217.07212829589844
2023-09-18 00:00:00-04:00,217.09176635742188
2023-09-19 00:00:00-04:00,216.5417938232422
2023-09-20 00:00:00-04:00,214.62672424316406
2023-09-21 00:00:00-04:00,211.02694702148438
2023-09-22 00:00:00-04:00,210.58340454101562
2023-09-25 00:00:00-04:00,211.4311065673828
2023-09-26 00:00:00-04:00,208.38531494140625
2023-09-27 00:00:00-04:00,208.6021728515625
2023-09-28 00:00:00-04:00,209.9821319580078
2023-09-29 00:00:00-04:00,209.37100219726562
2023-10-02 00:00:00-04:00,209.09500122070312
2023-10-03 00:00:00-04:00,206.05908203125
2023-10-04 00:00:00-04:00,207.54747009277344
2023-10-05 00:00:00-04:00,207.4390411376953
2023-10-06 00:00:00-04:00,209.91314697265625
2023-10-09 00:00:00-04:00,211.23397827148438
2023-10-10 00:00:00-04:00,212.54493713378906
2023-10-11 00:00:00-04:00,213.38275146484375
2023-10-12 00:00:00-04:00,211.6676788330078
2023-10-13 00:00:00-04:00,210.4749755859375
2023-10-16 00:00:00-04:00,212.91949462890625
2023-10-17 00:00:00-04:00,213.1954803466797
2023-10-18 00:00:00-04:00,210.04127502441406
2023-10-19 00:00:00-04:00,208.06002807617188
2023-10-20 00:00:00-04:00,205.48736572265625
2023-10-23 00:00:00-04:00,204.92552185058594
2023-10-24 00:00:00-04:00,206.47305297851562
2023-10-25 00:00:00-04:00,203.40756225585938
2023-10-26 00:00:00-04:00,201.2981719970703
2023-10-27 00:00:00-04:00,200.21389770507812
2023-10-30 00:00:00-04:00,202.52044677734375
2023-10-31 00:00:00-04:00,203.83140563964844
2023-11-01 00:00:00-04:00,205.87179565429688
2023-11-02 00:00:00-04:00,209.96241760253906
2023-11-03 00:00:00-04:00,212.3280792236328
2023-11-06 00:00:00-05:00,212.41677856445312
2023-11-07 00:00:00-05:00,213.0476531982422
2023-11-08 00:00:00-05:00,213.01806640625
2023-11-09 00:00:00-05:00,211.2043914794922
2023-11-10 00:00:00-05:00,214.3487548828125
2023-11-13 00:00:00-05:00,214.22061157226562
2023-11-14 00:00:00-05:00,218.97164916992188
2023-11-15 00:00:00-05:00,219.5137939453125
2023-11-16 00:00:00-05:00,219.36593627929688
2023-11-17 00:00:00-05:00,219.91790771484375
2023-11-20 00:00:00-05:00,221.57386779785156
2023-11-21 00:00:00-05:00,220.9726104736328
2023-11-22 00:00:00-05:00,221.91885375976562
2023-11-24 00:00:00-05:00,222.1554412841797
2023-11-27 00:00:00-05:00,221.86956787109375
2023-11-28 00:00:00-05:00,222.007568359375
2023-11-29 00:00:00-05:00,222.10614013671875
2023-11-30 00:00:00-05:00,223.02284240722656
2023-12-01 00:00:00-05:00,224.905517578125
2023-12-04 00:00:00-05:00,224.09725952148438
2023-12-05 00:00:00-05:00,223.66355895996094
2023-12-06 00:00:00-05:00,222.71728515625
2023-12-07 00:00:00-05:00,224.50137329101562
2023-12-08 00:00:00-05:00,225.5758056640625
2023-12-11 00:00:00-05:00,226.50233459472656
2023-12-12 00:00:00-05:00,227.35989379882812
2023-12-13 00:00:00-05:00,230.88868713378906
2023-12-14 00:00:00-05:00,232.2587890625
2023-12-15 00:00:00-05:00,231.94337463378906
2023-12-18 00:00:00-05:00,232.9487762451172
2023-12-19 00:00:00-05:00,234.65403747558594
2023-12-20 00:00:00-05:00,231.15480041503906
2023-12-21 00:00:00-05:00,233.71078491210938
2023-12-22 00:00:00-05:00,234.24534606933594
2023-12-26 00:00:00-05:00,235.403564453125
2023-12-27 00:00:00-05:00,235.84902954101562
2023-12-28 00:00:00-05:00,235.73023986816406
2023-12-29 00:00:00-05:00,234.82940673828125
2024-01-02 00:00:00-05:00,233.25543212890625
2024-01-03 00:00:00-05:00,231.01820373535156
2024-01-04 00:00:00-05:00,230.42425537109375
2024-01-05 00:00:00-05:00,230.77072143554688
2024-01-08 00:00:00-05:00,234.06716918945312
2024-01-09 00:00:00-05:00,233.631591796875
2024-01-10 00:00:00-05:00,234.83929443359375
2024-01-11 00:00:00-05:00,234.68092346191406
2024-01-12 00:00:00-05:00,234.72052001953125
2024-01-16 00:00:00-05:00,233.631591796875
2024-01-17 00:00:00-05:00,232.2259063720703
2024-01-18 00:00:00-05:00,234.27505493164062
2024-01-19 00:00:00-05:00,237.1260223388672
2024-01-22 00:00:00-05:00,238.15554809570312
2024-01-23 00:00:00-05:00,238.5911102294922
2024-01-24 00:00:00-05:00,238.55152893066406
2024-01-25 00:00:00-05:00,239.8780059814453
2024-01-26 00:00:00-05:00,239.68002319335938
2024-01-29 00:00:00-05:00,241.8578643798828
2024-01-30 00:00:00-05:00,241.5212860107422
2024-01-31 00:00:00-05:00,237.45269775390625
2024-02-01 00:00:00-05:00,240.65016174316406
2024-02-02 00:00:00-05:00,242.7091827392578
2024-02-05 00:00:00-05:00,241.56088256835938
2024-02-06 00:00:00-05:00,242.3825225830078
2024-02-07 00:00:00-05:00,244.29306030273438
2024-02-08 00:00:00-05:00,244.8969268798828
2024-02-09 00:00:00-05:00,246.3916778564453
2024-02-12 00:00:00-05:00,246.6292724609375
2024-02-13 00:00:00-05:00,242.6794891357422
2024-02-14 00:00:00-05:00,245.3621826171875
2024-02-15 00:00:00-05:00,247.2529296875
2024-02-16 00:00:00-05:00,245.9561309814453
2024-02-20 00:00:00-05:00,244.411865234375
2024-02-21 00:00:00-05:00,244.4613494873047
2024-02-22 00:00:00-05:00,249.29217529296875
2024-02-23 00:00:00-05:00,249.46044921875
2024-02-26 00:00:00-05:00,248.70811462402344
2024-02-27 00:00:00-05:00,249.40106201171875
2024-02-28 00:00:00-05:00,248.9853057861328
2024-02-29 00:00:00-05:00,250.0346221923828
2024-03-01 00:00:00-05:00,252.33123779296875
2024-03-04 00:00:00-05:00,252.08375549316406
2024-03-05 00:00:00-05:00,249.4109649658203
2024-03-06 00:00:00-05:00,250.88595581054688
2024-03-07 00:00:00-05:00,253.3310546875
2024-03-08 00:00:00-05:00,251.86598205566406
2024-03-11 00:00:00-04:00,251.46011352539062
2024-03-12 00:00:00-04:00,253.94479370117188
2024-03-13 00:00:00-04:00,253.62802124023438
2024-03-14 00:00:00-04:00,252.6480255126953
2024-03-15 00:00:00-04:00,251.15322875976562
2024-03-18 00:00:00-04:00,252.43023681640625
2024-03-19 00:00:00-04:00,253.88540649414062
2024-03-20 00:00:00-04:00,256.4591979980469
2024-03-21 00:00:00-04:00,257.5184326171875
2024-03-22 00:00:00-04:00,256.79425048828125
2024-03-25 00:00:00-04:00,256.21807861328125
2024-03-26 00:00:00-04:00,255.76107788085938
2024-03-27 00:00:00-04:00,258.0161437988281
2024-03-28 00:00:00-04:00,258.18499755859375
2024-04-01 00:00:00-04:00,257.986328125
2024-04-02 00:00:00-04:00,255.60214233398438
2024-04-03 00:00:00-04:00,255.99954223632812
2024-04-04 00:00:00-04:00,252.92991638183594
2024-04-05 00:00:00-04:00,255.48294067382812
2024-04-08 00:00:00-04:00,255.78097534179688
2024-04-09 00:00:00-04:00,256.1485290527344
2024-04-10 00:00:00-04:00,253.28753662109375
2024-04-11 00:00:00-04:00,255.00613403320312
2024-04-12 00:00:00-04:00,251.33053588867188
2024-04-15 00:00:00-04:00,248.24105834960938
2024-04-16 00:00:00-04:00,247.49600219726562
2024-04-17 00:00:00-04:00,246.04562377929688
2024-04-18 00:00:00-04:00,245.53900146484375
2024-04-19 00:00:00-04:00,243.61178588867188
2024-04-22 00:00:00-04:00,246.00588989257812
2024-04-23 00:00:00-04:00,248.93643188476562
2024-04-24 00:00:00-04:00,248.99603271484375
2024-04-25 00:00:00-04:00,247.81390380859375
2024-04-26 00:00:00-04:00,250.1185760498047
2024-04-29 00:00:00-04:00,251.10205078125
2024-04-30 00:00:00-04:00,246.96951293945312
2024-05-01 00:00:00-04:00,246.3535919189453
2024-05-02 00:00:00-04:00,248.90663146972656
2024-05-03 00:00:00-04:00,251.85702514648438
2024-05-06 00:00:00-04:00,254.55908203125
2024-05-07 00:00:00-04:00,254.78758239746094
2024-05-08 00:00:00-04:00,254.60874938964844
2024-05-09 00:00:00-04:00,256.1087951660156
2024-05-10 00:00:00-04:00,256.3471984863281
2024-05-13 00:00:00-04:00,256.4862976074219
2024-05-14 00:00:00-04:00,257.73797607421875
2024-05-15 00:00:00-04:00,260.9069519042969
2024-05-16 00:00:00-04:00,260.20159912109375
2024-05-17 00:00:00-04:00,260.56915283203125
2024-05-20 00:00:00-04:00,260.83740234375
2024-05-21 00:00:00-04:00,261.3738098144531
2024-05-22 00:00:00-04:00,260.48968505859375
2024-05-23 00:00:00-04:00,258.2743835449219
2024-05-24 00:00:00-04:00,260.1419982910156
2024-05-28 00:00:00-04:00,260.1419982910156
2024-05-29 00:00:00-04:00,258.0061950683594
2024-05-30 00:00:00-04:00,256.7445983886719
2024-05-31 00:00:00-04:00,258.721435546875
2024-06-03 00:00:00-04:00,258.8009033203125
2024-06-04 00:00:00-04:00,258.7711181640625
2024-06-05 00:00:00-04:00,261.9400329589844
2024-06-06 00:00:00-04:00,261.71160888671875
2024-06-07 00:00:00-04:00,261.21490478515625
2024-06-10 00:00:00-04:00,262.08905029296875
2024-06-11 00:00:00-04:00,262.5361022949219
2024-06-12 00:00:00-04:00,265.0096435546875
2024-06-13 00:00:00-04:00,265.1288757324219
2024-06-14 00:00:00-04:00,264.9302062988281
2024-06-17 00:00:00-04:00,266.94677734375
2024-06-18 00:00:00-04:00,267.622314453125
2024-06-20 00:00:00-04:00,266.94677734375
2024-06-21 00:00:00-04:00,266.53948974609375
2024-06-24 00:00:00-04:00,266.09246826171875
2024-06-25 00:00:00-04:00,266.9666442871094
2024-06-26 00:00:00-04:00,266.95672607421875
2024-06-27 00:00:00-04:00,267.6024475097656
2024-06-28 00:00:00-04:00,266.6872863769531
2024-07-01 00:00:00-04:00,267.2255859375
2024-07-02 00:00:00-04:00,268.7708435058594
2024-07-03 00:00:00-04:00,269.8774108886719
2024-07-05 00:00:00-04:00,271.2830810546875
2024-07-08 00:00:00-04:00,271.6519470214844
2024-07-09 00:00:00-04:00,271.5821838378906
2024-07-10 00:00:00-04:00,274.21405029296875
2024-07-11 00:00:00-04:00,272.9878234863281
2024-07-12 00:00:00-04:00,274.7922668457031
2024-07-15 00:00:00-04:00,275.9686279296875
2024-07-16 00:00:00-04:00,278.2416076660156
2024-07-17 00:00:00-04:00,274.3137512207031
2024-07-18 00:00:00-04:00,271.9211120605469
2024-07-19 00:00:00-04:00,270.2263488769531
2024-07-22 00:00:00-04:00,273.04766845703125
2024-07-23 00:00:00-04:00,272.8482666015625
2024-07-24 00:00:00-04:00,266.70721435546875
2024-07-25 00:00:00-04:00,265.68035888671875
2024-07-26 00:00:00-04:00,268.8605651855469
2024-07-29 00:00:00-04:00,268.8804931640625
2024-07-30 00:00:00-04:00,267.7639465332031
2024-07-31 00:00:00-04:00,271.7317199707031
2024-08-01 00:00:00-04:00,267.4748229980469
2024-08-02 00:00:00-04:00,262.0914306640625
2024-08-05 00:00:00-04:00,254.39517211914062
2024-08-06 00:00:00-04:00,256.9772033691406
2024-08-07 00:00:00-04:00,255.01327514648438
2024-08-08 00:00:00-04:00,260.98486328125
2024-08-09 00:00:00-04:00,262.11138916015625
2024-08-12 00:00:00-04:00,261.94189453125
2024-08-13 00:00:00-04:00,266.2984619140625
2024-08-14 00:00:00-04:00,267.0561218261719
2024-08-15 00:00:00-04:00,271.6818542480469
2024-08-16 00:00:00-04:00,272.3298645019531
2024-08-19 00:00:00-04:00,274.90191650390625
2024-08-20 00:00:00-04:00,274.2339782714844
2024-08-21 00:00:00-04:00,275.6097412109375
2024-08-22 00:00:00-04:00,273.27691650390625
2024-08-23 00:00:00-04:00,276.73626708984375
2024-08-26 00:00:00-04:00,276.0384216308594
2024-08-27 00:00:00-04:00,276.28765869140625
2024-08-28 00:00:00-04:00,274.60284423828125
2024-08-29 00:00:00-04:00,274.87200927734375
2024-08-30 00:00:00-04:00,277.5238342285156
2024-09-03 00:00:00-04:00,271.5522766113281
2024-09-04 00:00:00-04:00,270.9441223144531
2024-09-05 00:00:00-04:00,270.1067199707031
2024-09-06 00:00:00-04:00,265.62054443359375
2024-09-09 00:00:00-04:00,268.4617919921875
2024-09-10 00:00:00-04:00,269.508544921875
2024-09-11 00:00:00-04:00,272.1902770996094
2024-09-12 00:00:00-04:00,274.4532775878906
2024-09-13 00:00:00-04:00,276.3674011230469
2024-09-16 00:00:00-04:00,276.91571044921875
2024-09-17 00:00:00-04:00,277.19482421875
2024-09-18 00:00:00-04:00,276.49700927734375
2024-09-19 00:00:00-04:00,281.1825256347656
2024-09-20 00:00:00-04:00,280.5943603515625
2024-09-23 00:00:00-04:00,281.2922058105469
2024-09-24 00:00:00-04:00,282.0000305175781
2024-09-25 00:00:00-04:00,281.0728759765625
2024-09-26 00:00:00-04:00,282.3290100097656
2024-09-27 00:00:00-04:00,282.04998779296875
2024-09-30 00:00:00-04:00,283.1600036621094
2024-10-01 00:00:00-04:00,280.5799865722656
2024-10-02 00:00:00-04:00,280.6400146484375
2024-10-03 00:00:00-04:00,280.0400085449219
2024-10-04 00:00:00-04:00,282.75
2024-10-07 00:00:00-04:00,280.1700134277344
2024-10-08 00:00:00-04:00,282.5299987792969
2024-10-09 00:00:00-04:00,284.5
2024-10-10 00:00:00-04:00,283.9100036621094
2024-10-11 00:00:00-04:00,286.1099853515625
2024-10-14 00:00:00-04:00,288.3399963378906
2024-10-15 00:00:00-04:00,286.3599853515625
2024-10-16 00:00:00-04:00,287.82000732421875
2024-10-17 00:00:00-04:00,287.760009765625
2024-10-18 00:00:00-04:00,288.8900146484375
2024-10-21 00:00:00-04:00,287.9800109863281
2024-10-22 00:00:00-04:00,287.6499938964844
2024-10-23 00:00:00-04:00,285.04998779296875
2024-10-24 00:00:00-04:00,285.80999755859375
2024-10-25 00:00:00-04:00,285.5400085449219
2024-10-28 00:00:00-04:00,286.70001220703125
2024-10-29 00:00:00-04:00,287.0799865722656
2024-10-30 00:00:00-04:00,286.3699951171875
