Date,XLV
2017-11-09 00:00:00-05:00,72.67422485351562
2017-11-10 00:00:00-05:00,72.20294952392578
2017-11-13 00:00:00-05:00,72.27409362792969
2017-11-14 00:00:00-05:00,71.98066711425781
2017-11-15 00:00:00-05:00,71.77616882324219
2017-11-16 00:00:00-05:00,72.52306365966797
2017-11-17 00:00:00-05:00,72.23853302001953
2017-11-20 00:00:00-05:00,71.93619537353516
2017-11-21 00:00:00-05:00,72.56751251220703
2017-11-22 00:00:00-05:00,72.54084777832031
2017-11-24 00:00:00-05:00,72.70978546142578
2017-11-27 00:00:00-05:00,72.77203369140625
2017-11-28 00:00:00-05:00,73.30557250976562
2017-11-29 00:00:00-05:00,73.67013549804688
2017-11-30 00:00:00-05:00,74.22142791748047
2017-12-01 00:00:00-05:00,74.07025146484375
2017-12-04 00:00:00-05:00,73.16328430175781
2017-12-05 00:00:00-05:00,73.03882598876953
2017-12-06 00:00:00-05:00,72.9765625
2017-12-07 00:00:00-05:00,72.99433898925781
2017-12-08 00:00:00-05:00,73.81242370605469
2017-12-11 00:00:00-05:00,74.1236343383789
2017-12-12 00:00:00-05:00,74.41703796386719
2017-12-13 00:00:00-05:00,74.67493438720703
2017-12-14 00:00:00-05:00,73.91910552978516
2017-12-15 00:00:00-05:00,74.732421875
2017-12-18 00:00:00-05:00,74.75919342041016
2017-12-19 00:00:00-05:00,74.669921875
2017-12-20 00:00:00-05:00,74.42887878417969
2017-12-21 00:00:00-05:00,74.25923156738281
2017-12-22 00:00:00-05:00,74.0182113647461
2017-12-26 00:00:00-05:00,74.03605651855469
2017-12-27 00:00:00-05:00,74.16104888916016
2017-12-28 00:00:00-05:00,74.26818084716797
2017-12-29 00:00:00-05:00,73.8128662109375
2018-01-02 00:00:00-05:00,74.64312744140625
2018-01-03 00:00:00-05:00,75.35733795166016
2018-01-04 00:00:00-05:00,75.46446228027344
2018-01-05 00:00:00-05:00,76.10723114013672
2018-01-08 00:00:00-05:00,75.83049774169922
2018-01-09 00:00:00-05:00,76.72323608398438
2018-01-10 00:00:00-05:00,76.5893325805664
2018-01-11 00:00:00-05:00,76.91963958740234
2018-01-12 00:00:00-05:00,77.50886535644531
2018-01-16 00:00:00-05:00,77.89274597167969
2018-01-17 00:00:00-05:00,78.64266967773438
2018-01-18 00:00:00-05:00,78.66050720214844
2018-01-19 00:00:00-05:00,78.95513153076172
2018-01-22 00:00:00-05:00,79.47291564941406
2018-01-23 00:00:00-05:00,79.0890121459961
2018-01-24 00:00:00-05:00,79.32115936279297
2018-01-25 00:00:00-05:00,79.99964141845703
2018-01-26 00:00:00-05:00,81.72266387939453
2018-01-29 00:00:00-05:00,81.4994888305664
2018-01-30 00:00:00-05:00,79.78540802001953
2018-01-31 00:00:00-05:00,78.65160369873047
2018-02-01 00:00:00-05:00,78.6783676147461
2018-02-02 00:00:00-05:00,77.57137298583984
2018-02-05 00:00:00-05:00,74.1342544555664
2018-02-06 00:00:00-05:00,74.9555892944336
2018-02-07 00:00:00-05:00,74.86632537841797
2018-02-08 00:00:00-05:00,72.26841735839844
2018-02-09 00:00:00-05:00,73.2950668334961
2018-02-12 00:00:00-05:00,73.98248291015625
2018-02-13 00:00:00-05:00,74.03605651855469
2018-02-14 00:00:00-05:00,74.87523651123047
2018-02-15 00:00:00-05:00,75.70552062988281
2018-02-16 00:00:00-05:00,76.25009155273438
2018-02-20 00:00:00-05:00,75.41089630126953
2018-02-21 00:00:00-05:00,75.09842681884766
2018-02-22 00:00:00-05:00,74.98237609863281
2018-02-23 00:00:00-05:00,76.17868041992188
2018-02-26 00:00:00-05:00,77.1428451538086
2018-02-27 00:00:00-05:00,76.33936309814453
2018-02-28 00:00:00-05:00,75.11630249023438
2018-03-01 00:00:00-05:00,73.9200210571289
2018-03-02 00:00:00-05:00,74.669921875
2018-03-05 00:00:00-05:00,75.34840393066406
2018-03-06 00:00:00-05:00,75.24128723144531
2018-03-07 00:00:00-05:00,75.62516784667969
2018-03-08 00:00:00-05:00,76.13400268554688
2018-03-09 00:00:00-05:00,77.23210906982422
2018-03-12 00:00:00-04:00,76.90180206298828
2018-03-13 00:00:00-04:00,77.0
2018-03-14 00:00:00-04:00,76.62503814697266
2018-03-15 00:00:00-04:00,76.50007629394531
2018-03-16 00:00:00-04:00,76.50006103515625
2018-03-19 00:00:00-04:00,75.26374053955078
2018-03-20 00:00:00-04:00,75.37124633789062
2018-03-21 00:00:00-04:00,75.04871368408203
2018-03-22 00:00:00-04:00,72.88961791992188
2018-03-23 00:00:00-04:00,71.37555694580078
2018-03-26 00:00:00-04:00,72.8537826538086
2018-03-27 00:00:00-04:00,71.99373626708984
2018-03-28 00:00:00-04:00,72.37897491455078
2018-03-29 00:00:00-04:00,72.92547607421875
2018-04-02 00:00:00-04:00,71.2680435180664
2018-04-03 00:00:00-04:00,72.35209655761719
2018-04-04 00:00:00-04:00,73.38236999511719
2018-04-05 00:00:00-04:00,73.32858276367188
2018-04-06 00:00:00-04:00,71.56368255615234
2018-04-09 00:00:00-04:00,72.2714614868164
2018-04-10 00:00:00-04:00,73.4898681640625
2018-04-11 00:00:00-04:00,72.88961791992188
2018-04-12 00:00:00-04:00,73.38236999511719
2018-04-13 00:00:00-04:00,73.34652709960938
2018-04-16 00:00:00-04:00,73.9288558959961
2018-04-17 00:00:00-04:00,74.50224304199219
2018-04-18 00:00:00-04:00,74.56494140625
2018-04-19 00:00:00-04:00,73.93782043457031
2018-04-20 00:00:00-04:00,73.54361724853516
2018-04-23 00:00:00-04:00,73.8302993774414
2018-04-24 00:00:00-04:00,73.27485656738281
2018-04-25 00:00:00-04:00,73.60633850097656
2018-04-26 00:00:00-04:00,74.53807067871094
2018-04-27 00:00:00-04:00,74.84265899658203
2018-04-30 00:00:00-04:00,73.69591522216797
2018-05-01 00:00:00-04:00,73.66007995605469
2018-05-02 00:00:00-04:00,72.6477279663086
2018-05-03 00:00:00-04:00,71.99373626708984
2018-05-04 00:00:00-04:00,72.5671157836914
2018-05-07 00:00:00-04:00,72.4595947265625
2018-05-08 00:00:00-04:00,71.91310119628906
2018-05-09 00:00:00-04:00,72.3252182006836
2018-05-10 00:00:00-04:00,73.29276275634766
2018-05-11 00:00:00-04:00,74.3857421875
2018-05-14 00:00:00-04:00,74.87850952148438
2018-05-15 00:00:00-04:00,73.91094207763672
2018-05-16 00:00:00-04:00,74.32302856445312
2018-05-17 00:00:00-04:00,74.34992980957031
2018-05-18 00:00:00-04:00,74.53807067871094
2018-05-21 00:00:00-04:00,74.6097183227539
2018-05-22 00:00:00-04:00,74.46639251708984
2018-05-23 00:00:00-04:00,74.7082748413086
2018-05-24 00:00:00-04:00,74.41261291503906
2018-05-25 00:00:00-04:00,74.30513000488281
2018-05-29 00:00:00-04:00,73.54361724853516
2018-05-30 00:00:00-04:00,74.64556121826172
2018-05-31 00:00:00-04:00,73.8302993774414
2018-06-01 00:00:00-04:00,74.6814193725586
2018-06-04 00:00:00-04:00,74.95911407470703
2018-06-05 00:00:00-04:00,74.80681610107422
2018-06-06 00:00:00-04:00,75.64895629882812
2018-06-07 00:00:00-04:00,75.74750518798828
2018-06-08 00:00:00-04:00,76.18649291992188
2018-06-11 00:00:00-04:00,76.329833984375
2018-06-12 00:00:00-04:00,76.2850570678711
2018-06-13 00:00:00-04:00,76.3029556274414
2018-06-14 00:00:00-04:00,76.69717407226562
2018-06-15 00:00:00-04:00,76.84642028808594
2018-06-18 00:00:00-04:00,76.10906982421875
2018-06-19 00:00:00-04:00,76.3069076538086
2018-06-20 00:00:00-04:00,76.46875762939453
2018-06-21 00:00:00-04:00,76.02814483642578
2018-06-22 00:00:00-04:00,76.36984252929688
2018-06-25 00:00:00-04:00,75.6684341430664
2018-06-26 00:00:00-04:00,75.43466186523438
2018-06-27 00:00:00-04:00,74.79621887207031
2018-06-28 00:00:00-04:00,74.89512634277344
2018-06-29 00:00:00-04:00,75.04800415039062
2018-07-02 00:00:00-04:00,75.28180694580078
2018-07-03 00:00:00-04:00,75.46163940429688
2018-07-05 00:00:00-04:00,76.24394989013672
2018-07-06 00:00:00-04:00,77.34099578857422
2018-07-09 00:00:00-04:00,77.90747833251953
2018-07-10 00:00:00-04:00,78.20423126220703
2018-07-11 00:00:00-04:00,77.58377075195312
2018-07-12 00:00:00-04:00,78.447021484375
2018-07-13 00:00:00-04:00,78.59090423583984
2018-07-16 00:00:00-04:00,78.11431121826172
2018-07-17 00:00:00-04:00,78.54593658447266
2018-07-18 00:00:00-04:00,78.60888671875
2018-07-19 00:00:00-04:00,78.16826629638672
2018-07-20 00:00:00-04:00,78.01539611816406
2018-07-23 00:00:00-04:00,78.1772689819336
2018-07-24 00:00:00-04:00,78.88762664794922
2018-07-25 00:00:00-04:00,79.89474487304688
2018-07-26 00:00:00-04:00,79.6699447631836
2018-07-27 00:00:00-04:00,79.0944595336914
2018-07-30 00:00:00-04:00,79.13941192626953
2018-07-31 00:00:00-04:00,79.9666748046875
2018-08-01 00:00:00-04:00,79.98466491699219
2018-08-02 00:00:00-04:00,80.2813949584961
2018-08-03 00:00:00-04:00,80.75796508789062
2018-08-06 00:00:00-04:00,80.90184783935547
2018-08-07 00:00:00-04:00,80.91085815429688
2018-08-08 00:00:00-04:00,81.03675842285156
2018-08-09 00:00:00-04:00,80.94680786132812
2018-08-10 00:00:00-04:00,80.59612274169922
2018-08-13 00:00:00-04:00,80.62310791015625
2018-08-14 00:00:00-04:00,81.00079345703125
2018-08-15 00:00:00-04:00,80.86590576171875
2018-08-16 00:00:00-04:00,81.65717315673828
2018-08-17 00:00:00-04:00,81.90895080566406
2018-08-20 00:00:00-04:00,82.17872619628906
2018-08-21 00:00:00-04:00,82.17872619628906
2018-08-22 00:00:00-04:00,82.2596664428711
2018-08-23 00:00:00-04:00,82.2326889038086
2018-08-24 00:00:00-04:00,82.62834167480469
2018-08-27 00:00:00-04:00,82.92504119873047
2018-08-28 00:00:00-04:00,82.97002410888672
2018-08-29 00:00:00-04:00,83.50955963134766
2018-08-30 00:00:00-04:00,83.44661712646484
2018-08-31 00:00:00-04:00,83.42861938476562
2018-09-04 00:00:00-04:00,82.76323699951172
2018-09-05 00:00:00-04:00,83.09591674804688
2018-09-06 00:00:00-04:00,83.09591674804688
2018-09-07 00:00:00-04:00,83.22180938720703
2018-09-10 00:00:00-04:00,83.0060043334961
2018-09-11 00:00:00-04:00,82.93407440185547
2018-09-12 00:00:00-04:00,83.34770965576172
2018-09-13 00:00:00-04:00,84.38180541992188
2018-09-14 00:00:00-04:00,84.1030502319336
2018-09-17 00:00:00-04:00,83.79730987548828
2018-09-18 00:00:00-04:00,84.28290557861328
2018-09-19 00:00:00-04:00,84.1659927368164
2018-09-20 00:00:00-04:00,84.9842758178711
2018-09-21 00:00:00-04:00,85.09891510009766
2018-09-24 00:00:00-04:00,85.27041625976562
2018-09-25 00:00:00-04:00,85.0086441040039
2018-09-26 00:00:00-04:00,85.19820404052734
2018-09-27 00:00:00-04:00,85.63151550292969
2018-09-28 00:00:00-04:00,85.89329528808594
2018-10-01 00:00:00-04:00,86.31759643554688
2018-10-02 00:00:00-04:00,86.21827697753906
2018-10-03 00:00:00-04:00,86.05577850341797
2018-10-04 00:00:00-04:00,85.21625518798828
2018-10-05 00:00:00-04:00,85.11698150634766
2018-10-08 00:00:00-04:00,85.08085632324219
2018-10-09 00:00:00-04:00,85.22529602050781
2018-10-10 00:00:00-04:00,83.21222686767578
2018-10-11 00:00:00-04:00,80.96446228027344
2018-10-12 00:00:00-04:00,82.21021270751953
2018-10-15 00:00:00-04:00,81.64151763916016
2018-10-16 00:00:00-04:00,83.8802261352539
2018-10-17 00:00:00-04:00,84.32258605957031
2018-10-18 00:00:00-04:00,83.3656997680664
2018-10-19 00:00:00-04:00,82.60742950439453
2018-10-22 00:00:00-04:00,81.9303970336914
2018-10-23 00:00:00-04:00,81.488037109375
2018-10-24 00:00:00-04:00,78.79795837402344
2018-10-25 00:00:00-04:00,79.81803131103516
2018-10-26 00:00:00-04:00,78.91532135009766
2018-10-29 00:00:00-04:00,79.11389923095703
2018-10-30 00:00:00-04:00,79.96246337890625
2018-10-31 00:00:00-04:00,80.07076263427734
2018-11-01 00:00:00-04:00,81.08182525634766
2018-11-02 00:00:00-04:00,80.57630157470703
2018-11-05 00:00:00-05:00,81.28945922851562
2018-11-06 00:00:00-05:00,81.7047119140625
2018-11-07 00:00:00-05:00,84.10591888427734
2018-11-08 00:00:00-05:00,84.15107727050781
2018-11-09 00:00:00-05:00,83.90731048583984
2018-11-12 00:00:00-05:00,82.7699203491211
2018-11-13 00:00:00-05:00,82.1921615600586
2018-11-14 00:00:00-05:00,81.53321075439453
2018-11-15 00:00:00-05:00,82.25536346435547
2018-11-16 00:00:00-05:00,83.08587646484375
2018-11-19 00:00:00-05:00,82.02969360351562
2018-11-20 00:00:00-05:00,81.26236724853516
2018-11-21 00:00:00-05:00,80.80199432373047
2018-11-23 00:00:00-05:00,80.91935729980469
2018-11-26 00:00:00-05:00,81.7047119140625
2018-11-27 00:00:00-05:00,82.55326080322266
2018-11-28 00:00:00-05:00,84.53922271728516
2018-11-29 00:00:00-05:00,84.81907653808594
2018-11-30 00:00:00-05:00,86.54324340820312
2018-12-03 00:00:00-05:00,86.12799835205078
2018-12-04 00:00:00-05:00,84.20521545410156
2018-12-06 00:00:00-05:00,83.88928985595703
2018-12-07 00:00:00-05:00,81.74984741210938
2018-12-10 00:00:00-05:00,82.0657958984375
2018-12-11 00:00:00-05:00,82.31855773925781
2018-12-12 00:00:00-05:00,83.02269744873047
2018-12-13 00:00:00-05:00,83.10391998291016
2018-12-14 00:00:00-05:00,80.30551147460938
2018-12-17 00:00:00-05:00,78.70770263671875
2018-12-18 00:00:00-05:00,78.02162170410156
2018-12-19 00:00:00-05:00,77.0015640258789
2018-12-20 00:00:00-05:00,75.91829681396484
2018-12-21 00:00:00-05:00,74.97522735595703
2018-12-24 00:00:00-05:00,73.17974090576172
2018-12-26 00:00:00-05:00,76.3717041015625
2018-12-27 00:00:00-05:00,77.21503448486328
2018-12-28 00:00:00-05:00,77.30570983886719
2018-12-31 00:00:00-05:00,78.44832611083984
2019-01-02 00:00:00-05:00,77.26039123535156
2019-01-03 00:00:00-05:00,75.69158172607422
2019-01-04 00:00:00-05:00,77.94955444335938
2019-01-07 00:00:00-05:00,78.2488021850586
2019-01-08 00:00:00-05:00,78.85638427734375
2019-01-09 00:00:00-05:00,79.21004486083984
2019-01-10 00:00:00-05:00,79.36419677734375
2019-01-11 00:00:00-05:00,79.62715911865234
2019-01-14 00:00:00-05:00,78.74755859375
2019-01-15 00:00:00-05:00,80.16217041015625
2019-01-16 00:00:00-05:00,80.01708984375
2019-01-17 00:00:00-05:00,80.72441101074219
2019-01-18 00:00:00-05:00,81.68563842773438
2019-01-22 00:00:00-05:00,81.1234130859375
2019-01-23 00:00:00-05:00,81.21410369873047
2019-01-24 00:00:00-05:00,80.5339584350586
2019-01-25 00:00:00-05:00,80.63372802734375
2019-01-28 00:00:00-05:00,79.71784973144531
2019-01-29 00:00:00-05:00,80.10777282714844
2019-01-30 00:00:00-05:00,81.20501708984375
2019-01-31 00:00:00-05:00,82.22063446044922
2019-02-01 00:00:00-05:00,82.29318237304688
2019-02-04 00:00:00-05:00,82.05741882324219
2019-02-05 00:00:00-05:00,81.93954467773438
2019-02-06 00:00:00-05:00,82.31132507324219
2019-02-07 00:00:00-05:00,81.40452575683594
2019-02-08 00:00:00-05:00,81.55868530273438
2019-02-11 00:00:00-05:00,81.45891571044922
2019-02-12 00:00:00-05:00,82.57431030273438
2019-02-13 00:00:00-05:00,82.75566864013672
2019-02-14 00:00:00-05:00,82.94611358642578
2019-02-15 00:00:00-05:00,84.197509765625
2019-02-19 00:00:00-05:00,83.99799346923828
2019-02-20 00:00:00-05:00,83.89825439453125
2019-02-21 00:00:00-05:00,83.1637191772461
2019-02-22 00:00:00-05:00,83.92546081542969
2019-02-25 00:00:00-05:00,84.0433578491211
2019-02-26 00:00:00-05:00,83.74409484863281
2019-02-27 00:00:00-05:00,83.35416412353516
2019-02-28 00:00:00-05:00,83.10932922363281
2019-03-01 00:00:00-05:00,84.28816986083984
2019-03-04 00:00:00-05:00,83.14561462402344
2019-03-05 00:00:00-05:00,83.10025787353516
2019-03-06 00:00:00-05:00,81.88512420654297
2019-03-07 00:00:00-05:00,81.24129486083984
2019-03-08 00:00:00-05:00,81.06898498535156
2019-03-11 00:00:00-04:00,81.99394226074219
2019-03-12 00:00:00-04:00,82.59244537353516
2019-03-13 00:00:00-04:00,83.48112487792969
2019-03-14 00:00:00-04:00,83.34512329101562
2019-03-15 00:00:00-04:00,83.72827911376953
2019-03-18 00:00:00-04:00,83.6008529663086
2019-03-19 00:00:00-04:00,84.26529693603516
2019-03-20 00:00:00-04:00,83.68276977539062
2019-03-21 00:00:00-04:00,84.01045227050781
2019-03-22 00:00:00-04:00,82.48133850097656
2019-03-25 00:00:00-04:00,82.43582153320312
2019-03-26 00:00:00-04:00,83.00016021728516
2019-03-27 00:00:00-04:00,82.30839538574219
2019-03-28 00:00:00-04:00,82.51771545410156
2019-03-29 00:00:00-04:00,83.50984954833984
2019-04-01 00:00:00-04:00,83.63726043701172
2019-04-02 00:00:00-04:00,83.4461441040039
2019-04-03 00:00:00-04:00,83.33690643310547
2019-04-04 00:00:00-04:00,83.16397094726562
2019-04-05 00:00:00-04:00,83.73737335205078
2019-04-08 00:00:00-04:00,83.71916961669922
2019-04-09 00:00:00-04:00,83.5007095336914
2019-04-10 00:00:00-04:00,83.52803802490234
2019-04-11 00:00:00-04:00,82.49951934814453
2019-04-12 00:00:00-04:00,81.74407958984375
2019-04-15 00:00:00-04:00,82.07174682617188
2019-04-16 00:00:00-04:00,80.38788604736328
2019-04-17 00:00:00-04:00,78.07599639892578
2019-04-18 00:00:00-04:00,78.20343017578125
2019-04-22 00:00:00-04:00,78.24894714355469
2019-04-23 00:00:00-04:00,79.48681640625
2019-04-24 00:00:00-04:00,79.39578247070312
2019-04-25 00:00:00-04:00,80.21495056152344
2019-04-26 00:00:00-04:00,81.01593017578125
2019-04-29 00:00:00-04:00,80.87026977539062
2019-04-30 00:00:00-04:00,81.24346923828125
2019-05-01 00:00:00-04:00,81.09784698486328
2019-05-02 00:00:00-04:00,81.4437026977539
2019-05-03 00:00:00-04:00,82.06263732910156
2019-05-06 00:00:00-04:00,82.48133850097656
2019-05-07 00:00:00-04:00,80.89759063720703
2019-05-08 00:00:00-04:00,81.07051849365234
2019-05-09 00:00:00-04:00,80.89759063720703
2019-05-10 00:00:00-04:00,80.92491149902344
2019-05-13 00:00:00-04:00,79.4048843383789
2019-05-14 00:00:00-04:00,79.80535888671875
2019-05-15 00:00:00-04:00,80.04202270507812
2019-05-16 00:00:00-04:00,80.67001342773438
2019-05-17 00:00:00-04:00,80.49710083007812
2019-05-20 00:00:00-04:00,80.46068572998047
2019-05-21 00:00:00-04:00,81.21617889404297
2019-05-22 00:00:00-04:00,81.68036651611328
2019-05-23 00:00:00-04:00,81.39820098876953
2019-05-24 00:00:00-04:00,81.51653289794922
2019-05-28 00:00:00-04:00,80.35147857666016
2019-05-29 00:00:00-04:00,79.57780456542969
2019-05-30 00:00:00-04:00,80.01471710205078
2019-05-31 00:00:00-04:00,79.44129180908203
2019-06-03 00:00:00-04:00,79.63243865966797
2019-06-04 00:00:00-04:00,80.95221710205078
2019-06-05 00:00:00-04:00,81.56202697753906
2019-06-06 00:00:00-04:00,81.98072814941406
2019-06-07 00:00:00-04:00,82.8363037109375
2019-06-10 00:00:00-04:00,83.08206176757812
2019-06-11 00:00:00-04:00,82.94550323486328
2019-06-12 00:00:00-04:00,83.34600830078125
2019-06-13 00:00:00-04:00,83.24588775634766
2019-06-14 00:00:00-04:00,83.05476379394531
2019-06-17 00:00:00-04:00,83.42792510986328
2019-06-18 00:00:00-04:00,84.13786315917969
2019-06-19 00:00:00-04:00,84.8933334350586
2019-06-20 00:00:00-04:00,85.26649475097656
2019-06-21 00:00:00-04:00,85.67601776123047
2019-06-24 00:00:00-04:00,85.22810363769531
2019-06-25 00:00:00-04:00,84.88076782226562
2019-06-26 00:00:00-04:00,83.8113021850586
2019-06-27 00:00:00-04:00,84.39629364013672
2019-06-28 00:00:00-04:00,84.6796646118164
2019-07-01 00:00:00-04:00,85.10012817382812
2019-07-02 00:00:00-04:00,85.55718994140625
2019-07-03 00:00:00-04:00,86.28843688964844
2019-07-05 00:00:00-04:00,85.69432067871094
2019-07-08 00:00:00-04:00,85.054443359375
2019-07-09 00:00:00-04:00,85.13671112060547
2019-07-10 00:00:00-04:00,85.4292221069336
2019-07-11 00:00:00-04:00,85.44749450683594
2019-07-12 00:00:00-04:00,84.49684143066406
2019-07-15 00:00:00-04:00,84.6796646118164
2019-07-16 00:00:00-04:00,84.25918579101562
2019-07-17 00:00:00-04:00,84.2774658203125
2019-07-18 00:00:00-04:00,84.75279998779297
2019-07-19 00:00:00-04:00,83.87529754638672
2019-07-22 00:00:00-04:00,83.70162200927734
2019-07-23 00:00:00-04:00,84.2226333618164
2019-07-24 00:00:00-04:00,84.2683334350586
2019-07-25 00:00:00-04:00,83.85699462890625
2019-07-26 00:00:00-04:00,84.15864562988281
2019-07-29 00:00:00-04:00,84.50598907470703
2019-07-30 00:00:00-04:00,84.14035034179688
2019-07-31 00:00:00-04:00,83.3085708618164
2019-08-01 00:00:00-04:00,83.4182357788086
2019-08-02 00:00:00-04:00,83.22630310058594
2019-08-05 00:00:00-04:00,81.27018737792969
2019-08-06 00:00:00-04:00,82.32137298583984
2019-08-07 00:00:00-04:00,82.34877014160156
2019-08-08 00:00:00-04:00,83.44567108154297
2019-08-09 00:00:00-04:00,83.54621887207031
2019-08-12 00:00:00-04:00,82.73268127441406
2019-08-13 00:00:00-04:00,83.8113021850586
2019-08-14 00:00:00-04:00,81.48042297363281
2019-08-15 00:00:00-04:00,81.76378631591797
2019-08-16 00:00:00-04:00,82.7692642211914
2019-08-19 00:00:00-04:00,83.56449127197266
2019-08-20 00:00:00-04:00,82.85151672363281
2019-08-21 00:00:00-04:00,83.46394348144531
2019-08-22 00:00:00-04:00,83.05262756347656
2019-08-23 00:00:00-04:00,81.13307189941406
2019-08-26 00:00:00-04:00,81.983154296875
2019-08-27 00:00:00-04:00,81.49870300292969
2019-08-28 00:00:00-04:00,82.09283447265625
2019-08-29 00:00:00-04:00,82.71440887451172
2019-08-30 00:00:00-04:00,82.81495666503906
2019-09-03 00:00:00-04:00,82.33049774169922
2019-09-04 00:00:00-04:00,82.3853530883789
2019-09-05 00:00:00-04:00,83.19886016845703
2019-09-06 00:00:00-04:00,83.42737579345703
2019-09-09 00:00:00-04:00,82.6595687866211
2019-09-10 00:00:00-04:00,82.89722442626953
2019-09-11 00:00:00-04:00,83.71988677978516
2019-09-12 00:00:00-04:00,83.6924819946289
2019-09-13 00:00:00-04:00,83.64678955078125
2019-09-16 00:00:00-04:00,83.46394348144531
2019-09-17 00:00:00-04:00,83.59192657470703
2019-09-18 00:00:00-04:00,83.5827865600586
2019-09-19 00:00:00-04:00,83.97583770751953
2019-09-20 00:00:00-04:00,84.44393157958984
2019-09-23 00:00:00-04:00,83.99420166015625
2019-09-24 00:00:00-04:00,83.2231674194336
2019-09-25 00:00:00-04:00,82.81930541992188
2019-09-26 00:00:00-04:00,82.36038970947266
2019-09-27 00:00:00-04:00,81.99322509765625
2019-09-30 00:00:00-04:00,82.7275390625
2019-10-01 00:00:00-04:00,81.91981506347656
2019-10-02 00:00:00-04:00,80.7265853881836
2019-10-03 00:00:00-04:00,81.45169830322266
2019-10-04 00:00:00-04:00,82.7275390625
2019-10-07 00:00:00-04:00,82.45217895507812
2019-10-08 00:00:00-04:00,80.88261413574219
2019-10-09 00:00:00-04:00,81.47005462646484
2019-10-10 00:00:00-04:00,81.87390899658203
2019-10-11 00:00:00-04:00,82.55313110351562
2019-10-14 00:00:00-04:00,82.51641845703125
2019-10-15 00:00:00-04:00,84.021728515625
2019-10-16 00:00:00-04:00,83.91158294677734
2019-10-17 00:00:00-04:00,84.53572845458984
2019-10-18 00:00:00-04:00,84.22367095947266
2019-10-21 00:00:00-04:00,84.13188171386719
2019-10-22 00:00:00-04:00,84.31544494628906
2019-10-23 00:00:00-04:00,84.83861541748047
2019-10-24 00:00:00-04:00,84.40724182128906
2019-10-25 00:00:00-04:00,84.4990234375
2019-10-28 00:00:00-04:00,85.37097930908203
2019-10-29 00:00:00-04:00,86.58255767822266
2019-10-30 00:00:00-04:00,87.06904602050781
2019-10-31 00:00:00-04:00,86.96810150146484
2019-11-01 00:00:00-04:00,87.0782241821289
2019-11-04 00:00:00-05:00,86.81204223632812
2019-11-05 00:00:00-05:00,86.19709014892578
2019-11-06 00:00:00-05:00,86.49080657958984
2019-11-07 00:00:00-05:00,86.68354034423828
2019-11-08 00:00:00-05:00,87.31688690185547
2019-11-11 00:00:00-05:00,86.95892333984375
2019-11-12 00:00:00-05:00,87.48210906982422
2019-11-13 00:00:00-05:00,87.58305358886719
2019-11-14 00:00:00-05:00,87.59225463867188
2019-11-15 00:00:00-05:00,89.45552825927734
2019-11-18 00:00:00-05:00,89.15261840820312
2019-11-19 00:00:00-05:00,89.75841522216797
2019-11-20 00:00:00-05:00,89.63907623291016
2019-11-21 00:00:00-05:00,89.86856842041016
2019-11-22 00:00:00-05:00,90.18981170654297
2019-11-25 00:00:00-05:00,91.24535369873047
2019-11-26 00:00:00-05:00,91.17192840576172
2019-11-27 00:00:00-05:00,91.64004516601562
2019-11-29 00:00:00-05:00,91.31879425048828
2019-12-02 00:00:00-05:00,90.91493225097656
2019-12-03 00:00:00-05:00,90.71299743652344
2019-12-04 00:00:00-05:00,91.55741882324219
2019-12-05 00:00:00-05:00,91.55741882324219
2019-12-06 00:00:00-05:00,92.1632308959961
2019-12-09 00:00:00-05:00,91.52070617675781
2019-12-10 00:00:00-05:00,91.72264862060547
2019-12-11 00:00:00-05:00,91.80525207519531
2019-12-12 00:00:00-05:00,92.65887451171875
2019-12-13 00:00:00-05:00,92.59461212158203
2019-12-16 00:00:00-05:00,93.5950927734375
2019-12-17 00:00:00-05:00,93.49411010742188
2019-12-18 00:00:00-05:00,93.62262725830078
2019-12-19 00:00:00-05:00,93.98977661132812
2019-12-20 00:00:00-05:00,94.65522766113281
2019-12-23 00:00:00-05:00,95.03311157226562
2019-12-24 00:00:00-05:00,94.91329956054688
2019-12-26 00:00:00-05:00,94.84878540039062
2019-12-27 00:00:00-05:00,94.87641143798828
2019-12-30 00:00:00-05:00,94.30683898925781
2019-12-31 00:00:00-05:00,94.49235534667969
2020-01-02 00:00:00-05:00,94.74283599853516
2020-01-03 00:00:00-05:00,93.91720581054688
2020-01-06 00:00:00-05:00,94.50164794921875
2020-01-07 00:00:00-05:00,94.31610870361328
2020-01-08 00:00:00-05:00,94.92839050292969
2020-01-09 00:00:00-05:00,95.33654022216797
2020-01-10 00:00:00-05:00,95.3643798828125
2020-01-13 00:00:00-05:00,95.0304183959961
2020-01-14 00:00:00-05:00,95.6055679321289
2020-01-15 00:00:00-05:00,96.43119049072266
2020-01-16 00:00:00-05:00,96.93212890625
2020-01-17 00:00:00-05:00,96.93212890625
2020-01-21 00:00:00-05:00,97.03421020507812
2020-01-22 00:00:00-05:00,97.15477752685547
2020-01-23 00:00:00-05:00,96.6631088256836
2020-01-24 00:00:00-05:00,95.0489730834961
2020-01-27 00:00:00-05:00,94.32540130615234
2020-01-28 00:00:00-05:00,94.78922271728516
2020-01-29 00:00:00-05:00,94.52948760986328
2020-01-30 00:00:00-05:00,93.84300231933594
2020-01-31 00:00:00-05:00,91.9690933227539
2020-02-03 00:00:00-05:00,92.80400848388672
2020-02-04 00:00:00-05:00,94.43669891357422
2020-02-05 00:00:00-05:00,96.25494384765625
2020-02-06 00:00:00-05:00,96.33843231201172
2020-02-07 00:00:00-05:00,95.58702087402344
2020-02-10 00:00:00-05:00,96.09722137451172
2020-02-11 00:00:00-05:00,96.67240905761719
2020-02-12 00:00:00-05:00,96.79298400878906
2020-02-13 00:00:00-05:00,96.33843231201172
2020-02-14 00:00:00-05:00,96.41264343261719
2020-02-18 00:00:00-05:00,96.06941223144531
2020-02-19 00:00:00-05:00,96.51468658447266
2020-02-20 00:00:00-05:00,95.89315795898438
2020-02-21 00:00:00-05:00,95.94880676269531
2020-02-24 00:00:00-05:00,92.92461395263672
2020-02-25 00:00:00-05:00,90.1044921875
2020-02-26 00:00:00-05:00,90.09523010253906
2020-02-27 00:00:00-05:00,87.0339126586914
2020-02-28 00:00:00-05:00,85.91142272949219
2020-03-02 00:00:00-05:00,89.9375
2020-03-03 00:00:00-05:00,87.70183563232422
2020-03-04 00:00:00-05:00,92.75762176513672
2020-03-05 00:00:00-05:00,90.60543823242188
2020-03-06 00:00:00-05:00,90.12306213378906
2020-03-09 00:00:00-04:00,85.43831634521484
2020-03-10 00:00:00-04:00,88.3697509765625
2020-03-11 00:00:00-04:00,84.99302673339844
2020-03-12 00:00:00-04:00,78.64779663085938
2020-03-13 00:00:00-04:00,84.10247039794922
2020-03-16 00:00:00-04:00,75.80909729003906
2020-03-17 00:00:00-04:00,80.56805419921875
2020-03-18 00:00:00-04:00,77.89637756347656
2020-03-19 00:00:00-04:00,76.30078125
2020-03-20 00:00:00-04:00,73.36933898925781
2020-03-23 00:00:00-04:00,69.55863189697266
2020-03-24 00:00:00-04:00,74.91861724853516
2020-03-25 00:00:00-04:00,75.9160385131836
2020-03-26 00:00:00-04:00,80.95907592773438
2020-03-27 00:00:00-04:00,79.22525787353516
2020-03-30 00:00:00-04:00,82.935302734375
2020-03-31 00:00:00-04:00,82.5717544555664
2020-04-01 00:00:00-04:00,79.4303207397461
2020-04-02 00:00:00-04:00,81.63024139404297
2020-04-03 00:00:00-04:00,80.89384460449219
2020-04-06 00:00:00-04:00,85.13522338867188
2020-04-07 00:00:00-04:00,84.43608856201172
2020-04-08 00:00:00-04:00,87.91307067871094
2020-04-09 00:00:00-04:00,88.39781951904297
2020-04-13 00:00:00-04:00,87.62411499023438
2020-04-14 00:00:00-04:00,90.53250122070312
2020-04-15 00:00:00-04:00,90.06640625
2020-04-16 00:00:00-04:00,92.03328704833984
2020-04-17 00:00:00-04:00,93.94422149658203
2020-04-20 00:00:00-04:00,93.19850158691406
2020-04-21 00:00:00-04:00,90.36469268798828
2020-04-22 00:00:00-04:00,91.74430084228516
2020-04-23 00:00:00-04:00,92.2476806640625
2020-04-24 00:00:00-04:00,93.48748016357422
2020-04-27 00:00:00-04:00,94.68997192382812
2020-04-28 00:00:00-04:00,92.77900695800781
2020-04-29 00:00:00-04:00,93.3942642211914
2020-04-30 00:00:00-04:00,92.9654541015625
2020-05-01 00:00:00-04:00,91.19432830810547
2020-05-04 00:00:00-04:00,91.1477279663086
2020-05-05 00:00:00-04:00,93.12393951416016
2020-05-06 00:00:00-04:00,92.20108032226562
2020-05-07 00:00:00-04:00,92.19174194335938
2020-05-08 00:00:00-04:00,92.66716003417969
2020-05-11 00:00:00-04:00,94.26116180419922
2020-05-12 00:00:00-04:00,92.82562255859375
2020-05-13 00:00:00-04:00,91.81889343261719
2020-05-14 00:00:00-04:00,92.82562255859375
2020-05-15 00:00:00-04:00,93.60865020751953
2020-05-18 00:00:00-04:00,94.3823471069336
2020-05-19 00:00:00-04:00,93.2451171875
2020-05-20 00:00:00-04:00,93.35697174072266
2020-05-21 00:00:00-04:00,92.66716003417969
2020-05-22 00:00:00-04:00,92.86292266845703
2020-05-26 00:00:00-04:00,92.69511413574219
2020-05-27 00:00:00-04:00,93.65526580810547
2020-05-28 00:00:00-04:00,94.87638854980469
2020-05-29 00:00:00-04:00,96.02296447753906
2020-06-01 00:00:00-04:00,95.07215118408203
2020-06-02 00:00:00-04:00,95.62214660644531
2020-06-03 00:00:00-04:00,95.43570709228516
2020-06-04 00:00:00-04:00,94.68064880371094
2020-06-05 00:00:00-04:00,96.20940399169922
2020-06-08 00:00:00-04:00,96.87124633789062
2020-06-09 00:00:00-04:00,95.86448669433594
2020-06-10 00:00:00-04:00,95.71537017822266
2020-06-11 00:00:00-04:00,90.39266204833984
2020-06-12 00:00:00-04:00,90.97992706298828
2020-06-15 00:00:00-04:00,91.18500518798828
2020-06-16 00:00:00-04:00,93.43153381347656
2020-06-17 00:00:00-04:00,93.33831787109375
2020-06-18 00:00:00-04:00,93.0213851928711
2020-06-19 00:00:00-04:00,93.91627502441406
2020-06-22 00:00:00-04:00,93.55585479736328
2020-06-23 00:00:00-04:00,93.95838928222656
2020-06-24 00:00:00-04:00,91.5057373046875
2020-06-25 00:00:00-04:00,92.40443420410156
2020-06-26 00:00:00-04:00,91.28108978271484
2020-06-29 00:00:00-04:00,92.10486602783203
2020-06-30 00:00:00-04:00,93.67757415771484
2020-07-01 00:00:00-04:00,94.39836883544922
2020-07-02 00:00:00-04:00,95.10981750488281
2020-07-06 00:00:00-04:00,96.07402801513672
2020-07-07 00:00:00-04:00,95.2408676147461
2020-07-08 00:00:00-04:00,95.2502212524414
2020-07-09 00:00:00-04:00,94.5013427734375
2020-07-10 00:00:00-04:00,94.27667999267578
2020-07-13 00:00:00-04:00,94.81026458740234
2020-07-14 00:00:00-04:00,96.69185638427734
2020-07-15 00:00:00-04:00,97.94625854492188
2020-07-16 00:00:00-04:00,97.78711700439453
2020-07-17 00:00:00-04:00,99.12576293945312
2020-07-20 00:00:00-04:00,99.1070327758789
2020-07-21 00:00:00-04:00,99.04153442382812
2020-07-22 00:00:00-04:00,99.93083953857422
2020-07-23 00:00:00-04:00,99.4814682006836
2020-07-24 00:00:00-04:00,98.38623046875
2020-07-27 00:00:00-04:00,99.12576293945312
2020-07-28 00:00:00-04:00,99.0134506225586
2020-07-29 00:00:00-04:00,100.05252838134766
2020-07-30 00:00:00-04:00,99.35979461669922
2020-07-31 00:00:00-04:00,98.78875732421875
2020-08-03 00:00:00-04:00,99.80915069580078
2020-08-04 00:00:00-04:00,99.3691635131836
2020-08-05 00:00:00-04:00,99.827880859375
2020-08-06 00:00:00-04:00,99.29427337646484
2020-08-07 00:00:00-04:00,99.61256408691406
2020-08-10 00:00:00-04:00,99.27556610107422
2020-08-11 00:00:00-04:00,98.64835357666016
2020-08-12 00:00:00-04:00,100.3052749633789
2020-08-13 00:00:00-04:00,100.17424774169922
2020-08-14 00:00:00-04:00,99.97764587402344
2020-08-17 00:00:00-04:00,100.56739807128906
2020-08-18 00:00:00-04:00,100.539306640625
2020-08-19 00:00:00-04:00,100.21168518066406
2020-08-20 00:00:00-04:00,99.89338684082031
2020-08-21 00:00:00-04:00,99.99636840820312
2020-08-24 00:00:00-04:00,99.53766632080078
2020-08-25 00:00:00-04:00,100.21168518066406
2020-08-26 00:00:00-04:00,100.0899658203125
2020-08-27 00:00:00-04:00,100.87631225585938
2020-08-28 00:00:00-04:00,101.10099029541016
2020-08-31 00:00:00-04:00,101.3443832397461
2020-09-01 00:00:00-04:00,100.43634033203125
2020-09-02 00:00:00-04:00,102.4489974975586
2020-09-03 00:00:00-04:00,99.65936279296875
2020-09-04 00:00:00-04:00,98.9478988647461
2020-09-08 00:00:00-04:00,97.31906127929688
2020-09-09 00:00:00-04:00,99.04153442382812
2020-09-10 00:00:00-04:00,97.52500915527344
2020-09-11 00:00:00-04:00,97.9088134765625
2020-09-14 00:00:00-04:00,99.31298828125
2020-09-15 00:00:00-04:00,99.44406127929688
2020-09-16 00:00:00-04:00,99.27556610107422
2020-09-17 00:00:00-04:00,98.9478988647461
2020-09-18 00:00:00-04:00,98.79812622070312
2020-09-21 00:00:00-04:00,96.97296142578125
2020-09-22 00:00:00-04:00,96.76619720458984
2020-09-23 00:00:00-04:00,95.76997375488281
2020-09-24 00:00:00-04:00,95.29064178466797
2020-09-25 00:00:00-04:00,96.82257843017578
2020-09-28 00:00:00-04:00,97.69664764404297
2020-09-29 00:00:00-04:00,97.57444763183594
2020-09-30 00:00:00-04:00,99.13459777832031
2020-10-01 00:00:00-04:00,98.79624938964844
2020-10-02 00:00:00-04:00,97.89401245117188
2020-10-05 00:00:00-04:00,99.9052734375
2020-10-06 00:00:00-04:00,98.58008575439453
2020-10-07 00:00:00-04:00,100.44097900390625
2020-10-08 00:00:00-04:00,100.9296875
2020-10-09 00:00:00-04:00,101.84134674072266
2020-10-12 00:00:00-04:00,102.53681945800781
2020-10-13 00:00:00-04:00,101.75674438476562
2020-10-14 00:00:00-04:00,101.16466522216797
2020-10-15 00:00:00-04:00,100.43159484863281
2020-10-16 00:00:00-04:00,101.42780303955078
2020-10-19 00:00:00-04:00,99.82068634033203
2020-10-20 00:00:00-04:00,99.95226287841797
2020-10-21 00:00:00-04:00,99.45416259765625
2020-10-22 00:00:00-04:00,100.95790100097656
2020-10-23 00:00:00-04:00,101.33382415771484
2020-10-26 00:00:00-04:00,100.20600891113281
2020-10-27 00:00:00-04:00,99.5199203491211
2020-10-28 00:00:00-04:00,96.36205291748047
2020-10-29 00:00:00-04:00,95.57258605957031
2020-10-30 00:00:00-04:00,95.54440307617188
2020-11-02 00:00:00-05:00,97.2643051147461
2020-11-03 00:00:00-05:00,98.68348693847656
2020-11-04 00:00:00-05:00,103.06314849853516
2020-11-05 00:00:00-05:00,103.26990509033203
2020-11-06 00:00:00-05:00,103.30748748779297
2020-11-09 00:00:00-05:00,104.2755355834961
2020-11-10 00:00:00-05:00,104.57627868652344
2020-11-11 00:00:00-05:00,104.44470977783203
2020-11-12 00:00:00-05:00,104.05936431884766
2020-11-13 00:00:00-05:00,105.3751449584961
2020-11-16 00:00:00-05:00,105.19659423828125
2020-11-17 00:00:00-05:00,104.510498046875
2020-11-18 00:00:00-05:00,102.56501770019531
2020-11-19 00:00:00-05:00,102.48982238769531
2020-11-20 00:00:00-05:00,102.2548828125
2020-11-23 00:00:00-05:00,101.99170684814453
2020-11-24 00:00:00-05:00,102.29248046875
2020-11-25 00:00:00-05:00,101.91653442382812
2020-11-27 00:00:00-05:00,102.85637664794922
2020-11-30 00:00:00-05:00,103.13832092285156
2020-12-01 00:00:00-05:00,104.00299072265625
2020-12-02 00:00:00-05:00,104.78305053710938
2020-12-03 00:00:00-05:00,104.65149688720703
2020-12-04 00:00:00-05:00,105.76988220214844
2020-12-07 00:00:00-05:00,105.12139892578125
2020-12-08 00:00:00-05:00,105.92025756835938
2020-12-09 00:00:00-05:00,105.5537109375
2020-12-10 00:00:00-05:00,105.3751449584961
2020-12-11 00:00:00-05:00,104.96160888671875
2020-12-14 00:00:00-05:00,104.17212677001953
2020-12-15 00:00:00-05:00,105.29995727539062
2020-12-16 00:00:00-05:00,104.98981475830078
2020-12-17 00:00:00-05:00,106.11762237548828
2020-12-18 00:00:00-05:00,106.20222473144531
2020-12-21 00:00:00-05:00,105.13959503173828
2020-12-22 00:00:00-05:00,104.81871795654297
2020-12-23 00:00:00-05:00,104.89421844482422
2020-12-24 00:00:00-05:00,105.19619750976562
2020-12-28 00:00:00-05:00,105.46045684814453
2020-12-29 00:00:00-05:00,105.96062469482422
2020-12-30 00:00:00-05:00,105.9417495727539
2020-12-31 00:00:00-05:00,107.05533599853516
2021-01-04 00:00:00-05:00,106.5929183959961
2021-01-05 00:00:00-05:00,107.36677551269531
2021-01-06 00:00:00-05:00,108.83897399902344
2021-01-07 00:00:00-05:00,110.2545394897461
2021-01-08 00:00:00-05:00,110.78302001953125
2021-01-11 00:00:00-05:00,111.30207824707031
2021-01-12 00:00:00-05:00,110.09410858154297
2021-01-13 00:00:00-05:00,110.39610290527344
2021-01-14 00:00:00-05:00,110.04691314697266
2021-01-15 00:00:00-05:00,110.38666534423828
2021-01-19 00:00:00-05:00,111.21713256835938
2021-01-20 00:00:00-05:00,111.83055114746094
2021-01-21 00:00:00-05:00,111.30207824707031
2021-01-22 00:00:00-05:00,110.97177124023438
2021-01-25 00:00:00-05:00,111.69844055175781
2021-01-26 00:00:00-05:00,111.28319549560547
2021-01-27 00:00:00-05:00,107.9046859741211
2021-01-28 00:00:00-05:00,109.4806900024414
2021-01-29 00:00:00-05:00,108.55583953857422
2021-02-01 00:00:00-05:00,108.9710922241211
2021-02-02 00:00:00-05:00,109.28250885009766
2021-02-03 00:00:00-05:00,108.50867462158203
2021-02-04 00:00:00-05:00,108.96163177490234
2021-02-05 00:00:00-05:00,109.15982055664062
2021-02-08 00:00:00-05:00,109.29194641113281
2021-02-09 00:00:00-05:00,109.452392578125
2021-02-10 00:00:00-05:00,109.65055084228516
2021-02-11 00:00:00-05:00,109.85818481445312
2021-02-12 00:00:00-05:00,110.67920684814453
2021-02-16 00:00:00-05:00,109.58451843261719
2021-02-17 00:00:00-05:00,109.98087310791016
2021-02-18 00:00:00-05:00,109.29194641113281
2021-02-19 00:00:00-05:00,107.97073364257812
2021-02-22 00:00:00-05:00,107.7159423828125
2021-02-23 00:00:00-05:00,107.53662872314453
2021-02-24 00:00:00-05:00,108.28217315673828
2021-02-25 00:00:00-05:00,107.1968994140625
2021-02-26 00:00:00-05:00,106.27205657958984
2021-03-01 00:00:00-05:00,107.6593246459961
2021-03-02 00:00:00-05:00,107.34789276123047
2021-03-03 00:00:00-05:00,105.98892211914062
2021-03-04 00:00:00-05:00,104.56391906738281
2021-03-05 00:00:00-05:00,106.65896606445312
2021-03-08 00:00:00-05:00,106.39473724365234
2021-03-09 00:00:00-05:00,107.0176010131836
2021-03-10 00:00:00-05:00,107.26295471191406
2021-03-11 00:00:00-05:00,107.91413116455078
2021-03-12 00:00:00-05:00,108.15005493164062
2021-03-15 00:00:00-04:00,108.89559173583984
2021-03-16 00:00:00-04:00,108.82952117919922
2021-03-17 00:00:00-04:00,108.43315887451172
2021-03-18 00:00:00-04:00,108.20668029785156
2021-03-19 00:00:00-04:00,108.5936050415039
2021-03-22 00:00:00-04:00,109.53868865966797
2021-03-23 00:00:00-04:00,108.43069458007812
2021-03-24 00:00:00-04:00,108.3076171875
2021-03-25 00:00:00-04:00,108.76216888427734
2021-03-26 00:00:00-04:00,110.817138671875
2021-03-29 00:00:00-04:00,111.3379898071289
2021-03-30 00:00:00-04:00,110.33416748046875
2021-03-31 00:00:00-04:00,110.55198669433594
2021-04-01 00:00:00-04:00,110.22053527832031
2021-04-05 00:00:00-04:00,110.98757934570312
2021-04-06 00:00:00-04:00,110.56144714355469
2021-04-07 00:00:00-04:00,110.31523132324219
2021-04-08 00:00:00-04:00,110.48567962646484
2021-04-09 00:00:00-04:00,111.69784545898438
2021-04-12 00:00:00-04:00,111.81147003173828
2021-04-13 00:00:00-04:00,112.27549743652344
2021-04-14 00:00:00-04:00,112.26602935791016
2021-04-15 00:00:00-04:00,114.18843078613281
2021-04-16 00:00:00-04:00,115.04071807861328
2021-04-19 00:00:00-04:00,115.06913757324219
2021-04-20 00:00:00-04:00,115.51421356201172
2021-04-21 00:00:00-04:00,116.87788391113281
2021-04-22 00:00:00-04:00,116.3570556640625
2021-04-23 00:00:00-04:00,117.12411499023438
2021-04-26 00:00:00-04:00,116.72637176513672
2021-04-27 00:00:00-04:00,116.05400085449219
2021-04-28 00:00:00-04:00,115.70361328125
2021-04-29 00:00:00-04:00,115.2396011352539
2021-04-30 00:00:00-04:00,114.898681640625
2021-05-03 00:00:00-04:00,116.20553588867188
2021-05-04 00:00:00-04:00,116.3286361694336
2021-05-05 00:00:00-04:00,116.53697204589844
2021-05-06 00:00:00-04:00,116.6884994506836
2021-05-07 00:00:00-04:00,117.49343872070312
2021-05-10 00:00:00-04:00,117.64495849609375
2021-05-11 00:00:00-04:00,116.37598419189453
2021-05-12 00:00:00-04:00,115.27747344970703
2021-05-13 00:00:00-04:00,116.31916046142578
2021-05-14 00:00:00-04:00,116.90630340576172
2021-05-17 00:00:00-04:00,116.6884994506836
2021-05-18 00:00:00-04:00,116.72637176513672
2021-05-19 00:00:00-04:00,116.52750396728516
2021-05-20 00:00:00-04:00,117.74911499023438
2021-05-21 00:00:00-04:00,117.76807403564453
2021-05-24 00:00:00-04:00,117.88170623779297
2021-05-25 00:00:00-04:00,117.53133392333984
2021-05-26 00:00:00-04:00,116.84947204589844
2021-05-27 00:00:00-04:00,116.59379577636719
2021-05-28 00:00:00-04:00,117.04833221435547
2021-06-01 00:00:00-04:00,115.1259536743164
2021-06-02 00:00:00-04:00,114.898681640625
2021-06-03 00:00:00-04:00,115.24906158447266
2021-06-04 00:00:00-04:00,115.61839294433594
2021-06-07 00:00:00-04:00,116.03507232666016
2021-06-08 00:00:00-04:00,115.67520904541016
2021-06-09 00:00:00-04:00,116.79266357421875
2021-06-10 00:00:00-04:00,118.79081726074219
2021-06-11 00:00:00-04:00,117.947998046875
2021-06-14 00:00:00-04:00,118.05216979980469
2021-06-15 00:00:00-04:00,118.09004974365234
2021-06-16 00:00:00-04:00,117.6354751586914
2021-06-17 00:00:00-04:00,118.5351333618164
2021-06-18 00:00:00-04:00,117.18091583251953
2021-06-21 00:00:00-04:00,118.58891296386719
2021-06-22 00:00:00-04:00,118.84558868408203
2021-06-23 00:00:00-04:00,118.35122680664062
2021-06-24 00:00:00-04:00,118.95967102050781
2021-06-25 00:00:00-04:00,119.5015640258789
2021-06-28 00:00:00-04:00,119.68218994140625
2021-06-29 00:00:00-04:00,119.8152847290039
2021-06-30 00:00:00-04:00,119.73921966552734
2021-07-01 00:00:00-04:00,120.80400848388672
2021-07-02 00:00:00-04:00,121.96383666992188
2021-07-06 00:00:00-04:00,121.84976196289062
2021-07-07 00:00:00-04:00,122.61982727050781
2021-07-08 00:00:00-04:00,121.9448471069336
2021-07-09 00:00:00-04:00,122.36314392089844
2021-07-12 00:00:00-04:00,122.60081481933594
2021-07-13 00:00:00-04:00,122.48673248291016
2021-07-14 00:00:00-04:00,122.37264251708984
2021-07-15 00:00:00-04:00,121.9448471069336
2021-07-16 00:00:00-04:00,122.27757263183594
2021-07-19 00:00:00-04:00,120.99414825439453
2021-07-20 00:00:00-04:00,122.46770477294922
2021-07-21 00:00:00-04:00,122.66735076904297
2021-07-22 00:00:00-04:00,123.57051086425781
2021-07-23 00:00:00-04:00,124.99653625488281
2021-07-26 00:00:00-04:00,124.1884536743164
2021-07-27 00:00:00-04:00,124.76838684082031
2021-07-28 00:00:00-04:00,125.21521759033203
2021-07-29 00:00:00-04:00,125.5194091796875
2021-07-30 00:00:00-04:00,125.63350677490234
2021-08-02 00:00:00-04:00,125.80461883544922
2021-08-03 00:00:00-04:00,127.55387115478516
2021-08-04 00:00:00-04:00,127.01197814941406
2021-08-05 00:00:00-04:00,126.48912811279297
2021-08-06 00:00:00-04:00,126.3845443725586
2021-08-09 00:00:00-04:00,126.86940002441406
2021-08-10 00:00:00-04:00,126.57469940185547
2021-08-11 00:00:00-04:00,125.31979370117188
2021-08-12 00:00:00-04:00,126.30847930908203
2021-08-13 00:00:00-04:00,127.09757232666016
2021-08-16 00:00:00-04:00,128.5426483154297
2021-08-17 00:00:00-04:00,130.063720703125
2021-08-18 00:00:00-04:00,128.0862579345703
2021-08-19 00:00:00-04:00,128.66619873046875
2021-08-20 00:00:00-04:00,129.39822387695312
2021-08-23 00:00:00-04:00,129.44577026367188
2021-08-24 00:00:00-04:00,128.98944091796875
2021-08-25 00:00:00-04:00,128.63768005371094
2021-08-26 00:00:00-04:00,128.13377380371094
2021-08-27 00:00:00-04:00,127.99120330810547
2021-08-30 00:00:00-04:00,128.71372985839844
2021-08-31 00:00:00-04:00,128.5426483154297
2021-09-01 00:00:00-04:00,128.58067321777344
2021-09-02 00:00:00-04:00,129.9591522216797
2021-09-03 00:00:00-04:00,130.1017608642578
2021-09-07 00:00:00-04:00,129.34117126464844
2021-09-08 00:00:00-04:00,129.28411865234375
2021-09-09 00:00:00-04:00,127.79154968261719
2021-09-10 00:00:00-04:00,126.62222290039062
2021-09-13 00:00:00-04:00,125.84263610839844
2021-09-14 00:00:00-04:00,125.8236312866211
2021-09-15 00:00:00-04:00,126.64125061035156
2021-09-16 00:00:00-04:00,126.31797790527344
2021-09-17 00:00:00-04:00,126.44158935546875
2021-09-20 00:00:00-04:00,125.12213897705078
2021-09-21 00:00:00-04:00,125.31295013427734
2021-09-22 00:00:00-04:00,125.52284240722656
2021-09-23 00:00:00-04:00,126.42919921875
2021-09-24 00:00:00-04:00,125.91398620605469
2021-09-27 00:00:00-04:00,124.12041473388672
2021-09-28 00:00:00-04:00,121.99290466308594
2021-09-29 00:00:00-04:00,122.95648956298828
2021-09-30 00:00:00-04:00,121.44910430908203
2021-10-01 00:00:00-04:00,121.47771453857422
2021-10-04 00:00:00-04:00,119.62687683105469
2021-10-05 00:00:00-04:00,120.34241485595703
2021-10-06 00:00:00-04:00,120.12299346923828
2021-10-07 00:00:00-04:00,121.71621704101562
2021-10-08 00:00:00-04:00,121.10563659667969
2021-10-11 00:00:00-04:00,120.1611328125
2021-10-12 00:00:00-04:00,119.57918548583984
2021-10-13 00:00:00-04:00,119.76998138427734
2021-10-14 00:00:00-04:00,121.48726654052734
2021-10-15 00:00:00-04:00,122.08831024169922
2021-10-18 00:00:00-04:00,121.25829315185547
2021-10-19 00:00:00-04:00,122.85154724121094
2021-10-20 00:00:00-04:00,124.6069564819336
2021-10-21 00:00:00-04:00,125.11261749267578
2021-10-22 00:00:00-04:00,125.61824798583984
2021-10-25 00:00:00-04:00,125.77090454101562
2021-10-26 00:00:00-04:00,126.39099884033203
2021-10-27 00:00:00-04:00,125.38927459716797
2021-10-28 00:00:00-04:00,126.43872833251953
2021-10-29 00:00:00-04:00,127.66943359375
2021-11-01 00:00:00-04:00,127.51678466796875
2021-11-02 00:00:00-04:00,128.31814575195312
2021-11-03 00:00:00-04:00,129.0718536376953
2021-11-04 00:00:00-04:00,128.18460083007812
2021-11-05 00:00:00-04:00,126.75354766845703
2021-11-08 00:00:00-05:00,127.50724029541016
2021-11-09 00:00:00-05:00,127.0397720336914
2021-11-10 00:00:00-05:00,127.40227508544922
2021-11-11 00:00:00-05:00,127.03021240234375
2021-11-12 00:00:00-05:00,127.65988159179688
2021-11-15 00:00:00-05:00,126.8680191040039
2021-11-16 00:00:00-05:00,127.40227508544922
2021-11-17 00:00:00-05:00,127.58356475830078
2021-11-18 00:00:00-05:00,127.63128662109375
2021-11-19 00:00:00-05:00,126.8584976196289
2021-11-22 00:00:00-05:00,126.28605651855469
2021-11-23 00:00:00-05:00,126.41963958740234
2021-11-24 00:00:00-05:00,126.3719482421875
2021-11-26 00:00:00-05:00,125.90446472167969
2021-11-29 00:00:00-05:00,126.2479019165039
2021-11-30 00:00:00-05:00,123.76741790771484
2021-12-01 00:00:00-05:00,123.54798126220703
2021-12-02 00:00:00-05:00,124.1490478515625
2021-12-03 00:00:00-05:00,124.37799072265625
2021-12-06 00:00:00-05:00,125.08399963378906
2021-12-07 00:00:00-05:00,126.6962890625
2021-12-08 00:00:00-05:00,127.65034484863281
2021-12-09 00:00:00-05:00,127.94609832763672
2021-12-10 00:00:00-05:00,128.39450073242188
2021-12-13 00:00:00-05:00,129.60610961914062
2021-12-14 00:00:00-05:00,129.0814208984375
2021-12-15 00:00:00-05:00,131.72409057617188
2021-12-16 00:00:00-05:00,132.50637817382812
2021-12-17 00:00:00-05:00,131.5809783935547
2021-12-20 00:00:00-05:00,130.78414916992188
2021-12-21 00:00:00-05:00,131.330078125
2021-12-22 00:00:00-05:00,132.86241149902344
2021-12-23 00:00:00-05:00,133.4082794189453
2021-12-27 00:00:00-05:00,134.81610107421875
2021-12-28 00:00:00-05:00,134.46177673339844
2021-12-29 00:00:00-05:00,135.22792053222656
2021-12-30 00:00:00-05:00,135.50567626953125
2021-12-31 00:00:00-05:00,134.9310760498047
2022-01-03 00:00:00-05:00,133.5423583984375
2022-01-04 00:00:00-05:00,131.78021240234375
2022-01-05 00:00:00-05:00,130.8416290283203
2022-01-06 00:00:00-05:00,129.32846069335938
2022-01-07 00:00:00-05:00,128.6676483154297
2022-01-10 00:00:00-05:00,129.98927307128906
2022-01-11 00:00:00-05:00,131.0236053466797
2022-01-12 00:00:00-05:00,130.6500701904297
2022-01-13 00:00:00-05:00,128.6197509765625
2022-01-14 00:00:00-05:00,128.39950561523438
2022-01-18 00:00:00-05:00,126.59900665283203
2022-01-19 00:00:00-05:00,126.08183288574219
2022-01-20 00:00:00-05:00,125.25821685791016
2022-01-21 00:00:00-05:00,123.99405670166016
2022-01-24 00:00:00-05:00,123.58222961425781
2022-01-25 00:00:00-05:00,122.78733825683594
2022-01-26 00:00:00-05:00,122.14567565917969
2022-01-27 00:00:00-05:00,122.46172332763672
2022-01-28 00:00:00-05:00,124.96133422851562
2022-01-31 00:00:00-05:00,125.67959594726562
2022-02-01 00:00:00-05:00,126.01481628417969
2022-02-02 00:00:00-05:00,127.70994567871094
2022-02-03 00:00:00-05:00,127.16407012939453
2022-02-04 00:00:00-05:00,126.704345703125
2022-02-07 00:00:00-05:00,126.4841079711914
2022-02-08 00:00:00-05:00,127.51840209960938
2022-02-09 00:00:00-05:00,128.50482177734375
2022-02-10 00:00:00-05:00,126.49365997314453
2022-02-11 00:00:00-05:00,124.74105072021484
2022-02-14 00:00:00-05:00,123.46731567382812
2022-02-15 00:00:00-05:00,124.85598754882812
2022-02-16 00:00:00-05:00,125.04753112792969
2022-02-17 00:00:00-05:00,123.03633880615234
2022-02-18 00:00:00-05:00,122.11695098876953
2022-02-22 00:00:00-05:00,121.81047821044922
2022-02-23 00:00:00-05:00,121.19754791259766
2022-02-24 00:00:00-05:00,121.68598175048828
2022-02-25 00:00:00-05:00,125.41145324707031
2022-02-28 00:00:00-05:00,124.46331787109375
2022-03-01 00:00:00-05:00,123.7737808227539
2022-03-02 00:00:00-05:00,125.64132690429688
2022-03-03 00:00:00-05:00,126.282958984375
2022-03-04 00:00:00-05:00,126.91503143310547
2022-03-07 00:00:00-05:00,124.70274353027344
2022-03-08 00:00:00-05:00,122.15526580810547
2022-03-09 00:00:00-05:00,124.46331787109375
2022-03-10 00:00:00-05:00,124.4154281616211
2022-03-11 00:00:00-05:00,123.48645782470703
2022-03-14 00:00:00-04:00,124.35797119140625
2022-03-15 00:00:00-04:00,126.83842468261719
2022-03-16 00:00:00-04:00,128.36122131347656
2022-03-17 00:00:00-04:00,130.3914794921875
2022-03-18 00:00:00-04:00,131.19598388671875
2022-03-21 00:00:00-04:00,131.09608459472656
2022-03-22 00:00:00-04:00,131.12489318847656
2022-03-23 00:00:00-04:00,128.77117919921875
2022-03-24 00:00:00-04:00,130.3083038330078
2022-03-25 00:00:00-04:00,130.91354370117188
2022-03-28 00:00:00-04:00,131.86460876464844
2022-03-29 00:00:00-04:00,132.6427764892578
2022-03-30 00:00:00-04:00,132.90216064453125
2022-03-31 00:00:00-04:00,131.60523986816406
2022-04-01 00:00:00-04:00,132.6427764892578
2022-04-04 00:00:00-04:00,131.53797912597656
2022-04-05 00:00:00-04:00,131.8166046142578
2022-04-06 00:00:00-04:00,133.82443237304688
2022-04-07 00:00:00-04:00,136.39907836914062
2022-04-08 00:00:00-04:00,137.21568298339844
2022-04-11 00:00:00-04:00,134.48733520507812
2022-04-12 00:00:00-04:00,133.18080139160156
2022-04-13 00:00:00-04:00,133.83404541015625
2022-04-14 00:00:00-04:00,133.19036865234375
2022-04-18 00:00:00-04:00,131.72052001953125
2022-04-19 00:00:00-04:00,132.97903442382812
2022-04-20 00:00:00-04:00,134.7659149169922
2022-04-21 00:00:00-04:00,133.27685546875
2022-04-22 00:00:00-04:00,128.41574096679688
2022-04-25 00:00:00-04:00,129.28038024902344
2022-04-26 00:00:00-04:00,127.00352478027344
2022-04-27 00:00:00-04:00,126.72494506835938
2022-04-28 00:00:00-04:00,128.473388671875
2022-04-29 00:00:00-04:00,125.1686019897461
2022-05-02 00:00:00-04:00,124.39044189453125
2022-05-03 00:00:00-04:00,124.7843246459961
2022-05-04 00:00:00-04:00,127.55110931396484
2022-05-05 00:00:00-04:00,125.0725326538086
2022-05-06 00:00:00-04:00,124.67864227294922
2022-05-09 00:00:00-04:00,121.45072174072266
2022-05-10 00:00:00-04:00,121.8830337524414
2022-05-11 00:00:00-04:00,121.07604217529297
2022-05-12 00:00:00-04:00,122.24810028076172
2022-05-13 00:00:00-04:00,123.5450439453125
2022-05-16 00:00:00-04:00,124.45767974853516
2022-05-17 00:00:00-04:00,126.16771697998047
2022-05-18 00:00:00-04:00,122.91098022460938
2022-05-19 00:00:00-04:00,123.17996978759766
2022-05-20 00:00:00-04:00,124.67864227294922
2022-05-23 00:00:00-04:00,125.77383422851562
2022-05-24 00:00:00-04:00,126.14851379394531
2022-05-25 00:00:00-04:00,126.11006927490234
2022-05-26 00:00:00-04:00,126.6480712890625
2022-05-27 00:00:00-04:00,128.75196838378906
2022-05-31 00:00:00-04:00,127.0323486328125
2022-06-01 00:00:00-04:00,125.20703887939453
2022-06-02 00:00:00-04:00,126.19654846191406
2022-06-03 00:00:00-04:00,124.71707153320312
2022-06-06 00:00:00-04:00,124.73628997802734
2022-06-07 00:00:00-04:00,126.35986328125
2022-06-08 00:00:00-04:00,125.3607406616211
2022-06-09 00:00:00-04:00,122.52669525146484
2022-06-10 00:00:00-04:00,120.5572738647461
2022-06-13 00:00:00-04:00,116.90665435791016
2022-06-14 00:00:00-04:00,115.792236328125
2022-06-15 00:00:00-04:00,116.96427917480469
2022-06-16 00:00:00-04:00,115.2446517944336
2022-06-17 00:00:00-04:00,115.17740631103516
2022-06-21 00:00:00-04:00,118.2780990600586
2022-06-22 00:00:00-04:00,119.91817474365234
2022-06-23 00:00:00-04:00,122.60982513427734
2022-06-24 00:00:00-04:00,124.64542388916016
2022-06-27 00:00:00-04:00,125.1084976196289
2022-06-28 00:00:00-04:00,122.92818450927734
2022-06-29 00:00:00-04:00,123.9990463256836
2022-06-30 00:00:00-04:00,123.71929168701172
2022-07-01 00:00:00-04:00,125.1084976196289
2022-07-05 00:00:00-04:00,124.38494110107422
2022-07-06 00:00:00-04:00,125.22427368164062
2022-07-07 00:00:00-04:00,125.75492095947266
2022-07-08 00:00:00-04:00,126.13116455078125
2022-07-11 00:00:00-04:00,125.81278991699219
2022-07-12 00:00:00-04:00,124.21131134033203
2022-07-13 00:00:00-04:00,123.00537109375
2022-07-14 00:00:00-04:00,122.6484146118164
2022-07-15 00:00:00-04:00,125.61019134521484
2022-07-18 00:00:00-04:00,122.95712280273438
2022-07-19 00:00:00-04:00,125.05062866210938
2022-07-20 00:00:00-04:00,123.81575012207031
2022-07-21 00:00:00-04:00,125.77420043945312
2022-07-22 00:00:00-04:00,125.25321960449219
2022-07-25 00:00:00-04:00,125.90924072265625
2022-07-26 00:00:00-04:00,126.55562591552734
2022-07-27 00:00:00-04:00,127.34673309326172
2022-07-28 00:00:00-04:00,128.15711975097656
2022-07-29 00:00:00-04:00,127.73263549804688
2022-08-01 00:00:00-04:00,126.78716278076172
2022-08-02 00:00:00-04:00,126.33374786376953
2022-08-03 00:00:00-04:00,127.49143981933594
2022-08-04 00:00:00-04:00,126.8643798828125
2022-08-05 00:00:00-04:00,126.81612396240234
2022-08-08 00:00:00-04:00,127.11518859863281
2022-08-09 00:00:00-04:00,126.72930145263672
2022-08-10 00:00:00-04:00,128.10887145996094
2022-08-11 00:00:00-04:00,127.27920532226562
2022-08-12 00:00:00-04:00,128.9096221923828
2022-08-15 00:00:00-04:00,129.5559844970703
2022-08-16 00:00:00-04:00,129.2086944580078
2022-08-17 00:00:00-04:00,128.45619201660156
2022-08-18 00:00:00-04:00,127.8869857788086
2022-08-19 00:00:00-04:00,128.23428344726562
2022-08-22 00:00:00-04:00,126.55562591552734
2022-08-23 00:00:00-04:00,124.7901611328125
2022-08-24 00:00:00-04:00,124.94451141357422
2022-08-25 00:00:00-04:00,126.3240966796875
2022-08-26 00:00:00-04:00,122.80278015136719
2022-08-29 00:00:00-04:00,121.94414520263672
2022-08-30 00:00:00-04:00,121.1337661743164
2022-08-31 00:00:00-04:00,120.3619613647461
2022-09-01 00:00:00-04:00,122.3396987915039
2022-09-02 00:00:00-04:00,120.58385467529297
2022-09-06 00:00:00-04:00,120.69961547851562
2022-09-07 00:00:00-04:00,122.66769409179688
2022-09-08 00:00:00-04:00,124.79981231689453
2022-09-09 00:00:00-04:00,125.8996353149414
2022-09-12 00:00:00-04:00,126.73893737792969
2022-09-13 00:00:00-04:00,122.55193328857422
2022-09-14 00:00:00-04:00,122.61947631835938
2022-09-15 00:00:00-04:00,123.304443359375
2022-09-16 00:00:00-04:00,122.95712280273438
2022-09-19 00:00:00-04:00,122.29461669921875
2022-09-20 00:00:00-04:00,120.861083984375
2022-09-21 00:00:00-04:00,118.85611724853516
2022-09-22 00:00:00-04:00,119.4856948852539
2022-09-23 00:00:00-04:00,118.87548065185547
2022-09-26 00:00:00-04:00,117.74221801757812
2022-09-27 00:00:00-04:00,117.38384246826172
2022-09-28 00:00:00-04:00,119.95061492919922
2022-09-29 00:00:00-04:00,118.94328308105469
2022-09-30 00:00:00-04:00,117.30635833740234
2022-10-03 00:00:00-04:00,119.71814727783203
2022-10-04 00:00:00-04:00,122.49801635742188
2022-10-05 00:00:00-04:00,122.90482330322266
2022-10-06 00:00:00-04:00,121.33570098876953
2022-10-07 00:00:00-04:00,118.76892852783203
2022-10-10 00:00:00-04:00,118.02311706542969
2022-10-11 00:00:00-04:00,118.65270233154297
2022-10-12 00:00:00-04:00,118.07154846191406
2022-10-13 00:00:00-04:00,120.82234954833984
2022-10-14 00:00:00-04:00,120.00872802734375
2022-10-17 00:00:00-04:00,121.93624114990234
2022-10-18 00:00:00-04:00,122.61425018310547
2022-10-19 00:00:00-04:00,120.89983367919922
2022-10-20 00:00:00-04:00,119.87312316894531
2022-10-21 00:00:00-04:00,122.56582641601562
2022-10-24 00:00:00-04:00,124.92919158935547
2022-10-25 00:00:00-04:00,125.8783950805664
2022-10-26 00:00:00-04:00,127.27316284179688
2022-10-27 00:00:00-04:00,126.60485076904297
2022-10-28 00:00:00-04:00,128.6873321533203
2022-10-31 00:00:00-04:00,128.58078002929688
2022-11-01 00:00:00-04:00,128.6582794189453
2022-11-02 00:00:00-04:00,126.46926879882812
2022-11-03 00:00:00-04:00,125.9365234375
2022-11-04 00:00:00-04:00,126.70170593261719
2022-11-07 00:00:00-05:00,128.05775451660156
2022-11-08 00:00:00-05:00,128.69700622558594
2022-11-09 00:00:00-05:00,127.31192779541016
2022-11-10 00:00:00-05:00,130.54702758789062
2022-11-11 00:00:00-05:00,128.94886779785156
2022-11-14 00:00:00-05:00,129.0650634765625
2022-11-15 00:00:00-05:00,128.9004364013672
2022-11-16 00:00:00-05:00,128.8423309326172
2022-11-17 00:00:00-05:00,128.78419494628906
2022-11-18 00:00:00-05:00,130.3436279296875
2022-11-21 00:00:00-05:00,130.40174865722656
2022-11-22 00:00:00-05:00,131.5349884033203
2022-11-23 00:00:00-05:00,132.0580291748047
2022-11-25 00:00:00-05:00,132.8426055908203
2022-11-28 00:00:00-05:00,131.84495544433594
2022-11-29 00:00:00-05:00,131.51560974121094
2022-11-30 00:00:00-05:00,134.65386962890625
2022-12-01 00:00:00-05:00,135.0413055419922
2022-12-02 00:00:00-05:00,135.38998413085938
2022-12-05 00:00:00-05:00,134.0920867919922
2022-12-06 00:00:00-05:00,133.07505798339844
2022-12-07 00:00:00-05:00,134.16958618164062
2022-12-08 00:00:00-05:00,135.38034057617188
2022-12-09 00:00:00-05:00,133.6465301513672
2022-12-12 00:00:00-05:00,135.0703582763672
2022-12-13 00:00:00-05:00,135.4868927001953
2022-12-14 00:00:00-05:00,135.69996643066406
2022-12-15 00:00:00-05:00,133.21066284179688
2022-12-16 00:00:00-05:00,131.27345275878906
2022-12-19 00:00:00-05:00,130.7832794189453
2022-12-20 00:00:00-05:00,130.75413513183594
2022-12-21 00:00:00-05:00,132.47560119628906
2022-12-22 00:00:00-05:00,132.29080200195312
2022-12-23 00:00:00-05:00,132.3686065673828
2022-12-27 00:00:00-05:00,132.0281982421875
2022-12-28 00:00:00-05:00,131.17233276367188
2022-12-29 00:00:00-05:00,132.60202026367188
2022-12-30 00:00:00-05:00,132.1254425048828
2023-01-03 00:00:00-05:00,131.74615478515625
2023-01-04 00:00:00-05:00,132.09628295898438
2023-01-05 00:00:00-05:00,130.744384765625
2023-01-06 00:00:00-05:00,131.95037841796875
2023-01-09 00:00:00-05:00,129.74261474609375
2023-01-10 00:00:00-05:00,130.83192443847656
2023-01-11 00:00:00-05:00,131.5710906982422
2023-01-12 00:00:00-05:00,131.1528778076172
2023-01-13 00:00:00-05:00,131.73643493652344
2023-01-17 00:00:00-05:00,131.1237030029297
2023-01-18 00:00:00-05:00,129.27578735351562
2023-01-19 00:00:00-05:00,129.58702087402344
2023-01-20 00:00:00-05:00,130.23866271972656
2023-01-23 00:00:00-05:00,130.68603515625
2023-01-24 00:00:00-05:00,129.8204345703125
2023-01-25 00:00:00-05:00,129.85934448242188
2023-01-26 00:00:00-05:00,130.10250854492188
2023-01-27 00:00:00-05:00,129.21742248535156
2023-01-30 00:00:00-05:00,128.05032348632812
2023-01-31 00:00:00-05:00,129.70372009277344
2023-02-01 00:00:00-05:00,130.3164520263672
2023-02-02 00:00:00-05:00,129.43141174316406
2023-02-03 00:00:00-05:00,129.05209350585938
2023-02-06 00:00:00-05:00,128.33238220214844
2023-02-07 00:00:00-05:00,129.15908813476562
2023-02-08 00:00:00-05:00,128.77976989746094
2023-02-09 00:00:00-05:00,127.65158081054688
2023-02-10 00:00:00-05:00,128.85757446289062
2023-02-13 00:00:00-05:00,129.9274139404297
2023-02-14 00:00:00-05:00,129.15908813476562
2023-02-15 00:00:00-05:00,128.5171661376953
2023-02-16 00:00:00-05:00,127.23335266113281
2023-02-17 00:00:00-05:00,128.37127685546875
2023-02-21 00:00:00-05:00,126.7081527709961
2023-02-22 00:00:00-05:00,126.28024291992188
2023-02-23 00:00:00-05:00,126.6206283569336
2023-02-24 00:00:00-05:00,124.9866943359375
2023-02-27 00:00:00-05:00,124.60738372802734
2023-02-28 00:00:00-05:00,123.68343353271484
2023-03-01 00:00:00-05:00,123.47920227050781
2023-03-02 00:00:00-05:00,124.23780059814453
2023-03-03 00:00:00-05:00,125.62860870361328
2023-03-06 00:00:00-05:00,125.57025146484375
2023-03-07 00:00:00-05:00,123.5472640991211
2023-03-08 00:00:00-05:00,122.88592529296875
2023-03-09 00:00:00-05:00,121.6410140991211
2023-03-10 00:00:00-05:00,120.74623107910156
2023-03-13 00:00:00-04:00,121.87442779541016
2023-03-14 00:00:00-04:00,122.96372985839844
2023-03-15 00:00:00-04:00,122.85672760009766
2023-03-16 00:00:00-04:00,124.00438690185547
2023-03-17 00:00:00-04:00,122.40935516357422
2023-03-20 00:00:00-04:00,123.9608154296875
2023-03-21 00:00:00-04:00,124.71263122558594
2023-03-22 00:00:00-04:00,122.82821655273438
2023-03-23 00:00:00-04:00,122.59387969970703
2023-03-24 00:00:00-04:00,124.29277801513672
2023-03-27 00:00:00-04:00,124.80049896240234
2023-03-28 00:00:00-04:00,124.04869079589844
2023-03-29 00:00:00-04:00,124.39041900634766
2023-03-30 00:00:00-04:00,125.06411743164062
2023-03-31 00:00:00-04:00,126.40177154541016
2023-04-03 00:00:00-04:00,127.81751251220703
2023-04-04 00:00:00-04:00,127.83702850341797
2023-04-05 00:00:00-04:00,130.0436553955078
2023-04-06 00:00:00-04:00,130.3658447265625
2023-04-10 00:00:00-04:00,130.27796936035156
2023-04-11 00:00:00-04:00,130.7173614501953
2023-04-12 00:00:00-04:00,130.7563934326172
2023-04-13 00:00:00-04:00,132.45529174804688
2023-04-14 00:00:00-04:00,131.39105224609375
2023-04-17 00:00:00-04:00,131.2836456298828
2023-04-18 00:00:00-04:00,130.3853759765625
2023-04-19 00:00:00-04:00,130.7856903076172
2023-04-20 00:00:00-04:00,130.24868774414062
2023-04-21 00:00:00-04:00,131.12742614746094
2023-04-24 00:00:00-04:00,131.85971069335938
2023-04-25 00:00:00-04:00,130.45370483398438
2023-04-26 00:00:00-04:00,128.5985870361328
2023-04-27 00:00:00-04:00,129.2722930908203
2023-04-28 00:00:00-04:00,130.3756103515625
2023-05-01 00:00:00-04:00,131.04930114746094
2023-05-02 00:00:00-04:00,130.48300170898438
2023-05-03 00:00:00-04:00,130.30728149414062
2023-05-04 00:00:00-04:00,129.2722930908203
2023-05-05 00:00:00-04:00,130.43417358398438
2023-05-08 00:00:00-04:00,130.15103149414062
2023-05-09 00:00:00-04:00,129.28208923339844
2023-05-10 00:00:00-04:00,129.64332580566406
2023-05-11 00:00:00-04:00,129.2429962158203
2023-05-12 00:00:00-04:00,129.06727600097656
2023-05-15 00:00:00-04:00,128.84271240234375
2023-05-16 00:00:00-04:00,127.7686996459961
2023-05-17 00:00:00-04:00,127.92491149902344
2023-05-18 00:00:00-04:00,127.6124496459961
2023-05-19 00:00:00-04:00,128.2080535888672
2023-05-22 00:00:00-04:00,128.33497619628906
2023-05-23 00:00:00-04:00,126.92900085449219
2023-05-24 00:00:00-04:00,126.06002044677734
2023-05-25 00:00:00-04:00,124.77120971679688
2023-05-26 00:00:00-04:00,124.51734924316406
2023-05-30 00:00:00-04:00,123.74600982666016
2023-05-31 00:00:00-04:00,124.81025695800781
2023-06-01 00:00:00-04:00,125.63041687011719
2023-06-02 00:00:00-04:00,127.24142456054688
2023-06-05 00:00:00-04:00,127.7003173828125
2023-06-06 00:00:00-04:00,126.63607025146484
2023-06-07 00:00:00-04:00,126.13813781738281
2023-06-08 00:00:00-04:00,126.94853973388672
2023-06-09 00:00:00-04:00,127.3390884399414
2023-06-12 00:00:00-04:00,127.7979736328125
2023-06-13 00:00:00-04:00,128.44239807128906
2023-06-14 00:00:00-04:00,127.124267578125
2023-06-15 00:00:00-04:00,129.0965576171875
2023-06-16 00:00:00-04:00,129.08680725097656
2023-06-20 00:00:00-04:00,128.94171142578125
2023-06-21 00:00:00-04:00,128.9613037109375
2023-06-22 00:00:00-04:00,129.84365844726562
2023-06-23 00:00:00-04:00,129.41229248046875
2023-06-26 00:00:00-04:00,128.67698669433594
2023-06-27 00:00:00-04:00,128.3828582763672
2023-06-28 00:00:00-04:00,127.97111511230469
2023-06-29 00:00:00-04:00,128.804443359375
2023-06-30 00:00:00-04:00,130.1279754638672
2023-07-03 00:00:00-04:00,129.05934143066406
2023-07-05 00:00:00-04:00,128.99073791503906
2023-07-06 00:00:00-04:00,127.96128845214844
2023-07-07 00:00:00-04:00,126.47109985351562
2023-07-10 00:00:00-04:00,127.47110748291016
2023-07-11 00:00:00-04:00,127.5005111694336
2023-07-12 00:00:00-04:00,127.15735626220703
2023-07-13 00:00:00-04:00,127.20639038085938
2023-07-14 00:00:00-04:00,129.11814880371094
2023-07-17 00:00:00-04:00,128.52992248535156
2023-07-18 00:00:00-04:00,129.48092651367188
2023-07-19 00:00:00-04:00,130.07894897460938
2023-07-20 00:00:00-04:00,132.23582458496094
2023-07-21 00:00:00-04:00,133.5691680908203
2023-07-24 00:00:00-04:00,133.27503967285156
2023-07-25 00:00:00-04:00,133.21621704101562
2023-07-26 00:00:00-04:00,133.12796020507812
2023-07-27 00:00:00-04:00,132.14759826660156
2023-07-28 00:00:00-04:00,132.53976440429688
2023-07-31 00:00:00-04:00,131.52012634277344
2023-08-01 00:00:00-04:00,130.8338623046875
2023-08-02 00:00:00-04:00,130.92208862304688
2023-08-03 00:00:00-04:00,130.26522827148438
2023-08-04 00:00:00-04:00,129.80442810058594
2023-08-07 00:00:00-04:00,131.304443359375
2023-08-08 00:00:00-04:00,132.31427001953125
2023-08-09 00:00:00-04:00,132.27505493164062
2023-08-10 00:00:00-04:00,132.1868133544922
2023-08-11 00:00:00-04:00,133.0103302001953
2023-08-14 00:00:00-04:00,133.41229248046875
2023-08-15 00:00:00-04:00,132.922119140625
2023-08-16 00:00:00-04:00,131.91229248046875
2023-08-17 00:00:00-04:00,130.86326599121094
2023-08-18 00:00:00-04:00,130.91229248046875
2023-08-21 00:00:00-04:00,131.04954528808594
2023-08-22 00:00:00-04:00,130.58876037597656
2023-08-23 00:00:00-04:00,130.98092651367188
2023-08-24 00:00:00-04:00,129.84365844726562
2023-08-25 00:00:00-04:00,130.79464721679688
2023-08-28 00:00:00-04:00,131.0985565185547
2023-08-29 00:00:00-04:00,132.27505493164062
2023-08-30 00:00:00-04:00,132.17701721191406
2023-08-31 00:00:00-04:00,130.59857177734375
2023-09-01 00:00:00-04:00,130.95152282714844
2023-09-05 00:00:00-04:00,129.5985565185547
2023-09-06 00:00:00-04:00,128.89266967773438
2023-09-07 00:00:00-04:00,129.4711151123047
2023-09-08 00:00:00-04:00,129.4711151123047
2023-09-11 00:00:00-04:00,130.36326599121094
2023-09-12 00:00:00-04:00,130.1966094970703
2023-09-13 00:00:00-04:00,130.2162322998047
2023-09-14 00:00:00-04:00,130.6279754638672
2023-09-15 00:00:00-04:00,129.5985565185547
2023-09-18 00:00:00-04:00,129.4016571044922
2023-09-19 00:00:00-04:00,129.50994873046875
2023-09-20 00:00:00-04:00,129.51980590820312
2023-09-21 00:00:00-04:00,128.38772583007812
2023-09-22 00:00:00-04:00,128.12191772460938
2023-09-25 00:00:00-04:00,128.8208770751953
2023-09-26 00:00:00-04:00,127.72816467285156
2023-09-27 00:00:00-04:00,127.08830261230469
2023-09-28 00:00:00-04:00,127.69864654541016
2023-09-29 00:00:00-04:00,126.7339096069336
2023-10-02 00:00:00-04:00,126.55670928955078
2023-10-03 00:00:00-04:00,125.4344711303711
2023-10-04 00:00:00-04:00,125.96604919433594
2023-10-05 00:00:00-04:00,126.6551513671875
2023-10-06 00:00:00-04:00,127.9841079711914
2023-10-09 00:00:00-04:00,128.42710876464844
2023-10-10 00:00:00-04:00,129.03744506835938
2023-10-11 00:00:00-04:00,128.4664764404297
2023-10-12 00:00:00-04:00,127.36393737792969
2023-10-13 00:00:00-04:00,128.1613006591797
2023-10-16 00:00:00-04:00,129.12603759765625
2023-10-17 00:00:00-04:00,128.94886779785156
2023-10-18 00:00:00-04:00,127.82661437988281
2023-10-19 00:00:00-04:00,126.56655883789062
2023-10-20 00:00:00-04:00,126.06449890136719
2023-10-23 00:00:00-04:00,125.27696990966797
2023-10-24 00:00:00-04:00,125.66088104248047
2023-10-25 00:00:00-04:00,124.53865814208984
2023-10-26 00:00:00-04:00,123.3081283569336
2023-10-27 00:00:00-04:00,121.22115325927734
2023-10-30 00:00:00-04:00,121.9004135131836
2023-10-31 00:00:00-04:00,122.59934997558594
2023-11-01 00:00:00-04:00,122.85530853271484
2023-11-02 00:00:00-04:00,124.804443359375
2023-11-03 00:00:00-04:00,125.42462921142578
2023-11-06 00:00:00-05:00,126.26136779785156
2023-11-07 00:00:00-05:00,126.34999084472656
2023-11-08 00:00:00-05:00,126.17278289794922
2023-11-09 00:00:00-05:00,123.56407165527344
2023-11-10 00:00:00-05:00,124.3023910522461
2023-11-13 00:00:00-05:00,125.02101135253906
2023-11-14 00:00:00-05:00,125.86761474609375
2023-11-15 00:00:00-05:00,125.96604919433594
2023-11-16 00:00:00-05:00,126.50747680664062
2023-11-17 00:00:00-05:00,126.25154113769531
2023-11-20 00:00:00-05:00,127.01937866210938
2023-11-21 00:00:00-05:00,127.78722381591797
2023-11-22 00:00:00-05:00,128.39756774902344
2023-11-24 00:00:00-05:00,129.086669921875
2023-11-27 00:00:00-05:00,128.27943420410156
2023-11-28 00:00:00-05:00,127.61986541748047
2023-11-29 00:00:00-05:00,127.65924072265625
2023-11-30 00:00:00-05:00,129.26385498046875
2023-12-01 00:00:00-05:00,129.7757568359375
2023-12-04 00:00:00-05:00,130.02186584472656
2023-12-05 00:00:00-05:00,129.85450744628906
2023-12-06 00:00:00-05:00,129.95294189453125
2023-12-07 00:00:00-05:00,129.7954559326172
2023-12-08 00:00:00-05:00,130.01202392578125
2023-12-11 00:00:00-05:00,130.86846923828125
2023-12-12 00:00:00-05:00,131.42955017089844
2023-12-13 00:00:00-05:00,133.8512420654297
2023-12-14 00:00:00-05:00,133.20152282714844
2023-12-15 00:00:00-05:00,132.06944274902344
2023-12-18 00:00:00-05:00,132.28500366210938
2023-12-19 00:00:00-05:00,133.17494201660156
2023-12-20 00:00:00-05:00,131.24673461914062
2023-12-21 00:00:00-05:00,132.84864807128906
2023-12-22 00:00:00-05:00,133.5111541748047
2023-12-26 00:00:00-05:00,133.8078155517578
2023-12-27 00:00:00-05:00,134.37142944335938
2023-12-28 00:00:00-05:00,134.71751403808594
2023-12-29 00:00:00-05:00,134.85595703125
2024-01-02 00:00:00-05:00,137.22914123535156
2024-01-03 00:00:00-05:00,137.00169372558594
2024-01-04 00:00:00-05:00,137.6840057373047
2024-01-05 00:00:00-05:00,137.56533813476562
2024-01-08 00:00:00-05:00,138.78158569335938
2024-01-09 00:00:00-05:00,138.76181030273438
2024-01-10 00:00:00-05:00,139.3946533203125
2024-01-11 00:00:00-05:00,139.2957763671875
2024-01-12 00:00:00-05:00,138.94969177246094
2024-01-16 00:00:00-05:00,138.11904907226562
2024-01-17 00:00:00-05:00,137.84219360351562
2024-01-18 00:00:00-05:00,137.8224334716797
2024-01-19 00:00:00-05:00,137.9015350341797
2024-01-22 00:00:00-05:00,138.50473022460938
2024-01-23 00:00:00-05:00,138.40582275390625
2024-01-24 00:00:00-05:00,137.14015197753906
2024-01-25 00:00:00-05:00,136.93246459960938
2024-01-26 00:00:00-05:00,137.71365356445312
2024-01-29 00:00:00-05:00,138.68272399902344
2024-01-30 00:00:00-05:00,138.99913024902344
2024-01-31 00:00:00-05:00,138.81124877929688
2024-02-01 00:00:00-05:00,140.6109161376953
2024-02-02 00:00:00-05:00,140.4032745361328
2024-02-05 00:00:00-05:00,140.83834838867188
2024-02-06 00:00:00-05:00,142.37100219726562
2024-02-07 00:00:00-05:00,142.7566680908203
2024-02-08 00:00:00-05:00,142.50946044921875
2024-02-09 00:00:00-05:00,142.4006805419922
2024-02-12 00:00:00-05:00,142.58856201171875
2024-02-13 00:00:00-05:00,141.2635498046875
2024-02-14 00:00:00-05:00,142.48968505859375
2024-02-15 00:00:00-05:00,143.52793884277344
2024-02-16 00:00:00-05:00,143.99269104003906
2024-02-20 00:00:00-05:00,143.50816345214844
2024-02-21 00:00:00-05:00,143.8245849609375
2024-02-22 00:00:00-05:00,145.51548767089844
2024-02-23 00:00:00-05:00,146.20765686035156
2024-02-26 00:00:00-05:00,145.45616149902344
2024-02-27 00:00:00-05:00,145.10018920898438
2024-02-28 00:00:00-05:00,144.37832641601562
2024-02-29 00:00:00-05:00,143.20164489746094
2024-03-01 00:00:00-05:00,144.70465087890625
2024-03-04 00:00:00-05:00,144.4871063232422
2024-03-05 00:00:00-05:00,143.40928649902344
2024-03-06 00:00:00-05:00,144.3882293701172
2024-03-07 00:00:00-05:00,145.06063842773438
2024-03-08 00:00:00-05:00,144.79364013671875
2024-03-11 00:00:00-04:00,144.71453857421875
2024-03-12 00:00:00-04:00,145.38693237304688
2024-03-13 00:00:00-04:00,144.8233184814453
2024-03-14 00:00:00-04:00,144.30911254882812
2024-03-15 00:00:00-04:00,143.735595703125
2024-03-18 00:00:00-04:00,143.71875
2024-03-19 00:00:00-04:00,144.6714324951172
2024-03-20 00:00:00-04:00,144.34393310546875
2024-03-21 00:00:00-04:00,144.53250122070312
2024-03-22 00:00:00-04:00,144.33401489257812
2024-03-25 00:00:00-04:00,144.1355438232422
2024-03-26 00:00:00-04:00,144.66151428222656
2024-03-27 00:00:00-04:00,146.58676147460938
2024-03-28 00:00:00-04:00,146.60659790039062
2024-04-01 00:00:00-04:00,145.35618591308594
2024-04-02 00:00:00-04:00,143.09352111816406
2024-04-03 00:00:00-04:00,142.9347381591797
2024-04-04 00:00:00-04:00,140.8705596923828
2024-04-05 00:00:00-04:00,142.1309051513672
2024-04-08 00:00:00-04:00,141.6743927001953
2024-04-09 00:00:00-04:00,142.18052673339844
2024-04-10 00:00:00-04:00,140.51329040527344
2024-04-11 00:00:00-04:00,139.9376983642578
2024-04-12 00:00:00-04:00,137.85366821289062
2024-04-15 00:00:00-04:00,137.5758056640625
2024-04-16 00:00:00-04:00,137.6254119873047
2024-04-17 00:00:00-04:00,137.3872528076172
2024-04-18 00:00:00-04:00,137.3773193359375
2024-04-19 00:00:00-04:00,137.8933563232422
2024-04-22 00:00:00-04:00,138.41934204101562
2024-04-23 00:00:00-04:00,140.22549438476562
2024-04-24 00:00:00-04:00,139.78884887695312
2024-04-25 00:00:00-04:00,138.85598754882812
2024-04-26 00:00:00-04:00,138.89569091796875
2024-04-29 00:00:00-04:00,139.3621063232422
2024-04-30 00:00:00-04:00,139.26287841796875
2024-05-01 00:00:00-04:00,139.51097106933594
2024-05-02 00:00:00-04:00,139.41172790527344
2024-05-03 00:00:00-04:00,139.75906372070312
2024-05-06 00:00:00-04:00,140.32472229003906
2024-05-07 00:00:00-04:00,141.48583984375
2024-05-08 00:00:00-04:00,140.9995574951172
2024-05-09 00:00:00-04:00,142.2102813720703
2024-05-10 00:00:00-04:00,142.49807739257812
2024-05-13 00:00:00-04:00,142.35914611816406
2024-05-14 00:00:00-04:00,142.96450805664062
2024-05-15 00:00:00-04:00,145.08824157714844
2024-05-16 00:00:00-04:00,144.91952514648438
2024-05-17 00:00:00-04:00,145.19740295410156
2024-05-20 00:00:00-04:00,144.88975524902344
2024-05-21 00:00:00-04:00,145.1378631591797
2024-05-22 00:00:00-04:00,145.3958740234375
2024-05-23 00:00:00-04:00,143.8080596923828
2024-05-24 00:00:00-04:00,143.32177734375
2024-05-28 00:00:00-04:00,141.5850830078125
2024-05-29 00:00:00-04:00,140.4835205078125
2024-05-30 00:00:00-04:00,140.55299377441406
2024-05-31 00:00:00-04:00,142.60723876953125
2024-06-03 00:00:00-04:00,143.6095733642578
2024-06-04 00:00:00-04:00,144.0263671875
2024-06-05 00:00:00-04:00,144.6813507080078
2024-06-06 00:00:00-04:00,145.15771484375
2024-06-07 00:00:00-04:00,145.3164825439453
2024-06-10 00:00:00-04:00,145.85238647460938
2024-06-11 00:00:00-04:00,145.2470245361328
2024-06-12 00:00:00-04:00,144.9393768310547
2024-06-13 00:00:00-04:00,144.82028198242188
2024-06-14 00:00:00-04:00,144.77066040039062
2024-06-17 00:00:00-04:00,144.62181091308594
2024-06-18 00:00:00-04:00,144.81036376953125
2024-06-20 00:00:00-04:00,145.2866973876953
2024-06-21 00:00:00-04:00,145.693603515625
2024-06-24 00:00:00-04:00,146.54342651367188
2024-06-25 00:00:00-04:00,146.08514404296875
2024-06-26 00:00:00-04:00,145.56707763671875
2024-06-27 00:00:00-04:00,145.3279571533203
2024-06-28 00:00:00-04:00,145.20840454101562
2024-07-01 00:00:00-04:00,144.39144897460938
2024-07-02 00:00:00-04:00,143.86341857910156
2024-07-03 00:00:00-04:00,142.76751708984375
2024-07-05 00:00:00-04:00,143.87339782714844
2024-07-08 00:00:00-04:00,143.7139892578125
2024-07-09 00:00:00-04:00,144.411376953125
2024-07-10 00:00:00-04:00,145.77630615234375
2024-07-11 00:00:00-04:00,146.80247497558594
2024-07-12 00:00:00-04:00,147.71905517578125
2024-07-15 00:00:00-04:00,147.2009735107422
2024-07-16 00:00:00-04:00,149.3031463623047
2024-07-17 00:00:00-04:00,149.98060607910156
2024-07-18 00:00:00-04:00,146.5733184814453
2024-07-19 00:00:00-04:00,147.32052612304688
2024-07-22 00:00:00-04:00,148.16737365722656
2024-07-23 00:00:00-04:00,148.0777130126953
2024-07-24 00:00:00-04:00,149.31309509277344
2024-07-25 00:00:00-04:00,148.56588745117188
2024-07-26 00:00:00-04:00,149.40277099609375
2024-07-29 00:00:00-04:00,149.492431640625
2024-07-30 00:00:00-04:00,149.6219482421875
2024-07-31 00:00:00-04:00,149.07400512695312
2024-08-01 00:00:00-04:00,150.5983123779297
2024-08-02 00:00:00-04:00,150.29942321777344
2024-08-05 00:00:00-04:00,146.28439331054688
2024-08-06 00:00:00-04:00,146.9618682861328
2024-08-07 00:00:00-04:00,145.46743774414062
2024-08-08 00:00:00-04:00,148.68545532226562
2024-08-09 00:00:00-04:00,149.4226837158203
2024-08-12 00:00:00-04:00,148.8548126220703
2024-08-13 00:00:00-04:00,150.6580810546875
2024-08-14 00:00:00-04:00,151.19607543945312
2024-08-15 00:00:00-04:00,152.14256286621094
2024-08-16 00:00:00-04:00,152.3019561767578
2024-08-19 00:00:00-04:00,153.22850036621094
2024-08-20 00:00:00-04:00,153.84619140625
2024-08-21 00:00:00-04:00,154.105224609375
2024-08-22 00:00:00-04:00,154.20484924316406
2024-08-23 00:00:00-04:00,154.8723602294922
2024-08-26 00:00:00-04:00,154.79266357421875
2024-08-27 00:00:00-04:00,155.03176879882812
2024-08-28 00:00:00-04:00,155.21109008789062
2024-08-29 00:00:00-04:00,155.5398712158203
2024-08-30 00:00:00-04:00,156.61585998535156
2024-09-03 00:00:00-04:00,156.3169708251953
2024-09-04 00:00:00-04:00,156.04798889160156
2024-09-05 00:00:00-04:00,153.90597534179688
2024-09-06 00:00:00-04:00,153.37794494628906
2024-09-09 00:00:00-04:00,154.4539337158203
2024-09-10 00:00:00-04:00,155.1613006591797
2024-09-11 00:00:00-04:00,154.7030029296875
2024-09-12 00:00:00-04:00,155.2609100341797
2024-09-13 00:00:00-04:00,155.57972717285156
2024-09-16 00:00:00-04:00,156.6557159423828
2024-09-17 00:00:00-04:00,155.04173278808594
2024-09-18 00:00:00-04:00,154.78269958496094
2024-09-19 00:00:00-04:00,155.3406219482422
2024-09-20 00:00:00-04:00,154.7030029296875
2024-09-23 00:00:00-04:00,154.39999389648438
2024-09-24 00:00:00-04:00,154.08999633789062
2024-09-25 00:00:00-04:00,152.58999633789062
2024-09-26 00:00:00-04:00,153.10000610351562
2024-09-27 00:00:00-04:00,153.02000427246094
2024-09-30 00:00:00-04:00,154.02000427246094
2024-10-01 00:00:00-04:00,153.2100067138672
2024-10-02 00:00:00-04:00,152.89999389648438
2024-10-03 00:00:00-04:00,151.52000427246094
2024-10-04 00:00:00-04:00,151.63999938964844
2024-10-07 00:00:00-04:00,150.97000122070312
2024-10-08 00:00:00-04:00,151.7899932861328
2024-10-09 00:00:00-04:00,153.33999633789062
2024-10-10 00:00:00-04:00,152.77000427246094
2024-10-11 00:00:00-04:00,153.88999938964844
2024-10-14 00:00:00-04:00,154.74000549316406
2024-10-15 00:00:00-04:00,152.85000610351562
2024-10-16 00:00:00-04:00,153.27999877929688
2024-10-17 00:00:00-04:00,152.38999938964844
2024-10-18 00:00:00-04:00,153.1300048828125
2024-10-21 00:00:00-04:00,151.3300018310547
2024-10-22 00:00:00-04:00,151.11000061035156
2024-10-23 00:00:00-04:00,150.39999389648438
2024-10-24 00:00:00-04:00,149.41000366210938
2024-10-25 00:00:00-04:00,148.58999633789062
2024-10-28 00:00:00-04:00,148.80999755859375
2024-10-29 00:00:00-04:00,148.39999389648438
2024-10-30 00:00:00-04:00,148.1199951171875
